A4GALT,73.39243083521367
A4GNT,0.04452444964712215
AACS,18.069451754099696
AADAC,0.024830153398596233
AADAT,0.7068578504067223
AAK1,13.90653295500289
AANAT,0.02009633992465793
AARS,391.1403396811332
AARS2,5.822371404327127
AASDH,2.191845520721259
AASDHPPT,8.295098567465901
AASS,9.849104292839076
AATK,4.31643802169451
ABAT,5.789146438252999
ABCA1,2.834396769297175
ABCA3,4.579153374771424
ABCA4,0.00304375161274466
ABCA8,41.17201778926079
ABCB1,1.0251340042923676
ABCB11,0.01847353800954386
ABCB4,1.5950324403212652
ABCB6,34.03054222257045
ABCC1,0.4504677564422114
ABCC11,0.44775315457859033
ABCC2,0.016314401124776456
ABCC3,0.11124644824240736
ABCC4,0.22033143779020034
ABCC5,23.355339303898113
ABCC8,3.784193753937196
ABCC9,6.040982116344214
ABCD1,7.444308093584839
ABCD2,4.184139363302569
ABCD3,52.99706176924514
ABCG2,0.36540875485405777
ABCG5,0.00047658534697647914
ABCG8,0.005046091034644241
ABHD12,13.859039912533637
ABHD5,5.877860703111109
ABHD6,2.518012263985028
ABL1,17.389359537031748
ABL2,1.1411126102819762
ABO,0.44127757554853403
ACAA1,75.29953735387284
ACAA2,217.2359573372949
ACACA,8.525226845946921
ACACB,26.519901059426545
ACAD10,9.853897692941597
ACAD11,0.03875713338853769
ACAD8,46.24315359262304
ACAD9,304.8393522353565
ACADL,0.7139064476755398
ACADM,280.69703443167094
ACADS,83.5429458363549
ACADSB,333.53440506759364
ACADVL,1558.1027126745876
ACAT1,148.8451160352516
ACAT2,2.191845520721259
ACE,3.3702917203698806
ACE2,7.223074312372784
ACER1,0.16791837461055348
ACER2,0.2560763114943572
ACER3,0.9873528138029051
ACHE,1.0766066715706237
ACLY,12.171118312328975
ACMSD,0.001947165583964575
ACO1,24.979007289568347
ACO2,1145.644535795153
ACOT1,17.3707225712562
ACOT11,5.309201964100016
ACOT12,0.09846384054416166
ACOT13,16.7218627764988
ACOT2,63.45059241032107
ACOT4,0.42668270652462176
ACOT6,0.009586111032012986
ACOT7,3.2656168479621215
ACOT8,28.93108748410853
ACOX1,4.836458852547151
ACOX2,20.0314715965189
ACOX3,10.443395114235733
ACP1,3441.5406913166676
ACP2,4.754549659667042
ACP4,0.0036202735317779565
ACP5,0.36855158543516964
ACP6,6.145928393813657
ACP7,0.44999467512671487
ACPP,0.017256135953399008
ACSBG1,0.2920604806573285
ACSBG2,0.007961601672528828
ACSF2,28.56793245040976
ACSF3,2.1695529591805265
ACSL1,64.56526124385113
ACSL3,3.2065843792686963
ACSL4,3.4262974799349495
ACSL5,2.2272856520454867
ACSL6,0.6298393146603121
ACSM1,0.10536798539135271
ACSM2A,0.0585122933778039
ACSM2B,0.06320048198640206
ACSM3,0.832470280398659
ACSM4,0.0010169362063062752
ACSM5,0.10940309533056897
ACSS1,38.09599433227204
ACSS2,55.51726798199279
ACSS3,7.73160298460102
ACVR1,10.161984482864307
ACVR1B,4.66895835222401
ACVR1C,0.06110645902088728
ACVR2A,2.126208167637236
ACVR2B,0.8935618260303634
ACVRL1,8.457162804720703
ACY1,124.42833134055991
ACY3,0.8654554552953571
ACYP1,4.69115667083609
ACYP2,5.894284842068473
ADA,6.896099206582842
ADCY1,1.6430124110935174
ADCY10,0.007249902189141497
ADCY2,0.032191586931654186
ADCY3,6.356627487380597
ADCY4,25.294654048539865
ADCY5,151.25256080478528
ADCY6,69.99881287571677
ADCY7,0.8390179817917875
ADCY8,0.0011477531092849702
ADCY9,12.461394003156483
ADH1A,0.011968795877096344
ADH1B,54.04160403695135
ADH1C,0.62832373829344
ADH4,0.0022226351012072892
ADH5,623.687844995982
ADH6,0.009125770623241776
ADH7,0.11332845673771044
ADHFE1,54.879884528068395
ADI1,150.87022633007882
ADK,12.140671128226368
ADO,20.031989384419102
ADPGK,24.07056324650683
ADPRH,14.66073940702959
ADSL,433.5512625218095
ADSS,34.900366860125
ADSSL1,166.1199820043748
AFMID,12.82039536079178
AGA,20.762518419692977
AGK,11.202227889024666
AGL,1.028708079592933
AGMAT,0.06357617597475347
AGPAT1,12.880107027271773
AGPAT2,152.1916117656433
AGPAT3,16.79567843453519
AGPAT4,0.10178644758147502
AGPAT5,1.2301932602867522
AGPS,14.960849795806185
AGT,941.5245197385351
AGXT,0.0082339668948183
AGXT2,0.07273189725255508
AHCY,4115.011230693733
AHCYL1,19.993513632279843
AHCYL2,2.2629113007272825
AICDA,0.004663140970386858
AK1,1778.583745138972
AK2,378.90129259768986
AK3,135.72913619064246
AK4,375.50592485011765
AK5,0.024389601530227782
AK7,0.05644482701717834
AKR1A1,84.52632319855694
AKR1B1,405.17590646310214
AKR1B10,0.06574336114235228
AKR1B15,0.0036498508817881256
AKR1C1,2.4072053254207226
AKR1C2,2.109357645364626
AKR1C3,5.087528965808831
AKR1C4,0.004651118888216987
AKR1C8P,0.3354345050980549
AKR1D1,3.5763124860476507
AKR7A2,410.50121637887025
AKR7A3,0.04188534358106038
AKT1,3.0911469893864187
AKT2,1.5353940298864175
AKT3,4.361211760542297
ALAD,335.9387203794705
ALAS1,119.2257565948068
ALAS2,0.34806103869908617
ALB,0.6765346966510991
ALDH18A1,67.18726470831622
ALDH1A1,14.40737260204133
ALDH1A2,4.992936081239017
ALDH1A3,0.22806494613663228
ALDH1B1,11.014052329828482
ALDH1L1,15.752206498650715
ALDH1L2,0.9077607670480105
ALDH2,2882.911685880641
ALDH3A1,0.006320415303068234
ALDH3A2,92.20568061249425
ALDH3B1,2.5202200644937385
ALDH3B2,0.014622233762369088
ALDH4A1,66.67607265833217
ALDH5A1,11.963475695954456
ALDH6A1,49.630697268590964
ALDH7A1,59.599706487533744
ALDH9A1,945.6137315537202
ALDOA,13771.232362584129
ALDOB,0.11100965466612425
ALDOC,238.61745840767816
ALG1,1.9295158157134054
ALG10,0.3913533067257237
ALG11,0.537790097458963
ALG12,5.905658793877266
ALG13,7.0103979114102355
ALG14,0.2588717123322004
ALG1L,0.08463999065834121
ALG1L2,0.003980100055116233
ALG2,36.799159204490174
ALG3,1.4831085256371315
ALG5,11.943240375518979
ALG6,0.8587441988817852
ALG8,4.82099390630788
ALG9,2.295611535758485
ALK,0.001865388687236974
ALLC,0.004159750403283316
ALOX12,0.2070440473835502
ALOX12B,0.013800690739730549
ALOX15,0.04664438397226351
ALOX15B,0.0048606850509657
ALOX5,2.9030057109731144
ALPG,2.1334538652401167
ALPI,0.0007661254365092214
ALPL,9.6626564274018
ALPP,0.12394730653401177
AMACR,101.01990852344633
AMD1,23.577734520949157
AMDHD1,0.19884752996795946
AMDHD2,5.662263507699497
AMFR,0.24918660168165985
AMHR2,0.26137667697524003
AMN,0.0053828362286829304
AMPD1,0.002242333066895832
AMPD2,3.2324941862323597
AMPD3,2.5865441544540166
AMT,50.27586940355547
AMY1A,2.6438139326066277
AMY1B,0.006052082190152568
AMY1C,2.6438139326066277
AMY2A,0.0889939016823485
AMY2B,8.635499739325676
ANAPC11,73.94384892313067
ANGPTL4,0.22950498722156837
ANKRD1,51838.429497472665
ANPEP,1.2841344560681067
ANXA3,213.0907589449746
AOAH,0.28292956296163185
AOC1,0.02420144989865848
AOC2,0.0731632541628691
AOC3,15.066757464790319
AOX1,1.1571735691787584
APOA1,11.129496327602315
APOA2,0.047808473131505394
APOA5,0.11645175048604357
APOB,1.9295158157134054
APOC1,0.18991965858716925
APOC2,27.211319250515267
APOC3,0.10648992121895964
APOE,12.546619463405076
APRT,252.9266721199151
AQP1,540.110037190164
AQP10,0.038045656645651946
AQP2,2.053743019254548
AQP3,5.98786985057886
AQP4,1.699307387193319
AQP5,0.34175148188348936
AQP7,143.1036872087865
AQP8,0.004619101194281307
AQP9,0.3101174805548564
ARAF,1.5387709717240527
ARCN1,196.1498938265012
ARG1,0.08956054104610255
ARG2,0.16719709364247282
ARSA,30.703617506215704
ARSB,2.3169516353674635
ART1,0.040222385500743175
ART3,40.37353482132991
ART4,0.46806171594715734
ART5,0.6749894166527008
AS3MT,44.33570666991015
ASAH1,741.4341724426979
ASAH2,0.00979346762220139
ASH1L,0.017530205239897522
ASL,140.89898192272088
ASMT,0.00322551600622945
ASNS,308.13205614637843
ASPA,0.20771709996762006
ASPG,34.77063772854117
ASPH,113.12051684672826
ASRGL1,0.607960864203571
ASS1,121.31860038838346
ATE1,10.623636977146422
ATIC,288.18414060099093
ATM,0.9123914443256785
ATP10A,0.23697444991810604
ATP11A,13.407444480348484
ATP11C,0.8292016521544511
ATP1A1,30.32395541082186
ATP1A2,401.678188902286
ATP1A3,455.89504711075296
ATP1A4,0.02859358972808924
ATP1B1,184.46225596287027
ATP1B2,6.739928241872371
ATP1B3,16.37176263491639
ATP1B4,0.8810839239181308
ATP2B1,5.29989830142058
ATP2B2,0.016641810249193922
ATP2B3,0.004858658106985623
ATP2B4,60.60867112933802
ATP4A,0.00047853027576033315
ATP4B,0.0043375985671554726
ATP5F1A,124.53265572432873
ATP5F1B,167.30632217246165
ATP5F1C,21.50971022167614
ATP5F1D,155.46511749348954
ATP5F1E,125.55773209538297
ATP5MC1,4.311892001287344
ATP5MC2,2.868050998110428
ATP5MC3,5.997867959791037
ATP5ME,117.38991896387836
ATP5MF,1.481717785000078
ATP5MG,179.57272888452187
ATP5MGL,23.718922705117464
ATP5PB,5.524565248774745
ATP5PD,6.7181129554220975
ATP5PF,4.959033242795014
ATP5PO,42.13932100131758
ATP5S,0.3354345050980549
ATP6V0A1,1.5861346627578392
ATP6V0A2,0.37976564220521924
ATP6V0A4,0.5590999308309642
ATP6V0B,73.36488932783969
ATP6V0C,363.7545147028599
ATP6V0D1,334.80581077510084
ATP6V0D2,0.1314675993445951
ATP6V0E1,326.0489287154265
ATP6V1A,55.57360637577692
ATP6V1B1,0.273333680541342
ATP6V1B2,409.5386595701409
ATP6V1C1,15.885755714324393
ATP6V1C2,0.17096481564925128
ATP6V1D,79.22951306891767
ATP6V1E1,381.70846386459897
ATP6V1E2,0.346835313563774
ATP6V1F,37.281481831069634
ATP6V1G1,51.601741479998175
ATP6V1G2,5.3389512528235015
ATP6V1G3,0.2330917175245828
ATP6V1H,18.373572366634612
ATP7A,0.8398374217744163
ATP7B,1.4849171517095263
ATP8A1,6.883047964623527
ATP8B1,1.7491093783400735
ATP8B2,9.110734750707763
ATR,0.02535062130958501
AUH,7.357870868748888
AURKA,0.030588021178053326
AURKB,0.04209465193508262
AURKC,1.0968204691147503
AWAT1,0.0633604788899994
AWAT2,0.6905945531355334
AXL,0.057258822541646284
AZIN2,0.7963414524148358
B3GALNT1,20.070218677470443
B3GALNT2,1.6126129047118136
B3GALT1,0.0007976187427552766
B3GALT2,21.814752264286128
B3GALT4,4.32538274203124
B3GALT5,0.0017876629631272207
B3GALT6,7.026979229383393
B3GAT1,0.018070064678134296
B3GAT2,0.12516135809203618
B3GAT3,10.9268622876792
B3GLCT,0.7866139610071975
B3GNT2,10.749775375133872
B3GNT3,0.00617287391344356
B3GNT4,0.006881986336084608
B3GNT5,0.21941968430091804
B3GNT6,0.3354345050980549
B3GNT7,0.6904851918476888
B3GNT8,0.9566568013053105
B3GNT9,9.922672513457018
B3GNTL1,1.3489377604042643
B4GALNT1,3.1501093156783053
B4GALNT2,0.0010382168982960422
B4GALNT3,33.985826970221524
B4GALNT4,0.14839918707620328
B4GALT1,20.908160278020336
B4GALT2,23.23427407008744
B4GALT3,14.905631462506033
B4GALT4,2.546754526924032
B4GALT5,15.480647461182944
B4GALT6,0.9119484556945744
B4GALT7,14.531506135333512
B4GAT1,2.277812689362301
BAAT,0.011436329802191397
BARD1,0.4070951523889909
BBOX1,0.004049386828133735
BCAP31,935.4824032282661
BCAT1,0.16783229118126122
BCAT2,54.320641960313786
BCHE,0.7549995337546875
BCKDHA,20.721251955969826
BCKDHB,12.118694361686936
BCKDK,56.10541896980067
BCO1,0.06461878427195712
BCR,0.22730581163799177
BDH1,36.605366555263245
BDH2,45.154574853599456
BHMT,0.006333478932916491
BHMT2,7.6703250811317485
BIRC6,3.4399681319109363
BLK,0.0037912478447712354
BLVRA,711.3473840896761
BLVRB,1133.1070548500481
BMP1,6.5675490811172414
BMP2K,0.30712060144675274
BMPR1A,2.909891023817725
BMPR1B,0.024546695896028117
BMPR2,10.949875352742724
BMX,0.39997374222011195
BPGM,7.106821069371294
BPNT1,9.678554334508659
BRAF,3.3154635938545987
BRAP,0.1677329475404826
BRPF1,3.2822096708742206
BRSK1,8.533908409160825
BRSK2,0.12963357837173978
BSCL2,13.82608806005542
BSG,423.94598379472427
BTD,2.3571899098264346
BUB1,0.030879009917868985
BUB1B,0.0054406129829587015
C1GALT1,2.542326886199535
CA1,0.004907367938920249
CA12,0.027809942117408958
CA13,20.981873220890492
CA14,3.175941252488817
CA2,9.376135046102336
CA3,0.9490240207073144
CA4,11.220430836502171
CA5A,0.005865715571900147
CA5B,0.3396706784482954
CA6,10.425839500790367
CA7,0.022072628600257025
CA8,3.0415464666764045
CA9,0.20581165778262583
CAD,15.209330523719656
CALM1,449.57963306810234
CAMK1,5.746699648507616
CAMK1D,9.877874175812414
CAMK1G,0.2849623897949523
CAMK2A,8.56158279237795
CAMK2B,41.3840890720906
CAMK2D,942.516967802486
CAMK2G,4.858477744628354
CAMK4,0.009813081795490163
CAMKK1,1.3210590489097331
CAMKK2,5.603221848683228
CANT1,10.890725442230657
CARM1,12.046848402580036
CARNS1,30.43942291113505
CARS,3.7694094592903826
CARS2,16.44275881533435
CASK,5.289497501428635
CAT,113.97677780510558
CBLC,0.00399739133077904
CBLL1,4.7946867862114875
CBLL2,0.027434690025870352
CBR1,20.497772060203385
CBR3,62.332052944728964
CBR4,52.92308246007289
CBS,9.788442684193438
CBSL,0.3354345050980549
CBX1,90.38004880614874
CCNB1IP1,34.50101276127288
CD36,189.11043754790552
CD38,0.4156720785419427
CDA,34.50639224685557
CDC14A,0.670359332653924
CDC14B,3.9553330751095706
CDC25A,0.13280421332896364
CDC25B,9.368253364102294
CDC25C,0.0009257777526864081
CDC34,7.713905746852925
CDC42BPA,1.7763750487539456
CDC42BPB,3.0135248135493438
CDC42BPG,0.02849531137269505
CDC7,0.18642343599285688
CDIPT,206.6810731501479
CDK1,0.20514028694890238
CDK10,10.404456121645364
CDK11A,7.80801084847487
CDK11B,13.199437725853127
CDK12,3.170065336342114
CDK13,7.2348276668343185
CDK14,6.5017926096970555
CDK15,0.006598479782420347
CDK16,85.89104827187182
CDK17,4.70030544778653
CDK18,158.4014658914505
CDK19,1.9810455473797672
CDK2,3.8372993615224993
CDK20,3.7694094592903826
CDK3,3.092780844070565
CDK4,7.556853336287852
CDK5,16.677672174532
CDK6,10.558822994431809
CDK7,57.14892941029168
CDK8,3.5871551549015255
CDK9,41.48523153047439
CDKL1,0.14548732722924568
CDKL2,0.14594605328280646
CDKL3,0.7233339957041964
CDKL4,0.0124926335095224
CDKL5,0.31375135082002437
CDKN3,1.6528514654780497
CDO1,3.7546408713205293
CDS1,0.10225305936415888
CDS2,21.439026258002464
CDY1,0.256335927830294
CDY1B,0.256335927830294
CDY2A,0.04923577690024244
CDY2B,0.04923577690024244
CEL,1.2256509325250569
CEPT1,0.9200986050246956
CERCAM,8.255461607223213
CERK,37.039417812480295
CERS1,1.5930822842850574
CERS2,28.845527392683756
CERS3,0.008871850124968668
CERS4,8.146001370931934
CERS5,6.547517254172509
CERS6,13.896200263956969
CES1,29.51040952102861
CES2,30.83062051020787
CES3,0.1316127918461823
CES5A,0.008445158144425901
CFTR,0.0001655751418719274
CH25H,4.324104617477046
CHAT,0.014545141103376102
CHD9,2.544540445428173
CHDH,1.2712781516741722
CHEK1,0.20256258159009186
CHEK2,0.33886475010766715
CHFR,3.289327856188704
CHI3L1,0.2706171703924664
CHIA,0.34819723870797287
CHIT1,0.003029477237890291
CHKA,3.09105599048539
CHKB,35.4697935303116
CHMP4A,48.691833597951366
CHPF,253.68310658702194
CHPF2,15.589117378248432
CHPT1,32.43090918581728
CHST1,2.150494336543088
CHST10,5.57444863551217
CHST11,2.3431068553560648
CHST12,13.39007693427908
CHST13,0.2053080738865293
CHST14,0.9087130459226861
CHST2,2.3020726229560906
CHST3,9.17336451215175
CHST4,0.02226550981150046
CHST5,0.23517354923123426
CHST6,0.36175136351936077
CHST7,14.44280985167966
CHST8,0.018914566833268514
CHST9,0.22135838460629814
CHSY1,5.197373306375392
CHSY3,0.5619000475422598
CHUK,0.457380468908183
CHURC1-FNTB,3.2507362769424972
CIDEA,0.0705125802682075
CINP,0.6117858814233036
CIT,0.18294490340316721
CKB,1442.276395534789
CKM,44313.12383200579
CKMT1A,0.002152439875585076
CKMT1B,0.00984006864874045
CKMT2,3069.447268648779
CLC,0.036111525056624655
CLCF1,1.2021045120364542
CLK1,3.3594169782670877
CLK2,17.3707225712562
CLK3,0.6658407979580122
CLK4,0.6884531283977953
CLOCK,3.3834388545351897
CLPS,0.01806427696770888
CLTRN,0.5786685643266595
CLYBL,3.8150446918209053
CMA1,1.0880193363133415
CMAHP,4.52084058334914
CMAS,65.07124100747556
CMPK1,384.15558032390936
CMPK2,1.1197930553648983
CMTR1,23.27461018914477
CNDP1,0.0014493820062495748
CNDP2,31.004920106873207
CNOT4,4.768418746554938
CNP,10.480748628936999
COASY,407.97797538034445
COL4A3BP,2.968618553705619
COLGALT1,27.887736509931173
COLGALT2,3.4541913469700756
COMT,43.45742782499977
COMTD1,624.9296277258096
COP1,0.4785008438550989
COPA,272.44784818597753
COPB1,114.36886860924763
COPB2,64.28859315397013
COPE,341.6307216230359
COPG1,180.08300099551408
COPG2,82.28732362536427
COQ2,6.880148599231455
COQ3,27.570430113214304
COQ5,4.209102526301116
COQ6,22.9122696315478
COQ7,0.2991437204370722
COX1,7.766401376158287
COX17,118.44106536089868
COX2,5.3369352212394165
COX3,0.33446363282071023
COX4I1,1806.4903715929531
COX4I2,17.89459684903752
COX5A,1220.3199185982269
COX5B,2208.6762594986585
COX6A1,5.858800155168636
COX6A2,16250.535831206711
COX6B1,250.26257535105893
COX6B2,0.012678327221721264
COX6C,236.25632931248913
COX7A1,1379.0446361096742
COX7A2,103.98356804668934
COX7A2L,32.2985531001219
COX7B,406.0516194051653
COX7B2,0.3354345050980549
COX7C,607.8244503967176
COX8A,4715.962771378125
COX8C,0.06235824560737752
CP,0.17563464353338376
CPA1,0.017648887723608016
CPA2,0.3260077156250784
CPA5,0.0007308531373987387
CPA6,0.05651024032218487
CPOX,56.876425726928375
CPS1,0.3220641187659137
CPT1A,0.30553742067802603
CPT1B,545.796655470829
CPT1C,1.1473513042249055
CPT2,81.50105642439567
CRAT,25.90513336646634
CREBBP,0.14361832697667676
CRLS1,26.41545894874743
CROT,8.612305210947934
CS,14081.771659570513
CSAD,9.73425276121632
CSF1R,6.630614090868108
CSGALNACT1,18.045047685682277
CSGALNACT2,8.386723207896793
CSK,18.42266340961685
CSNK1A1,35.03539760618229
CSNK1A1L,0.005806073040100238
CSNK1D,39.160577559396295
CSNK1E,2.721391797463836
CSNK1G1,1.0356195787482845
CSNK1G2,15.607215649766994
CSNK1G3,4.059245919821198
CSNK2A1,375.44444966267247
CSNK2A2,140.23177538904372
CSNK2B,463.4193051089536
CTBP1,41.141748671933044
CTDP1,0.9225750418082269
CTDSP1,71.14337983274436
CTDSP2,78.00280971377296
CTDSPL,21.557485263568278
CTDSPL2,0.9293360375450826
CTGF,0.3354345050980549
CTH,0.8422970424710361
CTPS1,1.782191290547737
CTPS2,2.5878089834949
CTSA,397.7630887456215
CTSB,582.6659165105159
CTSC,1.2694444030112961
CTSD,2489.839678326153
CTSE,0.001928209702009961
CTSF,262.12534999761544
CTSG,1.0704749293469016
CTSH,23.21411312672278
CTSK,11.894477259009347
CTSL,6.91639089079379
CTSO,10.006015017945025
CTSS,2.8139011059783807
CTSV,0.01603637531780776
CTSW,0.4300284076195432
CTSZ,15.402556894421059
CUBN,0.03434279015425064
CWC27,13.931292399089788
CYB5D1,18.460541392183785
CYB5R1,69.94443541266988
CYB5R2,0.6974893027975693
CYB5R3,6596.552884536616
CYBB,2.509186311842137
CYBRD1,85.80483167115761
CYC1,1960.400025144767
CYLD,3.037074744062479
CYP11A1,0.8186027458705334
CYP11B1,0.06463686203543767
CYP11B2,0.0006594442886451032
CYP17A1,0.36273004335482595
CYP19A1,0.01562317011425498
CYP1A1,0.09861305092995327
CYP1A2,4.881250664873969
CYP1B1,8.701863049341636
CYP21A2,0.25346681668195503
CYP24A1,0.04255372230264104
CYP26A1,0.002145941230051801
CYP26B1,0.41114120023052836
CYP27A1,35.311590020526175
CYP27B1,0.014712482392265037
CYP2A13,0.04638837469548625
CYP2A6,0.008819393855996224
CYP2A7,0.05996477628878289
CYP2B6,0.0005956890913139802
CYP2C18,0.006766422020721062
CYP2C19,0.1750227487879086
CYP2C8,0.09646455339634041
CYP2C9,0.0006297916250766509
CYP2D6,0.1844102423267284
CYP2E1,0.10921450643321622
CYP2F1,0.013929970839435852
CYP2J2,180.90006137734116
CYP2S1,0.12213889096852108
CYP2U1,4.864485834344545
CYP39A1,1.3368376069274444
CYP3A4,0.007885231672745702
CYP3A43,0.004972518764028537
CYP3A5,0.0467192513151182
CYP3A7,0.0232356700174527
CYP46A1,1.061731799038286
CYP4A11,0.006471087105140499
CYP4B1,9.699232203575791
CYP4F11,0.21464985928766359
CYP4F12,0.5736922475944137
CYP4F2,1.3721447209835187
CYP4F22,0.008898109862102635
CYP4F3,0.0247986145711026
CYP4F8,0.007033905902545582
CYP4V2,13.86113214168338
CYP4X1,1.3396273250529656
CYP4Z1,0.059062145218801744
CYP51A1,19.838062293558732
CYP7A1,0.004388781295307408
CYP7B1,0.5240396118204355
CYP8B1,0.005685170628521066
CYTB,10.283962318241796
DAD1,591.0043884100594
DAGLA,2.7571811024057467
DAGLB,3.7312894650852524
DAO,0.003245483818439711
DAPK1,0.41296545653813194
DAPK2,31.201325190677334
DAPK3,9.06476544287285
DARS,3290.1115790049685
DARS2,8.760624173725768
DBH,0.017913973186425104
DBI,260.7649026499715
DBT,9.120121795408654
DCK,3.2944939746421054
DCLK1,19.333775438454776
DCLK2,6.754347708798005
DCT,0.04496852519217383
DCTD,7.979872582976935
DCTPP1,24.39123357905452
DCXR,220.90390576291495
DDAH1,30.841588258813502
DDAH2,73.74559078672131
DDC,1.3078191747169696
DDO,15.897560130009312
DDOST,759.2429719280614
DDR1,17.950975880057843
DDR2,12.683307108084293
DECR1,239.56593935903982
DECR2,11.647985400040902
DEGS1,8.741571221400477
DEGS2,0.04163110889320047
DERA,15.39167156469311
DGAT1,52.65228493663465
DGAT2,2.250522244054495
DGKA,2.13148140412355
DGKB,0.025972739656788705
DGKD,14.905631462506033
DGKE,1.0512657616683039
DGKG,4.723853047552619
DGKH,0.7430818825294672
DGKI,0.5312646728957141
DGKQ,2.4750653050152955
DGKZ,56.849389376261065
DGUOK,11.434235190436171
DHCR24,0.5770089945232739
DHCR7,11.544443737571159
DHDH,0.006724329266714818
DHFR,149.7813615331376
DHODH,8.076276333949396
DHRS2,0.00456122235311727
DHRS3,37.38306758992585
DHRS4,193.72793951764183
DHRS9,71.30729965304815
DIO1,0.005004380850294584
DIO2,1.1171357907190749
DIO3,0.021260967624076168
DLAT,1659.7545194429517
DLD,3028.709655617763
DLST,773.2241312181892
DMGDH,0.3555048389996928
DMPK,407.3661494208566
DNAJC6,3.8918470439820028
DNMT1,4.569740021801473
DNMT3A,2.360443092989556
DNMT3B,0.5773908941954107
DNMT3L,0.0067442590610952416
DOLPP1,3.387026844272036
DOT1L,3.5774392559020014
DPAGT1,11.278402572802932
DPEP1,0.008080019456367599
DPEP2,0.32611568589439216
DPEP3,0.05168794657761144
DPH5,66.98975093607507
DPM1,1227.9912522998627
DPM2,13.983975565321803
DPM3,29.98913997839
DPYD,1.7491093783400735
DPYS,0.005062480154575389
DPYSL2,3354.538008464085
DPYSL3,67.53636058126636
DSTYK,2.9455354549107304
DTYMK,6.478061611622322
DUOX1,1.0157201914011926
DUOX2,0.13454690766564922
DUPD1,0.04623319641330207
DUSP1,1467.658893906994
DUSP10,1.2274673168535963
DUSP11,3.936631812920455
DUSP12,3.833628835779564
DUSP13,8.644751462542684
DUSP14,1.1062571254516247
DUSP15,1.9562653224869897
DUSP16,3.73497390214284
DUSP18,0.29378510619916
DUSP19,1.4562973983527403
DUSP2,2.191845520721259
DUSP21,0.08186674790155296
DUSP22,20.128377344822436
DUSP23,25.583965909238323
DUSP27,231.96915960343821
DUSP28,3.5822963122363354
DUSP3,838.131540589179
DUSP4,0.07252973922862076
DUSP5,32.71818336814523
DUSP6,9.085715452580766
DUSP7,8.580045870797775
DUSP8,16.372446615549723
DUSP9,0.041691279313774615
DUT,210.19416406603594
DYRK1A,17.819499678980197
DYRK1B,13.791068046942998
DYRK2,16.372446615549723
DYRK3,3.022973447999739
DYRK4,4.33689047014335
DZIP3,7.956911503954994
EARS2,1.536414617639271
EBP,382.1030855936451
ECH1,903.2274226597816
ECHDC2,53.30783106512576
ECHS1,500.29790533527483
ECI1,81.43916695307433
ECI2,251.18048516559347
EGFR,0.6073960294500589
EHHADH,5.841776421399782
EHMT1,0.2478271410030939
EHMT2,0.7009257385173705
EIF2AK1,35.78677485622429
EIF2AK2,22.7099802014946
EIF2AK3,2.3821620243469988
EIF2AK4,0.19326999491244848
EIF4EBP3,57.18375434409041
ELOVL1,4.063669782708639
ELOVL2,0.42934503619931264
ELOVL3,0.00485257865080299
ELOVL4,0.15344187633661852
ELOVL5,0.759918703249728
ELOVL6,0.43064369378011225
ELOVL7,0.19569357533781376
ELP3,1.9998465137068295
ENGASE,28.909691020150543
ENO1,237.4806293963904
ENO2,37.29134353400908
ENO3,1065.4840629261068
ENOPH1,119.5572251374621
ENPP1,0.5736922475944137
ENPP2,1.131327615634787
ENPP3,0.01831360154829096
ENPP6,0.03737441251794432
ENPP7,0.0005083990616298183
ENTPD1,2.0287763007693753
ENTPD2,0.42477406277749313
ENTPD3,0.1270236993471477
ENTPD4,21.12400318095094
ENTPD5,1.6903845789518557
ENTPD6,74.80075358988373
ENTPD8,0.004481715376215721
EP300,1.484848060212478
EPHA1,0.3324099031629578
EPHA10,0.008264382563287305
EPHA2,1.6413264495313353
EPHA3,1.232920842568848
EPHA4,18.214712301434844
EPHA5,1.3182798771285518
EPHA6,0.0033384963656449677
EPHA7,2.743615009942334
EPHA8,0.004171414315215749
EPHB1,0.01930240184207098
EPHB2,0.015518461856235385
EPHB3,0.7021693398632004
EPHB4,0.5668062029714716
EPHB6,0.6147282608071251
EPHX1,69.13015104044202
EPHX2,22.81189357231535
EPM2A,10.90222000818227
EPRS,46.09884590436876
EPX,0.019778317217774007
ERBB2,0.6283126566891648
ERBB3,1.2484080182968773
ERBB4,2.3031499494095233
ERN1,1.1571735691787584
ERN2,0.011173848027384152
ESD,800.41518380669
ETFA,6303.978699383226
ETFB,2160.890733061267
ETFDH,113.87245731337497
ETNK1,3.612693342035061
ETNK2,1.1074071550032791
ETNPPL,3.525339017279176
EXT1,2.976676238555349
EXT2,16.464204111017153
EXTL1,1.6341708987638526
EXTL2,6.162206637254771
EXTL3,29.833596559026223
EYA1,3.224234786127333
EYA2,0.38889020198860574
EYA3,1.4206002099181758
EYA4,2.6022756969061804
EZH1,41.07785878719131
EZH2,0.01394140333359952
F13A1,23.27461018914477
F13B,0.952082265681838
F2,0.02423278105551513
FAAH,5.162475770221572
FAAH2,0.1280560802031054
FABP1,0.04033028097125845
FABP12,0.07361943011456162
FABP2,2.0423800119197857
FABP3,23533.692495686697
FABP4,227.01654608833954
FABP5,1464.6867344667587
FABP6,0.007563472996963686
FABP7,0.004887056165825023
FABP9,1.0553661478381027
FADS1,6.464705404437283
FADS2,0.8754566748993429
FADS3,1.8792425606923464
FADS6,0.0037912478447712354
FAH,6.9949247653833995
FAM20B,20.888568029985848
FANCL,5.270055968035018
FAR1,25.42872603648108
FAR2,0.4638703762812139
FARS2,2.4092497912622473
FARSA,875.6763067635233
FARSB,1.8010014405999855
FAS,2.558941301399792
FASN,5.452952537852571
FASTK,101.96307895041362
FAXDC2,32.45298279668612
FBP1,0.45871517010081975
FBP2,1.4721666119210948
FDFT1,46.536445187417556
FDPS,13.738583216913007
FDXR,6.116716032155945
FECH,15.480647461182944
FER,0.8860693739487632
FES,6.206716410446795
FGA,0.16376782936815865
FGFR1,58.42292141975223
FGFR2,0.12889347406168852
FGFR3,1.5194592180523636
FGFR4,0.22341615598429942
FGGY,3.109131256926078
FGR,1.8397261639236344
FH,2648.1064012560964
FHIT,2.6045032850112206
FHL2,12.849298195888592
FIG4,5.5429812619441785
FITM1,386.04089973486157
FITM2,209.5475672694149
FKBP10,19.919242815635222
FKBP11,2.4115679236006597
FKBP14,2.91683276306398
FKBP1A,340.94027480963206
FKBP1B,1.0045191667657112
FKBP2,570.4121696703309
FKBP3,1361.662550749051
FKBP4,403.73334149516177
FKBP5,3.9928604971684063
FKBP6,0.0345624960497994
FKBP7,15.900600011799508
FKBP8,40.88418203551645
FKBP9,101.72360572242525
FKBP9P1,0.3354345050980549
FLAD1,4.792745403357255
FLT1,12.871906335181345
FLT3,0.009602788847959197
FLT4,2.5401138494461937
FLVCR1,0.7107713967237274
FMO1,0.07893128727243216
FMO2,10.362316762119844
FMO3,0.23337638027433447
FMO4,3.069463725625996
FMO5,0.17011376624783459
FMO6P,0.002089306344759392
FN3K,50.22616062632432
FN3KRP,14.531506135333512
FNTA,27.39856561090059
FNTB,14.389662832721687
FOLR1,0.04679415120378985
FOLR2,8.226537807237346
FOLR3,0.10672406294823703
FOSL1,0.5714761566085426
FPGS,1.4895714525700616
FPGT,2.977831304843207
FRK,0.4753508476466074
FRMPD2,0.08279797112674966
FTCD,0.10508800550192571
FTMT,0.3764543508002139
FUCA1,11.564464486556682
FUCA2,14.124727138332485
FUK,3.811338994637472
FUT1,1.7241596241757584
FUT10,0.7021693398632004
FUT11,4.335611424330278
FUT2,0.13945901294998694
FUT3,0.004323846456537777
FUT4,0.45767210241035244
FUT5,0.3435419176074299
FUT6,0.0012363664350496957
FUT7,0.13589547049219994
FUT8,0.19222546795570486
FUT9,7.953404077982441e-05
FYN,61.51500338943903
G0S2,194.6863326952691
G6PC,0.007161940148871542
G6PC2,0.004064827838054298
G6PC3,46.78928356763925
G6PD,84.4706494201019
GAA,44.455873358202155
GAD1,0.007570329601369546
GAD2,0.00023941140091213338
GAK,1.2143231874219285
GAL3ST1,0.09000751701664265
GAL3ST2,0.014368709361817856
GAL3ST3,10.820188175112564
GAL3ST4,1.6410465129043414
GALC,7.914720883291765
GALE,1.6224023688022138
GALK1,121.8561359814262
GALK2,20.206623417614498
GALM,10.518138277008246
GALNS,5.634781397995147
GALNT1,14.107112300913796
GALNT10,0.1660901831918083
GALNT11,9.48192267756995
GALNT12,0.2574432453629565
GALNT13,0.04170370453971379
GALNT14,0.022207173826237145
GALNT15,6.563255150119816
GALNT2,10.944942876556945
GALNT3,0.09032075887742824
GALNT4,0.36338289470429114
GALNT5,0.03503353887624692
GALNT6,0.026999963010840393
GALNT7,0.16315836932409722
GALNT8,0.11773924038495746
GALNT9,0.02587699331310052
GALNTL5,0.005058381523806259
GALT,40.86621497133178
GAMT,61.8894891052
GANC,2.2977646843388437
GAPDH,12520.655122678409
GAPDHS,0.015254353009068144
GARS,173.950777780597
GART,50.337625565770566
GATM,14.977185020866125
GBA,7.273924852244023
GBA2,82.94445022346267
GBA3,0.006011246717340985
GBE1,19.169073037524967
GBGT1,3.0183350165999876
GC,0.0009931390141198705
GCAT,455.85644130686376
GCDH,32.89530841903108
GCH1,0.9600544638362501
GCK,1.3948102142518286
GCLC,4.826940456065027
GCLM,18.150326794871617
GCNT1,0.20766098963407562
GCNT2,1.6008867874315804
GCNT2P,0.3354345050980549
GCNT3,0.018926288002748478
GCNT4,0.06710263431873975
GCNT7,0.027387942747447273
GCSH,8.720407607121778
GDA,0.0007685830352626949
GDE1,25.922075015863342
GDPD2,0.1042958275799573
GFPT1,151.71587543019638
GFPT2,8.957785050594376
GGCT,15.661544607225517
GGH,0.4675721998370557
GGPS1,272.601615061872
GGT1,0.8488655528367737
GGT2,0.005887056478217669
GGT3P,0.0040050828622631715
GGT5,33.69556696558368
GGT6,0.05508275873225264
GGT7,20.65385023014021
GGTLC1,0.002068375514581208
GGTLC2,1.7831684152107201
GIF,0.3354345050980549
GK,4.694754542728618
GK2,0.9456388863331135
GK3P,0.002485704107695114
GLA,3.450584195159508
GLB1,10.294343574807312
GLB1L,0.7894461343752206
GLCE,0.15191972024416894
GLDC,0.0009066958276070241
GLIPR1,1.2456711804399165
GLO1,1274.0370175196042
GLRX,164.77386789154716
GLRX2,11.509376845402201
GLS,80.3475250030587
GLS2,0.29058442427828873
GLT6D1,0.06930364432416915
GLT8D1,1.4722681431044766
GLT8D2,5.364680051753206
GLTP,14.360684030852335
GLUD1,922.7344703586609
GLUD2,0.15753994395413673
GLUL,7.797357317410212
GLYAT,26.66571856032572
GLYCTK,1.1482432987456874
GM2A,21.399579281722918
GMDS,26.588952516088955
GMPPA,16.878786010955988
GMPPB,55.16498156710735
GMPR,131.00100091345877
GMPR2,40.81260115887323
GMPS,47.01085416140639
GNE,4.779822296756388
GNMT,0.8186027458705334
GNPAT,52.87895577516999
GNPDA1,12.086593904156503
GNPDA2,2.2184646431074224
GNPNAT1,10.642309210296716
GNPTAB,9.791632865849701
GNS,25.24769837979119
GOT1,37758.668013310154
GOT2,11989.203507981976
GPAA1,156.84269907048065
GPAM,0.20486688847573675
GPAT2,0.6618933445901192
GPAT3,0.6582069289240687
GPAT4,1.352005973421296
GPCPD1,11.048651246620596
GPD1,1.419318727390194
GPD2,47.92986058783007
GPHN,11.657806858851854
GPI,3958.2824809347617
GPIHBP1,32.49714223264595
GPLD1,0.11343134838294529
GPT,34.321579407167256
GPT2,4.384286961079279
GPX1,74.86114538468937
GPX2,0.026132529712019886
GPX3,16957.342746763687
GPX4,182.31416623948292
GPX5,0.793289329058847
GPX6,2.01032323162201
GPX7,7.370362570081696
GPX8,6.4746847609817975
GRHL1,0.282807536510713
GRHPR,46.341818226624206
GRK1,0.0284298434732564
GRK2,4.014622265826703
GRK3,1.2623639556998993
GRK7,0.22033128126560914
GSR,235.18965771969258
GSS,172.92865952008717
GSTA1,0.04065443695817705
GSTA2,5.619549002346362
GSTA3,3.8201241689736465
GSTA4,10.352598882873195
GSTA5,0.58469847618054
GSTK1,161.90684400690964
GSTM1,27.633812586380163
GSTM2,22.013211811623286
GSTM3,196.36834338920738
GSTM4,10.373657411918266
GSTM5,25.428457631285966
GSTO1,2209.204800720598
GSTO2,0.06300701361182887
GSTP1,5209.6361044258665
GSTT1,244.9725948276465
GSTT2,2.8881027206270122
GSTZ1,3.933206318542706
GTF2F1,6.340494883658332
GTF3C4,0.6770621498716757
GUCA1A,0.0803580412103317
GUCY1A1,2.9663227089166733
GUCY1A2,0.5922496493114038
GUCY1B1,1.0453859436592674
GUCY1B2,0.3354345050980549
GUCY2C,0.025463203515338307
GUCY2D,0.012897029419828145
GUCY2F,0.13808747592085474
GUK1,87.65734251021644
GUSB,3.032891285082708
GYG1,140.30532443613959
GYG2,0.2316407499754377
GYS1,236.90078349903095
GYS2,0.02159436055933321
H6PD,22.98709720400986
HAAO,3.6163456619258834
HACD1,0.6699772991826155
HACD2,3.095013644366691
HACD3,4.330319334841662
HACD4,0.5979568033382378
HACE1,2.1430949789472793
HACL1,12.597830258039322
HADH,4498.65567006422
HADHA,2086.3246887665064
HADHB,1072.0335347237367
HAGH,104.51013465460565
HAGHL,2.256948706719819
HAL,0.008986592244104818
HAO1,0.003399058833141802
HAO2,0.005499877942803612
HARS,101.2868992848081
HARS2,37.3821331498819
HAS1,3.5265482943290336
HAS2,0.9144635755734002
HAS3,0.1949210152330049
HAT1,50.959137226096274
HCCS,48.71647816126077
HCK,1.1822777422583435
HCST,3.576225271062606
HDAC3,0.9437603526389761
HDC,0.219476638851419
HDLBP,110.83246390250665
HECTD1,5.6916737705573155
HECTD2,0.9010713520007312
HECTD3,2.0672350098500765
HECW1,0.002403268868094677
HECW2,2.2999183801495784
HELZ2,1.3508019441358308
HEPH,21.065077343105667
HERC1,0.8915015687571345
HERC2,0.2708208953405151
HERC3,13.044013135677613
HERC4,6.835984653843161
HEXA,34.65822483360104
HEXB,2.4404646351180053
HEXDC,0.3354345050980549
HGD,0.026132529712019886
HIBADH,136.02207947882852
HIBCH,7.863571297239095
HIF1AN,6.872901635176313
HIGD2A,24.538131192797817
HIPK1,10.0815061594304
HIPK2,25.853409522719463
HIPK3,35.06337249011532
HIRIP3,0.5258875808952825
HK1,776.1567223632273
HK2,13.074339974059294
HK3,2.7379678301009993
HKDC1,3.931511891250184
HLCS,1.1948844362859603
HLTF,0.1318259188496418
HMBS,62.79012950527933
HMGCL,133.60246248000053
HMGCLL1,0.16371522221210594
HMGCR,2.049624586338604
HMGCS1,9.885869846757984
HMGCS2,0.07282519361434249
HMOX1,9.773623271753173
HMOX2,128.5756951819493
HNMT,1.8671517209291761
HPD,0.13489618475956108
HPGD,0.05374330792930034
HPGDS,0.1905223423988499
HPRT1,396.65201121741507
HS2ST1,4.128095773113059
HS3ST1,0.057274116565680926
HS3ST2,0.02622853117201695
HS3ST3A1,0.17824491713620413
HS3ST3B1,0.2388956237796769
HS3ST4,0.0014072087455012402
HS3ST5,0.0010784379158365932
HS3ST6,0.029979048268450697
HS6ST1,3.8039305308323836
HS6ST2,0.01893801114087042
HS6ST3,0.025019614333651956
HSD11B1,2.501470502052333
HSD11B1L,1.7711453204018184
HSD11B2,0.261496124028201
HSD17B1,0.28966291973938957
HSD17B10,170.63922192609652
HSD17B11,48.230451465353156
HSD17B12,370.6582820981092
HSD17B14,2.174855104768383
HSD17B2,1.9024599930670496
HSD17B3,0.4187227499123501
HSD17B4,129.29592151256568
HSD17B6,0.014693326164566577
HSD17B7,0.7711077755510741
HSD17B7P2,0.7709693631455671
HSD17B8,3.2957154625199574
HSD3B1,0.0013324422261784075
HSD3B2,0.04051028076673815
HSD3B7,8.99050083321324
HSPG2,0.4220192613013055
HTATIP2,21.24238738286487
HUNK,0.019222898464303417
HUWE1,4.881653676780295
HYAL3,0.421031707622127
HYALP1,0.3354345050980549
HYI,10.98606524793639
HYKK,0.9111104999490252
IARS,754.3119193709647
IARS2,84.17119056777645
ICK,2.315009553601787
ICMT,43.44922327624849
IDH1,13.756072130299914
IDH2,600.1255318424544
IDH3A,2271.721639993499
IDH3B,576.6140317435368
IDH3G,139.95401219449707
IDI1,15.480647461182944
IDI2,0.05778912577393431
IDO1,0.7351654275710042
IDO2,0.0003734486310276612
IDS,42.472602739638546
IDUA,3.976556857689948
IGF1R,8.627792022403662
IKBKB,7.570473325972439
IKBKE,0.33502612771446616
IL4I1,0.036006817384532507
ILK,44.83475087106241
ILKAP,19.482674961148298
IMPA1,272.05811321678885
IMPA2,22.780860161756248
IMPDH1,15.966802042450624
IMPDH2,69.34704062365815
INMT,15.970372512862966
INPP1,536.9783260947783
INPP4A,3.098617593395772
INPP4B,2.1062022231558686
INPP5A,51.74824974338773
INPP5B,2.9144836884845327
INPP5D,1.5833412179206847
INPP5E,14.313973760628683
INPP5F,0.17760629982718787
INPP5J,14.212890635958798
INPPL1,10.720616784913094
INSL3,0.008351116362640796
INSR,20.790681556287506
INSRR,0.04645735816002244
IP6K1,8.911104378490876
IP6K2,13.96640851937858
IP6K3,15.933955043894132
IPMK,0.49136620302965134
IRAK1,12.734668362758622
IRAK2,0.4323540727169377
IRAK3,0.9626048527735983
IRAK4,2.0558903282742635
IREB2,4.371463328712642
ISYNA1,48.211846536412864
ITK,0.06410592415780349
ITPA,168.76358030918226
ITPK1,23.638486838513558
ITPKA,0.21839518828562945
ITPKB,3.632183936507246
ITPKC,5.9850779937551915
IVD,945.3873869003684
JAK1,48.4455740915735
JAK2,6.695281058991275
JAK3,0.46059431318408744
JMJD7-PLA2G4B,0.19276672646590834
KALRN,2.1019969868529382
KANSL3,16.777216256393842
KARS,525.8783463159806
KAT2A,73.25475133556245
KAT2B,24.45254674190298
KAT5,20.966966890225002
KAT6A,3.530176800108118
KAT6B,3.16889050724483
KAT7,30.983118090939033
KAT8,37.38306758992585
KCNJ11,15.879371138601767
KCNJ8,49.135952391096
KDR,9.72947521571845
KDSR,14.834170921835456
KHK,1.2694444030112961
KIT,0.16072421145571736
KL,0.3670447351096668
KMO,0.0010262318014666182
KMT2A,3.4169668027676234
KMT2B,0.3354345050980549
KMT2C,3.8372993615224993
KMT2D,5.372811899488636
KMT2E,11.90288590674147
KMT5A,0.08744585611927874
KMT5B,0.052531638327043204
KMT5C,0.3350355754164824
KPNA6,56.07738752982099
KYAT1,0.41426786262502635
KYAT3,10.315561941178165
KYNU,0.16345225519511633
L1CAM,5.7932967385612795
L2HGDH,1.8043389641148742
LALBA,0.09996023381633702
LAP3,668.1855008503795
LARS,368.833227649599
LARS2,9.24710288569504
LATS1,0.2706741826306812
LATS2,7.976520664968874
LBR,20.781289247901135
LCAT,19.0885577272162
LCK,0.26592604090619043
LCLAT1,1.1553860148387627
LCT,0.07614615847774416
LDHA,2849.7128985122454
LDHAL6A,0.0057869373726409335
LDHAL6B,0.009629617804683263
LDHB,6816.305838508385
LDHC,0.0027114655131468247
LDHD,132.38880632679
LDLR,0.23556469174217237
LGALS13,0.16621830202908744
LGMN,71.30729965304815
LGSN,0.059118472577440906
LHPP,91.8510444485203
LIAS,1.6789587384004019
LIMK1,5.758735566960348
LIMK2,5.450230643279139
LIPA,7.296617667841936
LIPC,0.03097944997118987
LIPE,4.239975540196671
LIPF,0.36410139869376656
LIPG,0.004613104557929183
LIPT1,1.7982913368748847
LIPT2,0.7701687220960772
LMTK2,13.82608806005542
LMTK3,0.6124702055563624
LOC102724197,0.3354345050980549
LOC286297,0.3354345050980549
LOC344967,0.3354345050980549
LOX,3.098617593395772
LOXL2,1.419318727390194
LPCAT1,1.0879103340775185
LPCAT2,1.4562973983527403
LPCAT3,7.770530555365371
LPCAT4,1.7821783399740667
LPIN1,14.638135733824896
LPIN2,3.319031900302015
LPIN3,10.42392068772608
LPL,289.4113476555526
LPO,0.1697122996292287
LRAT,0.0037401772023538666
LRP1,5.76055946832807
LRP2,0.0007466637707793008
LRRK1,0.046173943935208954
LRRK2,1.2356500620394764
LRSAM1,15.264325375240158
LRTOMT,0.7637717251938319
LSS,71.63797625651956
LTA4H,431.1483485878541
LTC4S,1.1193264282750504
LTK,0.0900969845772775
LYN,4.253965897180845
LYPLA1,91.91750288973145
LYPLA2,61.7547429734414
LYZL1,1.4145390562382973
MACROD1,13.537458959875742
MACROD2,0.06163056358637156
MAGEA2B,0.1626710879648594
MAK,0.017625887523735218
MAN1A1,0.6373960477623812
MAN1A2,2.5441785331643163
MAN1B1,1.2722758658370645
MAN1C1,1.7231636580752778
MAN2A1,1.02866997848755
MAN2A2,24.18715826428199
MAN2B1,10.731782836148682
MAN2C1,121.93578190737195
MANBA,8.728137664638437
MANSC1,7.701694807541146
MAOA,991.3192922857193
MAOB,129.03907787347046
MAP2K1,266.92989800291315
MAP2K2,291.8726353515603
MAP2K3,17.12985855354499
MAP2K4,24.59811893377903
MAP2K5,7.94183644387747
MAP2K6,0.6834183780201556
MAP2K7,2.6091068910778614
MAP3K1,1.5002425860702304
MAP3K10,11.531101799033598
MAP3K11,19.433500463485448
MAP3K12,6.534648417792612
MAP3K13,0.616234881939669
MAP3K14,8.89400471375082
MAP3K15,0.006806364976103973
MAP3K2,2.9328739653034153
MAP3K20,0.20179825659102824
MAP3K21,0.03839897316107535
MAP3K3,20.342015479789037
MAP3K4,7.588331124951603
MAP3K5,2.434506649121871
MAP3K6,37.29134353400908
MAP3K7,0.4101788619480918
MAP3K8,3.9030302047076058
MAP3K9,0.35934035579838863
MAP4K1,0.19934677071511064
MAP4K2,4.842067674592872
MAP4K3,12.85472978799148
MAP4K5,13.82396009790575
MAPK1,195.55767889041223
MAPK10,0.6039887264152819
MAPK11,5.578556634619607
MAPK12,5.056833514313167
MAPK13,0.5348872422826761
MAPK14,36.11778904752995
MAPK15,0.05870334883803974
MAPK3,82.91893210199696
MAPK4,4.551915522259024
MAPK6,4.3765915593617155
MAPK7,4.9292596170538765
MAPK8,2.948991153934529
MAPK9,6.362891173688679
MAPKAPK2,6.144383925419953
MAPKAPK3,267.2733931191049
MAPKAPK5,14.905631462506033
MARCH1,0.4226636309337511
MARCH10,0.0023232525553055073
MARCH11,0.30108329518365556
MARCH2,70.37977567431493
MARCH3,3.4614087151991777
MARCH4,0.0017291962754429604
MARCH5,7.408754944701261
MARCH6,25.79116231870385
MARCH7,36.28642905622717
MARCH8,8.16421721312772
MARCH9,6.757232604669396
MARK1,5.622426285590761
MARK2,22.733570204220708
MARK3,38.165180716075206
MARK4,10.710529467699352
MARS,111.09356658286528
MARS2,2.2302046122102124
MAST1,0.023982440013094873
MAST2,45.34783906590799
MAST3,1.5513110515466613
MAST4,9.258098882051273
MASTL,0.02667738389783139
MAT1A,0.014575800863675072
MAT2A,243.90364611993695
MAT2B,148.42600949691303
MATK,0.04784615368001591
MBOAT1,4.397120771985198
MBOAT2,3.1313584377515804
MCAT,14.24372205460024
MCCC1,26.206910487762215
MCCC2,46.59459128385614
MCEE,16.83261930144766
MDH1,31953.953513646895
MDH1B,0.9916368753155863
MDH2,13617.002390554495
MDM2,0.008850587412601281
MDP1,119.57142792653922
ME1,793.1379682127355
ME2,111.73981676532047
ME3,17.166074275291447
MECR,8.643209322139857
MED1,0.30912965232304745
MELK,0.0028029036883645783
MERTK,2.020453192308207
MET,1.2670977837326984
METTL1,9.218258660297186
METTL3,17.073270099056803
MGAM,0.02948220332438241
MGAT1,47.439462539982294
MGAT2,0.4371861477481703
MGAT3,8.226537807237346
MGAT4A,2.7030258844733597
MGAT4B,42.42511700341451
MGAT4C,0.23430348456013647
MGAT4D,0.02696149145334556
MGAT5,40.46725366181171
MGAT5B,0.0034266845698007445
MGLL,30.287656959582
MGMT,7.52881060621566
MGRN1,14.089503425461888
MGST1,18.84291698064576
MGST2,65.5951659822048
MGST3,179.77538399910668
MIA3,7.716644967099707
MIB1,3.0997853012703365
MIB2,23.012765069411834
MID1,2.3821620243469988
MIF,32.393201940986295
MINK1,0.23414141065970764
MINPP1,2.9213763660964203
MIOX,0.03764002098229772
MIP,0.019612425140698938
MKNK1,19.375893787114162
MKNK2,91.54499278133221
MKRN1,38.88209395031507
MKRN2,38.60415013353838
MKRN3,0.0012265877119637327
MLKL,8.527723415466966
MLYCD,143.36783268832775
MMAA,0.8893972405590435
MOCS1,27.40160333984118
MOCS2,27.27516800280763
MOGAT1,0.024672568049983305
MOGAT2,0.06171353466959499
MOGAT3,0.0009694954504974485
MOGS,71.2175832687717
MOK,1.554215540965591
MOS,0.09191795284698573
MOXD1,1.144676448919748
MPC1,691.4938513907791
MPC2,105.86737425169721
MPI,25.853409522719463
MPO,0.25750272201276475
MPST,2413.268309742102
MRPL58,13.330417578133794
MSMO1,4.696383951563815
MSRA,8.779202577657937
MST1R,0.8398374217744163
MT1A,1.7381195135887935
MT2A,150.64971829540056
MT3,10.653365698995374
MT4,0.3354345050980549
MTAP,182.83091538289207
MTFMT,11.18403295842342
MTHFD1,242.39413162253314
MTHFD1L,0.4222554896451187
MTHFD2,5.627682618020403
MTHFD2L,1.4240451495418263
MTHFD2P1,0.02227452950235791
MTHFR,18.026222661087182
MTHFS,10.467752000775496
MTMR1,1.6629490102311837
MTMR14,40.13949577399836
MTMR2,0.5999663225635412
MTMR3,0.3273694796337421
MTMR6,4.748164842852179
MTMR7,0.08319176353906381
MTMR8,0.042833304148986756
MTPAP,2.974366470566351
MTR,0.8104616887487982
MTRR,6.977457274057023
MTTP,0.11581924823621483
MUL1,47.855935751031275
MUSK,0.22375961936927455
MUT,0.3354345050980549
MVD,44.90756715878052
MVK,4.7946867862114875
MYBBP1A,48.77577651030552
MYCBP2,0.11771405792968705
MYLIP,10.849700278459665
MYLK,0.1753417601937189
MYLK2,0.034136294625137314
MYLK3,60.32120591080296
MYLK4,0.4347516880769371
MYO3A,0.000417900533205297
MYO3B,0.0004468225053405612
MYO5B,0.7621747386729241
NAA10,42.16420318664376
NAAA,5.666388949751593
NADK,7.450232374836024
NADSYN1,4.8144134678490484
NAGA,9.621355060475377
NAGK,13.251356687982327
NAGLU,7.80501062598521
NAGPA,3.7165615837588093
NAGS,0.7518164689175018
NAMPT,401.3414830188832
NANP,0.9194994443392017
NANS,112.43094054981815
NAPRT,25.164291606310147
NAPSA,0.17652455902869163
NARS,3573.7172551491353
NARS2,6.427675801933312
NAT1,2.381585777937208
NAT2,0.13022037933397482
NCOA1,11.018993230399643
NCOA2,0.3608863349929174
NCOA3,1.785724451746512
NCOA6,5.334891878300043
NCOR1,0.05962302970267898
NCOR2,1.1513411558885382
ND1,0.7496282848946749
ND2,6.647572110665278
ND3,3.518721426725826
ND4,15.91921099634504
ND4L,0.3354345050980549
ND5,3.9860139175064595
ND6,2.1511623729121254
NDST1,17.166074275291447
NDST2,7.116064893745189
NDST3,0.0011272450014459525
NDST4,0.024005586560330774
NDUFA1,5405.001537267175
NDUFA10,176.13905458595212
NDUFA11,168.77332549674986
NDUFA12,32.58861785552481
NDUFA13,1948.7091992189792
NDUFA2,20.404201303861495
NDUFA3,22.540223759019394
NDUFA4,143.27881345859302
NDUFA5,64.57483300929209
NDUFA6,142.14102524411442
NDUFA7,9.356840833134136
NDUFA8,329.1375217829037
NDUFA9,85.03452072092254
NDUFAB1,612.0061815463654
NDUFB1,456.34706108556725
NDUFB10,502.35603667606574
NDUFB2,175.53996057461728
NDUFB3,430.51744300707793
NDUFB4,321.1069355290663
NDUFB5,291.3522564867868
NDUFB6,54.68743952306383
NDUFB7,521.4878237763659
NDUFB8,146.90900514180504
NDUFB9,41.32943277542473
NDUFC1,264.5009953657271
NDUFC2,45.01228025940791
NDUFS1,169.1754758847765
NDUFS2,132.69873820515107
NDUFS3,298.6031163172419
NDUFS4,211.19660665605574
NDUFS5,2109.5139050395965
NDUFS6,39.32125084727543
NDUFS7,55.563368019734
NDUFS8,165.56708485488895
NDUFV1,217.81987933703599
NDUFV2,219.87844831531683
NDUFV3,36.49137344450355
NEDD4,1.2194230193801965
NEDD4L,5.370552457655256
NEK1,3.9753075476691415
NEK11,0.23117850907656065
NEK2,0.0016364561897874573
NEK3,4.9730133884934
NEK4,2.9351749540370324
NEK5,0.03024495041734539
NEK6,0.22467455151747168
NEK7,96.75038081513311
NEK8,0.17069873902153992
NEK9,2.595493563424118
NEU1,30.569671556229814
NEU2,0.07868648115252536
NEU3,1.2804576481437553
NEU4,0.013636864871042417
NEURL1,0.14715923590013888
NEURL1B,17.259014696298127
NGLY1,13.164855809459416
NHLRC1,0.7029501705496383
NIT2,484.3600803717409
NKTR,23.92255703525097
NLK,5.678770162347403
NLN,26.538040974482694
NME1,1085.4984307935636
NME2,281.45765578880633
NME3,74.52404031112347
NME4,53.883962645700436
NME6,0.42753267638203696
NME7,0.7815172647505092
NMNAT1,7.468012882642036
NMNAT2,27.085812709928543
NMNAT3,7.2069219145451715
NMRK1,3.8794315218843645
NMT1,55.065463886657376
NMT2,2.0760996359684993
NNMT,9.576930368821271
NNT,216.09083864473507
NOL9,2.966286113034042
NOS1,0.0014625386692864184
NOS2,0.019837656108595152
NOS2P1,0.3354345050980549
NOS2P2,0.3354345050980549
NOS3,3.1606700112275403
NOX1,0.03024495041734539
NOX3,0.09198887034239282
NOX4,1.170604066711693
NOX5,0.004394697459449079
NPAS2,21.6761210374298
NPC1,2.430132830281404
NPC1L1,0.031583941645401965
NPR1,5.731127051465445
NPR2,16.55610047951773
NQO1,41.348106641139985
NQO2,153.19255307652128
NR1D1,31.8364655025956
NRF1,1.3282440110418905
NSD1,3.9615721665831467
NSD2,0.8117852405670956
NSD3,0.8238692165195934
NSDHL,691.8979298305674
NSF,41.54615133822951
NT5C,98.40615869495976
NT5C1A,5.174548471057002
NT5C1B,0.02951525619807275
NT5C1B-RDH14,0.037698419756150243
NT5C2,45.922725975668556
NT5C3A,7.524393542382132
NT5DC3,1.1689830835805537
NT5E,2.387600176464777
NT5M,8.866042666471595
NTAN1,1.306495893451413
NTRK1,1.3573320799220818
NTRK2,3.346423447585326
NTRK3,0.14814313549838723
NUAK2,0.9077607670480105
NUDT10,0.1092616453858618
NUDT11,0.08486000921939128
NUDT12,4.803889837862138
NUDT2,35.37936804259847
NUDT3,20.05667056454107
NUDT4,46.78003957109183
NUDT5,31.631057717864845
NUDT9,16.37704398310038
OARD1,5.302447052178773
OAT,180.1723759175003
OBSL1,3.4595794993976674
OCRL,7.638990103893466
ODC1,7.067156552252858
OGA,13.207835039605774
OGDH,1874.0093007037117
OGT,72.8487385911787
OLAH,0.002298398759253364
OPLAH,65.04458380708336
OTC,2.3305572451444374
OTUD5,27.254110869033283
OXCT1,1450.0299153295355
OXCT2,0.09342413280355878
OXSM,10.440148692089668
OXSR1,12.1034860040056
P4HA1,22.033084548486396
P4HA2,38.70199157680967
P4HA3,0.01206725367117943
P4HB,437.9147043200789
PADI1,0.006368351000584636
PADI2,0.17213688625221277
PADI3,1.4480638550391858
PADI4,0.10945025633743388
PADI6,0.3354345050980549
PAFAH1B2,387.5241194690874
PAFAH1B3,15.782216076927725
PAFAH2,3.3702917203698806
PAH,0.0020155012573224106
PAICS,97.49204904836651
PAK1,9.17009903674736
PAK2,102.04382890495626
PAK3,0.026008002242659412
PAK4,0.17325620937157707
PAK5,0.1843105272396382
PAK6,2.145208375388411
PAM,9.214146338228481
PAN2,20.5757710163778
PANK1,3.8224590145778903
PANK2,2.0475371585652806
PANK3,4.888253281041277
PANK4,20.22540976378615
PAOX,0.7743195138965554
PAPOLA,4.472013170836923
PAPOLB,0.9302190557291492
PAPOLG,1.672577252590887
PAPSS1,18.589993417226864
PAPSS2,4.359930773518773
PARP1,54.89070279471191
PARP10,0.9059494247626628
PARP11,0.7701687220960772
PARP12,1.0567377532414624
PARP14,5.01021987125935
PARP15,0.29415502679658545
PARP16,2.877797460967355
PARP2,12.426508360476612
PARP3,23.482912092046824
PARP4,2.538312508640225
PARP6,15.336340990047109
PARP8,1.8003066008454394
PARP9,4.33689047014335
PARS2,1.367610948522492
PASK,0.23476741023264314
PBK,1.2071931673190108
PC,29.288009099091894
PCBD1,205.96849331937477
PCBD2,5.7396727423950535
PCCA,19.241658776674026
PCCB,8.214167677062457
PCK1,0.059022249689555537
PCK2,0.9549591955524476
PCMT1,989.210252247668
PCYOX1,88.63214552871084
PCYT1A,28.67713727494209
PCYT1B,0.10091270092593786
PCYT2,21.656336151732337
PDE10A,0.16619270150819782
PDE11A,0.0010905846795384896
PDE1A,0.751021272752544
PDE1B,1.3535995280752224
PDE1C,14.816320344658605
PDE2A,6.619135575668499
PDE3A,62.36756048006943
PDE3B,0.9127866202723304
PDE4A,1.5950324403212652
PDE4B,6.184172791755046
PDE4C,0.4323540727169377
PDE4D,1.4935324588195247
PDE5A,2.1621358551542595
PDE6A,0.028626369560123148
PDE6B,2.067390976178199
PDE6C,0.03646114505099013
PDE6H,1.0083333333333333
PDE7A,21.913921119058358
PDE7B,2.640214832850759
PDE8A,7.136553660083898
PDE8B,18.082713712249816
PDE9A,1.4734511322148434
PDF,1.1831770171626814
PDGFRA,8.432643959832127
PDGFRB,75.18861886013937
PDHA1,1238.9125616661217
PDHA2,8.963593332760542
PDHB,379.57533088031164
PDHX,56.162076925358264
PDIA2,2.809351995767405
PDIA3,1475.7339753116023
PDIA4,420.8309333020046
PDIA5,11.986436625748704
PDIA6,329.2804460232418
PDK1,0.5604487405518511
PDK2,134.85133504118568
PDK3,6.373206146893033
PDK4,104.19788972762737
PDP1,20.82982118390228
PDP2,0.4686912978301931
PDPK1,0.8715717958160015
PDPR,6.326851149240304
PDXK,11.412875718221086
PDXP,5.405883317419656
PDZD4,1.1233387359984037
PEAK1,10.141043432089369
PECR,41.557118012317616
PEMT,13.164855809459416
PEPD,19.09844536478488
PEX11A,2.342024491798767
PFAS,38.77303430225961
PFKFB1,0.007193482758165142
PFKFB2,11.414538578714902
PFKFB3,5.804368147591462
PFKFB4,0.13230743394474245
PFKL,47.80688769635564
PFKM,300.33437953820754
PFKP,1692.2604021882707
PGAM1,77.66698578132892
PGAM2,92.14558842160893
PGAM5,31.351915097901365
PGAP1,0.959204742032559
PGD,846.2616155668252
PGGHG,0.02991860446325157
PGK1,283.51430251866094
PGK2,0.012823137049541716
PGLS,338.8033221843838
PGLYRP1,0.37558365324771326
PGLYRP2,0.0005890450992459849
PGLYRP3,0.01572942767765221
PGLYRP4,0.004231818598900657
PGM1,798.3674409997827
PGM2,61.28857739390236
PGM2L1,0.14533450559627456
PGM3,31.895702029829042
PGP,110.00067357758687
PGS1,6.421984062329777
PHEX,0.0017753104432601619
PHGDH,69.26413951898557
PHKA1,0.5148351077965131
PHKA2,6.44048721316755
PHKB,22.25200506782115
PHKG1,9.149864719566324
PHKG2,5.290294089654216
PHLPP1,1.0704749293469016
PHLPP2,1.085382749387846
PHOSPHO1,0.1890439527495988
PHPT1,154.10810924080613
PHYH,203.5312279598592
PHYKPL,13.44219787608119
PI4K2A,1.168404628635325
PI4KA,1.5736470801096747
PI4KB,1.0397722058929537
PIGA,1.2420245983541696
PIGB,1.2474955580570477
PIGC,3.5531808080925074
PIGF,1.1527060889853968
PIGG,2.232340956192485
PIGH,8.058113949323678
PIGK,11.04205870851091
PIGL,1.246583278751197
PIGM,1.8732612087290679
PIGN,4.2336204201518095
PIGO,6.151805350498613
PIGP,3.333315526331903
PIGQ,10.43527957208117
PIGS,16.92030951488087
PIGT,26.554307723607284
PIGU,1.495389384554297
PIGV,2.285929145426073
PIGW,1.401397265837096
PIGX,0.9046269486206715
PIGY,0.3354345050980549
PIGZ,7.037186705982568
PIK3C2A,0.7784903874916397
PIK3C2B,4.807835467328907
PIK3C2G,0.08873409730034958
PIK3C3,0.06058440748015312
PIK3CA,2.8903941342524386
PIK3CB,0.43204008231619384
PIK3CD,1.6263226489994163
PIK3CG,0.06917642164983537
PIK3R1,3.9933139198672665
PIK3R2,21.025818259827393
PIK3R3,15.661544607225517
PIK3R4,18.407132792436613
PIK3R5,0.22484819643625353
PIKFYVE,3.3035767605921933
PIM1,45.7350378472338
PIM2,2.721045241681323
PIM3,68.15643316367805
PIN1,691.2864866026531
PIN4,5.348426381536198
PINK1,131.74282217814087
PIP4K2A,4.82099390630788
PIP4K2B,9.707678995433037
PIP4K2C,14.001548597202726
PIP5K1A,0.6179702223989104
PIP5K1B,0.6464293773778078
PIP5K1C,17.89459684903752
PIP5KL1,0.022679821630076938
PIPOX,0.03358729562213729
PISD,1.073333826613679
PJA1,11.399575199573746
PJA2,55.798347894407904
PKLR,11.218886523856392
PKM,2116.9337803560134
PKMYT1,0.023763971107422132
PKN1,109.41191331259932
PKN2,3.602275449568517
PKN3,6.98618953942572
PLA2G10,0.006794940363182381
PLA2G12A,1.235445526303376
PLA2G12B,1.3219857920807359
PLA2G15,34.83813281825642
PLA2G16,92.33550174621982
PLA2G1B,0.03449129925337993
PLA2G2A,1488.1756231667343
PLA2G2C,0.3354345050980549
PLA2G2D,0.02500478423298345
PLA2G2E,0.10480083352838437
PLA2G2F,0.017105401618544066
PLA2G3,0.003345821530535574
PLA2G4A,5.259326036073479
PLA2G4B,12.717541691498345
PLA2G4C,21.26167016743659
PLA2G4D,0.004565207638740564
PLA2G4E,0.009962988912260969
PLA2G4F,0.2612572447217975
PLA2G5,121.30407098915101
PLA2G6,4.407395140112167
PLA2G7,0.016210340893312147
PLB1,0.1450798996864943
PLCB1,1.6145695119470764
PLCB2,2.176976945277674
PLCB3,0.9816091066369649
PLCB4,19.722227701766776
PLCD1,5.4461484924604315
PLCD3,22.78167314981628
PLCD4,0.8620439580196947
PLCE1,8.403552921461939
PLCG1,1.908971495857054
PLCG2,4.47433662798662
PLCH1,0.3139396215416638
PLCH2,0.06697875274839224
PLCL1,12.580753709089281
PLCL2,11.733344348239147
PLCXD2,0.036181375949900806
PLCZ1,0.00954432347369021
PLD1,10.12172363255746
PLD2,5.986473878036152
PLD3,25.318638177151524
PLD4,0.007051837804680048
PLD6,3.3404635723422946
PLG,0.0057635726168048535
PLIN1,0.10912024507784555
PLIN2,7.649431231271072
PLIN3,16.500946013492467
PLIN4,282.0848751203071
PLK1,0.14008570236436566
PLK2,74.57936071639367
PLK3,5.016871793149825
PLK4,0.12228467736546719
PLOD1,18.977436993732955
PLOD2,10.552519097703785
PLOD3,25.026905158209132
PLPBP,1.3790311261442316
PLPP1,5.389883230682263
PLPP2,2.123055391477898
PLPP3,4.2032094621878
PLPP4,0.019762828557283812
PLPP5,0.0656688155578048
PLPP6,0.050042688733332445
PLPP7,1.1305815492037874
PLPPR2,0.3307009692228308
PLPPR3,0.9307949846236876
PLPPR4,0.11900942508124815
PLPPR5,0.012456429933028047
PLTP,90.96062074660492
PLXNB3,2.0444070986468943
PMM1,8.15321391228349
PMM2,26.37437853333603
PMPCA,47.855128927845264
PMVK,443.67492457649746
PNCK,1.814430563777356
PNKP,19.995944038328528
PNLIP,0.010719141528444486
PNLIPRP1,0.04876262171622993
PNLIPRP2,0.3354345050980549
PNLIPRP3,0.018139233522564087
PNMT,9.210998149103617
PNP,286.3612778041654
PNPLA2,419.2485215748515
PNPLA3,0.0015958533927769383
PNPLA4,19.91535229832405
PNPLA6,0.6049738775996035
PNPLA7,2.9986432536880563
PNPLA8,10.869387117448767
PNPO,11.995487244693043
PNPT1,4.187805839004136
POLA1,2.1159033690303506
POLA2,1.2304741049489674
POLB,10.643507767013535
POLD1,0.3922844288087959
POLD2,9.16426391198237
POLD3,0.22686277853030407
POLD4,77.8908247537298
POLE,0.02956666654517899
POLE2,0.08911416913934674
POLE3,17.95576579452963
POLE4,6.0144061079778
POLG,14.602569051528988
POLG2,3.8051650033442015
POLH,1.4791811294284727
POLI,3.1056256295592806
POLK,3.0485192950008813
POLL,7.469495110278774
POLM,10.04615072749831
POLN,0.057749465324573354
POLQ,0.013513675707878226
POLR1A,0.7850745229117267
POLR1B,0.3392434500289481
POLR1C,6.567521130160223
POLR1D,18.954866812907788
POLR1E,12.857132869738352
POLR2A,2.8377634809186514
POLR2B,17.263822559725917
POLR2C,79.40935732698468
POLR2D,10.991658829383338
POLR2E,120.97964581268356
POLR2F,6.194032887911855
POLR2G,12.138113998969791
POLR2H,80.62716977325549
POLR2I,49.54286297412683
POLR2J,30.183443569220348
POLR2K,33.40598336952323
POLR2L,622.6368435210239
POLR3A,0.17565302159793925
POLR3B,1.6753269349088362
POLR3C,0.426286433974418
POLR3D,3.6724729058573926
POLR3E,13.511777780872999
POLR3F,5.511562253062739
POLR3G,0.5943177031365332
POLR3GL,146.41496744367666
POLR3K,8.70031815281775
POLRMT,9.557435998363236
POMGNT1,53.661726679809
POMT1,7.091207167454418
POMT2,4.752676722274506
PON3,0.21606647700990167
POR,100.17297724924396
PPA1,787.6575048821036
PPA2,169.61550907313745
PPARA,11.775248626921742
PPAT,2.615800153564964
PPCDC,1.0985830009062776
PPCS,70.91297341190442
PPEF1,0.002498922201656009
PPEF2,0.005447542839833419
PPIA,138.14285294376418
PPIAL4A,0.3354345050980549
PPIAL4C,0.3354345050980549
PPIAL4E,0.3354345050980549
PPIAL4G,14.599809906673197
PPIB,1253.345069944688
PPIC,46.73954869790614
PPID,907.203743741603
PPIE,6.737351075866328
PPIF,443.180767023467
PPIG,8.301290946100753
PPIH,390.94845673947697
PPIL1,178.04578551711037
PPIL2,0.8587285200046303
PPIL3,38.75518215512036
PPIL4,3.4972313239194137
PPIL6,0.20519621179505199
PPIP5K1,2.223798909774823
PPIP5K2,1.6676398595147448
PPM1A,2.6248576184244476
PPM1B,15.408448417661948
PPM1D,2.093593356271637
PPM1E,0.26293064190147364
PPM1F,13.285564659726239
PPM1G,12.856971537380618
PPM1K,183.64940825703354
PPM1M,8.287462015355153
PPOX,5.1678404710103685
PPP1CA,157.21004649944055
PPP1CB,284.8240055116637
PPP1CC,58.29350585570113
PPP1R1A,63.31824492623406
PPP1R1B,0.1939289425721934
PPP1R2,72.35405526549724
PPP1R3A,35.334178778574405
PPP1R3B,52.17462617059567
PPP1R3C,461.7806849919432
PPP2CA,151.7858119190266
PPP2CB,86.89864018728709
PPP2R1A,766.5829388197262
PPP2R1B,5.474964083439889
PPP2R2A,90.80876953145328
PPP2R2B,1.1047578993352933
PPP2R2C,3.533806317461137
PPP2R3A,15.824838062031027
PPP2R3B,151.78896839101432
PPP3CA,139.4328147879947
PPP3CB,21.143655041890444
PPP3CC,13.338010946732169
PPP3R1,96.42775608118605
PPP3R2,0.0014028653196451078
PPP4C,36.842777281324295
PPP5C,57.7403249913774
PPP6C,136.31111563043757
PPT1,3.903075967211298
PPT2,29.72576151887337
PPWD1,19.84808333572493
PRAG1,0.3354345050980549
PRDX1,17204.233590071606
PRDX2,19079.322060107796
PRDX3,238.27625515473062
PRDX6,1643.9748049976133
PREP,102.58920399714617
PRKAA1,15.226743214099349
PRKAA2,36.85649031527144
PRKAB2,26.938784004925648
PRKACA,1815.2954442041798
PRKACB,49.2933094870438
PRKACG,5.25292276820224
PRKAG2,98.78490023358225
PRKAR1A,66.41135804293341
PRKAR1B,9.297399202170626
PRKAR2A,32.50695258178121
PRKAR2B,107.5953832151223
PRKCA,1.184976123020297
PRKCB,0.0646777525590958
PRKCD,2.153479028429263
PRKCE,1.4810924679311535
PRKCG,0.012562801166356092
PRKCH,4.040412465930568
PRKCI,2.9249079730671346
PRKCQ,0.05739285384859775
PRKCSH,212.02339142836823
PRKCZ,3.192409499840528
PRKD1,0.2227877777286771
PRKD2,6.188398025678284
PRKD3,3.492731107713614
PRKDC,1.1322125821554858
PRKG1,6.292867523486963
PRKG2,1.6204431911133415
PRKN,0.21524163632635238
PRKX,0.7225470868549121
PRKY,0.00046571212540195874
PRODH,29.855176267850087
PRODH2,0.047452249121563574
PRPF19,281.5788617779234
PRPF4,79.49270000989488
PRPF4B,22.56141049133676
PRPS1,628.9453899197706
PRPS1L1,1.6993128857058533
PRPS2,0.879423803460423
PRRT2,7.054694579860987
PSAP,99.27284533436828
PSAT1,12.194502128550953
PSKH1,19.587344650710314
PSKH2,0.11813839957802594
PSPH,682.2795766009041
PSPHP1,0.3354345050980549
PTDSS1,82.06309382495556
PTDSS2,20.82982118390228
PTEN,5.9556487563178155
PTGDS,13258.840691231764
PTGES,5.496210082347442
PTGES2,214.79832507941583
PTGES3,2298.967618283905
PTGIS,175.3701777683337
PTGR1,251.34520871541196
PTGS1,2.6954779863746055
PTGS2,0.9002361191064182
PTK2,1.4045867101298422
PTK2B,1.8916220861744422
PTK6,0.024546695896028117
PTK7,0.12561825447737196
PTP4A2,2.311404507988104
PTP4A3,1444.1295754453085
PTPDC1,3.849678219009736
PTPMT1,6.0345382916324635
PTPN1,25.847648830961607
PTPN11,22.418080237756886
PTPN12,4.441494073799135
PTPN13,1.8164507140423074
PTPN14,1.021765437937926
PTPN18,13.843607094048787
PTPN2,4.149499598336613
PTPN21,17.14750252966341
PTPN22,0.07849997593905839
PTPN23,9.956294115176624
PTPN3,4.466598658213848
PTPN4,1.6903845789518557
PTPN5,0.966008223173456
PTPN6,1.815440562717251
PTPN7,0.1217503579174996
PTPN9,0.29010419929006975
PTPRA,0.26587354113935285
PTPRB,4.675484305348288
PTPRC,0.8226748719635897
PTPRD,0.23418754203077144
PTPRE,3.6260900715656144
PTPRF,0.7765801589629765
PTPRG,2.607845635972781
PTPRH,0.07143519612809653
PTPRJ,0.2402371075221569
PTPRK,8.018800187768342
PTPRM,39.13735001795942
PTPRN,0.2009577411463857
PTPRN2,0.725696114968458
PTPRO,0.054678887519295956
PTPRQ,0.04097929530607679
PTPRR,0.005499877942803612
PTPRS,15.861187794827282
PTPRT,0.01550922006397046
PTPRU,5.775317931082294
PTPRZ1,0.10179032525377267
PTRH1,0.0439746977979353
PTRH2,121.73271138414918
PTS,9.442412050372136
PUS1,2.8229505533120545
PXDN,1.135165680722882
PXDNL,182.3085782077189
PXYLP1,0.3900283303635837
PYCR1,2.754918827314307
PYCR2,336.82721062485916
PYCR3,18.52640291410028
PYGB,1228.274504495575
PYGL,3.4963501490923736
PYGM,74.91151672527766
PYURF,0.5217332676822002
QARS,317.80197575248764
QDPR,941.9878902090586
QPCT,0.4361233667562368
QPRT,89.56227976119077
QTRT1,27.59155321900075
QTRT2,3.0803803903498332
RAD1,1.3472141573516654
RAD18,0.4193336094742095
RAD9A,2.612303911294659
RAF1,0.8469041937980977
RAG1,0.04448749734121503
RALBP1,19.3950908597319
RARS,255.69752025825215
RARS2,9.665161494159388
RBBP6,0.21710505523138218
RBKS,1.3247670785337144
RBP1,219.67724853430258
RBP2,0.0036423507742913102
RBP4,0.21058416591404028
RCHY1,10.092762674921007
RCL1,3.338842686297583
RDH10,2.597822071693425
RDH11,118.73941261498291
RDH12,0.013140626544985204
RDH13,6.132921881817347
RDH14,45.20676382270011
RDH16,0.17550524047450003
RDH5,13.756072130299914
RDH8,0.3354345050980549
REG3A,15.598236131061894
RENBP,11.992116515877916
RET,0.11100965466612425
REV3L,2.174855104768383
RFC5,10.526143635183798
RFK,10.811970548697412
RFWD3,1.2961037925499759
RGL1,10.700724075025786
RHAG,0.2069879864120577
RHBG,0.010383990316830209
RHCG,2.754918827314307
RING1,48.4455740915735
RIOK1,0.5367806736923647
RIOK2,0.18270485349720328
RIOK3,27.001769734000625
RIPK1,4.158821257487725
RIPK2,1.7833481208623545
RIPK3,5.256939274870489
RIPK4,0.2993471316610892
RIPOR1,1.8350848174091228
RNF103,33.4950138106217
RNF115,29.855176267850087
RNF123,20.361467427070423
RNF125,0.8810839239181308
RNF126,24.18715826428199
RNF128,1.3396273250529656
RNF13,14.389662832721687
RNF130,5.201404044867789
RNF133,0.020382835445486604
RNF138,2.28807982855958
RNF139,12.444367826077622
RNF14,29.72576151887337
RNF144A,4.751365524242232
RNF144B,3.819987139973275
RNF146,32.45298279668612
RNF149,7.376270841284664
RNF152,1.246583278751197
RNF167,132.32416936815758
RNF180,1.5979588869025225
RNF182,0.04047426342306976
RNF185,14.780636682360152
RNF187,74.88382177535264
RNF19A,19.26081970839869
RNF19B,7.086822959162949
RNF2,3.703319119434441
RNF20,3.053977740157549
RNF216,14.977185020866125
RNF217,1.6410465129043414
RNF25,15.138519570077861
RNF31,18.42266340961685
RNF40,1.3724168275277104
RNF41,21.478492924775875
RNF5,90.6979846948088
RNF8,4.090687703795976
RNGTT,3.471988785942447
RNMT,54.753023233418425
ROCK1,5.452736889441895
ROCK2,9.262636283746781
ROR1,1.1455678792449866
ROR2,0.08872360367993434
RORA,2.1929086112954708
ROS1,0.0026218949409329275
RPAP2,0.790252158514254
RPE,60.07146627056317
RPE65,0.011728131313476612
RPIA,23.865257351923912
RPL14,1284.7605104414208
RPN1,345.74180958847467
RPN2,321.9325910733002
RPP14,51.441268217722865
RPS6KA1,2.6326338578163866
RPS6KA2,19.45242718555371
RPS6KA3,1.6448617413442415
RPS6KA4,0.7044196025551617
RPS6KA5,1.3508019441358308
RPS6KA6,0.18549771915206997
RPS6KB1,1.3499135964573619
RPS6KB2,18.007402965677212
RPS6KC1,0.23823595302484213
RPUSD4,1.7789517633612462
RRM1,16.966782783070173
RRM2,0.0637190818880016
RRM2B,8.350035613556289
RTCA,24.06493655698488
RWDD2A,1.9182288375479635
RXRA,9.142035088683418
RYK,20.147773703897446
SACM1L,10.407699530882251
SAE1,222.86915384139448
SAP130,0.7249681887819429
SARDH,0.1156318621258916
SARS,265.0183533614487
SARS2,14.79847559709473
SAT1,294.2970745992938
SAT2,147.046427035603
SBK1,0.696710122251174
SC5D,11.447809577306062
SCARB1,9.50248587181838
SCARF2,2.8355365991210544
SCD,1.9172036394501724
SCD5,1.265779060105267
SCLY,2.456407684854952
SCP2,156.36126785667054
SDC1,0.06652564933673544
SDHA,1910.0188297163763
SDHB,656.2150153402113
SDHC,35.604393786370665
SDHD,7.599097461052398
SDR16C5,0.001466931379307586
SDR42E1,0.7669684152103359
SDR42E2,0.019070031927022984
SDR9C7,0.08640446298949371
SDS,0.062520266845251
SDSL,8.934436447795559
SEC11A,205.07955982666815
SEC11C,1.9969931970374153
SELENOI,0.1784505883933933
SEPHS1,422.82221465832794
SEPHS2,41.0543281729613
SERPINA1,1.5088818626178149
SERPINA3,49.58116233738681
SETD1A,0.19019826526169933
SETD1B,5.406730509147935
SETD2,0.031656027598593955
SETD5,11.494433051285732
SETD7,4.780990143463998
SETDB1,0.15845065763349778
SETDB2,4.08187737514343
SETMAR,4.682012729304061
SFXN3,1040.2766997781523
SGK1,19.992744827671384
SGK2,0.06900989006646746
SGK3,1.7361233756365717
SGMS1,4.0718147386055055
SGMS2,3.571370449202444
SGPL1,12.795382096136432
SGPP1,2.7832334025939653
SGPP2,4.114627389752857
SGSH,10.163595818006947
SH3RF1,3.164192371963569
SH3RF2,130.4856219342136
SH3RF3,3.76202320020851
SHMT1,26.009368652568224
SHMT2,200.33290959990995
SHPK,2.640214832850759
SHPRH,0.4095889330310469
SI,0.18373547314711697
SIAE,70.40700874709978
SIAH1,1.4420443268432084
SIAH2,13.164855809459416
SIK2,7.439865721385374
SIK3,2.9831459877384443
SIN3A,2.7051195121825575
SIN3B,0.11310991805340437
SIRT1,4.740879472901888
SIRT2,71.88182345313146
SIRT3,14.31888286974674
SIRT5,22.731678838871083
SIRT6,9.638822860963728
SIRT7,3.8868795443839534
SLC10A1,0.0027966097068116177
SLC10A2,0.058748703153154044
SLC10A6,0.11491025789410485
SLC11A1,1.9336246197485718
SLC11A2,7.0124040922973
SLC12A1,0.0002644825545589423
SLC12A2,1.185817182867548
SLC12A3,0.3836436624241189
SLC12A4,0.6940703882730292
SLC12A5,0.013827597988750901
SLC12A6,0.07058390424141142
SLC12A7,5.514820562593451
SLC13A1,0.0003767883670263671
SLC13A2,0.0014992533451328918
SLC13A3,0.1066772234482503
SLC13A4,0.05640541894478265
SLC13A5,0.004206459106900069
SLC14A1,2.585585277324444
SLC14A2,0.004014702911549314
SLC15A1,0.0015793910915072827
SLC15A2,0.08341075585389118
SLC15A3,9.420305652941428
SLC15A4,6.686648969065888
SLC16A1,27.258064264358737
SLC16A10,0.3550505190534888
SLC16A2,8.36225996525226
SLC16A3,1.747109824497065
SLC16A7,2.834396769297175
SLC16A8,0.3004009062883108
SLC17A1,0.06505057075080632
SLC17A2,0.014797084619435076
SLC17A3,0.0480606884147512
SLC17A4,0.016758172785412122
SLC17A5,4.034139928595124
SLC17A6,0.03561924497624714
SLC17A7,0.7822019685003733
SLC17A8,0.023326127399307364
SLC18A1,0.0004877435869734703
SLC18A2,0.9524143206826029
SLC18A3,0.06214561646399096
SLC19A1,0.344001300670402
SLC19A2,21.025818259827393
SLC19A3,0.007987102639651439
SLC1A1,0.7154753751910752
SLC1A2,0.19354350748859792
SLC1A3,7.994633038890943
SLC1A4,0.9996769507586853
SLC1A5,6.064783988969263
SLC1A6,0.0014771949095592329
SLC1A7,0.7581862415921576
SLC20A1,8.071734698412314
SLC20A2,59.9298059146439
SLC22A1,0.010829818235607651
SLC22A10,0.0006344551153528419
SLC22A11,0.0004486275328735493
SLC22A12,0.0005446774070901598
SLC22A13,0.4146385452685862
SLC22A16,0.006704415476223163
SLC22A18,21.1633118568088
SLC22A2,0.6215418871526734
SLC22A3,0.11063106971371915
SLC22A4,0.2537629849726649
SLC22A5,3.7694094592903826
SLC22A6,0.3332262579895881
SLC22A7,0.007850584111626131
SLC22A8,0.6796964855365107
SLC22A9,0.0008888728739855075
SLC23A1,0.054522653810810694
SLC23A2,6.4590047894373654
SLC24A1,0.28476167084163934
SLC24A2,0.00498884282039421
SLC24A3,0.10504136183070838
SLC24A4,0.024452406454759837
SLC25A1,200.77108671081803
SLC25A10,7.640481456743196
SLC25A11,5409.303051745042
SLC25A12,1957.2312969288837
SLC25A13,70.15883541396168
SLC25A14,1.649898076933285
SLC25A15,1.0191734270018498
SLC25A16,2.4202995412608703
SLC25A17,1.4477313145446544
SLC25A18,0.29742813079627667
SLC25A19,1.8103920926461265
SLC25A2,0.008089327148532098
SLC25A20,40.72528393649088
SLC25A21,0.1818073902723838
SLC25A22,1.5979588869025225
SLC25A26,8.964014134477415
SLC25A27,18.026222661087182
SLC25A28,43.68833429332857
SLC25A29,10.237792036727138
SLC25A3,5753.557114701826
SLC25A37,10.645206221198936
SLC25A4,10892.295253513244
SLC25A5,2342.6234196051755
SLC25A6,469.508068758478
SLC26A1,0.3578438272337252
SLC26A11,2.860644251060009
SLC26A2,0.8007507258489552
SLC26A3,0.007889854472098196
SLC26A4,0.045005585381823636
SLC26A6,9.589617448367909
SLC26A7,0.014567610980988603
SLC26A8,0.0058785175940090605
SLC26A9,11.44614540387826
SLC27A1,6.990327373249761
SLC27A2,4.602256097978344
SLC27A3,4.984964412469731
SLC27A4,2.3935219336755518
SLC27A5,0.966008223173456
SLC27A6,48.51941638821832
SLC28A1,0.2740593243492384
SLC28A2,0.006939966981251191
SLC28A3,0.03997093454579637
SLC29A1,189.00364035170196
SLC29A2,30.852393384040827
SLC29A3,0.7351654275710042
SLC29A4,0.5509054497571659
SLC2A1,10.607337194591501
SLC2A10,1.6204431911133415
SLC2A11,8.607760696257465
SLC2A12,10.129772334969534
SLC2A13,0.5457948571897859
SLC2A14,0.06963494402462313
SLC2A2,0.7271472329221568
SLC2A3,55.798347894407904
SLC2A4,249.4134719653596
SLC2A5,0.024609610151626493
SLC2A6,1.295182005957645
SLC2A7,0.02769435809366143
SLC2A8,5.495188968290736
SLC2A9,0.2688704357498408
SLC30A1,4.42924974117369
SLC30A6,3.9378778158111944
SLC30A7,5.810725672652654
SLC31A1,4.252693530258788
SLC32A1,0.0035657166875603286
SLC33A1,496.39424856490604
SLC34A1,0.000387978750072944
SLC34A2,0.0031477819705160864
SLC34A3,0.09783445411090609
SLC35A1,12.06295571570703
SLC35A2,4.867125110129554
SLC35A3,2.06007036906196
SLC35B2,0.6093863707760557
SLC35B4,1.1056407933695123
SLC35C1,4.011580695414218
SLC35D1,1.6577769605745858
SLC35D2,8.578506869074467
SLC36A1,0.8251207753953836
SLC36A2,0.005378668815410799
SLC36A4,1.0321513028323868
SLC37A1,0.8267524709370618
SLC37A4,2.733452358784866
SLC38A1,36.78795585822109
SLC38A2,31.61705975534081
SLC38A3,5.9404563554664325
SLC38A4,0.03783333497593579
SLC38A5,0.1430474201753519
SLC39A7,29.381151951730704
SLC3A1,0.006146935530241201
SLC3A2,23.82203004905694
SLC40A1,33.205900064204215
SLC41A1,201.24666625465326
SLC41A2,0.1486041146362039
SLC43A1,6.2645857882217655
SLC43A2,1.1473513042249055
SLC46A1,1.2758656613908517
SLC47A1,2.735709841825379
SLC47A2,0.005029716335591119
SLC4A1,0.007274764560084601
SLC4A10,0.00019391730979003574
SLC4A2,9.36982955671498
SLC4A3,531.6104879146261
SLC4A4,3.245499116909708
SLC4A5,0.12864702814915652
SLC4A7,0.446186444304839
SLC4A8,0.005407859073428009
SLC4A9,0.006464516175671939
SLC51A,0.3711105000006733
SLC51B,0.2528155767141588
SLC52A1,0.012783599251577075
SLC52A2,7.5362777947415704
SLC52A3,0.5501745747741115
SLC5A1,61.6571137970261
SLC5A10,0.3084922367009903
SLC5A11,0.011382680124066312
SLC5A12,0.022988175845710695
SLC5A2,0.03212391591169139
SLC5A3,0.1255683507315296
SLC5A5,0.001302564172873183
SLC5A6,3.965316901028504
SLC5A7,0.00918112231425864
SLC5A8,0.3418527760399266
SLC5A9,0.08947121829551115
SLC6A1,1.7461102801821418
SLC6A10P,0.0033843499318081754
SLC6A11,0.0026442110008687205
SLC6A12,0.057670166580790654
SLC6A13,0.5818377634687335
SLC6A14,0.3354345050980549
SLC6A18,0.020564936803086797
SLC6A19,0.1185497404542115
SLC6A2,0.05126577654728052
SLC6A20,0.001749138666554289
SLC6A3,0.0037307403153621584
SLC6A4,0.002514479465899252
SLC6A5,0.0022884775662363587
SLC6A6,0.8949285404635107
SLC6A7,0.006296484324904579
SLC6A8,175.19115311766478
SLC6A9,0.42361637622830345
SLC7A1,3.163018133520494
SLC7A10,0.015085998272852327
SLC7A11,0.12983113344819358
SLC7A2,17.296228937835128
SLC7A3,0.04448941571177317
SLC7A5,1.6155600656966107
SLC7A6,13.86113214168338
SLC7A7,0.5825798070490016
SLC7A8,3.6139106708067916
SLC7A9,0.005835873645796446
SLC8A1,26.603535146130564
SLC8A2,0.026132529712019886
SLC8A3,0.011431217362754889
SLC8B1,5.717336294819158
SLC9A1,7.317245964563199
SLC9A2,0.0018108863787532998
SLC9A3,0.3438726318111219
SLC9A4,0.314551529377227
SLC9A5,1.133105005305504
SLC9A7,0.31790036705668495
SLC9A8,4.1525038721927245
SLCO1A2,0.0003617732882036474
SLCO1B1,0.5745214485775751
SLCO1B3,0.0005496103046716969
SLCO1C1,0.1528219540793129
SLCO2A1,9.052905956801704
SLCO2B1,6.637790900565351
SLCO3A1,16.24422010625908
SLCO4A1,2.2355465118023723
SLK,21.822759040740117
SMARCD3,52.62711559276829
SMG1,0.707688234271417
SMPD1,74.27523631042286
SMPD2,4.312465610242493
SMPD3,0.38331398415179796
SMPD4,5.596395469641073
SMS,199.65785827226648
SMURF1,5.993454623178888
SMURF2,2.865215720940112
SMYD3,2.6144970133424397
SNRK,6.613398340888879
SOAT1,1.832264299553141
SOAT2,0.029086353819016267
SOD1,3823.095077906057
SOD2,86.14983886920322
SOD3,742.0746807792955
SORD,1.2138622408432502
SPCS1,221.46110583974732
SPCS2,190.6496222754411
SPCS3,303.8939868896482
SPEG,29.531925606231905
SPHK1,2.1547256439942943
SPHK2,0.9008379652361406
SPR,738.7700748248483
SPRYD3,69.67272008934341
SPTLC1,10.704167106175978
SPTLC2,1.0723048038749086
SPTLC3,1.0704749293469016
SQLE,0.08617525539703894
SRC,2.451563229492264
SRD5A1,0.46890120944258884
SRD5A2,0.3354345050980549
SRD5A3,1.874279982663285
SREBF1,15.915754766091553
SRM,554.8754880727922
SRMS,0.0016334391048305778
SRPK1,3.0450637929724573
SRPK2,5.558024848945783
SRPK3,23.537256537709204
SSH1,8.981150167149279
SSH2,8.76526777414378
SSH3,12.49546528409685
SSR4,221.74789446182552
SSU72,155.35562459204846
ST3GAL1,43.09122505169541
ST3GAL2,4.516960277109702
ST3GAL3,9.95310266400187
ST3GAL4,27.022773837867508
ST3GAL5,1.3713539271113786
ST3GAL6,10.930149064527074
ST6GAL1,17.054725642928496
ST6GALNAC1,1.5619680417319104
ST6GALNAC2,2.487158254755749
ST6GALNAC3,0.539970031715542
ST6GALNAC4,38.51162245486907
ST6GALNAC5,0.1450798996864943
ST6GALNAC6,57.957389967227556
ST8SIA1,0.15024629070345027
ST8SIA4,0.47471885139662323
ST8SIA5,4.706843246537832
STAMBP,8.524384847315451
STAMBPL1,2.7628389922295282
STARD3,13.511777780872999
STK10,0.23744632429559875
STK11,43.87987902590151
STK16,1.0466468045560195
STK17A,4.772356457264785
STK17B,0.5111740620307079
STK19,4.9809767399372245
STK24,21.49823363691889
STK25,2.718246272617754
STK26,0.629690691282171
STK3,4.779285047486723
STK31,0.004759619563244214
STK32A,0.08262311501404525
STK32B,0.034239500179087855
STK32C,1.3825994822461407
STK33,6.21799655627458
STK35,5.6691396970183305
STK36,3.0369003207504854
STK38,9.417158543701222
STK38L,29.12384860972894
STK39,19.33673508062685
STK4,0.38977752039960056
STRA6,0.0033604849095145383
STS,2.990545048278775
STT3A,6.539019488474793
STT3B,45.32366880243909
STUB1,88.24580812800447
STYK1,0.0013826442560675785
STYXL1,6.786099923159402
SUCLA2,385.639587207456
SUCLG1,1136.2029016643178
SUCLG2,2083.0348736463097
SULT1A1,16.317458925190223
SULT1A2,0.4287985513135891
SULT1A3,0.05424953678958224
SULT1B1,0.022679821630076938
SULT1C2,0.22846790984521334
SULT1C4,3.448179995137488
SULT1E1,1.3273511575593253
SULT2A1,0.0075497648439405715
SULT2B1,0.008210590934062968
SULT4A1,0.1940391050632041
SUOX,19.145931751043214
SUV39H1,2.850365685612903
SUV39H2,0.7669684152103359
SYK,0.5501745747741115
SYNJ1,0.06253174230070223
SYNJ2,0.06443906923261256
SYVN1,0.5933391823485143
TAF1,5.37823498626767
TALDO1,131.7751010301212
TAOK1,2.4762883602021977
TAOK2,16.33578258140523
TAOK3,8.9686867178067
TARS,161.97810045492406
TARS2,2.597976502003264
TARSL2,17.415768289804987
TAT,0.0022851730894255305
TBCB,101.70756780275012
TBK1,0.6641231338138985
TBL1X,4.776720619832063
TBL1XR1,9.126344697754229
TBXAS1,0.31733372245951946
TCIRG1,26.850775959685983
TDO2,0.0007312169622863801
TECR,136.05463930223877
TECRL,505.8681282247302
TENT2,0.15316461371698084
TENT4A,0.45357387630786017
TESK1,15.571024802249918
TESK2,1.1482432987456874
TFRC,36.772149197660006
TGDS,2.761707162691209
TGFBR1,3.7854264865907887
TGFBR2,147.8784162319463
TGM1,0.03499891297813494
TGM2,771.1099331428412
TGM3,0.20900877102676688
TGM4,0.8030397362335248
TGM5,0.3587832992254833
TGM6,0.018105422639918517
TGM7,0.01438308791538765
TGS1,4.035394224646956
TH,0.0074153281927184945
THNSL1,1.7511095521967817
THTPA,6.876894647408119
TIAM2,0.5118188593539539
TICRR,0.05739285384859775
TIPARP,9.091968527959008
TK1,0.3531700161566027
TK2,8.711133990140649
TKFC,17.655218887752373
TKT,16.33578258140523
TKTL1,1.0924174993671163
TKTL2,0.0018295234827616943
TLK1,4.868444893577182
TLK2,0.2600120872829938
TM7SF2,175.36553333061636
TMEM91,5.666388949751593
TMLHE,4.678095378519211
TMX3,9.395058413047334
TNFRSF21,5.665013711877774
TNIK,5.115599180753948
TNK1,0.7194017757382937
TNK2,16.07976001504327
TNKS,4.532486920439791
TNKS2,8.3347619956771
TNNI3K,42.567617405125965
TNS2,1.434061794943761
TOPORS,4.840749834092698
TP53RK,2.641332941243756
TPH1,0.022372600043569852
TPH2,0.08567194949607831
TPI1,13620.058196729698
TPI1P2,0.07409510469985343
TPK1,0.9186596122561742
TPMT,10.380139293130238
TPO,1.9531737484825784
TPP1,108.18608589854097
TPSAB1,6.1054456802379935
TPSB2,1.8803957786728018
TPSD1,0.03161761723880253
TPST1,3.05200733218005
TPST2,10.462879392754372
TPTE,0.0007157375503681857
TPTE2,0.002403268868094677
TRAF7,16.00681251336098
TRDMT1,0.2900928564238657
TREH,0.00921968130915949
TREX1,2.6006186852038646
TREX2,0.14875786061476762
TRHDE,0.006086528020663407
TRIB3,0.5944872699062895
TRIM11,1.129550982813347
TRIM32,1.7360845397941949
TRIM33,2.6737423049086764
TRIM63,302.7585836427481
TRIO,0.7415806809006322
TRIP12,10.995018407351866
TRIT1,13.147574079838021
TRMT1,5.154674117090463
TRMT11,8.523152713129383
TRMT1L,10.399591521805714
TRMU,9.576930368821271
TRPM6,0.025177796287629815
TRPM7,5.417596678759927
TSSK1B,0.20447763106973466
TSSK2,0.0231714118888251
TSSK3,0.9060871558802935
TSSK4,0.1909609829174284
TSSK6,0.309492112751725
TST,37.54373158620436
TSTA3,80.9836254637848
TTC3,12.940674659255627
TTK,0.00209930948515289
TTL,0.9456234046431922
TTLL10,0.0769097156688497
TTN,129.07117575411343
TUSC3,2.106279296112078
TUT1,0.27211220714435586
TUT4,0.6950417161591614
TUT7,0.1907089895411479
TXN,542.1087836937315
TXN2,66.76649430079999
TXNRD1,247.61820334171952
TXNRD2,10.570218654762016
TXNRD3,0.6789174301970812
TYMP,41.76183285821233
TYMS,8.045801046744716
TYR,0.004257219365162473
TYRO3,1.4032808253391253
TYRP1,21.399579281722918
UAP1,23.96685057159472
UAP1L1,9.25967002789872
UBA1,434.81488429204705
UBA2,77.80213411359719
UBA3,82.28363322603242
UBA6,26.715608585525786
UBA7,21.49823363691889
UBE2A,54.044825117820345
UBE2B,102.23417760847069
UBE2C,0.12150679066925191
UBE2D1,37.42895252185414
UBE2D2,30.394333124934455
UBE2D3,896.1267972971178
UBE2D4,17.24041572868808
UBE2E1,24.268732591529115
UBE2E2,3.134415585853616
UBE2E3,6.413507979619579
UBE2F,2.154060433158663
UBE2G1,16.484777203974332
UBE2G2,8.803909051642052
UBE2H,326.87738748706477
UBE2I,363.6097944594837
UBE2J1,4.525361149897919
UBE2J2,11.875983907353806
UBE2K,337.03289444518646
UBE2L3,1278.3561662424859
UBE2L6,16.391178021863283
UBE2M,231.8428365776908
UBE2N,22.471511166406856
UBE2NL,0.3354345050980549
UBE2O,23.760118524489766
UBE2Q1,3.4298028176568427
UBE2Q2,2.4232852365491695
UBE2QL1,16.464204111017153
UBE2R2,17.17505702377901
UBE2S,19.66438994811264
UBE2T,3.010636423778471
UBE2U,0.023784263818109993
UBE2W,3.6663607748244025
UBE2Z,47.015717461027776
UBE3A,23.24196907474079
UBE3B,14.79847559709473
UBE3C,4.983250262115348
UBE4A,0.5897674061033902
UBE4B,5.096639298652642
UBLCP1,48.2434728971623
UBR1,0.686567589401604
UBR2,4.421032441013125
UBR3,0.0930032232449173
UBR4,5.300691803157768
UBR5,0.5593764377921491
UBR7,17.017653131514585
UCK1,12.718567162415852
UCK2,2.036203324688127
UCKL1,38.58101256997338
UCP1,0.0017169549146651235
UCP2,4.846021779618353
UCP3,0.2354057140982543
UEVLD,3.6663607748244025
UGCG,5.187971546031686
UGDH,22.13123699849271
UGGT2,2.4520232246572387
UGP2,4079.8219989315544
UGT1A1,0.001568939224639467
UGT1A10,0.14272264379251745
UGT1A3,1.0114790584917612
UGT1A4,0.0951329295757727
UGT1A5,0.4044927492424471
UGT1A6,0.17846484523713252
UGT1A7,0.817507176308654
UGT1A8,0.1293154038699776
UGT1A9,0.11549856641655931
UGT2A1,0.3354345050980549
UGT2A3,0.01079456949046932
UGT2B10,1.2536713325042186
UGT2B11,0.23720441855058141
UGT2B15,0.6704297803167216
UGT2B17,0.6033232516115735
UGT2B28,0.6936387983112186
UGT2B4,6.977457274057023
UGT2B7,0.0024452334771819365
UGT3A1,0.12021469926971337
UGT3A2,0.004972518764028537
UGT8,0.009284848837441935
UHMK1,6.64784196975405
UHRF1,0.010964735610481287
UHRF2,3.6614730582970965
ULK1,37.085188036284045
ULK3,35.94555189387047
ULK4,4.0579896176049175
UMPS,59.42651755863679
UPB1,0.4191299627916377
UPP1,3.868891449603799
UPP2,0.3354345050980549
UPRT,3.795440677325278
UQCR10,178.03567184886984
UQCR11,392.1020486117948
UQCRB,602.9862443378074
UQCRC1,5846.939717912222
UQCRC2,10742.329572966217
UQCRFS1,1683.4650115982547
UQCRH,253.45753007526156
UQCRQ,396.49567346169175
UROC1,0.3822824415744883
UROD,49.87292430397937
UROS,27.84537214098919
USP1,6.309853132706262
USP10,5.076619502790562
USP11,90.1733310364281
USP12,8.657091270822008
USP13,42.16420318664376
USP14,84.2975265582973
USP15,4.992060311078065
USP16,22.13252111410187
USP17L2,0.0011890680621759234
USP17L22,0.04998256910149056
USP17L30,0.050968258904732194
USP17L5,0.050968258904732194
USP17L9P,0.3354345050980549
USP18,0.9194994443392017
USP19,1.6120522665138053
USP2,71.17069269828342
USP20,7.968977131215921
USP21,13.738583216913007
USP22,100.7905780336898
USP24,2.1656235055921402
USP25,0.16667294270613153
USP26,0.08118014005684498
USP28,44.79280864507143
USP29,0.08228852752006045
USP3,0.3095693905227139
USP30,0.19353524442016443
USP31,3.127846029624615
USP32,0.3962138275256634
USP33,9.678554334508659
USP34,5.601850785173764
USP35,3.8707470604896046
USP36,5.080851757909775
USP37,0.26251202107208926
USP38,4.255238367303758
USP4,2.7957559681521533
USP40,0.37155848663565305
USP41,0.01834435481333142
USP42,1.0722258864764744
USP43,0.0029088844604371594
USP44,0.17272373496911464
USP45,0.8860693739487632
USP46,9.239250772502558
USP47,13.538322378507408
USP48,0.3840363448616996
USP49,0.6132226402596678
USP51,1.1643312718995134
USP6,0.05683931774958728
USP7,29.112484726216845
USP8,0.6744935698165235
USP9X,7.476047612039869
USP9Y,0.001222403283339374
UST,0.5457948571897859
UXS1,10.851340478710636
VARS,74.37740824247173
VARS2,73.31588481370191
VKORC1,38.85891132413014
VNN1,0.30201450166637067
VNN2,0.7343750478416374
VNN3,0.017519617498866522
VRK1,15.68254461720444
VRK2,2.2601636963830134
VRK3,6.708234853547237
WARS,593.944707000888
WARS2,9.539012214267297
WDYHV1,6.874350862306802
WEE1,29.188179385442464
WEE2,0.017169555008959787
WNK1,5.607459517131545
WNK2,75.10545909328775
WNK3,0.03134848528798572
WNK4,0.015832199124316694
WWOX,0.7765801589629765
WWP1,28.376178479575753
WWP2,0.08968039004433856
XDH,0.02074786262983523
XPO6,0.1439550016248703
XPO7,21.894077592998055
XYLB,0.0655791142934501
XYLT1,0.7399125420345979
XYLT2,7.985575459504505
YARS,537.0753025525858
YARS2,17.934140029734042
YES1,6.088611217981532
ZADH2,15.354359247210274
ZAP70,0.5088832357276143
ZC3HAV1,0.6706491340499273
ZNRD1,6.440363847562183
ZNRF1,5.051500319859686
ZNRF2,0.9732285154292281
ZSWIM2,0.015679988656711358
