A4GALT,33.25502377313713
A4GNT,0.7462145907088457
AACS,29.670843394732216
AADAC,1.5219170590849656
AADAT,5.966934581989219
AAK1,27.620752558715086
AANAT,0.09210531816170742
AARS,542.7665120405858
AARS2,11.685434362884646
AASDH,9.343800844228024
AASDHPPT,9.288229464980027
AASS,24.070228760431714
AATK,6.1291676669532045
ABAT,69.72333811437068
ABCA1,16.3666007348914
ABCA3,31.862983995970346
ABCA4,0.35568552253706587
ABCA8,56.53635229949018
ABCB1,2.52762360060979
ABCB11,0.004273341302800542
ABCB4,0.2058048150901785
ABCB6,42.52676317996757
ABCC1,1.9290436525021804
ABCC11,0.0057544807305686995
ABCC2,0.1820667082110434
ABCC3,1.4109962979025579
ABCC4,1.5016175915832484
ABCC5,8.519036180267172
ABCC8,1.1864439148675021
ABCC9,5.934599352714169
ABCD1,5.308531208640585
ABCD2,0.10396666284330115
ABCD3,58.928119349112585
ABCG2,5.632492594699472
ABCG5,0.02115265373920353
ABCG8,0.026673876708283938
ABHD12,65.20267072054327
ABHD5,6.528840791520204
ABHD6,9.173304993629438
ABL1,83.47645321874317
ABL2,4.703946096094698
ABO,22.755124362735362
ACAA1,52.67287665553426
ACAA2,73.3765149208127
ACACA,11.605134563687804
ACACB,30.593612382792294
ACAD10,19.89712653494301
ACAD11,0.16574814694038717
ACAD8,122.32217170400862
ACAD9,328.41568816337957
ACADL,51.53449917081187
ACADM,28.927475961596343
ACADS,41.25394287906349
ACADSB,151.36473691490886
ACADVL,1458.3298434444444
ACAT1,20.905435645512313
ACAT2,6.220420002129993
ACE,67.28851124997104
ACE2,0.9294481674295277
ACER1,0.08165069560539608
ACER2,1.4090914212344121
ACER3,4.4319013097811615
ACHE,4.20716833469256
ACLY,48.0608109128516
ACMSD,0.05398936657100477
ACO1,17.249784046357902
ACO2,56.08801699729481
ACOT1,3.5693080798480925
ACOT11,5.947528963041479
ACOT12,0.012050329750769261
ACOT13,3.94758201853256
ACOT2,8.595883468941604
ACOT4,0.09809242014077167
ACOT6,0.009586111032012986
ACOT7,2.273387389245202
ACOT8,16.44682605018441
ACOX1,4.3938230861403245
ACOX2,41.02961074833527
ACOX3,7.7587803994479945
ACP1,5240.35524526965
ACP2,8.144854119631074
ACP4,0.0036202735317779565
ACP5,1.778892559089405
ACP6,19.655935976187603
ACP7,0.44999467512671487
ACPP,0.6603762103840521
ACSBG1,0.08269182279775547
ACSBG2,0.11881909443440859
ACSF2,109.39472283451143
ACSF3,7.330296854991699
ACSL1,29.780829428697672
ACSL3,5.543528823668794
ACSL4,3.1319293879211063
ACSL5,4.284283362908505
ACSL6,0.2586840453042189
ACSM1,0.5381439896986556
ACSM2A,0.1662215740534846
ACSM2B,0.10855739803311648
ACSM3,0.14031767282224666
ACSM4,0.01768661814566169
ACSM5,1.133903630181092
ACSS1,41.17588483147471
ACSS2,14.498053509914508
ACSS3,7.000659068005687
ACVR1,35.102173786964784
ACVR1B,11.685434362884646
ACVR1C,0.09400281243176983
ACVR2A,8.421443306471684
ACVR2B,1.4019530099176287
ACVRL1,18.759130305445414
ACY1,257.0774882403747
ACY3,1.2909807850436195
ACYP1,21.557953788345458
ACYP2,2.0550220550478104
ADA,4.640673049137425
ADCY1,0.5772435487963957
ADCY10,0.027004002733489043
ADCY2,0.17101276734280874
ADCY3,7.020747984863467
ADCY4,48.70692360400147
ADCY5,0.6249153272918221
ADCY6,28.403585535563384
ADCY7,2.0931080380721165
ADCY8,0.10844658669179806
ADCY9,30.731054701167718
ADH1A,0.13315408113819782
ADH1B,53.88880266457776
ADH1C,1.1653671665080831
ADH4,0.10216406938644872
ADH5,578.9190298006381
ADH6,0.05949823018207094
ADH7,1.7828698679826633
ADHFE1,41.72294940526
ADI1,59.298395959640985
ADK,14.061857987439875
ADO,12.705498699146194
ADPGK,124.0789699090929
ADPRH,22.592089188602976
ADSL,352.6498299739873
ADSS,155.46332470911196
ADSSL1,6.370953002409949
AFMID,10.373201243528793
AGA,79.90236838768048
AGK,17.107793063015233
AGL,0.6573095408341032
AGMAT,0.2643097159178973
AGPAT1,12.356998347410356
AGPAT2,85.75020581665359
AGPAT3,17.29417434280173
AGPAT4,1.2232561156824464
AGPAT5,3.9618119558110583
AGPS,23.822591227999357
AGT,7.107940951552536
AGXT,0.05084318729153644
AGXT2,0.07273189725255508
AHCY,5946.555987053912
AHCYL1,41.20236103624385
AHCYL2,23.594477248652556
AICDA,0.012455043111598861
AK1,439.4705031016837
AK2,1049.968156933596
AK3,99.4096707320067
AK4,49.84918245225007
AK5,0.04292161804094036
AK7,0.8628494061226858
AKR1A1,217.4637539899249
AKR1B1,81.20451809256787
AKR1B10,0.20003278098516702
AKR1B15,0.13926863810932363
AKR1C1,13.113887825536459
AKR1C2,7.992150733946242
AKR1C3,21.18456416310227
AKR1C4,0.020802147013347927
AKR1C8P,0.3354345050980549
AKR1D1,0.02649138692208313
AKR7A2,407.69729851772775
AKR7A3,3.0012016697320325
AKT1,4.074040808058516
AKT2,6.723698399068674
AKT3,16.39868085571808
ALAD,490.14393851612897
ALAS1,26.675147650903313
ALAS2,4.064706319785568
ALB,6.68754428885565
ALDH18A1,293.94217086144704
ALDH1A1,406.8629284015591
ALDH1A2,1.503065630317019
ALDH1A3,0.4167879062988221
ALDH1B1,9.251366084084783
ALDH1L1,1.341825980069318
ALDH1L2,1.572917236032026
ALDH2,1520.2127457983904
ALDH3A1,0.39558710869593416
ALDH3A2,246.8819772218439
ALDH3B1,1.4048074497558138
ALDH3B2,0.040487973288279425
ALDH4A1,11.977310051296675
ALDH5A1,12.278248085175418
ALDH6A1,12.0674246615221
ALDH7A1,85.62779201281674
ALDH9A1,1689.6237513127928
ALDOA,3015.2808199228853
ALDOB,0.3404748862117217
ALDOC,4.617988453005531
ALG1,6.04469102573831
ALG10,0.8791847303745659
ALG11,1.3437111681694236
ALG12,12.37639332832
ALG13,17.83331188343295
ALG14,1.1448266948751056
ALG1L,3.463481032451579
ALG1L2,0.2933270465455975
ALG2,69.48044507673568
ALG3,2.0927337071075596
ALG5,48.49735527541737
ALG6,3.3091641073769256
ALG8,11.715299769465304
ALG9,9.31533858569015
ALK,0.05410842209620521
ALLC,0.09874098907430014
ALOX12,0.6697124095508693
ALOX12B,0.09077401258625001
ALOX15,0.0017606232693920514
ALOX15B,4.4848158133213945
ALOX5,0.9460417827843342
ALPG,2.1334538652401167
ALPI,0.09522613776587274
ALPL,2.767792166883323
ALPP,0.12394730653401177
AMACR,116.54768761316797
AMD1,67.72194984933563
AMDHD1,0.5855277972729418
AMDHD2,35.03617715901032
AMFR,0.2976904599404202
AMHR2,0.027106775803849726
AMN,0.4935355126112698
AMPD1,0.025513070259976244
AMPD2,12.724538431478765
AMPD3,6.331184681726733
AMT,76.30055310805541
AMY1A,2.6438139326066277
AMY1B,0.06398036135085973
AMY1C,0.004295571061803365
AMY2A,15.918888537507485
AMY2B,37.275591683910186
ANAPC11,31.438643188860272
ANGPTL4,25.85944241774824
ANKRD1,0.1136915166463778
ANPEP,7.060962469391162
ANXA3,1865.0309147126964
AOAH,1.7474314997498246
AOC1,0.041565864131191496
AOC2,0.9679699829566929
AOC3,27.998526980278864
AOX1,17.277950251392713
APOA1,2.163274572018427
APOA2,0.19501500274688907
APOA5,0.013935309018589798
APOB,0.0054763596838772735
APOC1,5.397054667470022
APOC2,27.211319250515267
APOC3,0.8142391166689766
APOE,330.11966222367795
APRT,968.3536457119394
AQP1,235.18763804721564
AQP10,0.0037868645526527175
AQP2,0.019011395754666805
AQP3,2.2108473986724837
AQP4,4.976264392916856
AQP5,2.992816923573971
AQP7,4.441014970707027
AQP8,0.21537373737887544
AQP9,0.18379452632458382
ARAF,2.3974234467015876
ARCN1,235.96668565018112
ARG1,0.1719257438634384
ARG2,27.63951694482132
ARSA,57.3999002631787
ARSB,1.7718611470710917
ART1,0.011858531793494057
ART3,0.10660050040722518
ART4,7.384419571351117
ART5,1.3512575386657137
AS3MT,10.497079215687219
ASAH1,443.4125926538953
ASAH2,0.0403984215308734
ASH1L,0.032142782632949306
ASL,406.53448604371385
ASMT,0.2643097159178973
ASNS,585.0437518717462
ASPA,1.7529160938876405
ASPG,1.5393625492047172
ASPH,172.74149851790227
ASRGL1,4.180152448370523
ASS1,494.5213256765041
ATE1,9.147847527283036
ATIC,363.1768610535505
ATM,1.7893325059361036
ATP10A,1.5103102687447605
ATP11A,10.90733949312768
ATP11C,4.350058082950785
ATP1A1,289.7173151344544
ATP1A2,0.7163927870488025
ATP1A3,0.04107108387228263
ATP1A4,0.004516392781027225
ATP1B1,825.82794738073
ATP1B2,6.103148329650881
ATP1B3,45.71140459304374
ATP1B4,0.020317090524169256
ATP2B1,17.31157028667853
ATP2B2,0.013787309688114625
ATP2B3,0.014449633412740583
ATP2B4,48.61595330816885
ATP4A,0.29776855030524424
ATP4B,0.24471741313677653
ATP5F1A,124.53265572432873
ATP5F1B,167.30632217246165
ATP5F1C,21.50971022167614
ATP5F1D,155.46511749348954
ATP5F1E,125.55773209538297
ATP5MC1,4.311892001287344
ATP5MC2,2.868050998110428
ATP5MC3,5.997867959791037
ATP5ME,117.38991896387836
ATP5MF,1.481717785000078
ATP5MG,179.57272888452187
ATP5MGL,23.718922705117464
ATP5PB,5.524565248774745
ATP5PD,6.7181129554220975
ATP5PF,4.959033242795014
ATP5PO,42.13932100131758
ATP5S,0.3354345050980549
ATP6V0A1,2.5528346208762067
ATP6V0A2,0.6502098528075515
ATP6V0A4,0.0036988219577430187
ATP6V0B,100.70560386127646
ATP6V0C,292.63575961298574
ATP6V0D1,475.8631860235742
ATP6V0D2,0.0024886414115267907
ATP6V0E1,325.26861603150235
ATP6V1A,214.20931023380996
ATP6V1B1,0.14467718559512466
ATP6V1B2,469.95309795000856
ATP6V1C1,38.53208831476623
ATP6V1C2,3.4992591170310314
ATP6V1D,44.17609799651648
ATP6V1E1,167.34871444219348
ATP6V1E2,0.7441353085660994
ATP6V1F,31.973861160399778
ATP6V1G1,75.42264865964852
ATP6V1G2,3.3337312009266826
ATP6V1G3,0.2330917175245828
ATP6V1H,24.365365112593864
ATP7A,3.995057378335816
ATP7B,2.6686952455556963
ATP8A1,94.26201656599864
ATP8B1,15.315542643955434
ATP8B2,18.3802538807474
ATR,0.06486970076697361
AUH,6.1401174182617835
AURKA,0.009741832952615308
AURKB,0.12001579641164481
AURKC,0.9033756839871756
AWAT1,0.0633604788899994
AWAT2,0.6905945531355334
AXL,0.12177575876539855
AZIN2,0.7963414524148358
B3GALNT1,28.53887919566581
B3GALNT2,4.138201441610103
B3GALT1,0.4079866603807144
B3GALT2,1.3706359756944422
B3GALT4,4.804447354597819
B3GALT5,0.24797139200630236
B3GALT6,9.00347997401401
B3GAT1,5.88294082560502
B3GAT2,1.7934146029182056
B3GAT3,31.134971944640313
B3GLCT,0.7866139610071975
B3GNT2,10.657853941880903
B3GNT3,0.02702455070866309
B3GNT4,0.17375478831364247
B3GNT5,1.7758911345892097
B3GNT6,0.3354345050980549
B3GNT7,4.3639788046069325
B3GNT8,1.3342908593862555
B3GNT9,29.15391634209509
B3GNTL1,1.7339848279447203
B4GALNT1,0.6417879453630801
B4GALNT2,1.7673929543705864
B4GALNT3,4.156768649436671
B4GALNT4,0.24111263867260957
B4GALT1,103.18950495429227
B4GALT2,8.644862501810328
B4GALT3,35.53652089274134
B4GALT4,7.168438919877308
B4GALT5,15.27602325529275
B4GALT6,0.6025685209594941
B4GALT7,25.674006823441523
B4GAT1,2.277812689362301
BAAT,0.015738686660725146
BARD1,1.4014773899362138
BBOX1,7.20883132249301
BCAP31,1639.1803606528583
BCAT1,0.29640042372226694
BCAT2,28.99084143159457
BCHE,0.9992899805577949
BCKDHA,12.59878222614163
BCKDHB,15.545181689780433
BCKDK,30.218606615879327
BCO1,0.06461878427195712
BCR,0.7929914966247763
BDH1,25.488855436285483
BDH2,138.60116608724115
BHMT,0.17816118040513992
BHMT2,22.14626940723666
BIRC6,5.920867117016647
BLK,0.2160447683447989
BLVRA,567.1880264691924
BLVRB,944.2396419906845
BMP1,39.2637101248751
BMP2K,0.45841529295090017
BMPR1A,13.953253534107935
BMPR1B,0.3366066311283148
BMPR2,13.984265111537066
BMX,2.5169310008096852
BPGM,7.772203481740545
BPNT1,10.431457825501607
BRAF,14.685856658852867
BRAP,0.27427968645180256
BRPF1,10.797121145932032
BRSK1,2.0249806848706577
BRSK2,0.5377559573134633
BSCL2,55.24554634367165
BSG,117.37694030517844
BTD,10.577401659284712
BUB1,0.0790344186634139
BUB1B,0.023721277987391685
C1GALT1,7.1280948301011335
CA1,0.1379015895009893
CA12,2.040937173845865
CA13,57.6447400337859
CA14,0.20028437913900407
CA2,56.515482685129
CA3,2.8289412257423323
CA4,92.7523413472545
CA5A,0.006387287674330412
CA5B,1.8294221137300368
CA6,10.425839500790367
CA7,0.05251773388248856
CA8,0.3250586649450421
CA9,0.03122024234475408
CAD,71.30685214713911
CALM1,165.89852285990773
CAMK1,14.145599612103698
CAMK1D,15.102396366449986
CAMK1G,0.005527642024134375
CAMK2A,0.03766555600661855
CAMK2B,26.15141260444662
CAMK2D,314.09096009492094
CAMK2G,12.201121662779046
CAMK4,0.0793959874622738
CAMKK1,6.443216254970571
CAMKK2,22.12062063326817
CANT1,13.559145789137872
CARM1,11.310725366431502
CARNS1,25.312786094961176
CARS,20.190120350421594
CARS2,13.888892210809352
CASK,13.781157836974062
CAT,265.8140596061614
CBLC,1.2626967401831997
CBLL1,5.696488903482661
CBLL2,0.027434690025870352
CBR1,28.61109162954679
CBR3,77.65613213469813
CBR4,103.97812984138668
CBS,53.03291693132312
CBSL,0.3354345050980549
CBX1,158.3952896598462
CCNB1IP1,27.227877679391156
CD36,125.11041132203778
CD38,1.8195167423871244
CDA,36.96170772833551
CDC14A,5.144962209297755
CDC14B,12.96871815350161
CDC25A,0.6538979448334322
CDC25B,97.88273174663325
CDC25C,0.01621650803124089
CDC34,5.2731502814504045
CDC42BPA,1.8953216090106557
CDC42BPB,3.693311807022977
CDC42BPG,9.180395643663868
CDC7,1.133903630181092
CDIPT,160.05288450742609
CDK1,1.796422293100774
CDK10,104.85254606322
CDK11A,23.965836422544
CDK11B,22.24036890472687
CDK12,13.821617896456708
CDK13,23.237807118288853
CDK14,11.08418167553332
CDK15,0.03903801413187488
CDK16,60.09713521952672
CDK17,16.841129158537075
CDK18,13.674810446159022
CDK19,4.7797427057970365
CDK2,14.842750402791163
CDK20,29.653400729262795
CDK3,43.995625069227366
CDK4,9.482840887328273
CDK5,24.665292230133467
CDK6,12.329245936925757
CDK7,119.86422388774247
CDK8,5.283296081983562
CDK9,88.3065665806145
CDKL1,2.270225258271449
CDKL2,4.769868431758012
CDKL3,1.8704426368883904
CDKL4,0.012785399865537771
CDKL5,0.5685918344879698
CDKN3,0.04399003417637088
CDO1,17.521650537661763
CDS1,31.282128256549196
CDS2,12.671820174377693
CDY1,0.256335927830294
CDY1B,0.256335927830294
CDY2A,0.04923577690024244
CDY2B,0.04923577690024244
CEL,46.50366254664531
CEPT1,2.9938157642557006
CERCAM,24.821177906813496
CERK,38.7237004179227
CERS1,0.8787540206802328
CERS2,78.06206633548035
CERS3,0.09114636265885373
CERS4,70.17098054520137
CERS5,17.790555119743537
CERS6,4.523216301130388
CES1,0.24484870973978792
CES2,36.70346204157838
CES3,0.46965830213128795
CES5A,0.03703753789261324
CFTR,0.15036577411309796
CH25H,0.5764558832877283
CHAT,0.0019878555959795133
CHD9,11.217208462840905
CHDH,4.158566412999963
CHEK1,0.36034548070499994
CHEK2,2.404364787804807
CHFR,9.643761615614585
CHI3L1,0.34859323967812095
CHIA,0.05602083813642756
CHIT1,0.01548266373127879
CHKA,25.079027590457905
CHKB,218.08799356048377
CHMP4A,58.75774875088842
CHPF,126.59477771291287
CHPF2,17.326632229752153
CHPT1,20.5344939658556
CHST1,53.74423243045668
CHST10,7.303267272071456
CHST11,2.06621283775148
CHST12,18.80041128298424
CHST13,0.1279905302411138
CHST14,1.8245014623416835
CHST2,13.968757493855229
CHST3,5.441432704681747
CHST4,0.06802979799010357
CHST5,0.36996029805621583
CHST6,0.04485791668491773
CHST7,5.119894690621457
CHST8,0.474564683931348
CHST9,0.006446329613415669
CHSY1,10.613954816963478
CHSY3,1.2692128087958598
CHUK,0.958157880865541
CHURC1-FNTB,3.2507362769424972
CIDEA,0.06810481942661083
CINP,0.5483328490189203
CIT,0.2673160871598784
CKB,246.54699372656694
CKM,0.8282487726256089
CKMT1A,0.28211673512941465
CKMT1B,1.4818575347701306
CKMT2,1.1685693123497065
CLC,0.1997183778495864
CLCF1,9.045872945372775
CLK1,12.90554269110557
CLK2,117.37934343655618
CLK3,1.7055763274763294
CLK4,2.145256677275992
CLOCK,7.007354014201347
CLPS,293.37592611679463
CLTRN,0.5786685643266595
CLYBL,2.367087742547831
CMA1,0.0237601541780228
CMAHP,24.891282027589448
CMAS,28.999896046357392
CMPK1,719.6303293136183
CMPK2,1.5773052415269548
CMTR1,41.74251576792546
CNDP1,0.10265502078191129
CNDP2,129.32572918460997
CNOT4,5.232902669528942
CNP,20.677644970272567
COASY,1033.4356180548266
COL4A3BP,4.4705992441973015
COLGALT1,35.55543126772755
COLGALT2,2.1512855978439687
COMT,66.72565968441955
COMTD1,661.795251759396
COP1,0.4785008438550989
COPA,302.6303993375688
COPB1,201.40070450690217
COPB2,97.90971251893863
COPE,521.8230076349255
COPG1,213.3117792820952
COPG2,101.90776400525179
COQ2,3.3640645755081744
COQ3,6.351274954946138
COQ5,3.5194802495868305
COQ6,15.023614784406327
COQ7,0.3325542383717924
COX1,7.766401376158287
COX17,28.331484837153322
COX2,5.3369352212394165
COX3,0.33446363282071023
COX4I1,541.4588695316887
COX4I2,29.407973978233535
COX5A,163.07807030477227
COX5B,547.7050575789885
COX6A1,18.484881939045774
COX6A2,0.22081857616208422
COX6B1,59.92860117268187
COX6B2,0.05261241649831466
COX6C,77.94824584104109
COX7A1,31.816801485629775
COX7A2,51.83246986165331
COX7A2L,17.82320865245456
COX7B,35.53652089274134
COX7B2,0.010120972860591326
COX7C,230.94048198771824
COX8A,707.9859620038295
COX8C,0.10344704811302238
CP,1.116029995278032
CPA1,177.7925784289357
CPA2,30.355689788788865
CPA5,0.00540473565045482
CPA6,0.006231914611242439
CPOX,76.2960953932697
CPS1,1.270610035910418
CPT1A,0.4961232442209357
CPT1B,48.36344790262561
CPT1C,3.0129486812667663
CPT2,40.97941633562362
CRAT,12.234257205709943
CREBBP,0.3519940810106994
CRLS1,13.767492190018938
CROT,53.349367940718594
CS,3303.787811744421
CSAD,57.65525490992189
CSF1R,4.945155797784378
CSGALNACT1,75.33427055028197
CSGALNACT2,13.790683394415868
CSK,17.04306557595052
CSNK1A1,45.85538431547948
CSNK1A1L,0.08873190501156508
CSNK1D,102.95238984050793
CSNK1E,5.439760144258418
CSNK1G1,5.741377510238846
CSNK1G2,41.74251576792546
CSNK1G3,10.71644592211275
CSNK2A1,387.190527256052
CSNK2A2,261.5894525803865
CSNK2B,671.382349296444
CTBP1,59.616589544752465
CTDP1,1.9255772494171322
CTDSP1,142.65393629656603
CTDSP2,170.76709258377926
CTDSPL,16.792740663114913
CTDSPL2,2.930467962718838
CTGF,0.3354345050980549
CTH,5.3148439805480265
CTPS1,2.1585815481380672
CTPS2,10.511673613265389
CTSA,196.1427183643023
CTSB,1365.5413411598947
CTSC,8.602876851247334
CTSD,775.0614507932414
CTSE,3.042639169712873
CTSF,115.55419968463572
CTSG,0.09080059827365144
CTSH,27.63951694482132
CTSK,82.84213897040482
CTSL,5.848804792299082
CTSO,54.00245142671078
CTSS,5.632492594699472
CTSV,2.893701084300612
CTSW,1.210365947095898
CTSZ,23.71046830336099
CUBN,8.435370503008151
CWC27,10.562787904552591
CYB5D1,50.66636150311445
CYB5R1,30.877803961942465
CYB5R2,3.7917766817444916
CYB5R3,3988.8805619779464
CYBB,1.3366446156691716
CYBRD1,503.20859239073354
CYC1,405.59472179883306
CYLD,6.214226948277326
CYP11A1,0.26698168935512906
CYP11B1,0.03759941251541937
CYP11B2,0.004913379152968042
CYP17A1,3.5768515146634354
CYP19A1,0.11769421700490215
CYP1A1,0.8628494061226858
CYP1A2,1.2752698173155959
CYP1B1,10.431457825501607
CYP21A2,0.841455410425255
CYP24A1,0.3001659874067827
CYP26A1,0.03532189732764552
CYP26B1,15.370906209428798
CYP27A1,28.2864416887867
CYP27B1,2.507777931109677
CYP2A13,0.003962003442240489
CYP2A6,0.06292098850907299
CYP2A7,0.00673254678915988
CYP2B6,0.004471479966716108
CYP2C18,0.2259625918283721
CYP2C19,0.1750227487879086
CYP2C8,1.9405028281092271
CYP2C9,0.019011395754666805
CYP2D6,8.574910578097727
CYP2E1,3.870693077144951
CYP2F1,0.0032799203273471897
CYP2J2,0.07271393500499324
CYP2S1,0.24843228667032702
CYP2U1,3.7120378088012895
CYP39A1,4.427649630178325
CYP3A4,0.2470172607696213
CYP3A43,0.05334743222373044
CYP3A5,0.389780330212246
CYP3A7,0.03999596123288766
CYP46A1,1.1933340775336783
CYP4A11,0.08928786315422974
CYP4B1,3.1168527506915127
CYP4F11,3.6309144956325197
CYP4F12,2.7348573805357796
CYP4F2,0.005950441128830141
CYP4F22,0.06643354634826605
CYP4F3,0.050068826212659255
CYP4F8,0.3354345050980549
CYP4V2,24.970199346664334
CYP4X1,4.531148861520076
CYP4Z1,0.008021780698775384
CYP51A1,16.53029433299813
CYP7A1,0.03298940305499072
CYP7B1,3.3526111607519415
CYP8B1,0.27873811011360583
CYTB,10.283962318241796
DAD1,921.3729051368405
DAGLA,1.0701854556354446
DAGLB,12.991616831996687
DAO,1.8577966562707513
DAPK1,11.239412334936908
DAPK2,84.67992495851273
DAPK3,5.35245802166
DARS,4033.3662277916856
DARS2,4.237830962822796
DBH,0.38579879167946696
DBI,87.04058605107618
DBT,3.744241754740418
DCK,5.806437033701107
DCLK1,62.780508756762
DCLK2,6.947148536547957
DCT,0.423046157299107
DCTD,26.43878305469136
DCTPP1,20.854769686141886
DCXR,207.30160683590125
DDAH1,98.45701852927438
DDAH2,230.03927461920998
DDC,0.0020648774158319085
DDO,0.9944237405066733
DDOST,878.9112177812952
DDR1,70.12728132438453
DDR2,19.438557503640556
DECR1,30.841102721040087
DECR2,8.757035993674096
DEGS1,13.076561302760412
DEGS2,2.9426135066599297
DERA,43.15468607158799
DGAT1,45.95376018364804
DGAT2,4.328892534965739
DGKA,9.729832916345586
DGKB,0.011399882807070327
DGKD,21.006845857276076
DGKE,7.222306165916925
DGKG,0.8697194993765643
DGKH,2.6126484670203767
DGKI,18.511850535934656
DGKQ,9.557853265967942
DGKZ,14.685856658852867
DGUOK,27.27425238868551
DHCR24,1.860862492603086
DHCR7,8.4144815428684
DHDH,0.01748030453342655
DHFR,137.10953541368625
DHODH,4.261310728465615
DHRS2,0.024824871188064656
DHRS3,141.1312404996124
DHRS4,170.5838637254131
DHRS9,0.3354345050980549
DIO1,10.400538256108852
DIO2,81.57660661889479
DIO3,1.0522532229881016
DLAT,389.39150081956126
DLD,674.1673402854304
DLST,399.56028691569173
DMGDH,1.9604011316960333
DMPK,56.93318567330103
DNAJC6,0.4828923711863171
DNMT1,8.201833860069419
DNMT3A,6.338163448892893
DNMT3B,2.7118530213300236
DNMT3L,0.03798289307998578
DOLPP1,7.3370575647361225
DOT1L,14.59189087300201
DPAGT1,26.942296818862687
DPEP1,0.2451770167072755
DPEP2,4.074250804285988
DPEP3,0.0936280085261222
DPH5,47.18081842550933
DPM1,1154.611714993222
DPM2,88.35799208919832
DPM3,39.6361577609327
DPYD,8.602876851247334
DPYS,0.013437386661567529
DPYSL2,3500.507763082814
DPYSL3,219.56534052772045
DSTYK,6.627935604684131
DTYMK,14.723851690353047
DUOX1,395.6264415244855
DUOX2,624.7965303772316
DUPD1,0.11783200419515537
DUSP1,4913.426671103233
DUSP10,3.2743795449111657
DUSP11,9.194580435497265
DUSP12,10.044548013707338
DUSP13,0.017076971331754013
DUSP14,2.8179279672225803
DUSP15,7.526892521481546
DUSP16,10.191598075433285
DUSP18,1.3460684439228376
DUSP19,0.45575369660757187
DUSP2,23.523249055671428
DUSP21,0.08186674790155296
DUSP22,20.408360095104467
DUSP23,54.97569952761924
DUSP27,0.03256120936238915
DUSP28,3.2391050404716615
DUSP3,251.61014638352646
DUSP4,0.4131158706635306
DUSP5,56.68248542632686
DUSP6,29.081414605300324
DUSP7,6.187796995194388
DUSP8,7.181897693709129
DUSP9,0.05943554623525178
DUT,454.90149049558767
DYRK1A,26.15141260444662
DYRK1B,28.574980564702017
DYRK2,4.0480149310700195
DYRK3,1.495346187722012
DYRK4,5.214031645003985
DZIP3,16.655800912031147
EARS2,1.1734848629346877
EBP,230.92700988614328
ECH1,172.22025101143822
ECHDC2,265.6791647666098
ECHS1,161.0601324471464
ECI1,84.16857003915248
ECI2,57.02725884051263
EGFR,3.651014972177585
EHHADH,1.9808543312100377
EHMT1,0.6469832247680207
EHMT2,2.0950794874987233
EIF2AK1,59.221061342093414
EIF2AK2,39.895769633598064
EIF2AK3,11.357990236855091
EIF2AK4,0.2832147530457436
EIF4EBP3,93.68075944604134
ELOVL1,13.871788779266803
ELOVL2,0.7383198899147958
ELOVL3,0.012924027669610427
ELOVL4,0.8869451616271798
ELOVL5,2.626748981187438
ELOVL6,1.0401855107328772
ELOVL7,8.449302588113381
ELP3,2.0414101650917686
ENGASE,55.24554634367165
ENO1,535.9781058508561
ENO2,122.52176911727335
ENO3,127.61171812008139
ENOPH1,176.7172116617909
ENPP1,60.8063144193398
ENPP2,3.912054881874707
ENPP3,0.40725502952034764
ENPP6,0.02733316803428936
ENPP7,0.001601203505932541
ENTPD1,10.010680056293852
ENTPD2,0.44193867562463235
ENTPD3,3.5698882238823577
ENTPD4,28.088433055967343
ENTPD5,4.030147518290484
ENTPD6,47.32608671038869
ENTPD8,0.4493950349965767
EP300,3.7032927592871947
EPHA1,8.813237709778022
EPHA10,0.04722824260482745
EPHA2,2.840167849601098
EPHA3,10.914695832347263
EPHA4,20.702928831867137
EPHA5,1.2482937365383542
EPHA6,0.23413251608258484
EPHA7,0.021094149608395684
EPHA8,0.005520309760094772
EPHB1,4.71625319955566
EPHB2,0.17376207026053228
EPHB3,0.7545440200637895
EPHB4,1.2404533249641714
EPHB6,44.66947905132104
EPHX1,286.8761536146007
EPHX2,30.676062063459824
EPM2A,2.163274572018427
EPRS,35.177630806074326
EPX,0.05864894913315993
ERBB2,1.1282764678444417
ERBB3,5.220320376437943
ERBB4,1.101720707027329
ERN1,4.723025018006717
ERN2,0.26934714067536947
ESD,1108.7541438137168
ETFA,1691.2986670396995
ETFB,842.8631168956933
ETFDH,24.14480969911852
ETNK1,22.001009971576078
ETNK2,4.535421463299187
ETNPPL,0.4662679393807737
EXT1,22.368822844383015
EXT2,32.473922287886545
EXTL1,0.08436342807196466
EXTL2,19.272778485350926
EXTL3,4.697180103802135
EYA1,0.7620572572981498
EYA2,15.489685124342232
EYA3,2.3029845907476547
EYA4,1.340412458252001
EZH1,56.73469524961757
EZH2,0.02678120552141733
F13A1,8.178513639287898
F13B,0.952082265681838
F2,0.007412511289132379
FAAH,181.92949467250824
FAAH2,5.4160643680675635
FABP1,0.04129582787631526
FABP12,0.07361943011456162
FABP2,0.02460307852639329
FABP3,9.472108707919274
FABP4,365.73651593358153
FABP5,600.32024924433
FABP6,0.046996981528302555
FABP7,0.01300841203764147
FABP9,1.0553661478381027
FADS1,1.2538649261157513
FADS2,1.2905282418570676
FADS3,1.1654775054709048
FADS6,0.030164603564087716
FAH,7.834121572470865
FAM20B,17.196878384930113
FANCL,15.355083716275672
FAR1,53.5618469682692
FAR2,0.9569925347718224
FARS2,3.1780919808560553
FARSA,926.2766761658725
FARSB,1.9905592439373807
FAS,17.82320865245456
FASN,16.454853164466424
FASTK,106.04387934981492
FAXDC2,61.47476230347443
FBP1,19.18109744935708
FBP2,0.005705709585159455
FDFT1,34.8948447798482
FDPS,28.02549237025993
FDXR,7.945076959843272
FECH,12.195332084911657
FER,6.331609856106946
FES,20.913882511508042
FGA,0.20053604448054368
FGFR1,42.104844540844375
FGFR2,38.18528643158134
FGFR3,0.9064093332370362
FGFR4,1.0192496730919307
FGGY,2.992816923573971
FGR,3.6245109715895247
FH,582.4590625243228
FHIT,7.0743781352904795
FHL2,10.142323611248239
FIG4,10.922053225419805
FITM1,1.5335426922784854
FITM2,4.56718754464495
FKBP10,64.58813187567628
FKBP11,12.452002453677686
FKBP14,3.977904833855835
FKBP1A,637.9611951026826
FKBP1B,4.782829306127348
FKBP2,1390.7434932008441
FKBP3,707.1578174189887
FKBP4,435.7959982761651
FKBP5,12.416121944587823
FKBP6,0.19261397088624072
FKBP7,17.858193846195416
FKBP8,49.044370391019754
FKBP9,112.12857990575576
FKBP9P1,0.3354345050980549
FLAD1,8.954014381049596
FLT1,67.74363729460643
FLT3,0.015446162021869088
FLT4,54.281622952740406
FLVCR1,3.3577641700593697
FMO1,0.6892857595023751
FMO2,8.026593410027232
FMO3,0.5222837146094982
FMO4,5.473178498615217
FMO5,0.8649950660689205
FMO6P,0.3354345050980549
FN3K,17.51351552237441
FN3KRP,24.917581901089587
FNTA,43.30692144042436
FNTB,11.4470967917141
FOLR1,26.826462724298274
FOLR2,5.422404089789577
FOLR3,0.10704083046209609
FOSL1,2.2665372882283066
FPGS,2.170629771145661
FPGT,8.088669400675315
FRK,0.15152091494194672
FRMPD2,0.060886866933303446
FTCD,0.29537520847194143
FTMT,0.009549081560302484
FUCA1,84.04367237416093
FUCA2,30.731054701167718
FUK,14.662353198698666
FUT1,0.7679117974823534
FUT10,2.955426086154878
FUT11,7.235786354367828
FUT2,0.43784901733242787
FUT3,0.0048163175157909105
FUT4,0.9059758224710551
FUT5,0.00806148786652586
FUT6,0.011670828999615763
FUT7,0.14043433541698597
FUT8,0.5995818969440753
FUT9,0.07917572773881386
FYN,129.2681797722206
G0S2,5.760638375005557
G6PC,0.018535931358398983
G6PC2,0.018216384410824384
G6PC3,77.92825950081394
G6PD,558.6508607058598
GAA,54.74758721148057
GAD1,0.05616483624575187
GAD2,0.0007975301965341835
GAK,3.887824766038027
GAL3ST1,0.05110186755288468
GAL3ST2,0.03530014583536977
GAL3ST3,42.65449571474645
GAL3ST4,2.2003729983635276
GALC,17.326632229752153
GALE,2.4171739136300747
GALK1,154.04310462784827
GALK2,23.07393724112623
GALM,17.02689185627396
GALNS,14.318559268584067
GALNT1,15.942806058677823
GALNT10,0.6303886142650578
GALNT11,21.881537349296995
GALNT12,20.106315006719846
GALNT13,0.13507794190168348
GALNT14,0.2639761213310778
GALNT15,4.550687736446634
GALNT2,13.213411822748933
GALNT3,12.90007368984023
GALNT4,2.547132280629187
GALNT5,0.027456823091250988
GALNT6,0.644206092338032
GALNT7,0.3640144845568721
GALNT8,0.015191164498624328
GALNT9,13.582262008465428
GALNTL5,0.43999999999999995
GALT,100.70560386127646
GAMT,32.307079539340606
GANC,6.661037538865935
GAPDH,1050.713284008651
GAPDHS,8.042317062334442
GARS,198.2772317871508
GART,72.7249720721201
GATM,12.59592866401693
GBA,20.506687644043854
GBA2,91.71022731726086
GBA3,0.1094141830920928
GBE1,11.3600212956098
GBGT1,3.6658850105746055
GC,0.16837099797066563
GCAT,382.62518504103406
GCDH,15.457991753642126
GCH1,1.9318427349115292
GCK,0.5525427903782876
GCLC,9.652459764655752
GCLM,43.81439288216418
GCNT1,4.819283121896482
GCNT2,1.009037570825979
GCNT2P,0.3354345050980549
GCNT3,0.3814652347882102
GCNT4,0.2582523693493731
GCNT7,0.1352629347197751
GCSH,19.85534471439618
GDA,0.004491117583616781
GDE1,9.31578260511351
GDPD2,0.022725288394681402
GFPT1,329.8137740389296
GFPT2,10.22060872219603
GGCT,15.839218642910009
GGH,1.200232705410715
GGPS1,508.63634011258154
GGT1,8.539979980957972
GGT2,1.820019491028487
GGT3P,5.18261218366466
GGT5,91.36341307514832
GGT6,0.10363842073773642
GGT7,73.14496811136469
GGTLC1,1.0410783998955937
GGTLC2,0.6217123648336627
GIF,0.3354345050980549
GK,5.688381561899176
GK2,0.9456388863331135
GK3P,0.046996981528302555
GLA,10.922053225419805
GLB1,46.5437096033332
GLB1L,9.36515963952691
GLCE,0.2890986550957054
GLDC,1.460233962619081
GLIPR1,5.97987911938671
GLO1,823.9042481897217
GLRX,22.33175649722577
GLRX2,4.480540202058617
GLS,223.00456642237447
GLS2,2.8887085176538463
GLT6D1,0.06930364432416915
GLT8D1,4.436148840384093
GLT8D2,66.3262395688007
GLTP,30.49559476822218
GLUD1,1152.451603735534
GLUD2,0.057319637610069474
GLUL,23.43250408431854
GLYAT,26.66571856032572
GLYCTK,4.488470002896329
GM2A,11.224608716646506
GMDS,45.92739588175859
GMPPA,36.70381764059902
GMPPB,66.19904310331762
GMPR,8.233906988345408
GMPR2,105.37526208998626
GMPS,88.35732292255484
GNE,6.2957443286084365
GNMT,4.014676030379327
GNPAT,33.96511292051478
GNPDA1,25.189692130401344
GNPDA2,4.883063361659426
GNPNAT1,15.998060476016326
GNPTAB,7.676767021049091
GNS,32.64640279398615
GOT1,2309.7323658717664
GOT2,1831.5269575628313
GPAA1,132.19397647843198
GPAM,0.3194898773830171
GPAT2,0.9833829282999821
GPAT3,0.6582069289240687
GPAT4,1.352005973421296
GPCPD1,54.861618172772694
GPD1,0.6563257034757354
GPD2,171.76631581925537
GPHN,10.401077187262471
GPI,1464.2789920904436
GPIHBP1,2.227628385971726
GPLD1,1.5963498755339731
GPT,4.806301293772948
GPT2,7.168438919877308
GPX1,75.26547410889665
GPX2,0.2036559442529098
GPX3,12686.334236748156
GPX4,156.81922098205138
GPX5,0.793289329058847
GPX6,2.01032323162201
GPX7,14.435566849343044
GPX8,18.363818339829596
GRHL1,1.7012085292610377
GRHPR,31.31894036042404
GRK1,7.141537482264875
GRK2,4.014622265826703
GRK3,1.2623639556998993
GRK7,0.004337317772300449
GSR,165.42593484385418
GSS,339.590274499165
GSTA1,0.14541141371712402
GSTA2,0.35817497021330535
GSTA3,3.8201241689736465
GSTA4,40.56227899566763
GSTA5,0.58469847618054
GSTK1,157.67851547167894
GSTM1,53.26979821081593
GSTM2,187.29709983572658
GSTM3,541.1740623699975
GSTM4,21.898596399002635
GSTM5,71.53342816358747
GSTO1,1297.173005729398
GSTO2,5.870041210071311
GSTP1,12279.07785947241
GSTT1,140.49781080384852
GSTT2,2.9866712803054583
GSTZ1,17.62049551450845
GTF2F1,12.246029304219038
GTF3C4,1.121420804897814
GUCA1A,0.0803580412103317
GUCY1A1,2.9663227089166733
GUCY1A2,0.8286740991804816
GUCY1B1,1.0453859436592674
GUCY1B2,0.01313873268872271
GUCY2C,0.10028674140781743
GUCY2D,0.2465569256804047
GUCY2F,0.13808747592085474
GUK1,139.41825125203962
GUSB,12.126000647365691
GYG1,15.362994529949916
GYG2,1.2524716345290154
GYS1,55.41076615164337
GYS2,0.06698134869329711
H6PD,30.062574078941214
HAAO,14.51368413197982
HACD1,0.6699772991826155
HACD2,3.095013644366691
HACD3,4.330319334841662
HACD4,0.5979568033382378
HACE1,5.902301522898209
HACL1,24.803658444936854
HADH,1054.8464649296484
HADHA,1071.9841621035653
HADHB,70.13820558719425
HAGH,35.90526266463829
HAGHL,1.3023677244762073
HAL,0.11405417894618815
HAO1,0.19763453007540133
HAO2,0.04255918074972242
HARS,130.93390046909875
HARS2,54.56374708967992
HAS1,0.04026417297702156
HAS2,0.6161156160016447
HAS3,3.5258545209547005
HAT1,58.10523297814342
HCCS,6.397210501576508
HCK,1.0330482671123753
HCST,6.025231869486982
HDAC3,1.8592530354695487
HDC,0.02649138692208313
HDLBP,107.2666170221259
HECTD1,9.034769813702384
HECTD2,4.764316060513778
HECTD3,4.601510168872792
HECW1,0.11113203154195657
HECW2,3.7495171137814807
HELZ2,4.711944936012441
HEPH,5.057340052441429
HERC1,1.0346114581832435
HERC2,0.25837833204686694
HERC3,10.775106063659416
HERC4,10.961786226745998
HEXA,102.47850778096289
HEXB,4.6185197887486815
HEXDC,0.3354345050980549
HGD,37.88792671290717
HIBADH,57.88588570590078
HIBCH,15.799415583059542
HIF1AN,6.847052306685048
HIGD2A,15.722531553587087
HIPK1,30.118162850555745
HIPK2,8.477181405495706
HIPK3,52.95057607291764
HIRIP3,0.3676356045670745
HK1,491.53630031674953
HK2,39.425921212027134
HK3,0.7188680328030277
HKDC1,10.988317119222934
HLCS,6.14218615010387
HLTF,0.2097312242780163
HMBS,67.61211586005804
HMGCL,218.8818710087043
HMGCLL1,0.23611773134958394
HMGCR,11.032540307161408
HMGCS1,21.932722971228362
HMGCS2,0.039282600053052535
HMOX1,26.641717875385744
HMOX2,83.3994311258238
HNMT,7.16171154563046
HPD,0.280426341240364
HPGD,0.11966424144019283
HPGDS,0.42525967294349054
HPRT1,380.8574086402703
HS2ST1,8.661839137228984
HS3ST1,1.0179164212551168
HS3ST2,0.9706085234710963
HS3ST3A1,0.183701876786625
HS3ST3B1,0.5772435487963957
HS3ST4,0.027766478356710395
HS3ST5,0.1129112329130435
HS3ST6,0.0058879390022877395
HS6ST1,12.315976599532712
HS6ST2,0.09612371387335311
HS6ST3,0.2009136683637419
HSD11B1,6.847052306685048
HSD11B1L,7.330296854991699
HSD11B2,52.981450708231144
HSD17B1,1.1937937230077067
HSD17B10,134.82442014340316
HSD17B11,113.67597770170082
HSD17B12,366.14051165774526
HSD17B14,72.00056010164258
HSD17B2,1.9024599930670496
HSD17B3,12.945828064487799
HSD17B4,216.4210070201297
HSD17B6,4.239636119358296
HSD17B7,3.6131663542953807
HSD17B7P2,9.938506273227851
HSD17B8,9.158942203908905
HSD3B1,0.8561440324619417
HSD3B2,0.00272363251425465
HSD3B7,11.51402364341537
HSPG2,0.5970378916396526
HTATIP2,54.373780541184935
HUNK,0.32959762938734416
HUWE1,5.392779823215586
HYAL3,1.0379540005089756
HYALP1,0.3354345050980549
HYI,43.82750244597368
HYKK,1.4276872417729944
IARS,836.723629648252
IARS2,40.40675503967844
ICK,6.60809128447362
ICMT,24.803658444936854
IDH1,19.131350886640625
IDH2,19.85534471439618
IDH3A,232.55852015481597
IDH3B,399.1359938795843
IDH3G,130.961480507861
IDI1,18.924369754384553
IDI2,2.1272734354694633
IDO1,3.655386378883397
IDO2,0.8735890070783261
IDS,52.76540864090235
IDUA,33.40425095014779
IGF1R,28.223406884647463
IKBKB,49.19270765368294
IKBKE,10.206101208174793
IL4I1,0.0901629990320256
ILK,51.73243629523061
ILKAP,41.01574272861185
IMPA1,637.6806915021566
IMPA2,50.89995233150445
IMPDH1,19.31795143130917
IMPDH2,171.823675646097
INMT,20.03095360838922
INPP1,577.8244124866156
INPP4A,6.116155057741501
INPP4B,1.3253546378566194
INPP5A,14.615370298381364
INPP5B,9.01760626135648
INPP5D,5.638885304927208
INPP5E,42.01029556435669
INPP5F,0.5703682849142165
INPP5J,500.0554840130293
INPPL1,20.20425677121561
INSL3,0.051502193818387804
INSR,19.11477480272427
INSRR,0.1011292630276544
IP6K1,18.248857159447322
IP6K2,88.09417470328917
IP6K3,13.42062458178592
IPMK,2.5093926636193364
IRAK1,19.247468868604685
IRAK2,2.352211678578996
IRAK3,3.6921595395853473
IRAK4,16.736324851231466
IREB2,13.620807623762886
ISYNA1,73.60574302926337
ITK,1.6277073590558626
ITPA,653.9496664114528
ITPK1,13.651660818993733
ITPKA,0.11783470223841741
ITPKB,10.5408753277651
ITPKC,23.931060420068373
IVD,1788.4246965292464
JAK1,58.22169746413525
JAK2,6.1356761747342405
JAK3,2.318284344102786
JMJD7-PLA2G4B,0.19276672646590834
KALRN,2.0832723781704767
KANSL3,47.8492055889924
KARS,414.1620594130386
KAT2A,216.14344047201035
KAT2B,21.838902091375797
KAT5,42.242115210155745
KAT6A,14.913467964537789
KAT6B,9.109541613066511
KAT7,32.38119757345408
KAT8,63.74616305638842
KCNJ11,0.9077101298958379
KCNJ8,24.593630306551024
KDR,65.84082205079913
KDSR,16.222405713349623
KHK,1.5253059260007735
KIT,44.03520320348128
KL,0.6009789644760677
KMO,0.0719792703273764
KMT2A,15.062994629456208
KMT2B,0.3354345050980549
KMT2C,13.713411668793043
KMT2D,20.00584651545253
KMT2E,33.61901337251277
KMT5A,0.08744585611927874
KMT5B,0.052531638327043204
KMT5C,0.3350355754164824
KPNA6,67.4011446482533
KYAT1,0.41426786262502635
KYAT3,10.315561941178165
KYNU,0.7767114098995115
L1CAM,1.1148420418939695
L2HGDH,2.007510698365028
LALBA,0.006044456250499819
LAP3,577.9408322858893
LARS,544.3272561759685
LARS2,4.647421670506405
LATS1,0.774530402591264
LATS2,23.965836422544
LBR,53.72612483539858
LCAT,117.13564011419972
LCK,2.8504932087084587
LCLAT1,3.04376077579244
LCT,0.001788271304694168
LDHA,3523.1641631867556
LDHAL6A,0.26531103644895315
LDHAL6B,0.032347559473156276
LDHB,418.80449344884596
LDHC,0.0075423163078996895
LDHD,18.709618606621785
LDLR,0.20071376820975065
LGALS13,0.16621830202908744
LGMN,149.03552977307447
LGSN,0.002147312288791596
LHPP,154.4296035169261
LIAS,1.3243642989111166
LIMK1,9.010542529355094
LIMK2,49.01041859623492
LIPA,14.92919267298318
LIPC,0.4367350603029986
LIPE,1.776391297195501
LIPF,0.23367739610213964
LIPG,441.12782887597893
LIPT1,5.232902669528942
LIPT2,0.9763305905283829
LMTK2,9.152040033263951
LMTK3,6.4892919264685585
LOC102724197,0.3354345050980549
LOC286297,0.3354345050980549
LOC344967,0.3354345050980549
LOX,8.4144815428684
LOXL2,6.246544622061508
LPCAT1,1.783681339545746
LPCAT2,69.36348348689465
LPCAT3,37.21829418792064
LPCAT4,1.5709386793023647
LPIN1,25.85944241774824
LPIN2,17.132079305744092
LPIN3,78.39749316465502
LPL,12.26316357119702
LPO,0.01647504698532869
LRAT,1.3371154726985963
LRP1,6.859084423899
LRP2,23.974532099716015
LRRK1,0.2015243767915852
LRRK2,3.236263864814005
LRSAM1,21.838902091375797
LRTOMT,5.352754046209928
LSS,72.33567196546421
LTA4H,678.1540877084065
LTC4S,1.1193264282750504
LTK,0.9697288403764011
LYN,16.736324851231466
LYPLA1,80.76431347142217
LYPLA2,101.80384547062978
LYZL1,1.4145390562382973
MACROD1,12.008738355197938
MACROD2,0.31186832884001053
MAGEA2B,0.1626710879648594
MAK,0.5393084435855574
MAN1A1,3.3067250136628803
MAN1A2,4.062468827721104
MAN1B1,2.9571069526082474
MAN1C1,22.03517037953958
MAN2A1,2.9995660461207065
MAN2A2,38.214089374174506
MAN2B1,28.313465750095784
MAN2C1,315.9134494249288
MANBA,23.540572338827438
MANSC1,16.3666007348914
MAOA,1430.00176060752
MAOB,9.823259748412648
MAP2K1,286.1319609381253
MAP2K2,263.3214977713774
MAP2K3,10.408595525203676
MAP2K4,40.54644506791287
MAP2K5,8.192354524234313
MAP2K6,1.6106267232367255
MAP2K7,3.9977172433071084
MAP3K1,37.170560589473475
MAP3K10,9.572159972651908
MAP3K11,38.281314182093254
MAP3K12,27.442482226642444
MAP3K13,4.895468499908127
MAP3K14,6.012266512106286
MAP3K15,0.020530394728908233
MAP3K2,20.551324285220012
MAP3K20,0.20179825659102824
MAP3K21,0.03839897316107535
MAP3K3,21.66002732802861
MAP3K4,16.430774319431414
MAP3K5,13.5206373663173
MAP3K6,29.553359732781217
MAP3K7,0.7947424387402467
MAP3K8,11.94730378648498
MAP3K9,2.8709720281665705
MAP4K1,1.7459363355826656
MAP4K2,20.48402059990749
MAP4K3,23.11693477225004
MAP4K5,50.61886183379575
MAPK1,325.72787750023866
MAPK10,5.349114731597595
MAPK11,13.636232366899389
MAPK12,2.8455165899872883
MAPK13,17.953949838668635
MAPK14,78.75047967738307
MAPK15,108.79473624886917
MAPK3,147.03889835051663
MAPK4,5.7927702390260185
MAPK6,18.232446668208514
MAPK7,14.960652649917874
MAPK8,19.580054182960257
MAPK9,8.22251728668217
MAPKAPK2,2.93314315696155
MAPKAPK3,43.847274475887055
MAPKAPK5,30.547827393277235
MARCH1,2.391037353225087
MARCH10,0.012503868676019766
MARCH11,0.014665848983428932
MARCH2,46.02367048516363
MARCH3,0.9246564304669849
MARCH4,0.011994969597395674
MARCH5,18.19161228661489
MARCH6,68.13426338317463
MARCH7,56.26517515266515
MARCH8,13.945502926689716
MARCH9,16.99455421189081
MARK1,4.819901489759841
MARK2,38.14663602694998
MARK3,57.07953596894975
MARK4,12.649042550684579
MARS,156.22576019097954
MARS2,0.5525427903782876
MAST1,0.08830881394837588
MAST2,13.52833718852238
MAST3,5.397054667470022
MAST4,6.364392215941657
MASTL,0.16410708662888357
MAT1A,0.08625242995334897
MAT2A,1267.457995341422
MAT2B,251.0995912412225
MATK,0.9499809669955515
MBOAT1,35.7257207613608
MBOAT2,9.837649928164543
MCAT,18.29283635819545
MCCC1,20.081187858836323
MCCC2,39.717107221333535
MCEE,7.649470458128146
MDH1,2624.1267764481336
MDH1B,20.542908759236266
MDH2,2908.090590672834
MDM2,0.01940992868407571
MDP1,169.01027753439158
ME1,285.49847919180115
ME2,27.070233196705054
ME3,20.59341289815041
MECR,8.651864331104541
MED1,0.4224544090260852
MELK,0.011984619623300828
MERTK,13.006887385293087
MET,3.6121614400043502
METTL1,23.63075885637778
METTL3,146.60353989620666
MGAM,0.04920362112827861
MGAT1,94.14570403607883
MGAT2,0.5246471253347625
MGAT3,0.4882077779874452
MGAT4A,5.479532363310417
MGAT4B,48.13139008717582
MGAT4C,2.759001369057178
MGAT4D,0.02696149145334556
MGAT5,8.178513639287898
MGAT5B,0.19354619822930288
MGLL,11.752654290958604
MGMT,11.901294956943866
MGRN1,36.18066901044272
MGST1,337.20455869908216
MGST2,42.187224941838025
MGST3,44.6397043605933
MIA3,12.915321322307868
MIB1,14.318559268584067
MIB2,60.72154342991827
MID1,4.799504260127299
MIF,53.39105885441494
MINK1,0.6018456671252363
MINPP1,9.629432218720238
MIOX,7.710916748955134
MIP,0.013990671863338876
MKNK1,25.903635510383253
MKNK2,166.68598382667605
MKRN1,40.193117210445315
MKRN2,28.791792144997423
MKRN3,0.0015004536255331105
MLKL,24.674168237822897
MLYCD,10.5408753277651
MMAA,1.341354770950971
MOCS1,18.043952008107997
MOCS2,21.023757692650484
MOGAT1,0.007539182854171799
MOGAT2,0.010588554940905834
MOGAT3,0.0029091673767623533
MOGS,253.44188362858597
MOK,15.910917726705511
MOS,0.09191795284698573
MOXD1,1.5685318305611795
MPC1,75.05708818668306
MPC2,18.61067874130972
MPI,13.582262008465428
MPO,0.23849815030115676
MPST,1927.142529856496
MRPL58,13.330417578133794
MSMO1,8.890639549065865
MSRA,3.9244816132996627
MST1R,2.4599750573303774
MT1A,10.738435499045922
MT2A,512.3596591234686
MT3,0.1065179814902832
MT4,0.3354345050980549
MTAP,289.82108484936606
MTFMT,5.0386055898755595
MTHFD1,125.41364001316319
MTHFD1L,4.318620049408775
MTHFD2,4.565058602486747
MTHFD2L,3.744241754740418
MTHFD2P1,0.005442715286182637
MTHFR,11.098945759239411
MTHFS,13.382200199213475
MTMR1,3.214806341193656
MTMR14,23.566562343844698
MTMR2,0.95472917170338
MTMR3,1.0004353576311644
MTMR6,6.588630355283216
MTMR7,0.6213122406218085
MTMR8,0.5997873830750814
MTPAP,5.308531208640585
MTR,1.9329698628479661
MTRR,11.51402364341537
MTTP,0.01568374954823458
MUL1,21.898596399002635
MUSK,0.030733690341731373
MUT,0.3354345050980549
MVD,103.14606422849278
MVK,19.02366097881449
MYBBP1A,91.85606725622081
MYCBP2,0.19136902749597884
MYLIP,85.83002171875692
MYLK,0.41495721811757974
MYLK2,0.06772988813824493
MYLK3,0.014720009287054085
MYLK4,0.665243795753626
MYO3A,0.1446184814879324
MYO3B,0.3215762870358544
MYO5B,11.595935516451268
NAA10,40.387323477090945
NAAA,39.61169596307453
NADK,21.209978439771287
NADSYN1,22.548921937285485
NAGA,16.350565682756084
NAGK,32.6595405314073
NAGLU,41.64470345865757
NAGPA,8.757035993674096
NAGS,9.981797226511596
NAMPT,183.55725058013556
NANP,0.9512948009106603
NANS,118.86331251854679
NAPRT,25.164291606310147
NAPSA,1.859324455769533
NARS,2866.993219742174
NARS2,7.404737377792228
NAT1,1.6973351255150366
NAT2,0.07672456450553738
NCOA1,14.623198555870504
NCOA2,0.5506845374182575
NCOA3,4.17534994714597
NCOA6,13.667092977635313
NCOR1,0.12648499864650808
NCOR2,1.6465448090778312
ND1,0.7496282848946749
ND2,6.647572110665278
ND3,3.518721426725826
ND4,15.91921099634504
ND4L,0.3354345050980549
ND5,3.9860139175064595
ND6,2.1511623729121254
NDST1,27.067159693288893
NDST2,26.23116154494517
NDST3,0.0702880380906131
NDST4,0.024005586560330774
NDUFA1,482.0486141335176
NDUFA10,60.88650640091926
NDUFA11,94.87052498902484
NDUFA12,9.544817885497727
NDUFA13,727.3821918508986
NDUFA2,11.333692820137735
NDUFA3,7.9082035160134465
NDUFA4,28.686689225978135
NDUFA5,34.45658978245471
NDUFA6,34.61914292665789
NDUFA7,4.219468575730129
NDUFA8,57.74074230364146
NDUFA9,29.523869026842227
NDUFAB1,87.81467489686939
NDUFB1,94.49473313293969
NDUFB10,128.15555279179955
NDUFB2,74.92411783458408
NDUFB3,99.03938073283403
NDUFB4,97.06262086298169
NDUFB5,94.77563601288288
NDUFB6,21.80503602855552
NDUFB7,252.08249896739468
NDUFB8,73.3547141375272
NDUFB9,18.104417285189612
NDUFC1,65.88393957131234
NDUFC2,60.27955404734972
NDUFS1,27.337881620335327
NDUFS2,41.52448358082821
NDUFS3,176.7543421041402
NDUFS4,95.66014051177724
NDUFS5,688.5106815986773
NDUFS6,11.923823766895827
NDUFS7,14.549018490185599
NDUFS8,72.17762111017018
NDUFV1,118.2228716123524
NDUFV2,69.91183306504709
NDUFV3,9.938506273227851
NEDD4,3.298375012050076
NEDD4L,3.0894360109223213
NEK1,5.88294082560502
NEK11,14.318559268584067
NEK2,1.721553930860511
NEK3,6.780493563581027
NEK4,13.5206373663173
NEK5,0.4153182634705771
NEK6,0.415902426977791
NEK7,40.895727451982516
NEK8,15.268121982433803
NEK9,3.6952610465630005
NEU1,81.5540455120492
NEU2,0.07868648115252536
NEU3,2.0827549847280986
NEU4,0.17107360028928068
NEURL1,0.14715923590013888
NEURL1B,5.863593659949024
NGLY1,15.220732601106745
NHLRC1,0.48403034524518723
NIT2,1118.4142416288494
NKTR,191.47964735278705
NLK,14.498053509914508
NLN,26.834030053032667
NME1,1881.9842177152334
NME2,281.45765578880633
NME3,149.54860878768588
NME4,80.67373825583181
NME6,0.44266702705788885
NME7,1.6589550324182065
NMNAT1,4.0087288278206765
NMNAT2,8.324090202285124
NMNAT3,7.49291795822936
NMRK1,21.847427729029814
NMT1,66.98996417613694
NMT2,3.1342015855143446
NNMT,70.03990024403953
NNT,19.838637214497762
NOL9,5.722130367946778
NOS1,0.009461856781636873
NOS2,0.06220865823463824
NOS2P1,0.3354345050980549
NOS2P2,0.3354345050980549
NOS3,3.2880559511218435
NOX1,0.029158521317998818
NOX3,0.09198887034239282
NOX4,0.9895625560391227
NOX5,0.26464340000973374
NPAS2,6.568440636501625
NPC1,5.195175124551749
NPC1L1,0.030332986038554777
NPR1,15.990663978519345
NPR2,13.313095387749296
NQO1,112.77236672209395
NQO2,125.51190827893299
NR1D1,7.895879159432113
NRF1,2.295405638151839
NSD1,13.806148804114429
NSD2,0.8117852405670956
NSD3,0.8238692165195934
NSDHL,751.038898115221
NSF,70.07688356129867
NT5C,243.2663047657819
NT5C1A,0.058725969276404735
NT5C1B,0.16570779571551733
NT5C1B-RDH14,0.037698419756150243
NT5C2,202.4690483012096
NT5C3A,16.01460436405613
NT5DC3,3.6026227635707153
NT5E,27.818898881526295
NT5M,1.661165908473879
NTAN1,2.4239737945265087
NTRK1,0.1521140225368955
NTRK2,157.1596238432148
NTRK3,0.5145837940973533
NUAK2,57.94881895387576
NUDT10,0.230788545757615
NUDT11,0.6490481739502709
NUDT12,11.187617825730182
NUDT2,8.033485720378911
NUDT3,22.808249808612484
NUDT4,25.101846035639802
NUDT5,150.69358325200773
NUDT9,20.638724905536417
OARD1,11.402525015852634
OAT,368.1127005499961
OBSL1,7.296266370615976
OCRL,28.80083351331044
ODC1,6.694049257255602
OGA,13.207835039605774
OGDH,600.878531751059
OGT,323.32458007070096
OLAH,0.01561056364892909
OPLAH,6.5618371295921705
OTC,2.3305572451444374
OTUD5,77.6264690877067
OXCT1,232.2441774292377
OXCT2,0.2447502358843474
OXSM,8.379691094793731
OXSR1,22.00954901753759
P4HA1,27.845827425818992
P4HA2,22.248212443026766
P4HA3,4.021815145555353
P4HB,355.06288944681614
PADI1,0.007879181251711526
PADI2,0.1457347241008509
PADI3,1.4480638550391858
PADI4,0.037357098059255016
PADI6,0.3354345050980549
PAFAH1B2,761.5337497035638
PAFAH1B3,146.23638942725833
PAFAH2,11.217208462840905
PAH,0.1416605345264199
PAICS,133.57148408176405
PAK1,63.49417423523557
PAK2,119.09685423655098
PAK3,5.730466580771382
PAK4,0.5591120026216555
PAK5,0.1843105272396382
PAK6,4.93893905808655
PAM,0.8934646082567363
PAN2,152.24839867505597
PANK1,5.195175124551749
PANK2,5.999307094062127
PANK3,15.386732164775639
PANK4,12.93819994509821
PAOX,2.4312526526832845
PAPOLA,6.7540620822557225
PAPOLB,0.006670815630954296
PAPOLG,8.904728046739178
PAPSS1,54.48533199912622
PAPSS2,36.13322153752148
PARP1,37.76961892656205
PARP10,4.488684041616678
PARP11,4.569633039545021
PARP12,2.9638670862287415
PARP14,22.069342045959324
PARP15,0.9504188687545447
PARP16,7.957739574468285
PARP2,27.43938448176823
PARP3,63.538816556956505
PARP4,3.950828005085873
PARP6,127.46237217596834
PARP8,24.078932472492234
PARP9,8.862476787144928
PARS2,1.2836665445962816
PASK,10.753100536518495
PBK,0.23293505286554225
PC,39.16832383920049
PCBD1,63.96033587803048
PCBD2,7.542904042529283
PCCA,11.424806284366595
PCCB,2.5609833756808067
PCK1,0.22955743575265705
PCK2,17.00263739805783
PCMT1,506.3439327755986
PCYOX1,111.35640527937817
PCYT1A,16.322919527217095
PCYT1B,0.008823699435359378
PCYT2,12.217933694387135
PDE10A,2.9693662036047126
PDE11A,0.3890557683131555
PDE1A,8.456270462430059
PDE1B,5.220320376437943
PDE1C,0.642190835611914
PDE2A,21.16762491052241
PDE3A,3.596015415621308
PDE3B,0.11949511023695437
PDE4A,9.251366084084783
PDE4B,8.296319293409942
PDE4C,0.2686545669889663
PDE4D,4.196957986705227
PDE5A,21.804806615171962
PDE6A,0.0051693782250506635
PDE6B,6.913748839082895
PDE6C,0.357819109018643
PDE6H,1.0083333333333333
PDE7A,45.10665832296462
PDE7B,5.466826201158819
PDE8A,21.235399189832062
PDE8B,179.39156524590507
PDE9A,7.472548914350387
PDF,3.751275917490645
PDGFRA,10.104671487029384
PDGFRB,87.07489966415842
PDHA1,341.0250715418742
PDHA2,8.963593332760542
PDHB,61.29423454471376
PDHX,14.639811695696913
PDIA2,1.394347210107589
PDIA3,5450.318247536144
PDIA4,1752.8341248838647
PDIA5,79.15137022772272
PDIA6,555.7101446095829
PDK1,0.334845353674809
PDK2,38.252500475415594
PDK3,2.7520799791115085
PDK4,340.9370040295112
PDP1,11.9623049193742
PDP2,2.2255292885826083
PDPK1,1.4298057254243044
PDPR,6.3185069953015764
PDXK,28.09742703140376
PDXP,2.4530475427290317
PDZD4,5.779912935848333
PEAK1,12.452002453677686
PECR,178.95216719239966
PEMT,34.03067584379431
PEPD,49.43395430607656
PEX11A,5.786340828489638
PFAS,127.89443077998443
PFKFB1,0.26087799028767444
PFKFB2,85.4880647564371
PFKFB3,18.372035719693503
PFKFB4,1.293945080911795
PFKL,154.31224221093825
PFKM,34.321348336718124
PFKP,747.9962734761008
PGAM1,21.830377161004176
PGAM2,92.14558842160893
PGAM5,18.290785418684344
PGAP1,2.6425449068783116
PGD,2067.3716033720752
PGGHG,0.02991860446325157
PGK1,98.11731815101695
PGK2,0.00992291459199866
PGLS,1553.4323866139468
PGLYRP1,0.17025274382042857
PGLYRP2,0.00740626774359096
PGLYRP3,0.01572942767765221
PGLYRP4,0.2601296063498426
PGM1,215.10766255582823
PGM2,172.7006726781416
PGM2L1,2.937046512830832
PGM3,89.13007263416768
PGP,159.06970175280034
PGS1,32.38119757345408
PHEX,2.1419128131520044
PHGDH,417.54500454099997
PHKA1,0.8792405326201961
PHKA2,22.25748700919247
PHKB,23.004816291643913
PHKG1,1.9957110437326748
PHKG2,20.198504957358505
PHLPP1,3.3274429209766563
PHLPP2,8.48415415796528
PHOSPHO1,0.16706853312145303
PHPT1,108.79473624886917
PHYH,54.695771631683094
PHYKPL,52.16969813977239
PI4K2A,1.1027062956533336
PI4KA,3.0731043795387922
PI4KB,3.8893165127425755
PIGA,7.235786354367828
PIGB,7.875281848895096
PIGC,5.5941687421423065
PIGF,4.796415375350353
PIGG,17.391586771425317
PIGH,37.16101543232878
PIGK,9.607946618842519
PIGL,10.387758886918263
PIGM,3.4042167306196425
PIGN,5.863593659949024
PIGO,34.76304421877922
PIGP,2.057952293026231
PIGQ,41.49807651471804
PIGS,20.965266166752407
PIGT,18.459226493251556
PIGU,1.6854809604111498
PIGV,10.18434815316203
PIGW,2.7299244000247525
PIGX,1.1496382758189692
PIGY,0.3354345050980549
PIGZ,5.37173052375354
PIK3C2A,3.0578347426694013
PIK3C2B,10.198849093920256
PIK3C2G,0.07913768823846601
PIK3C3,0.11757992483991077
PIK3CA,6.753908820831479
PIK3CB,0.9170917519800431
PIK3CD,11.039914506616729
PIK3CG,0.21783634903865842
PIK3R1,3.822115645035807
PIK3R2,17.962127900221667
PIK3R3,11.924809591653458
PIK3R4,38.898621958574836
PIK3R5,0.9697288403764011
PIKFYVE,10.97358445056714
PIM1,55.54686010580664
PIM2,2.708022980836915
PIM3,121.04773161981666
PIN1,478.17791233047967
PIN4,9.772929413487729
PINK1,43.995625069227366
PIP4K2A,11.476831821814917
PIP4K2B,13.76833577797652
PIP4K2C,25.939001526264235
PIP5K1A,1.0483184908590297
PIP5K1B,0.013475468681837539
PIP5K1C,22.557505734039133
PIP5KL1,2.2454876665557784
PIPOX,0.05674161257000994
PISD,3.5178061454846214
PJA1,32.780312809091214
PJA2,85.05533631688323
PKLR,11.218886523856392
PKM,342.0075018628708
PKMYT1,0.19990700711881343
PKN1,67.84124905559112
PKN2,11.1948535656653
PKN3,5.460475471987998
PLA2G10,0.01684588720703738
PLA2G12A,1.6025195159691157
PLA2G12B,1.1304561412675453
PLA2G15,13.336121875079167
PLA2G16,27.693305624395283
PLA2G1B,93.33237241936487
PLA2G2A,34.51855345143472
PLA2G2C,0.004238656477425563
PLA2G2D,0.02500478423298345
PLA2G2E,0.01088072197268495
PLA2G2F,0.005407655153087045
PLA2G3,0.1352629347197751
PLA2G4A,15.872041897279006
PLA2G4B,135.57799256251792
PLA2G4C,6.025231869486982
PLA2G4D,0.0038150153668727953
PLA2G4E,0.007475008136850374
PLA2G4F,21.015301413418747
PLA2G5,2.4696272639535506
PLA2G6,70.93665141112803
PLA2G7,23.861540634082935
PLB1,5.824940026275079
PLCB1,1.5069285162258301
PLCB2,5.587786844282723
PLCB3,2.4064386270393516
PLCB4,16.030568848341705
PLCD1,17.140176346710085
PLCD3,4.580222274175065
PLCD4,2.765593910337772
PLCE1,5.460475471987998
PLCG1,8.64412889830816
PLCG2,4.832272386103611
PLCH1,9.557853265967942
PLCH2,4.768017488639156
PLCL1,2.046605543563625
PLCL2,4.208369898644513
PLCXD2,0.39231854992105925
PLCZ1,0.00824148162945262
PLD1,2.581741423795954
PLD2,25.18090458677426
PLD3,25.718508972024445
PLD4,0.1591495440770187
PLD6,4.9265105676234455
PLG,0.023840162901443817
PLIN1,1.6404832420760203
PLIN2,7.081087996985543
PLIN3,23.505928483337964
PLIN4,1.7909090129799279
PLK1,0.5176123730013632
PLK2,37.11329746356071
PLK3,20.425168397445855
PLK4,0.49201204927075953
PLOD1,15.91477900775719
PLOD2,60.252716393239346
PLOD3,22.06770363593435
PLPBP,1.3790311261442316
PLPP1,5.389883230682263
PLPP2,2.123055391477898
PLPP3,4.2032094621878
PLPP4,0.019762828557283812
PLPP5,0.0656688155578048
PLPP6,0.050042688733332445
PLPP7,1.1305815492037874
PLPPR2,0.3307009692228308
PLPPR3,0.9307949846236876
PLPPR4,0.11900942508124815
PLPPR5,0.012456429933028047
PLTP,39.72783605156088
PLXNB3,0.6061482810926306
PMM1,7.4505905345783825
PMM2,43.92803555646144
PMPCA,36.72598165689044
PMVK,383.0274657333362
PNCK,0.044560604236898324
PNKP,66.25069596413569
PNLIP,70.76148532553303
PNLIPRP1,5.844260051582953
PNLIPRP2,16.126426656988883
PNLIPRP3,0.026246075645435924
PNMT,0.40433130124262173
PNP,341.13908329120903
PNPLA2,206.61415916800206
PNPLA3,0.022665884833310567
PNPLA4,13.205750456711439
PNPLA6,1.2046142513028872
PNPLA7,20.559740543634287
PNPLA8,11.106329366929998
PNPO,14.599716456672533
PNPT1,5.598605168071144
POLA1,2.697027098339031
POLA2,2.6723986156127966
POLB,10.378434568918985
POLD1,1.4532345147193515
POLD2,6.853589415041403
POLD3,0.7317046003404974
POLD4,46.55372251206718
POLE,0.0659006298168264
POLE2,0.6013762699305334
POLE3,28.28255857455092
POLE4,7.969754757309448
POLG,24.349078519439885
POLG2,13.152147358101486
POLH,7.168438919877308
POLI,34.95136316134173
POLK,10.628583579444044
POLL,25.56817115415646
POLM,45.28576475795959
POLN,0.5623171811704754
POLQ,0.020375449607997056
POLR1A,0.9045140417236366
POLR1B,0.6467483147551877
POLR1C,21.256395453499294
POLR1D,26.09827533358725
POLR1E,16.907004970919107
POLR2A,6.956349488148949
POLR2B,16.348010384762546
POLR2C,98.53541967866144
POLR2D,8.426435835071405
POLR2E,103.92843569926684
POLR2F,6.292318596830367
POLR2G,19.48368740066778
POLR2H,296.4446029043246
POLR2I,33.43632634964842
POLR2J,21.915715783987697
POLR2K,35.34753486119431
POLR2L,230.2540329354502
POLR3A,0.43869522780125103
POLR3B,1.608446883360134
POLR3C,0.7108777792067366
POLR3D,7.7587803994479945
POLR3E,33.30164201017829
POLR3F,9.415037084298392
POLR3G,0.6488461813228174
POLR3GL,77.47022731724144
POLR3K,6.793794251956212
POLRMT,13.625260926483993
POMGNT1,51.2175212943218
POMT1,22.154820402010607
POMT2,21.77072246565867
PON3,3.7794405813647955
POR,488.2901349612841
PPA1,1452.2805247158014
PPA2,145.80029352147088
PPARA,3.598339790587962
PPAT,5.935670426613707
PPCDC,7.027447007837922
PPCS,75.83886917864413
PPEF1,0.06411109969501375
PPEF2,0.09130604035302167
PPIA,331.18285888890625
PPIAL4A,0.3354345050980549
PPIAL4C,0.3354345050980549
PPIAL4E,0.3354345050980549
PPIAL4G,0.028367227080940055
PPIB,4881.215379622186
PPIC,84.54052857764422
PPID,502.7859458263823
PPIE,9.986084426261064
PPIF,90.18653552973026
PPIG,16.464073950591494
PPIH,937.1101785534552
PPIL1,74.85546824830203
PPIL2,3.639931373446035
PPIL3,55.161365084225565
PPIL4,9.675034517638755
PPIL6,3.708528231184565
PPIP5K1,5.88294082560502
PPIP5K2,7.642649547818957
PPM1A,2.458461914506921
PPM1B,17.33474872191287
PPM1D,5.543156979281341
PPM1E,0.032454347054156
PPM1F,25.767886208586024
PPM1G,20.9841862921615
PPM1K,7.377649606898566
PPM1M,39.27336757956208
PPOX,29.407973978233535
PPP1CA,232.38916076030543
PPP1CB,226.05871484464356
PPP1CC,44.16388434018587
PPP1R1A,0.6506639115098716
PPP1R1B,0.2533156830329939
PPP1R2,105.30821869622383
PPP1R3A,0.06646892507772041
PPP1R3B,17.43220956901796
PPP1R3C,1.205757683834544
PPP2CA,128.7275219208355
PPP2CB,138.0963212583669
PPP2R1A,456.84724315161424
PPP2R1B,28.663002516610568
PPP2R2A,123.22002054343903
PPP2R2B,0.3901427185650331
PPP2R2C,0.07679543553094036
PPP2R3A,1.2501502138130267
PPP2R3B,16.094460561648372
PPP3CA,429.55243948794924
PPP3CB,20.83788684148976
PPP3CC,20.02258383386138
PPP3R1,152.15933651078225
PPP3R2,0.004097769457503434
PPP4C,63.467879802190424
PPP5C,44.52199193067054
PPP6C,233.27767906817573
PPT1,7.77050665473009
PPT2,37.658052692240574
PPWD1,38.142177881646056
PRAG1,0.3354345050980549
PRDX1,24194.064500581575
PRDX2,5568.950841067307
PRDX3,104.97155055942702
PRDX6,1017.982456670899
PREP,69.05798012064479
PRKAA1,47.64856422398791
PRKAA2,4.480553391779574
PRKAB2,9.729832916345586
PRKACA,508.3412407560474
PRKACB,38.91671409158716
PRKACG,5.25292276820224
PRKAG2,6.502469206066787
PRKAR1A,32.703618657872426
PRKAR1B,9.643761615614585
PRKAR2A,28.173834347639268
PRKAR2B,41.675341258917534
PRKCA,1.4190981175962036
PRKCB,0.48896812997009975
PRKCD,10.279799993848725
PRKCE,2.2176614219099315
PRKCG,0.02727138502695176
PRKCH,13.397567142448631
PRKCI,10.238762716703238
PRKCQ,16.15041007029463
PRKCSH,433.67412218730334
PRKCZ,7.303267272071456
PRKD1,0.8415733942417308
PRKD2,46.01368191656757
PRKD3,14.772104374257237
PRKDC,1.3200617995293176
PRKG1,6.880383397324418
PRKG2,0.3775019750824593
PRKN,0.21524163632635238
PRKX,51.19708539061029
PRKY,0.0024713241287381903
PRODH,11.121099711991148
PRODH2,0.047452249121563574
PRPF19,395.8332986916919
PRPF4,136.29603893183452
PRPF4B,77.14511429679337
PRPS1,1143.8866204912988
PRPS1L1,1.6993128857058533
PRPS2,12.732603035751307
PRRT2,21.515453414937028
PSAP,70.72424914739372
PSAT1,65.20409644243823
PSKH1,18.06851464170226
PSKH2,0.11813839957802594
PSPH,680.6827917705964
PSPHP1,0.3354345050980549
PTDSS1,21.821852938073718
PTDSS2,21.56645600137614
PTEN,10.329504291467789
PTGDS,7.567705051504063
PTGES,9.860844584088285
PTGES2,107.34725342959844
PTGES3,3440.652472025253
PTGIS,31.3874714439106
PTGR1,206.11445542290147
PTGS1,4.576427088623093
PTGS2,2.0285814355325233
PTK2,2.682600733663153
PTK2B,16.89761976722721
PTK6,0.1623313882605891
PTK7,1.8095985499196499
PTP4A2,2.6399945701082927
PTP4A3,15.489685124342232
PTPDC1,6.168240709597265
PTPMT1,16.744165947427355
PTPN1,45.50791930011114
PTPN11,19.27985786183158
PTPN12,7.439200612639341
PTPN13,27.64848018118003
PTPN14,6.634553186950751
PTPN18,51.944115729861345
PTPN2,15.336442105395202
PTPN21,31.24532535679673
PTPN22,0.578031442789463
PTPN23,33.4705596820213
PTPN3,11.365410127263534
PTPN4,5.384389431518544
PTPN5,0.02386017400941808
PTPN6,19.85534471439618
PTPN7,0.6559209442847349
PTPN9,1.3438418178079456
PTPRA,0.8635919727106093
PTPRB,10.745767486108875
PTPRC,5.7734865620724385
PTPRD,4.9078803223525505
PTPRE,9.565006050836635
PTPRF,35.121034813093885
PTPRG,10.723774716629897
PTPRH,0.2533487475374061
PTPRJ,8.026593410027232
PTPRK,8.560934703261903
PTPRM,67.2993400023312
PTPRN,0.003011917924110541
PTPRN2,9.507815647540802
PTPRO,0.01671589370537428
PTPRQ,1.0931419188090243
PTPRR,0.1301332211828562
PTPRS,45.564674125927866
PTPRT,0.0175365208342481
PTPRU,6.070657286650059
PTPRZ1,0.01995064294474692
PTRH1,0.14625001556428568
PTRH2,197.22730897005155
PTS,18.322743165397945
PUS1,7.504356700305567
PXDN,1.3761509032488337
PXDNL,0.23859608418282394
PXYLP1,0.3900283303635837
PYCR1,2.6648782482506945
PYCR2,329.07763247905774
PYCR3,18.52640291410028
PYGB,638.4269987160355
PYGL,14.419954152251382
PYGM,2.669786029427545
PYURF,0.24304469518108812
QARS,444.156146271611
QDPR,512.1867273946776
QPCT,3.266976554100491
QPRT,7.937108039298824
QTRT1,131.69419166165073
QTRT2,3.0803803903498332
RAD1,1.6736114402375706
RAD18,4.015865695691738
RAD9A,36.06681731658706
RAF1,0.8930799668144838
RAG1,0.3139432727002306
RALBP1,16.954150540396995
RARS,352.64623629704266
RARS2,20.45935217500613
RBBP6,0.5580282538613245
RBKS,2.8726338373871596
RBP1,308.22943661682405
RBP2,0.03999596123288766
RBP4,0.9242210791769738
RCHY1,15.33926468736699
RCL1,6.818133611474639
RDH10,4.747050813034822
RDH11,412.96953759936736
RDH12,0.6433998286286
RDH13,7.3524938751783315
RDH14,22.827285628185887
RDH16,0.431914898556804
RDH5,12.105014727743512
RDH8,0.004033193698882855
REG3A,0.3890557683131555
RENBP,5.258086545456429
RET,0.1025185952302178
REV3L,7.215568075718059
RFC5,41.98712912921132
RFK,12.349660521792714
RFWD3,5.6708719448868905
RGL1,20.509253983058247
RHAG,0.014180328512750721
RHBG,0.021484825491947006
RHCG,1.1302675618393856
RING1,222.40690059363305
RIOK1,0.918620578346684
RIOK2,0.1841157862498218
RIOK3,45.97373225068393
RIPK1,14.859461220697867
RIPK2,1.8409513862268743
RIPK3,53.68669076182089
RIPK4,16.00662338984934
RIPOR1,1.8350848174091228
RNF103,14.341944586839926
RNF115,14.061857987439875
RNF123,17.978486397292613
RNF125,1.7225477027436586
RNF126,33.562960201479854
RNF128,27.729177085776513
RNF13,41.17588483147471
RNF130,10.256896651892886
RNF133,0.13021932658944954
RNF138,9.794492828650837
RNF139,22.80673721934714
RNF14,17.78239372546609
RNF144A,3.2345594138030633
RNF144B,70.87095334384624
RNF146,68.10169298648874
RNF149,23.099678237321932
RNF152,7.731422033723721
RNF167,149.1637643884249
RNF180,10.68714139842036
RNF182,0.9159576979621976
RNF185,50.75813339869204
RNF187,104.6146231830256
RNF19A,35.82040068068567
RNF19B,11.246815698636153
RNF2,7.408050691847105
RNF20,2.6415172156933795
RNF216,12.588344845341817
RNF217,12.338625508716936
RNF25,34.603143361233464
RNF31,32.32558980842759
RNF40,3.7100226366699682
RNF41,17.84770714950096
RNF5,67.37515163564709
RNF8,2.5920350830892356
RNGTT,4.788904121351987
RNMT,95.47242489484097
ROCK1,7.5822883986619525
ROCK2,13.420985480910844
ROR1,0.5238266094847776
ROR2,0.16194650768830493
RORA,12.763017625600027
ROS1,0.16602267687961664
RPAP2,2.671422382829559
RPE,137.41877394594442
RPE65,0.011728131313476612
RPIA,32.72265582447351
RPL14,1791.6448493494845
RPN1,716.7088823414624
RPN2,627.1747570493311
RPP14,24.547631026704213
RPS6KA1,38.73246643415443
RPS6KA2,11.162539786529281
RPS6KA3,2.492610147826336
RPS6KA4,0.796075931893489
RPS6KA5,4.363373359342277
RPS6KA6,5.747796275081125
RPS6KB1,2.6353654109833657
RPS6KB2,47.06498653675692
RPS6KC1,0.3686445146223198
RPUSD4,1.266808386753946
RRM1,13.471362363535794
RRM2,0.18922361064539983
RRM2B,25.638717944794493
RTCA,15.887010386484341
RWDD2A,4.357319888866899
RXRA,16.302480582061047
RYK,57.424820013472306
SACM1L,49.16231615868071
SAE1,276.62419302922416
SAP130,1.0725820176389167
SARDH,0.6565396716948468
SARS,329.3785494378265
SARS2,37.916681854673705
SAT1,1036.945082197546
SAT2,225.7628733856996
SBK1,3.0493701234723187
SC5D,13.144493556898421
SCARB1,14.544956108882863
SCARF2,15.268121982433803
SCD,1.0944955163164765
SCD5,23.523249055671428
SCLY,4.29507338240882
SCP2,177.32708370887343
SDC1,3.4870815828504407
SDHA,209.22655125546814
SDHB,144.40771786326243
SDHC,21.079143600094998
SDHD,3.419993158736498
SDR16C5,0.004270564307503874
SDR42E1,2.47445637738126
SDR42E2,0.11060499006847205
SDR9C7,0.10102046643696477
SDS,0.16743179537532263
SDSL,25.224848819141158
SEC11A,368.8978848203534
SEC11C,7.715160564830679
SELENOI,0.1784505883933933
SEPHS1,930.0428622285061
SEPHS2,25.76227411435018
SERPINA1,6.0901474898843055
SERPINA3,7.384419571351117
SETD1A,0.459003014190448
SETD1B,17.684519140747827
SETD2,0.07861668710784138
SETD5,63.17934492674317
SETD7,4.076519773249098
SETDB1,0.6072134572449521
SETDB2,9.837649928164543
SETMAR,10.358647940700372
SFXN3,2525.673135421836
SGK1,56.96453972800512
SGK2,1.5660966191925367
SGK3,6.397210501576508
SGMS1,15.823294865024659
SGMS2,10.966219691933098
SGPL1,71.82777148175083
SGPP1,10.453321902967497
SGPP2,11.19501392750309
SGSH,53.940454884799976
SH3RF1,22.82394702541457
SH3RF2,4.562297389692081
SH3RF3,1.923699588196084
SHMT1,260.19698455923424
SHMT2,180.5846110140654
SHPK,8.644862501810328
SHPRH,2.671967881310908
SI,0.001970170168376837
SIAE,68.66671431651784
SIAH1,5.0885969429287865
SIAH2,6.031716773130312
SIK2,14.976387914148567
SIK3,7.404936867832204
SIN3A,6.839846608748706
SIN3B,0.45477786809866627
SIRT1,9.329567408247692
SIRT2,55.78608042442139
SIRT3,15.910917726705511
SIRT5,8.939970013393097
SIRT6,14.889887507897614
SIRT7,20.383153157349128
SLC10A1,0.024845055112159176
SLC10A2,0.0035686921481202782
SLC10A6,0.6684930663425671
SLC11A1,1.7155938608895107
SLC11A2,31.411010847341295
SLC12A1,0.010353364970054188
SLC12A2,2.1451077606436613
SLC12A3,0.0008899816457043934
SLC12A4,1.78978019788504
SLC12A5,0.0015327652089617851
SLC12A6,0.1757468624453834
SLC12A7,4.868294206469234
SLC13A1,0.001213319112200763
SLC13A2,0.010512835819854176
SLC13A3,0.7424727712536331
SLC13A4,0.17797711353732842
SLC13A5,0.03808503721684166
SLC14A1,1.5505303473665766
SLC14A2,0.028949837983750233
SLC15A1,0.2656449886668619
SLC15A2,3.4047910654974665
SLC15A3,7.040849125350876
SLC15A4,10.980950259798826
SLC16A1,3.8878380113465645
SLC16A10,0.38074398822960337
SLC16A2,39.408624908998526
SLC16A3,6.920426041161526
SLC16A7,0.1601086892032137
SLC16A8,2.4991697576849936
SLC17A1,0.06505057075080632
SLC17A2,0.014797084619435076
SLC17A3,0.0480606884147512
SLC17A4,0.008813981020094118
SLC17A5,36.56072414768034
SLC17A6,0.03561924497624714
SLC17A7,2.6621525327052686
SLC17A8,0.023326127399307364
SLC18A1,0.058656845323138175
SLC18A2,1.7673929543705864
SLC18A3,0.06214561646399096
SLC19A1,5.365403445617995
SLC19A2,60.62620612238338
SLC19A3,0.11168738646359949
SLC1A1,29.380731123882164
SLC1A2,0.11330123202614595
SLC1A3,1.5934167725809512
SLC1A4,1.0350768383247815
SLC1A5,5.908758091275826
SLC1A6,0.07694788869193199
SLC1A7,1.2445825422473402
SLC20A1,16.599483317976333
SLC20A2,77.4479125269195
SLC22A1,1.0670426710356924
SLC22A10,0.01143239327668441
SLC22A11,0.016883067469851944
SLC22A12,0.00411704682566078
SLC22A13,0.09545145571827986
SLC22A16,0.00355132766610493
SLC22A18,20.64394337357694
SLC22A2,0.007719803913796752
SLC22A3,0.33239746731492714
SLC22A4,0.6790763519048503
SLC22A5,12.474704257570576
SLC22A6,0.3332262579895881
SLC22A7,0.006879710937199966
SLC22A8,0.01599559779423426
SLC22A9,0.11807453767167743
SLC23A1,0.4241526082478566
SLC23A2,48.36344790262561
SLC24A1,6.246544622061508
SLC24A2,0.001582066800742238
SLC24A3,4.599612901170103
SLC24A4,0.03567030772123283
SLC25A1,944.4161912337954
SLC25A10,10.090199123978346
SLC25A11,981.1119124863262
SLC25A12,752.2727675591888
SLC25A13,196.98832157012347
SLC25A14,13.075652000431282
SLC25A15,21.032214694804082
SLC25A16,4.84588814983631
SLC25A17,6.912366900824348
SLC25A18,0.18065002987430512
SLC25A19,1.3051778505201757
SLC25A2,0.08368348126635174
SLC25A20,14.86631498490527
SLC25A21,0.3901427185650331
SLC25A22,5.928136791045868
SLC25A26,7.902747469413111
SLC25A27,124.86337920864769
SLC25A28,56.87048857279876
SLC25A29,1284.960551997254
SLC25A3,1927.9564178186938
SLC25A37,24.45382282096945
SLC25A4,306.5136837887468
SLC25A5,1777.2281123105388
SLC25A6,932.1937182972665
SLC26A1,1.6601797721798344
SLC26A11,37.677197499628676
SLC26A2,2.8399891823683676
SLC26A3,0.020259404776069734
SLC26A4,410.83528554241656
SLC26A6,19.872055202628648
SLC26A7,808.8911183316525
SLC26A8,0.40652367788728794
SLC26A9,0.9600635368417749
SLC27A1,6.150187636794768
SLC27A2,1.4444197596638626
SLC27A3,22.27460791207337
SLC27A4,3.074518597648373
SLC27A5,2.6403681850021203
SLC27A6,0.38110457524794433
SLC28A1,0.021328372366274922
SLC28A2,0.010753852515085755
SLC28A3,0.11901618149440106
SLC29A1,131.9440337787872
SLC29A2,13.42062458178592
SLC29A3,2.6110198337752575
SLC29A4,8.449302588113381
SLC2A1,9.209487634601215
SLC2A10,34.049413041495626
SLC2A11,19.073347959104122
SLC2A12,0.22645351595018492
SLC2A13,0.8410286977973609
SLC2A14,0.047506073843978314
SLC2A2,0.007342335980316926
SLC2A3,257.0105204934258
SLC2A4,2.8959205907428616
SLC2A5,0.04462917749491541
SLC2A6,0.8615625540586137
SLC2A7,0.0046276774448271146
SLC2A8,11.017795050751642
SLC2A9,0.9351179042345834
SLC30A1,7.060962469391162
SLC30A6,9.194580435497265
SLC30A7,31.284822594026306
SLC31A1,4.514676849080921
SLC32A1,1.4740945089441455
SLC33A1,1081.3480546798717
SLC34A1,0.052920680058348275
SLC34A2,40.64008855358334
SLC34A3,0.5890858498506916
SLC35A1,27.460382087457017
SLC35A2,10.760434649857793
SLC35A3,14.225099213329877
SLC35B2,0.9302368478888463
SLC35B4,4.945155797784378
SLC35C1,3.8553539605250973
SLC35D1,7.107940951552536
SLC35D2,42.26173305417249
SLC36A1,1.7280156252666603
SLC36A2,0.00146054769986892
SLC36A4,5.760638375005557
SLC37A1,12.649042550684579
SLC37A4,13.821617896456708
SLC38A1,20.21527639033378
SLC38A2,162.75663647124773
SLC38A3,1.7743908264025323
SLC38A4,0.3710356975100793
SLC38A5,14.701530075429089
SLC39A7,50.020112632539984
SLC3A1,0.03573571547793277
SLC3A2,105.82230639898948
SLC40A1,35.51761265612191
SLC41A1,55.83811373465279
SLC41A2,4.513457207382675
SLC43A1,14.388739535355743
SLC43A2,6.787143215336493
SLC46A1,5.397054667470022
SLC47A1,5.295910450932295
SLC47A2,0.16967560762726383
SLC4A1,0.15042496637215733
SLC4A10,0.15590695398661464
SLC4A2,22.206141095995665
SLC4A3,4.245052568966384
SLC4A4,16.495001215595018
SLC4A5,13.213411822748933
SLC4A7,0.736490885961981
SLC4A8,0.04894701774078174
SLC4A9,0.20552013068937725
SLC51A,1.4019530099176287
SLC51B,0.11074363355828519
SLC52A1,0.07638516282021501
SLC52A2,19.156220736116882
SLC52A3,0.056236864746663305
SLC5A1,0.05265977139344811
SLC5A10,0.1003410524053975
SLC5A11,0.011798190919178596
SLC5A12,0.0062544910844935875
SLC5A2,0.2998232463777893
SLC5A3,0.1255683507315296
SLC5A5,2.4749930692686544
SLC5A6,12.846737148357615
SLC5A7,0.06531603134873937
SLC5A8,32.9476921580934
SLC5A9,0.6571353810078071
SLC6A1,0.3692437338687614
SLC6A10P,0.0011995220815676265
SLC6A11,0.16250422749413002
SLC6A12,4.003377948178925
SLC6A13,3.2379685066255233
SLC6A14,0.3354345050980549
SLC6A18,0.020564936803086797
SLC6A19,0.0009682885427397977
SLC6A2,0.0009259488313999712
SLC6A20,0.008407881617816134
SLC6A3,3.962405105925398
SLC6A4,0.08074201676517612
SLC6A5,0.10319845039380167
SLC6A6,1.5402750075969316
SLC6A7,0.013522470715138537
SLC6A8,3.1337723032130334
SLC6A9,3.472706602018216
SLC7A1,6.3447184821245735
SLC7A10,1.2487578008842246
SLC7A11,0.6009789644760677
SLC7A2,6.661037538865935
SLC7A3,0.0068321153048257295
SLC7A5,0.5279954425111465
SLC7A6,24.471289489496378
SLC7A7,2.8582382865385427
SLC7A8,38.983863816426876
SLC7A9,1.1639953902120699
SLC8A1,0.1280417322069497
SLC8A2,0.017405409204961312
SLC8A3,0.23722842177089118
SLC8B1,11.239412334936908
SLC9A1,10.760434649857793
SLC9A2,0.15484863601798807
SLC9A3,2.1351489943772486
SLC9A4,0.0013183882846974635
SLC9A5,1.2469017635016098
SLC9A7,1.4871535499918718
SLC9A8,20.998391024389825
SLCO1A2,0.002818617051243108
SLCO1B1,0.5745214485775751
SLCO1B3,0.0041515184241413105
SLCO1C1,0.39377053112086996
SLCO2A1,162.3648004083551
SLCO2B1,33.11525241399686
SLCO3A1,14.678021283234097
SLCO4A1,4.932723980964875
SLK,31.544260639285408
SMARCD3,26.293224150233783
SMG1,1.7105694205676416
SMPD1,57.11090713146967
SMPD2,13.386244723276462
SMPD3,5.026124164156444
SMPD4,20.373975213377104
SMS,245.6943064924975
SMURF1,12.778230701048214
SMURF2,13.85256711959483
SMYD3,8.984227478595649
SNRK,34.54674519869423
SOAT1,4.235601905217159
SOAT2,0.38290859738067573
SOD1,1830.0680898308788
SOD2,13.613096643808172
SOD3,635.5968071017487
SORD,89.64505669639193
SPCS1,219.61844757956402
SPCS2,306.03896426205716
SPCS3,437.59527636665655
SPEG,1.2066790375516994
SPHK1,12.793447626660262
SPHK2,2.427478696028809
SPR,416.0420650904574
SPRYD3,68.14512091750547
SPTLC1,35.63672628089214
SPTLC2,2.1530289752884526
SPTLC3,11.372831047289857
SQLE,0.16479527722703471
SRC,7.311308055912521
SRD5A1,1.5190135917502152
SRD5A2,0.0027425739551434803
SRD5A3,3.1772879758840635
SREBF1,76.38953788669608
SRM,221.45530914965846
SRMS,0.15950907994804697
SRPK1,3.752644080824074
SRPK2,9.081232711813275
SRPK3,0.3302971168105828
SSH1,10.738435499045922
SSH2,7.195361829838171
SSH3,40.14459675052344
SSR4,324.68246792349294
SSU72,196.4972365064848
ST3GAL1,64.64671241553424
ST3GAL2,5.61332371762219
ST3GAL3,7.12137552322841
ST3GAL4,11.38025299654775
ST3GAL5,85.45388502407394
ST3GAL6,2.315638189923404
ST6GAL1,16.10245082164882
ST6GALNAC1,0.02571623972321691
ST6GALNAC2,45.86390871497111
ST6GALNAC3,6.707439019342612
ST6GALNAC4,8.137020861418785
ST6GALNAC5,0.015027715641194738
ST6GALNAC6,40.581728413861136
ST8SIA1,0.37606297452026644
ST8SIA4,1.5141771000945725
ST8SIA5,0.16344517358135796
STAMBP,15.449654639407369
STAMBPL1,0.9855889936081674
STARD3,52.231256647662356
STK10,0.474999244644262
STK11,42.0166492889274
STK16,2.443812177012473
STK17A,4.652944819471211
STK17B,5.232902669528942
STK19,15.666167752749585
STK24,34.772455028214246
STK25,5.835062587734583
STK26,0.629690691282171
STK3,8.605542708629487
STK31,0.6860152282288208
STK32A,4.028956954973548
STK32B,1.6710341080156388
STK32C,2.67087690802003
STK33,15.220732601106745
STK35,14.341944586839926
STK36,71.49560649160321
STK38,13.463167716998829
STK38L,13.389883202326148
STK39,17.77535557660869
STK4,1.5952215040228583
STRA6,0.07101901471887598
STS,5.52405321127965
STT3A,11.284216318378958
STT3B,74.6915403835818
STUB1,76.70929424331032
STYK1,0.06120452399508756
STYXL1,18.330956636294978
SUCLA2,164.45763359854303
SUCLG1,499.7520142791207
SUCLG2,765.6667917702513
SULT1A1,80.84405066909167
SULT1A2,4.843411950936232
SULT1A3,0.7712615176183375
SULT1B1,0.01811965402870781
SULT1C2,33.59098430218384
SULT1C4,3.8931350358638985
SULT1E1,1.3273511575593253
SULT2A1,0.019451067911224126
SULT2B1,1.4143311472815436
SULT4A1,0.05551746465096661
SUOX,20.441979639899966
SUV39H1,2.104508978761834
SUV39H2,1.347954896476014
SYK,33.54428022975778
SYNJ1,0.1393282468778016
SYNJ2,0.06177485734767825
SYVN1,1.7335824299956175
TAF1,16.583400026397758
TALDO1,203.18422586195842
TAOK1,3.990484093098898
TAOK2,30.648573597085214
TAOK3,10.278682519647939
TARS,121.6459217659112
TARS2,1.8268781006842547
TARSL2,12.14746221063895
TAT,0.05394175997231031
TBCB,83.42309468994436
TBK1,0.8941292103371671
TBL1X,19.196234365949138
TBL1XR1,27.5744284063724
TBXAS1,0.5595766827983395
TCIRG1,104.89757646078289
TDO2,0.03143229186884965
TECR,198.13046220272687
TECRL,0.0020875083383282236
TENT2,0.15316461371698084
TENT4A,0.45357387630786017
TESK1,28.683342818522796
TESK2,4.920298819268414
TFRC,55.00246958054433
TGDS,9.974579291425089
TGFBR1,10.99568502843458
TGFBR2,248.11775886456775
TGM1,1.8275642599449593
TGM2,36.693942505793416
TGM3,0.2940094305800772
TGM4,0.004003041870460362
TGM5,0.01277488416878291
TGM6,0.018105422639918517
TGM7,0.01438308791538765
TGS1,7.710916748955134
TH,0.04614342159516227
THNSL1,4.084994031814092
THTPA,12.124961853798295
TIAM2,2.069312353906217
TICRR,0.7362453076496941
TIPARP,14.552776337489135
TK1,1.2112880478232695
TK2,25.128193014965724
TKFC,17.655218887752373
TKT,130.07267719989832
TKTL1,0.02168073280081281
TKTL2,0.3040568295727089
TLK1,15.442150243724697
TLK2,0.35395920279852994
TM7SF2,45.48494860717721
TMEM91,14.365338011628047
TMLHE,3.7360387798998707
TMX3,24.593630306551024
TNFRSF21,5.517688405084379
TNIK,7.506503863416993
TNK1,5.441432704681747
TNK2,26.27548879700322
TNKS,11.276439507978623
TNKS2,49.89281066020684
TNNI3K,0.8697194993765643
TNS2,1.434061794943761
TOPORS,8.735980071093616
TP53RK,4.699640225150921
TPH1,0.8222990805073565
TPH2,0.08567194949607831
TPI1,5746.572176195415
TPI1P2,0.1117985280009751
TPK1,1.5973278311964585
TPMT,88.62197698599454
TPO,1225.6701115627523
TPP1,77.26944341120962
TPSAB1,0.030754810957225202
TPSB2,0.11834074370896061
TPSD1,0.018157414239624872
TPST1,11.269032003244263
TPST2,37.88792671290717
TPTE,0.005299857559170469
TPTE2,0.07980963780312833
TRAF7,34.54674519869423
TRDMT1,2.2828793892964927
TREH,0.15362867073183567
TREX1,4.524602866288547
TREX2,1.2390201590020489
TRHDE,0.031262627835961274
TRIB3,1.4506452275026356
TRIM11,2.908134335128678
TRIM32,1.8248046930178823
TRIM33,10.650726317560997
TRIM63,0.04485791668491773
TRIO,1.3793434268006641
TRIP12,13.041393571863516
TRIT1,42.11464643876029
TRMT1,11.567899475089662
TRMT11,22.31742240422859
TRMT1L,5.0011810733340125
TRMU,13.790683394415868
TRPM6,0.041565864131191496
TRPM7,12.74780840295365
TSSK1B,0.20447763106973466
TSSK2,0.0231714118888251
TSSK3,10.82648943313555
TSSK4,2.751863225466997
TSSK6,1.109408520568117
TST,17.51351552237441
TSTA3,136.4387770888355
TTC3,36.11424625427921
TTK,0.01828783849199845
TTL,0.5933656328025531
TTLL10,0.09593538054790159
TTN,0.6105296512202629
TUSC3,0.7347897142357165
TUT1,0.6978224625092367
TUT4,0.6950417161591614
TUT7,0.1907089895411479
TXN,963.3981733154715
TXN2,53.968640567869365
TXNRD1,82.57218729435172
TXNRD2,13.744309284939792
TXNRD3,1.6708249679397378
TYMP,60.56266561071411
TYMS,35.208283710435985
TYR,0.004749472441451295
TYRO3,0.6672741956244579
TYRP1,0.0038502932547352796
UAP1,44.162619510627756
UAP1L1,32.33485635854073
UBA1,959.7672036736699
UBA2,137.52271640090538
UBA3,69.89861032765461
UBA6,78.20620131125222
UBA7,142.39991266476162
UBE2A,54.045134327372644
UBE2B,58.69462973807184
UBE2C,0.5510957519830282
UBE2D1,8.324090202285124
UBE2D2,36.25228887152116
UBE2D3,1166.588928242464
UBE2D4,8.109383955588715
UBE2E1,46.333544351696574
UBE2E2,3.8679463747575062
UBE2E3,13.2415003249915
UBE2F,1.703971328848965
UBE2G1,11.31915679273807
UBE2G2,17.166975666643058
UBE2H,337.0749709292088
UBE2I,459.9176689493654
UBE2J1,12.08173775045479
UBE2J2,24.549922275122597
UBE2K,500.3898357016743
UBE2L3,1287.6345119069233
UBE2L6,30.877953305313294
UBE2M,141.96255755737278
UBE2N,18.35560174135664
UBE2NL,0.3354345050980549
UBE2O,33.12456661086943
UBE2Q1,5.15386307554614
UBE2Q2,3.158861943072293
UBE2QL1,1.5856007755385497
UBE2R2,16.82704863319013
UBE2S,10.11190932122363
UBE2T,0.7389399237513787
UBE2U,0.023784263818109993
UBE2W,5.283296081983562
UBE2Z,114.1288435356552
UBE3A,35.14667728432578
UBE3B,17.774233127168483
UBE3C,3.8551779846311645
UBE4A,1.5150056532696934
UBE4B,4.31663904642129
UBLCP1,78.41581771147872
UBR1,1.1371843591504656
UBR2,7.613731449844315
UBR3,0.05968530398218973
UBR4,9.279676794799517
UBR5,0.9499232306769727
UBR7,18.093084373671225
UCK1,17.209158620022897
UCK2,2.0069739855781847
UCKL1,79.18134166370666
UCP1,0.011910304542314811
UCP2,66.41261527420161
UCP3,1.2603713017013098
UEVLD,7.081087996985543
UGCG,9.586471225168205
UGDH,75.59082213272467
UGGT2,9.650928011701982
UGP2,1338.198158112266
UGT1A1,0.5818457107151666
UGT1A10,0.14272264379251745
UGT1A3,1.0114790584917612
UGT1A4,0.0951329295757727
UGT1A5,0.4044927492424471
UGT1A6,0.16651171077416388
UGT1A7,0.817507176308654
UGT1A8,0.1293154038699776
UGT1A9,0.11549856641655931
UGT2A1,0.3354345050980549
UGT2A3,0.004658770221245275
UGT2B10,0.003468761311577339
UGT2B11,0.676630922063272
UGT2B15,0.6704297803167216
UGT2B17,0.6033232516115735
UGT2B28,0.6936387983112186
UGT2B4,0.7544150219594951
UGT2B7,0.006855136680663369
UGT3A1,0.12021469926971337
UGT3A2,0.0494868784154801
UGT8,2.5947453867693273
UHMK1,14.404345046843199
UHRF1,0.020432683359077976
UHRF2,21.023757692650484
ULK1,43.56076576353799
ULK3,119.08827175803053
ULK4,5.032364054636357
UMPS,159.94491348772982
UPB1,0.1384538810095889
UPP1,3.8465657127998734
UPP2,0.15169879550670295
UPRT,4.239882795765262
UQCR10,49.764757825820574
UQCR11,61.273003405517514
UQCRB,119.09507271869195
UQCRC1,1150.0620741095254
UQCRC2,2278.8287024872616
UQCRFS1,256.032648471665
UQCRH,49.481502504736085
UQCRQ,97.25800579483533
UROC1,0.00701057379464788
UROD,84.84556996403317
UROS,17.464722300810966
USP1,12.195332084911657
USP10,5.650080389531533
USP11,162.3648004083551
USP12,23.54923499660536
USP13,13.144493556898421
USP14,114.05489740203403
USP15,8.50852661321395
USP16,47.32608671038869
USP17L2,0.04163343158523652
USP17L22,0.04998256910149056
USP17L30,0.050968258904732194
USP17L5,0.050968258904732194
USP17L9P,0.3354345050980549
USP18,4.951374198856339
USP19,2.499639779770541
USP2,14.858459241523256
USP20,51.06429428714503
USP21,36.36108995727091
USP22,76.63435960106698
USP24,2.700901492839582
USP25,0.17586190957041414
USP26,0.08118014005684498
USP28,8.061067524883182
USP29,0.08228852752006045
USP3,1.01533161705568
USP30,0.35769901707720975
USP31,4.313787734077944
USP32,0.45108302995493565
USP33,30.191205814233978
USP34,14.038570546010183
USP35,12.611099212609558
USP36,26.240025722746452
USP37,1.300026936614731
USP38,3.6839809693188794
USP4,3.7969968997343257
USP40,1.5478443408821283
USP41,0.01834435481333142
USP42,4.248062342530271
USP43,1.9282792087590872
USP44,0.8138153759153446
USP45,4.271554117900143
USP46,5.4287453871713165
USP47,7.2581671178253195
USP48,0.8894712815167578
USP49,10.5408753277651
USP51,1.2543294297907301
USP6,0.22094703702365556
USP7,39.93387571260215
USP8,1.0639872617522423
USP9X,7.858559546342386
USP9Y,0.006899691269096518
UST,36.63683631526784
UXS1,20.998391024389825
VARS,106.47731262151292
VARS2,145.71886802284354
VKORC1,72.71536582773015
VNN1,0.03532189732764552
VNN2,0.17592445339697504
VNN3,0.02943028470602491
VRK1,22.84494939496446
VRK2,3.228474206655497
VRK3,15.672189075365253
WARS,592.4401870767232
WARS2,13.360605280248459
WDYHV1,3.9014100697491063
WEE1,21.379572167301312
WEE2,0.07577063130725817
WNK1,3.8093575039233403
WNK2,0.8783233558462511
WNK3,0.5584030552962411
WNK4,0.0572473164398774
WWOX,10.58471014643235
WWP1,15.807374492071041
WWP2,0.24471514202795244
XDH,0.1576826352833029
XPO6,0.5678316421297571
XPO7,45.38533346007359
XYLB,0.2848258452992281
XYLT1,2.3294051980399777
XYLT2,16.01460436405613
YARS,924.8929940353373
YARS2,18.89723271533489
YES1,18.330956636294978
ZADH2,13.883531044911198
ZAP70,5.863593659949024
ZC3HAV1,2.1673648555566865
ZNRD1,7.507791609160241
ZNRF1,20.98148352905633
ZNRF2,3.53144027789587
ZSWIM2,0.0063479906553143865
