A4GALT,23.053010644101054
A4GNT,0.03239108210656191
AACS,22.522656100359022
AADAC,19.31341088621487
AADAT,3.552543940684995
AAK1,10.85101107939223
AANAT,0.004339755096653443
AARS,375.55384600821077
AARS2,6.624407753214196
AASDH,4.966688581349595
AASDHPPT,8.111317235362375
AASS,21.40742116765378
AATK,0.9771203987840976
ABAT,1.5606996909302737
ABCA1,27.225535733218877
ABCA3,5.148523327639983
ABCA4,1.3927146341919707
ABCA8,45.01328294121036
ABCB1,0.9886845960552355
ABCB11,1.894356076677877
ABCB4,0.4109095319969251
ABCB6,35.124222998861086
ABCC1,0.7166070548603297
ABCC11,0.008717400446387738
ABCC2,0.5488218875574552
ABCC3,3.5339751101000623
ABCC4,0.8711500463565102
ABCC5,12.438831186218927
ABCC8,0.027051962967232935
ABCC9,14.625199513964652
ABCD1,21.34742783788754
ABCD2,2.5471359430443528
ABCD3,31.72127945356053
ABCG2,1.467874882878518
ABCG5,0.03984083961462095
ABCG8,0.025930105142970856
ABHD12,20.28015348641137
ABHD5,83.29291842208984
ABHD6,14.153876753729204
ABL1,46.35313106188943
ABL2,6.179550195846508
ABO,0.5199832372646839
ACAA1,51.87017777141155
ACAA2,157.09094932225605
ACACA,15.813289593280356
ACACB,166.67167763346262
ACAD10,6.452973970730965
ACAD11,0.016627448267206416
ACAD8,29.78137702813769
ACAD9,308.95920120694325
ACADL,9.297137266561535
ACADM,37.46136660572944
ACADS,72.49315792860186
ACADSB,136.88407748385575
ACADVL,1198.7513376088864
ACAT1,47.50753637857272
ACAT2,17.151110685836446
ACE,6.834603003115234
ACE2,0.6666201607917591
ACER1,0.2523219526269695
ACER2,11.068421766070035
ACER3,9.796536474108262
ACHE,0.2478095594676429
ACLY,40.57199465553261
ACMSD,0.10436447862188088
ACO1,70.52189520552439
ACO2,73.1164445217146
ACOT1,0.9594821387086625
ACOT11,0.14982504602670788
ACOT12,0.011023041185664792
ACOT13,4.682599520836281
ACOT2,42.909024879398224
ACOT4,1.9931111123394172
ACOT6,0.038499954060032655
ACOT7,10.394208623570204
ACOT8,10.377488664118783
ACOX1,6.270705173056429
ACOX2,17.454727690892376
ACOX3,11.417985427361103
ACP1,3695.08998613913
ACP2,6.402282238527434
ACP4,0.0036202735317779565
ACP5,30.707241922766933
ACP6,3.7704304151930907
ACP7,0.44999467512671487
ACPP,1.2242011345715145
ACSBG1,0.1600193033807084
ACSBG2,0.019160079589413372
ACSF2,22.77834885519892
ACSF3,3.3477323499321567
ACSL1,418.32015591192555
ACSL3,5.231783730392047
ACSL4,5.1394204899419735
ACSL5,8.74687320199221
ACSL6,0.015416281433825839
ACSM1,0.061028003953585194
ACSM2A,0.015449542484225514
ACSM2B,0.013679395606430281
ACSM3,0.4942841885780821
ACSM4,0.004470148472645708
ACSM5,43.62357550200058
ACSS1,4.821015145578216
ACSS2,115.05426597896529
ACSS3,20.077620762965417
ACVR1,22.211296141691946
ACVR1B,12.31658685327039
ACVR1C,29.585738175044654
ACVR2A,6.654335772174693
ACVR2B,1.1650359141923363
ACVRL1,34.43605037610136
ACY1,128.6583027757801
ACY3,0.6663269774226024
ACYP1,5.301516813360644
ACYP2,2.244004382422419
ADA,6.940308033844793
ADCY1,0.5136274141740731
ADCY10,0.023556019633987128
ADCY2,0.4762943899494777
ADCY3,31.453282109963386
ADCY4,78.12222627403658
ADCY5,11.255657464044543
ADCY6,88.33120046911618
ADCY7,1.6427324219274744
ADCY8,0.0002706155352048058
ADCY9,5.663242863214932
ADH1A,1.8272252703524612
ADH1B,6417.13049996717
ADH1C,14.09072287100668
ADH4,0.14319958457460064
ADH5,1135.9826935197566
ADH6,0.09218667552867679
ADH7,0.5779003273791045
ADHFE1,39.439042321991316
ADI1,45.55157359831972
ADK,16.351104413682698
ADO,11.018571590161656
ADPGK,121.11315971705046
ADPRH,32.48008127378041
ADSL,298.8459184422636
ADSS,109.52350029224787
ADSSL1,3.065420729231287
AFMID,8.286588509544863
AGA,52.739350801426795
AGK,7.405517833716703
AGL,0.7416182890200709
AGMAT,0.06042069652854414
AGPAT1,7.170352578508599
AGPAT2,1354.1169195085483
AGPAT3,13.8837117755488
AGPAT4,0.3692326346771754
AGPAT5,3.4643985440564777
AGPS,30.772968921398707
AGT,4.335951507801793
AGXT,0.06696703196984952
AGXT2,0.07273189725255508
AHCY,3495.8011180290828
AHCYL1,48.65899521061764
AHCYL2,6.704200555445205
AICDA,0.017425616074537353
AK1,367.13121027347165
AK2,516.5856497529034
AK3,112.39065266074155
AK4,232.36452458222956
AK5,0.058029739746468065
AK7,0.2523219526269695
AKR1A1,126.60392050383406
AKR1B1,77.54363519247433
AKR1B10,2.004778033712373
AKR1B15,0.94100203964772
AKR1C1,27.38490375980282
AKR1C2,89.61285080516483
AKR1C3,88.23170872101952
AKR1C4,5.522781755496033
AKR1C8P,0.3354345050980549
AKR1D1,0.0018911581456124255
AKR7A2,449.8572793379673
AKR7A3,0.8324815848219388
AKT1,4.038296896864005
AKT2,2.264843332226894
AKT3,16.632376261233254
ALAD,416.8993793984965
ALAS1,39.97532658719953
ALAS2,0.3195023580920402
ALB,0.013453893072106848
ALDH18A1,91.41884737360377
ALDH1A1,127.66425475822199
ALDH1A2,2.882119206984585
ALDH1A3,3.215178272434561
ALDH1B1,5.412896497331272
ALDH1L1,50.615811440997774
ALDH1L2,2.29548130453308
ALDH2,5090.627033361549
ALDH3A1,0.10990957712162525
ALDH3A2,214.7573070962272
ALDH3B1,5.28666253367847
ALDH3B2,10.570170010481913
ALDH4A1,36.44212205226629
ALDH5A1,12.913129570721994
ALDH6A1,20.898813760177795
ALDH7A1,35.289043311002274
ALDH9A1,1085.926505270664
ALDOA,3128.7112307629695
ALDOB,0.11705551340288782
ALDOC,35.6113493522788
ALG1,2.6604358864075808
ALG10,0.8630207026136741
ALG11,0.8504127470744911
ALG12,4.078055182035767
ALG13,12.514400027991954
ALG14,0.5878641655549562
ALG1L,0.3009523768978095
ALG1L2,0.016777372486152655
ALG2,51.87604445394147
ALG3,1.7711488377943143
ALG5,32.37116714622663
ALG6,2.9945888869130743
ALG8,8.788259739382296
ALG9,6.849679067722653
ALK,0.02577890010682775
ALLC,0.09856082092430063
ALOX12,2.6920906356164296
ALOX12B,0.4004350881822695
ALOX15,0.15378275492018245
ALOX15B,5.960031150005967
ALOX5,3.2420837079131544
ALPG,2.1334538652401167
ALPI,0.0019826034847932003
ALPL,1.621071799247444
ALPP,0.12394730653401177
AMACR,90.7460351902894
AMD1,24.324798983773338
AMDHD1,0.17665023444199515
AMDHD2,25.82265668120763
AMFR,0.37938323374461425
AMHR2,0.10128294173765721
AMN,0.27416308434512493
AMPD1,0.03546392365750372
AMPD2,5.776043251529684
AMPD3,4.784702104573286
AMT,22.271881948107193
AMY1A,0.000860728692334127
AMY1B,0.00584643255330023
AMY1C,2.6438139326066277
AMY2A,0.0889939016823485
AMY2B,16.22959039070127
ANAPC11,36.16846743493983
ANGPTL4,222.63772320904576
ANKRD1,0.09680004572862572
ANPEP,51.95739555846033
ANXA3,230.12594696914937
AOAH,1.2070126529492116
AOC1,0.019160079589413372
AOC2,2.3444810884769374
AOC3,508.54713585676785
AOX1,45.00125664274055
APOA1,0.02179973308086074
APOA2,180.33762034675766
APOA5,0.005105739457765806
APOB,1.462216864530696
APOC1,15.523735201635258
APOC2,0.005773339161170059
APOC3,46.87519708233557
APOE,796.2961090373515
APRT,834.438076988031
AQP1,1260.3950762022093
AQP10,0.012608728284969797
AQP2,0.004519138407831965
AQP3,13.614844289076666
AQP4,0.03507606375828478
AQP5,2.6336322932278304
AQP7,691.9102308444991
AQP8,0.08981101692277725
AQP9,5.692031762738677
ARAF,1.5004778684043667
ARCN1,287.5637995559822
ARG1,0.8544602839773692
ARG2,1.299539625279176
ARSA,38.21766322476473
ARSB,2.5791859594997892
ART1,12.508037072622695
ART3,0.1852855074153688
ART4,0.19203033759998675
ART5,0.13079718747218014
AS3MT,4.685344286363384
ASAH1,304.3273695272157
ASAH2,0.004602723981156519
ASH1L,0.03140745013973011
ASL,277.0491436205218
ASMT,0.00317664482753133
ASNS,241.55633933740808
ASPA,5.2605158821294244
ASPG,0.8874652140433371
ASPH,620.2358584404402
ASRGL1,4.661341122868534
ASS1,929.4081098631417
ATE1,9.142996762978584
ATIC,425.2720118361181
ATM,1.3340209385669515
ATP10A,1.2128990543508018
ATP11A,5.232990744573435
ATP11C,9.403021952913376
ATP1A1,42.12830076525361
ATP1A2,148.94614964994787
ATP1A3,0.030211211725181205
ATP1A4,0.016998453554322685
ATP1B1,5.43424443193965
ATP1B2,5.014088568902401
ATP1B3,54.11894041907694
ATP1B4,0.0011879095056024057
ATP2B1,11.84967613195304
ATP2B2,0.008402722975348633
ATP2B3,0.0016558631306004934
ATP2B4,63.31943352511632
ATP4A,0.004248931942230116
ATP4B,0.2703572249398832
ATP5F1A,124.53265572432873
ATP5F1B,167.30632217246165
ATP5F1C,21.50971022167614
ATP5F1D,155.46511749348954
ATP5F1E,125.55773209538297
ATP5MC1,4.311892001287344
ATP5MC2,2.868050998110428
ATP5MC3,5.997867959791037
ATP5ME,117.38991896387836
ATP5MF,1.481717785000078
ATP5MG,179.57272888452187
ATP5MGL,23.718922705117464
ATP5PB,5.524565248774745
ATP5PD,6.7181129554220975
ATP5PF,4.959033242795014
ATP5PO,42.13932100131758
ATP5S,0.3354345050980549
ATP6V0A1,1.4477768150623704
ATP6V0A2,0.7966437835276756
ATP6V0A4,0.0012731755325325208
ATP6V0B,52.032182572078604
ATP6V0C,291.4927630749292
ATP6V0D1,285.47163428637776
ATP6V0D2,0.036386736240400265
ATP6V0E1,281.2172266374724
ATP6V1A,169.71535653536154
ATP6V1B1,0.35704537879069015
ATP6V1B2,671.2927234008164
ATP6V1C1,31.01163151288013
ATP6V1C2,1.61369184919961
ATP6V1D,25.489222851538393
ATP6V1E1,215.83675949016614
ATP6V1E2,0.9308761066323447
ATP6V1F,45.430299544511946
ATP6V1G1,61.6930899668921
ATP6V1G2,0.17832637704794682
ATP6V1G3,0.2330917175245828
ATP6V1H,18.41677068537135
ATP7A,4.454152853599312
ATP7B,1.4550235964037856
ATP8A1,5.872777873654434
ATP8B1,6.940308033844793
ATP8B2,11.025977045326519
ATR,0.0456843803717428
AUH,4.773226987042277
AURKA,0.02095470826010924
AURKB,0.9908083059448237
AURKC,0.4634913322575563
AWAT1,0.015035062645646158
AWAT2,0.0229301499658209
AXL,0.19800394527308374
AZIN2,0.7963414524148358
B3GALNT1,3.2383261248782382
B3GALNT2,2.3908317919021447
B3GALT1,0.07551973210722739
B3GALT2,0.05676288921153965
B3GALT4,8.042445286755273
B3GALT5,0.002804745086374251
B3GALT6,7.05400807162046
B3GAT1,0.08714414473873221
B3GAT2,0.9474599311754199
B3GAT3,21.87880778074863
B3GLCT,0.7866139610071975
B3GNT2,14.770988757459477
B3GNT3,0.1273054348867541
B3GNT4,0.037896133789009835
B3GNT5,1.7655474981195511
B3GNT6,0.3354345050980549
B3GNT7,0.29023132635438564
B3GNT8,1.7027976113837553
B3GNT9,2.987835235142553
B3GNTL1,1.4704484996291733
B4GALNT1,0.35053644464803707
B4GALNT2,0.08753139082536945
B4GALNT3,2.2903081504985066
B4GALNT4,0.5948467029338509
B4GALT1,49.70162887616261
B4GALT2,18.730603338746164
B4GALT3,28.29232020281246
B4GALT4,2.801493265095924
B4GALT5,29.10982186750918
B4GALT6,0.7200242232416936
B4GALT7,16.895965602613817
B4GAT1,2.277812689362301
BAAT,0.2252036456765304
BARD1,1.6995948987052187
BBOX1,1.4268498084752894
BCAP31,3631.340586731111
BCAT1,2.9804719303307636
BCAT2,17.58797444027097
BCHE,0.33118978919760794
BCKDHA,6.519970816633961
BCKDHB,12.447574369880378
BCKDK,30.90429054964775
BCO1,0.06461878427195712
BCR,0.8018036170087696
BDH1,5.5986005067944395
BDH2,33.19253243964813
BHMT,0.9290379503537692
BHMT2,56.427562525019034
BIRC6,4.953782717264542
BLK,0.012561297844424916
BLVRA,844.3328973668802
BLVRB,1166.9314422328744
BMP1,20.958492275309872
BMP2K,0.43042674140514603
BMPR1A,7.405517833716703
BMPR1B,0.03550481247626904
BMPR2,25.96945847173233
BMX,5.793077020379008
BPGM,10.233431648538458
BPNT1,13.463066856973775
BRAF,11.009010487055795
BRAP,0.28553223997326743
BRPF1,8.389507508547036
BRSK1,0.24381190354991236
BRSK2,0.17225022330171874
BSCL2,31.706620933526214
BSG,125.09191301975062
BTD,19.92026138094882
BUB1,0.7217498878516
BUB1B,0.07906775479652825
C1GALT1,4.804435436703293
CA1,0.18722854964989954
CA12,1.1908617644318622
CA13,6.695043633978129
CA14,0.05921061939895081
CA2,3.6167588299754314
CA3,0.24833937997473163
CA4,61.74063221769405
CA5A,0.08417582761312976
CA5B,0.7031608948082478
CA6,0.0007772342650079934
CA7,0.003241987565980611
CA8,1.1626067774471571
CA9,0.09213486757207134
CAD,40.16824300281033
CALM1,253.34830541143566
CAMK1,29.397150276167096
CAMK1D,4.6867168186849195
CAMK1G,0.023371506873309782
CAMK2A,0.014459528092245275
CAMK2B,0.028727430740109625
CAMK2D,519.3178361629591
CAMK2G,13.466948750411293
CAMK4,0.041937187501070075
CAMKK1,6.646850631670504
CAMKK2,25.801701854019495
CANT1,12.246867610701834
CARM1,12.59446641610097
CARNS1,0.5072910355876894
CARS,15.81998821308647
CARS2,19.60778648047267
CASK,12.734953911889816
CAT,745.8287688007272
CBLC,1.2286307542126491
CBLL1,7.031231440101086
CBLL2,0.027434690025870352
CBR1,25.68652577377094
CBR3,239.37181013841078
CBR4,52.67700444926617
CBS,2.5047454093450927
CBSL,0.3354345050980549
CBX1,110.27089094657123
CCNB1IP1,12.833774832983174
CD36,2144.893186366955
CD38,0.899750664909658
CDA,40.82066364807408
CDC14A,2.93822059146384
CDC14B,14.798364117868623
CDC25A,0.33439525784091595
CDC25B,32.83615719550037
CDC25C,0.07958989296831981
CDC34,6.832264197463388
CDC42BPA,2.398994117831493
CDC42BPB,4.749069598133283
CDC42BPG,3.7908993395361206
CDC7,0.8811115091604808
CDIPT,161.42984557493406
CDK1,4.0933116933323115
CDK10,22.991904179131115
CDK11A,23.420491629787744
CDK11B,15.063638613908049
CDK12,10.427668554046853
CDK13,17.09432988214827
CDK14,6.120819539900756
CDK15,0.40267395865686606
CDK16,29.304283517444517
CDK17,24.37643424878654
CDK18,1.8555324530932482
CDK19,6.744320026506507
CDK2,16.304341654212244
CDK20,2.4572679097367787
CDK3,16.53848685887991
CDK4,11.509737406281808
CDK5,17.127305923662178
CDK6,14.788983248072682
CDK7,102.08501689221978
CDK8,7.152917343157841
CDK9,82.34894228637434
CDKL1,1.5211157698241042
CDKL2,0.025949021181971732
CDKL3,0.5532615834508016
CDKL4,0.06601146222150542
CDKL5,0.3712491180391326
CDKN3,0.5227699934848563
CDO1,46.93552939181087
CDS1,6.438119499951181
CDS2,12.50881927476866
CDY1,0.256335927830294
CDY1B,0.256335927830294
CDY2A,0.04923577690024244
CDY2B,0.04923577690024244
CEL,0.18547034233491444
CEPT1,3.8201521867888717
CERCAM,10.94120912280391
CERK,27.193689826770644
CERS1,0.04003031126847972
CERS2,75.08976681290706
CERS3,1.649615284515854
CERS4,4.879155411518065
CERS5,11.658251254657197
CERS6,7.000891041940945
CES1,57.57523019513802
CES2,14.85315251918843
CES3,0.15199128858659144
CES5A,0.0038362184088352467
CFTR,0.002375448925873068
CH25H,5.201275532073598
CHAT,0.014545141103376102
CHD9,8.53252880303026
CHDH,0.18430049378892255
CHEK1,0.5752789690458932
CHEK2,1.0845910753628882
CHFR,6.849679067722653
CHI3L1,131.72948549596555
CHIA,0.34819723870797287
CHIT1,1.8779274133507438
CHKA,7.379825486473334
CHKB,97.26637826723153
CHMP4A,85.42909353183407
CHPF,10.949678610684645
CHPF2,8.34988600513959
CHPT1,27.14063386463115
CHST1,0.9474599311754199
CHST10,1.6862663808006761
CHST11,3.582047354882188
CHST12,17.09432988214827
CHST13,0.3815307429659727
CHST14,1.1563033567404968
CHST2,14.343757517014302
CHST3,18.769319095993076
CHST4,0.2283413092593454
CHST5,0.021203889640164706
CHST6,0.013905823803767217
CHST7,13.036810873783622
CHST8,0.02165491062167575
CHST9,0.01439410884511737
CHSY1,28.120952931263353
CHSY3,6.120819539900756
CHUK,1.148519998298046
CHURC1-FNTB,3.2507362769424972
CIDEA,616.2536248583308
CINP,0.6165128872960908
CIT,0.3643121852682191
CKB,181.30141077723218
CKM,3.0635677353846678
CKMT1A,0.19758158869320044
CKMT1B,0.3030385110145553
CKMT2,1.8691799914030391
CLC,0.033012149548424685
CLCF1,2.459022311769318
CLK1,11.512269357457622
CLK2,37.61082686319566
CLK3,1.1142571813949889
CLK4,1.6070818968799905
CLOCK,5.663242863214932
CLPS,9.828993754263943
CLTRN,0.5786685643266595
CLYBL,0.5112489870378445
CMA1,6.4010205075868125
CMAHP,17.464236977746566
CMAS,34.0427272802954
CMPK1,1436.1918088023074
CMPK2,2.6604358864075808
CMTR1,24.75937674300223
CNDP1,0.01703252963808961
CNDP2,48.08125641774161
CNOT4,5.3915694212228775
CNP,25.227103629314946
COASY,612.550637692873
COL4A3BP,6.397161571788104
COLGALT1,115.05426597896529
COLGALT2,0.02453989902295387
COMT,74.6536447283216
COMTD1,393.8396532886836
COP1,0.4785008438550989
COPA,249.05511174522272
COPB1,192.7717102839015
COPB2,65.01517658424385
COPE,304.58942028759765
COPG1,152.24819208052293
COPG2,140.956338930072
COQ2,1.8304859707831949
COQ3,5.073495121488883
COQ5,3.638938389492527
COQ6,7.699058557112863
COQ7,0.21203619253291614
COX1,7.766401376158287
COX17,26.590380543976405
COX2,5.3369352212394165
COX3,0.33446363282071023
COX4I1,510.4935130186141
COX4I2,28.399555706625975
COX5A,200.9860839369541
COX5B,475.081469184292
COX6A1,17.639787176561978
COX6A2,0.1580619353337033
COX6B1,66.92671540545146
COX6B2,0.006068390377537212
COX6C,64.84927164665869
COX7A1,165.84023593252883
COX7A2,51.559496251216494
COX7A2L,25.519225373744106
COX7B,32.75832744350911
COX7B2,0.3354345050980549
COX7C,155.045582161205
COX8A,513.5999450027978
COX8C,0.05605191400584969
CP,0.6865261380385047
CPA1,3.345838419086396
CPA2,0.24605653605317654
CPA5,0.011964381664329223
CPA6,0.6367475091483956
CPOX,86.06285410788767
CPS1,0.8697938438780758
CPT1A,0.7156452220089847
CPT1B,24.428096651679954
CPT1C,1.5565211072979839
CPT2,49.62264344556993
CRAT,22.915690731761586
CREBBP,0.28914473249044603
CRLS1,17.864782331806065
CROT,9.407081039353725
CS,5564.917991487015
CSAD,126.57519073641895
CSF1R,36.41929797393532
CSGALNACT1,19.92026138094882
CSGALNACT2,29.715864997833645
CSK,18.489080058967126
CSNK1A1,44.66958818926779
CSNK1A1L,0.0022332829848119647
CSNK1D,62.574469255275424
CSNK1E,5.563338174532292
CSNK1G1,3.1777289722483872
CSNK1G2,37.74892104149059
CSNK1G3,12.168550960003317
CSNK2A1,304.6814378144344
CSNK2A2,326.86180177467537
CSNK2B,628.1751860363977
CTBP1,43.42110914570417
CTDP1,1.564477694169401
CTDSP1,133.61635040753492
CTDSP2,164.18045243291002
CTDSPL,18.9437849064261
CTDSPL2,2.698237100593107
CTGF,0.3354345050980549
CTH,1.9207155233008906
CTPS1,7.567388051410964
CTPS2,5.756938834004885
CTSA,277.02462772314806
CTSB,553.3416796320598
CTSC,31.07970689451359
CTSD,1748.4247628887783
CTSE,0.020898545670879436
CTSF,153.16802877907367
CTSG,31.9494156968891
CTSH,35.99769342594107
CTSK,456.575150675146
CTSL,7.460439052510964
CTSO,21.637781595559154
CTSS,42.20924900853587
CTSV,0.2126163838214004
CTSW,3.71620430483246
CTSZ,28.151533746330742
CUBN,0.4677493984835201
CWC27,9.175333295540918
CYB5D1,10.544987866955195
CYB5R1,27.640371402085893
CYB5R2,3.038271373309805
CYB5R3,5691.177547603018
CYBB,15.081976416221902
CYBRD1,574.5020532935949
CYC1,424.33930277064104
CYLD,3.521348273667854
CYP11A1,0.4569297382749189
CYP11B1,0.002054908854298566
CYP11B2,0.08105018928386314
CYP17A1,0.08232407281191621
CYP19A1,1.6115848267586264
CYP1A1,0.06257636079782165
CYP1A2,0.003240858176489699
CYP1B1,7.9875676643325555
CYP21A2,0.08222333221682955
CYP24A1,1.1864663570437686
CYP26A1,0.09617622446888627
CYP26B1,44.80894432659907
CYP27A1,42.576572133217475
CYP27B1,0.27382368474763097
CYP2A13,0.0013680831999112132
CYP2A6,0.15640583618123138
CYP2A7,0.002383817428322022
CYP2B6,0.0015534111542832936
CYP2C18,0.012846543118775994
CYP2C19,0.1750227487879086
CYP2C8,0.14667740871749574
CYP2C9,0.0016396292269164024
CYP2D6,0.33546544656898364
CYP2E1,0.9097919076582518
CYP2F1,0.009543720518257408
CYP2J2,0.03814570330296565
CYP2S1,0.21080165677051904
CYP2U1,4.222556073931022
CYP39A1,0.811534289283558
CYP3A4,0.009273063548246656
CYP3A43,0.0272049823552205
CYP3A5,0.290920089139374
CYP3A7,0.038729607096604474
CYP46A1,0.21520182402332555
CYP4A11,0.08520796297533172
CYP4B1,22.686976648603054
CYP4F11,0.00044802216168984724
CYP4F12,4.96111945962267
CYP4F2,0.0035920847532104057
CYP4F22,2.675953029094902
CYP4F3,0.09551731651773336
CYP4F8,0.05368307505844355
CYP4V2,13.205130326063784
CYP4X1,7.275118797852196
CYP4Z1,0.46542561973542157
CYP51A1,34.567908124319814
CYP7A1,0.010762200721131508
CYP7B1,2.3821239121297895
CYP8B1,0.020755235337792194
CYTB,10.283962318241796
DAD1,752.2454045897489
DAGLA,1.3678805273104948
DAGLB,12.736950738226714
DAO,0.0012713842916389506
DAPK1,6.356572013679139
DAPK2,52.53144320095786
DAPK3,4.087270076008689
DARS,4210.464834795875
DARS2,6.4010205075868125
DBH,0.03125681105834296
DBI,478.2771849860879
DBT,3.39263278121555
DCK,10.45807543667306
DCLK1,126.34030793364794
DCLK2,4.190485446314977
DCT,0.5484187190520138
DCTD,13.932114841170819
DCTPP1,18.963194682901506
DCXR,221.74428331754086
DDAH1,50.62605176982061
DDAH2,220.42894314850184
DDC,0.0017385899275548682
DDO,1.3942386832701756
DDOST,434.08056926306705
DDR1,16.201580643131177
DDR2,87.94759989467646
DECR1,67.34237231052118
DECR2,12.605211621319954
DEGS1,16.426458546088867
DEGS2,4.062150421180507
DERA,42.82347761929824
DGAT1,176.22227763459762
DGAT2,187.95733574777367
DGKA,7.8468831573483575
DGKB,0.012767149132221628
DGKD,7.5056209077120775
DGKE,5.133776639472336
DGKG,0.14624155063611816
DGKH,4.582689550485855
DGKI,0.060117608591660356
DGKQ,6.864763365516839
DGKZ,30.20509795093989
DGUOK,19.155429233086082
DHCR24,3.6469984857814666
DHCR7,18.885585170053073
DHDH,0.10279722506637538
DHFR,359.3781720490083
DHODH,4.041629609724596
DHRS2,0.013069493400930544
DHRS3,224.78560672949527
DHRS4,204.4509545343071
DHRS9,11.315395421358128
DIO1,0.007358585515543878
DIO2,0.5743684798480947
DIO3,1.9185154559979747
DLAT,413.6133320123496
DLD,1204.8774106428284
DLST,408.31806337901605
DMGDH,2.3236969166077204
DMPK,37.04824856395066
DNAJC6,6.363974760087386
DNMT1,9.962373147837075
DNMT3A,3.8071860513765303
DNMT3B,0.690418922786611
DNMT3L,0.03798289307998578
DOLPP1,6.054914233065793
DOT1L,4.688089450692163
DPAGT1,23.625268737469145
DPEP1,14.398124216277179
DPEP2,1.5434809684049324
DPEP3,0.014936004811645568
DPH5,38.092989281856575
DPM1,1050.2026385321835
DPM2,18.171464332806128
DPM3,22.17632889213192
DPYD,12.736950738226714
DPYS,0.014443166385142796
DPYSL2,5392.669510523918
DPYSL3,90.54799998158393
DSTYK,4.38313740051749
DTYMK,17.43979365742515
DUOX1,1.7156233931202098
DUOX2,0.15454791011872762
DUPD1,0.11783200419515537
DUSP1,2764.574673756551
DUSP10,1.9383385354903766
DUSP11,7.559660296688733
DUSP12,7.934967623840926
DUSP13,0.014574188485851501
DUSP14,2.7009433797956697
DUSP15,0.2163533912655342
DUSP16,8.54049198163939
DUSP18,1.5643582290973377
DUSP19,0.3219727941295248
DUSP2,121.16485610564587
DUSP21,0.08186674790155296
DUSP22,25.039752475354533
DUSP23,72.70980314731729
DUSP27,0.002591092710344908
DUSP28,1.4653023846251703
DUSP3,248.87701791826535
DUSP4,3.7655266947383916
DUSP5,24.459107107554942
DUSP6,52.09452545421396
DUSP7,17.217413917363
DUSP8,5.742499276664178
DUSP9,0.13117542236881063
DUT,337.302081200292
DYRK1A,19.167294375319354
DYRK1B,8.588309698437234
DYRK2,4.396642313551362
DYRK3,1.2242011345715145
DYRK4,1.9654008880144453
DZIP3,2.4088530065053373
EARS2,0.9238290406024972
EBP,242.15118054202114
ECH1,375.00259582942635
ECHDC2,74.54410172459195
ECHS1,433.2271734300613
ECI1,36.19125243887846
ECI2,83.53116538941359
EGFR,4.313799773998676
EHHADH,4.5710910073269755
EHMT1,0.5596278434358998
EHMT2,1.5759917266000494
EIF2AK1,49.406026836270634
EIF2AK2,51.252522971525295
EIF2AK3,5.5986005067944395
EIF2AK4,0.3236970003789403
EIF4EBP3,98.12629047085132
ELOVL1,13.555359397724828
ELOVL2,0.06517814174258907
ELOVL3,50.40543124947516
ELOVL4,2.2079338093158394
ELOVL5,3.914285331007853
ELOVL6,2.0656047061498084
ELOVL7,12.789741340461504
ELP3,1.7810701037386036
ENGASE,65.07931631104053
ENO1,913.5723184336207
ENO2,20.156415444695707
ENO3,35.97859809684434
ENOPH1,191.10624103244083
ENPP1,21.84864332359479
ENPP2,174.70554337266836
ENPP3,0.4116602666702065
ENPP6,0.13300246807337351
ENPP7,0.0005299515990309939
ENTPD1,4.558818146840918
ENTPD2,0.7230448082354227
ENTPD3,2.709450378628193
ENTPD4,19.070036472252212
ENTPD5,2.9431116236786776
ENTPD6,23.717562464016716
ENTPD8,0.02459588771153375
EP300,3.092928462823795
EPHA1,5.51984393159626
EPHA10,0.07252667913635624
EPHA2,2.8636897736330456
EPHA3,2.88637835060281
EPHA4,14.000624705719739
EPHA5,0.003571246273593842
EPHA6,0.0032838434284093642
EPHA7,0.1213072918444378
EPHA8,0.004074703116999384
EPHB1,0.14842405044153156
EPHB2,0.037204108749123214
EPHB3,5.526992175737531
EPHB4,1.3720780295032398
EPHB6,11.435106062985449
EPHX1,594.2605714021776
EPHX2,13.758078041622259
EPM2A,3.247722107823206
EPRS,33.7176820024015
EPX,0.012058151145825476
ERBB2,0.23979547771534593
ERBB3,2.9198972090264665
ERBB4,0.018374525710636327
ERN1,3.607108429700197
ERN2,0.013005696310765666
ESD,1072.5381092768403
ETFA,3883.0605860337014
ETFB,1190.7851047728045
ETFDH,40.37976601194414
ETNK1,14.479769776766638
ETNK2,2.8402198944229387
ETNPPL,1.3663166774328985
EXT1,9.378560646121857
EXT2,34.864351667891356
EXTL1,0.006071029337263942
EXTL2,7.620726754430148
EXTL3,4.65928513214424
EYA1,0.05381904716366916
EYA2,0.38669755573829123
EYA3,1.5658297491614848
EYA4,0.09483841183876508
EZH1,83.90990413309004
EZH2,0.07626720840320358
F13A1,94.90049192815607
F13B,0.952082265681838
F2,0.004520364851185722
FAAH,10.48628752371088
FAAH2,0.5743684798480947
FABP1,0.013341491356000015
FABP12,0.07361943011456162
FABP2,2.0423800119197857
FABP3,10.797477051986993
FABP4,94693.66630477784
FABP5,7399.336276304541
FABP6,0.974167366043698
FABP7,15.265658079123385
FABP9,626.6306950066553
FADS1,3.563440325996125
FADS2,0.8671736842983577
FADS3,3.8786870521347367
FADS6,1.2463888002887042
FAH,43.31357765692974
FAM20B,25.728393198481935
FANCL,7.8468831573483575
FAR1,39.00765938724425
FAR2,3.4364100831919813
FARS2,1.5706983689651917
FARSA,794.5525452132628
FARSB,1.5903012532102114
FAS,8.684143290359291
FASN,526.8391993899136
FASTK,40.9005068597875
FAXDC2,41.13556000367849
FBP1,101.67289434476508
FBP2,0.002004628570959966
FDFT1,85.62651948021661
FDPS,35.19209415167242
FDXR,4.382849691680109
FECH,8.294494161210931
FER,3.6967794217694414
FES,33.359911157251915
FGA,6.990622680771628
FGFR1,77.77769831623942
FGFR2,8.215521898883408
FGFR3,3.292916556703224
FGFR4,0.0364896328900457
FGGY,0.8870110027317257
FGR,17.645157023864872
FH,724.0735207767965
FHIT,1.2045620832268287
FHL2,6.788865600241119
FIG4,9.05392899944519
FITM1,0.48097141210446215
FITM2,12.334031988231615
FKBP10,22.212842979819865
FKBP11,6.970583216086916
FKBP14,1.9439949305036839
FKBP1A,789.3314095703125
FKBP1B,3.540375428798082
FKBP2,574.3679487486073
FKBP3,652.1727483142964
FKBP4,307.24394747391057
FKBP5,25.84102825937535
FKBP6,0.05350556588454144
FKBP7,13.342916831707726
FKBP8,51.89261208046537
FKBP9,143.96482642854212
FKBP9P1,0.3354345050980549
FLAD1,7.65347657961986
FLT1,27.246771471302587
FLT3,0.07566770291237697
FLT4,21.61772599963461
FLVCR1,2.148910106101155
FMO1,3.319981370739723
FMO2,100.62912902583808
FMO3,27.736323221238226
FMO4,2.882119206984585
FMO5,0.8454722386525174
FMO6P,0.06639328134117453
FN3K,9.34597016934656
FN3KRP,24.873509367888918
FNTA,56.159544277960904
FNTB,8.294494161210931
FOLR1,0.01687932071033537
FOLR2,81.51843336403964
FOLR3,0.06754200422205676
FOSL1,2.3092905151881333
FPGS,1.8124308815622947
FPGT,5.448487955977053
FRK,0.27212825241717975
FRMPD2,0.014371669987526408
FTCD,0.014705503340513735
FTMT,0.3764543508002139
FUCA1,28.3673744934938
FUCA2,28.120952931263353
FUK,3.8993659005752384
FUT1,2.1206751328994202
FUT10,2.169296474950513
FUT11,8.73215879672706
FUT2,0.05673991987457344
FUT3,0.31059055128822666
FUT4,2.052173025796457
FUT5,0.3435419176074299
FUT6,0.33433562982165704
FUT7,0.02082685993636673
FUT8,0.28366388922819763
FUT9,0.07917572773881386
FYN,177.12695737013442
G0S2,6199.991931986687
G6PC,0.2573661812362027
G6PC2,0.0027103510012452853
G6PC3,37.56749706652268
G6PD,454.49226577873395
GAA,24.728272268195422
GAD1,0.061730609720688036
GAD2,0.03730519390911924
GAK,2.6465460144786923
GAL3ST1,0.17616336730616
GAL3ST2,0.00213905003781705
GAL3ST3,0.010969526857548264
GAL3ST4,4.2493278359329585
GALC,9.74712893858954
GALE,3.238952313670048
GALK1,182.5265149153579
GALK2,26.647363651116642
GALM,11.213035556255774
GALNS,5.270405428646178
GALNT1,25.592385938337422
GALNT10,0.2536064428416287
GALNT11,15.64392044130344
GALNT12,2.760491209959929
GALNT13,0.41730158218303054
GALNT14,0.10694297151756785
GALNT15,164.67795261710683
GALNT2,14.707161842719062
GALNT3,2.9596337349919644
GALNT4,1.7860483456871912
GALNT5,0.01521708932282256
GALNT6,0.8992949020772787
GALNT7,0.2662982859311934
GALNT8,0.009579165526192729
GALNT9,0.020433684061056872
GALNTL5,0.43999999999999995
GALT,30.565123670088084
GAMT,13.607968922689466
GANC,4.295607511220157
GAPDH,1284.635081310027
GAPDHS,8.042317062334442
GARS,268.8496906889002
GART,101.8188280464057
GATM,7.107224474878354
GBA,12.911437405694882
GBA2,55.55158146248071
GBA3,0.3354345050980549
GBE1,37.19166634612956
GBGT1,2.8979467391039226
GC,0.1128901827185453
GCAT,94.54772816610135
GCDH,10.721574859798764
GCH1,3.07839946010332
GCK,0.07936516191705771
GCLC,11.969082232254431
GCLM,47.1348494707361
GCNT1,1.8806630583979056
GCNT2,0.5311523556205682
GCNT2P,0.3354345050980549
GCNT3,0.0023880044147240303
GCNT4,0.18463894534144
GCNT7,0.03948355809592646
GCSH,4.385162480550534
GDA,0.19128486482851376
GDE1,13.159312886181777
GDPD2,0.03139556624145549
GFPT1,443.74244824645785
GFPT2,21.697976039960793
GGCT,47.946828516150326
GGH,11.298319433450256
GGPS1,460.88831831759023
GGT1,1.9886710164855161
GGT2,0.0022631944475137574
GGT3P,0.0022849159108299126
GGT5,168.33764794179385
GGT6,2.0628046480365323
GGT7,18.59525452275641
GGTLC1,0.5642767148917974
GGTLC2,0.02824342370659369
GIF,0.3354345050980549
GK,3.381260355494669
GK2,0.9456388863331135
GK3P,0.0024679013873251626
GLA,12.64908690939531
GLB1,12.561374172324118
GLB1L,2.1054668431156287
GLCE,0.4685564244570885
GLDC,0.013534322943041775
GLIPR1,5.308593910910164
GLO1,1086.003608056555
GLRX,63.43954139939016
GLRX2,11.245558590654417
GLS,147.74759290216443
GLS2,0.7386285832616852
GLT6D1,0.06930364432416915
GLT8D1,1.7200669878101174
GLT8D2,4.42300648994486
GLTP,27.008024397564466
GLUD1,955.8637616609464
GLUD2,0.9235288938420796
GLUL,45.88365250474208
GLYAT,6.940308033844793
GLYCTK,12.185943889481962
GM2A,24.707541339791295
GMDS,37.248512135597984
GMPPA,16.626062101006454
GMPPB,42.33297348785263
GMPR,3.1889523333235825
GMPR2,68.37531946221033
GMPS,88.11907666806043
GNE,9.049317912710299
GNMT,0.3329696599349209
GNPAT,35.90669597601157
GNPDA1,17.28378052739454
GNPDA2,3.5269380782088877
GNPNAT1,30.92418353751209
GNPTAB,9.199662201117302
GNS,52.01693477140267
GOT1,1296.2649929781467
GOT2,886.2571832300225
GPAA1,77.48858694962267
GPAM,3.367494852758821
GPAT2,2.9504519524118358
GPAT3,0.6582069289240687
GPAT4,1.352005973421296
GPCPD1,7.428588941737944
GPD1,1916.0504631157278
GPD2,132.18787549675898
GPHN,9.02371811945101
GPI,2122.267938867879
GPIHBP1,112.99465930690953
GPLD1,3.4758645760874343
GPT,34.25610651384341
GPT2,61.55860073539098
GPX1,150.76829187529896
GPX2,0.12414397127816905
GPX3,29084.05161738382
GPX4,717.0498576540118
GPX5,0.793289329058847
GPX6,0.0028221918158968756
GPX7,3.760327276567546
GPX8,6.084183635040031
GRHL1,19.80244367792441
GRHPR,28.807965626955696
GRK1,0.11699235770509935
GRK2,4.014622265826703
GRK3,1.2623639556998993
GRK7,0.014508640758133544
GSR,131.74472740841557
GSS,241.0162754569032
GSTA1,6.4167477250739875
GSTA2,5.619549002346362
GSTA3,3.8201241689736465
GSTA4,13.910670095591234
GSTA5,0.58469847618054
GSTK1,109.17292640745157
GSTM1,0.036943232193595306
GSTM2,44.53285369368581
GSTM3,163.2929576934582
GSTM4,5.548450662408971
GSTM5,49.76316544545447
GSTO1,1047.5271950523752
GSTO2,0.2919539918259451
GSTP1,6317.7449214516355
GSTT1,0.0278576919689706
GSTT2,2.3618362214661675
GSTZ1,9.652115952539019
GTF2F1,9.112012666117238
GTF3C4,0.8948961134773555
GUCA1A,0.06264696870775628
GUCY1A1,2.9663227089166733
GUCY1A2,3.1528233585209047
GUCY1B1,1.0453859436592674
GUCY1B2,0.05201313778008767
GUCY2C,0.06574927871924914
GUCY2D,0.013663257493223986
GUCY2F,0.13808747592085474
GUK1,129.39076279834495
GUSB,9.127602301007313
GYG1,21.54756775566734
GYG2,248.56005141377074
GYS1,76.83915092732896
GYS2,1.7097419473193387
H6PD,35.90254667439942
HAAO,7.244520342517874
HACD1,0.6699772991826155
HACD2,3.095013644366691
HACD3,4.330319334841662
HACD4,0.5979568033382378
HACE1,5.8945612579544004
HACL1,22.43364389281976
HADH,3706.889191973417
HADHA,1614.1059733365205
HADHB,161.20331623215924
HAGH,44.9815079164869
HAGHL,0.7907202336277573
HAL,0.20342394323875815
HAO1,0.19763453007540133
HAO2,2.123937704953015
HARS,112.53705197539553
HARS2,39.94183412727892
HAS1,0.004209121171183844
HAS2,1.445275396407664
HAS3,1.6247649033633633
HAT1,51.634981284700245
HCCS,10.738430534788462
HCK,8.215521898883408
HCST,15.376131158197078
HDAC3,1.3575217193524023
HDC,4.742387988861179
HDLBP,137.12631035133973
HECTD1,8.051331666143513
HECTD2,2.5731278470942724
HECTD3,5.433789341607435
HECW1,0.04436211748818684
HECW2,1.6522644384405385
HELZ2,2.406525803633126
HEPH,2.419914831373089
HERC1,0.8502368555035108
HERC2,0.22751478932511365
HERC3,9.706003368357303
HERC4,13.140920484159173
HEXA,40.431405079054926
HEXB,4.58989345665378
HEXDC,0.3354345050980549
HGD,0.038353987767713885
HIBADH,80.7390039800397
HIBCH,10.335717992489785
HIF1AN,4.933297116739779
HIGD2A,15.865440254627314
HIPK1,19.94974286707434
HIPK2,16.53848685887991
HIPK3,90.41262656903922
HIRIP3,0.29223718299851376
HK1,262.7680838694703
HK2,32.71015322230988
HK3,6.312200462200532
HKDC1,0.0027060303728564665
HLCS,2.6235240337703782
HLTF,0.07596658532660182
HMBS,48.37016999143816
HMGCL,135.84260822688995
HMGCLL1,0.3643121852682191
HMGCR,15.80143176889185
HMGCS1,68.00769278599081
HMGCS2,0.2009687856207248
HMOX1,81.83592643822783
HMOX2,120.52356952970923
HNMT,33.11449387954682
HPD,0.03161391755966744
HPGD,3.304239327701899
HPGDS,5.641674970137104
HPRT1,205.46561628533496
HS2ST1,7.791228603696107
HS3ST1,0.22384321546624075
HS3ST2,3.0623325605342884
HS3ST3A1,0.05111594807117417
HS3ST3B1,0.39113992831443095
HS3ST4,0.012466929075615836
HS3ST5,0.0018832572184012979
HS3ST6,0.42712473979287546
HS6ST1,6.616930978709108
HS6ST2,0.0014166238796192996
HS6ST3,0.06304745274017715
HSD11B1,16.651169947791146
HSD11B1L,2.276527240273171
HSD11B2,0.736459248574937
HSD17B1,0.8911009789046427
HSD17B10,84.71085625015931
HSD17B11,261.7891569194546
HSD17B12,167.13561076677192
HSD17B14,11.119408754438092
HSD17B2,0.026423030450828375
HSD17B3,0.7256363745610112
HSD17B4,98.24303310667979
HSD17B6,0.34657343234086113
HSD17B7,2.8435553058787146
HSD17B7P2,5.735282871649647
HSD17B8,1.955788526135476
HSD3B1,0.003387349094120618
HSD3B2,0.002323311797867555
HSD3B7,27.098207603236787
HSPG2,0.7441497778070761
HTATIP2,74.8679357443476
HUNK,0.516008575674783
HUWE1,4.4465776568463244
HYAL3,1.994776781168215
HYALP1,0.3354345050980549
HYI,30.335893962241034
HYKK,1.0253261761756067
IARS,585.6577905197007
IARS2,83.54518517077325
ICK,6.95544154004255
ICMT,38.99738376110137
IDH1,113.03999215195394
IDH2,29.65078388402259
IDH3A,543.2532778352481
IDH3B,273.6473065989393
IDH3G,101.34395372280021
IDI1,66.81128631383638
IDI2,2.1272734354694633
IDO1,0.2526545418217313
IDO2,0.0009881200402562932
IDS,45.603545613576486
IDUA,11.623851695474343
IGF1R,5.462740719882038
IKBKB,26.738250508748386
IKBKE,1.962635164466351
IL4I1,0.34549455295728837
ILK,35.7972125643333
ILKAP,25.249239129722742
IMPA1,181.15740203273424
IMPA2,45.87462051336885
IMPDH1,50.964468831928414
IMPDH2,231.98192705330158
INMT,2.848102325561112
INPP1,583.632344603576
INPP4A,4.969473723143815
INPP4B,2.783385645962351
INPP5A,14.880565536718505
INPP5B,6.186901297201962
INPP5D,15.100319749390179
INPP5E,31.146505596449362
INPP5F,0.5972034836952054
INPP5J,0.3237402757813345
INPPL1,10.818051156573212
INSL3,0.2926437652536109
INSR,20.650608544097004
INSRR,0.008107949431757296
IP6K1,17.331223983976706
IP6K2,37.231716316094484
IP6K3,0.14464616207809639
IPMK,2.5047454093450927
IRAK1,61.337741848886616
IRAK2,10.469530933198817
IRAK3,15.505265583427512
IRAK4,8.25498461102732
IREB2,8.884639573737587
ISYNA1,109.78710302463509
ITK,0.9692197505239873
ITPA,291.710909716112
ITPK1,42.94468281931525
ITPKA,0.09107439923052635
ITPKB,26.82283884279684
ITPKC,53.00683337555954
IVD,349.6343549949919
JAK1,147.81450782778
JAK2,12.491313125313058
JAK3,4.1378349221232575
JMJD7-PLA2G4B,0.19276672646590834
KALRN,4.113232698277113
KANSL3,33.72887757696328
KARS,541.1147451380714
KAT2A,144.2719184299554
KAT2B,29.835272197673714
KAT5,21.00825658734271
KAT6A,15.523735201635258
KAT6B,6.16485449821941
KAT7,16.905398489701792
KAT8,32.004660320421294
KCNJ11,1.2104455241183436
KCNJ8,44.72487195601922
KDR,50.677729298920305
KDSR,30.8057271655547
KHK,1.666588056694283
KIT,7.893709076125955
KL,6.51992394353901
KMO,0.14600922458416044
KMT2A,8.572363104280608
KMT2B,0.3354345050980549
KMT2C,8.724151654418467
KMT2D,8.058141706303736
KMT2E,28.635827332322144
KMT5A,0.08744585611927874
KMT5B,0.052531638327043204
KMT5C,0.3350355754164824
KPNA6,57.14229399002496
KYAT1,0.41426786262502635
KYAT3,10.315561941178165
KYNU,1.1601788986746069
L1CAM,0.6632373012594716
L2HGDH,0.9604084790489856
LALBA,0.09996023381633702
LAP3,2170.088416522841
LARS,350.7084320355417
LARS2,3.839811326293064
LATS1,0.8615373718061727
LATS2,25.94847415653253
LBR,100.52717571427063
LCAT,20.294490026172706
LCK,0.7321253319956967
LCLAT1,0.6590147376377666
LCT,0.0005952676929611901
LDHA,5689.198695692599
LDHAL6A,0.005595488823108869
LDHAL6B,0.24275737364948446
LDHB,1063.5958840484604
LDHC,0.33868109117402123
LDHD,13.80291471426509
LDLR,1.5671805222691841
LGALS13,0.16621830202908744
LGMN,147.4915750996132
LGSN,0.004552281311058362
LHPP,51.70237551711804
LIAS,1.0991840927137797
LIMK1,9.435661588140622
LIMK2,18.056306938552105
LIPA,87.25249514948746
LIPC,0.13306230104279976
LIPE,1038.9011343219847
LIPF,1.3406968406403874
LIPG,2.49887181335802
LIPT1,3.5916811014402916
LIPT2,0.5536656316768394
LMTK2,4.264740577203172
LMTK3,0.1749780265771704
LOC102724197,0.3354345050980549
LOC286297,0.3354345050980549
LOC344967,0.3354345050980549
LOX,21.477466113992588
LOXL2,20.888871445147565
LPCAT1,2.398210396627855
LPCAT2,15.81998821308647
LPCAT3,38.80019971246884
LPCAT4,3.942609605189596
LPIN1,21.25751620188994
LPIN2,9.632086185146255
LPIN3,44.9772064367822
LPL,1372.6105346487477
LPO,0.0005621184168122754
LRAT,0.0004961335623040275
LRP1,17.787338493425224
LRP2,0.004328831200389764
LRRK1,0.26840989902214113
LRRK2,2.490067836248489
LRSAM1,12.081678843504598
LRTOMT,1.5419179815617776
LSS,218.88970921129854
LTA4H,553.3534671315281
LTC4S,1.1193264282750504
LTK,0.2653727601376588
LYN,10.595367040255429
LYPLA1,114.45008682238306
LYPLA2,72.89321860702623
LYZL1,1.4145390562382973
MACROD1,3.7125579071617127
MACROD2,0.1465030268876084
MAGEA2B,0.1626710879648594
MAK,0.046645267736634737
MAN1A1,5.322378682463086
MAN1A2,3.876929751733663
MAN1B1,1.6591810943077072
MAN1C1,3.109975730736962
MAN2A1,4.371013988483427
MAN2A2,63.64686071797552
MAN2B1,66.94396002191344
MAN2C1,174.2006886741953
MANBA,13.919659083337764
MANSC1,14.51609340845826
MAOA,2932.762033965565
MAOB,135.98425090125878
MAP2K1,511.23863337646884
MAP2K2,254.18986026232253
MAP2K3,11.548673663271535
MAP2K4,29.06461463091811
MAP2K5,8.71614633415012
MAP2K6,1.0556562705116281
MAP2K7,3.158492390068376
MAP3K1,5.126056372108919
MAP3K10,10.185690465098014
MAP3K11,55.55158146248071
MAP3K12,14.289441870666002
MAP3K13,1.454510128317863
MAP3K14,4.401371466080054
MAP3K15,0.001037206213746703
MAP3K2,13.418506857392783
MAP3K20,0.20179825659102824
MAP3K21,0.03839897316107535
MAP3K3,34.45855978807679
MAP3K4,12.125095608252813
MAP3K5,14.425326680341335
MAP3K6,81.12848655019879
MAP3K7,0.5821742002642832
MAP3K8,10.277309330348102
MAP3K9,0.35632069914860265
MAP4K1,0.8679863893867994
MAP4K2,10.069379670883274
MAP4K3,24.459107107554942
MAP4K5,42.86800433880855
MAPK1,247.32400354176704
MAPK10,3.21433235255698
MAPK11,22.54502338423396
MAPK12,5.259103465861265
MAPK13,12.552611229061498
MAPK14,61.92604176745924
MAPK15,0.2954068883405105
MAPK3,190.50843617670841
MAPK4,0.09452547672354952
MAPK6,10.519820627582654
MAPK7,17.836097375166084
MAPK8,6.557192284246517
MAPK9,6.957222575866271
MAPKAPK2,2.701657395562458
MAPKAPK3,17.778761778076316
MAPKAPK5,23.042823440596134
MARCH1,1.7612390192895246
MARCH10,0.0182836997897873
MARCH11,0.007982758707868126
MARCH2,82.46737295187964
MARCH3,2.9321096394758728
MARCH4,0.003423935154684151
MARCH5,15.268753806487721
MARCH6,39.49724700471714
MARCH7,67.27592956352724
MARCH8,13.7760083692574
MARCH9,4.786490083847916
MARK1,4.750649416609132
MARK2,20.521115028598047
MARK3,26.85457654182162
MARK4,14.679828447416348
MARS,99.87204114194542
MARS2,1.630044378940325
MAST1,0.00787205455391412
MAST2,13.116474389099661
MAST3,3.7246295877724918
MAST4,15.80143176889185
MASTL,0.13930861137820202
MAT1A,0.015233664106759194
MAT2A,242.41989228149833
MAT2B,162.3107035295348
MATK,2.2421654756076688
MBOAT1,11.00052963829546
MBOAT2,4.397993371332844
MCAT,12.733626047371155
MCCC1,51.98232159890238
MCCC2,29.677796582674915
MCEE,10.595367040255429
MDH1,3765.7982150922785
MDH1B,0.20222691733091086
MDH2,3674.6430035946223
MDM2,0.03009528305107116
MDP1,95.78143248137678
ME1,943.6408885914917
ME2,30.055006704040217
ME3,20.462465655556848
MECR,6.699290433026188
MED1,0.5523858934409145
MELK,0.06457969137141423
MERTK,13.391788453011964
MET,3.370956398002018
METTL1,14.501481318270905
METTL3,44.16140236203696
MGAM,0.044924816660292084
MGAT1,98.3306126675661
MGAT2,0.7698361789062382
MGAT3,9.370410389786556
MGAT4A,8.058141706303736
MGAT4B,35.40723356797168
MGAT4C,0.0064271986505496535
MGAT4D,0.02696149145334556
MGAT5,7.652522325603967
MGAT5B,0.08169494654716462
MGLL,113.99302203303128
MGMT,10.703494059242855
MGRN1,13.258394888627866
MGST1,1451.1918024843444
MGST2,45.3385202433916
MGST3,92.66420490774108
MIA3,9.492848351056864
MIB1,11.839261334971056
MIB2,18.315665905703856
MID1,4.474494860102123
MIF,10.422604674000553
MINK1,0.4190050660901112
MINPP1,9.697783431415798
MIOX,0.02082685993636673
MIP,0.016421764779971607
MKNK1,34.16622233055754
MKNK2,177.57320987382337
MKRN1,37.852573975601
MKRN2,22.76819189140773
MKRN3,0.26268239969107643
MLKL,38.14955637550871
MLYCD,17.96048132591887
MMAA,1.169897956313187
MOCS1,84.97825905377616
MOCS2,12.403873694304195
MOGAT1,0.6767942708451088
MOGAT2,0.0109282885492892
MOGAT3,0.06832763191888709
MOGS,101.00430265390224
MOK,1.5916022379981847
MOS,0.09191795284698573
MOXD1,0.7325584380901207
MPC1,68.23427073609467
MPC2,24.273190885660668
MPI,6.932744347241888
MPO,0.2919539918259451
MPST,4391.660046213977
MRPL58,13.330417578133794
MSMO1,36.75059366844187
MSRA,6.091506451324962
MST1R,0.5854046304297833
MT1A,50.467285216437
MT2A,653.109982781294
MT3,0.04296311390372691
MT4,779.4203044888476
MTAP,329.94825654795534
MTFMT,5.684831144834985
MTHFD1,436.343463117142
MTHFD1L,1.133555640174077
MTHFD2,14.748398604457954
MTHFD2L,0.7538580675438029
MTHFD2P1,0.004795902345087181
MTHFR,4.361550992784227
MTHFS,23.012268531508894
MTMR1,2.032710688092622
MTMR14,19.225707954248605
MTMR2,1.1762365266400754
MTMR3,0.8046148151201415
MTMR6,4.528540026147845
MTMR7,0.2603339241990206
MTMR8,0.3006050355841955
MTPAP,3.397067607392129
MTR,0.7794836610978553
MTRR,8.812330247197705
MTTP,0.028669242329889478
MUL1,23.481878330307875
MUSK,0.01571626888707501
MUT,0.3354345050980549
MVD,72.71755666052373
MVK,15.745794863871394
MYBBP1A,60.38741292312494
MYCBP2,0.4693107465421522
MYLIP,31.387276692531227
MYLK,1.302114645722179
MYLK2,0.004232031175161441
MYLK3,0.009273063548246656
MYLK4,0.6619698300872808
MYO3A,0.04125666890572135
MYO3B,0.11186219779394843
MYO5B,1.8359236731462514
NAA10,49.87426512069672
NAAA,4.91870593467654
NADK,42.707102083636094
NADSYN1,17.29326663827372
NAGA,12.719365910445356
NAGK,29.13141285505683
NAGLU,42.43428892272726
NAGPA,6.062228301427884
NAGS,0.19576844878986646
NAMPT,480.5795916922704
NANP,1.4110304471313995
NANS,128.4587159445469
NAPRT,25.164291606310147
NAPSA,0.5065003615135626
NARS,2553.1956139001486
NARS2,8.121003168148693
NAT1,3.882398153263954
NAT2,0.07672456450553738
NCOA1,26.25315766393165
NCOA2,0.5515593413919792
NCOA3,4.329700052734222
NCOA6,11.255657464044543
NCOR1,0.11540414548327858
NCOR2,1.371341197966722
ND1,0.7496282848946749
ND2,6.647572110665278
ND3,3.518721426725826
ND4,15.91921099634504
ND4L,0.3354345050980549
ND5,3.9860139175064595
ND6,2.1511623729121254
NDST1,21.507502737858278
NDST2,14.85315251918843
NDST3,0.019462942544334894
NDST4,0.024005586560330774
NDUFA1,382.14016650225796
NDUFA10,51.882078858034426
NDUFA11,50.97993029161977
NDUFA12,8.646476191643822
NDUFA13,447.1120104188423
NDUFA2,10.853095239920933
NDUFA3,6.015396292976838
NDUFA4,21.83538012088728
NDUFA5,12.002227631013657
NDUFA6,36.201857919776394
NDUFA7,3.275475922737095
NDUFA8,58.86218032350042
NDUFA9,22.329367152144147
NDUFAB1,83.09982983142865
NDUFB1,52.11946778964706
NDUFB10,154.02130476726475
NDUFB2,27.321128872038887
NDUFB3,82.86736443473804
NDUFB4,142.0286908849809
NDUFB5,113.25054308138628
NDUFB6,20.429128641857147
NDUFB7,215.15020116119626
NDUFB8,57.29490593101676
NDUFB9,12.144237518270293
NDUFC1,31.894194751952913
NDUFC2,38.72441435408477
NDUFS1,32.677473517634276
NDUFS2,38.92829677138402
NDUFS3,129.73727643858868
NDUFS4,98.03875608927653
NDUFS5,556.9003243532193
NDUFS6,11.347126088386075
NDUFS7,11.960606893544057
NDUFS8,49.96894354741639
NDUFV1,63.71507923374798
NDUFV2,85.5284384976991
NDUFV3,10.377488664118783
NEDD4,3.748737167465348
NEDD4L,3.2674064792518385
NEK1,3.5071251778091708
NEK11,1.7946978090344592
NEK2,0.5492251295220286
NEK3,7.621537087381335
NEK4,8.42123816632214
NEK5,0.03155432999160859
NEK6,0.724680282844049
NEK7,72.99827596382471
NEK8,0.9985780281260862
NEK9,2.904394304620449
NEU1,38.15241109510721
NEU2,12.299147843656849
NEU3,0.9701484125485575
NEU4,0.022017414609864273
NEURL1,0.14715923590013888
NEURL1B,23.96411443683331
NGLY1,13.480901109341245
NHLRC1,0.660702960444507
NIT2,843.1159754416689
NKTR,72.27667314697031
NLK,8.700141163108226
NLN,40.44721099698958
NME1,1956.1791749628546
NME2,281.45765578880633
NME3,86.870063561076
NME4,113.84809942556882
NME6,0.5100027297856649
NME7,0.959569940146012
NMNAT1,2.197689829511269
NMNAT2,8.081700556668963
NMNAT3,3.235195631364168
NMRK1,28.948016124815048
NMT1,85.36762861557038
NMT2,13.889114271096076
NNMT,184.53660676621908
NNT,12.386404101557485
NOL9,3.5531846754000886
NOS1,0.04699565737998942
NOS2,0.06739814692002524
NOS2P1,0.3354345050980549
NOS2P2,0.3354345050980549
NOS3,5.324880114698659
NOX1,0.020166679078812432
NOX3,0.09198887034239282
NOX4,1.885589706654899
NOX5,0.05078050254810085
NPAS2,3.353415736629957
NPC1,14.907991083286767
NPC1L1,0.38521956568285726
NPR1,108.91830921680317
NPR2,24.00526783481336
NQO1,360.7058793439051
NQO2,204.30353062012327
NR1D1,69.5708518145165
NRF1,1.7173959133270378
NSD1,8.034599923984826
NSD2,0.8117852405670956
NSD3,0.8238692165195934
NSDHL,937.2116141312815
NSF,52.97880367764229
NT5C,129.73642301448953
NT5C1A,0.006271087958258116
NT5C1B,0.02504493263092256
NT5C1B-RDH14,0.037698419756150243
NT5C2,51.700763674668245
NT5C3A,19.851513323092345
NT5DC3,3.225413981291209
NT5E,10.814362222616783
NT5M,0.8409870704298126
NTAN1,5.224411773866059
NTRK1,0.008623704015316624
NTRK2,15.431441685668705
NTRK3,2.9964314480289396
NUAK2,0.46968807069387886
NUDT10,0.1383083710001602
NUDT11,0.8770329710633862
NUDT12,4.21319587911138
NUDT2,26.495428779432928
NUDT3,16.30487523704838
NUDT4,14.289441870666002
NUDT5,141.09961411582466
NUDT9,14.91522108461772
OARD1,7.582849432264576
OAT,297.76743800037127
OBSL1,1.2699594270882282
OCRL,17.72147199784982
ODC1,4.161225717847422
OGA,13.207835039605774
OGDH,370.1990385980257
OGT,143.7152655019947
OLAH,0.11472496677862573
OPLAH,9.0216223636429
OTC,0.08870595166839199
OTUD5,48.056808039997044
OXCT1,370.6129927496545
OXCT2,10.335717992489785
OXSM,3.277834537617521
OXSR1,27.981907386988418
P4HA1,20.22542351644352
P4HA2,13.17076260934334
P4HA3,0.16926196787302936
P4HB,303.7884100856089
PADI1,3.493719279035716
PADI2,0.2417368799047858
PADI3,39.27618254461316
PADI4,0.4079099962541772
PADI6,0.0038491771425649816
PAFAH1B2,691.2324400277705
PAFAH1B3,137.6720604991253
PAFAH2,5.405785152303273
PAH,1.0237857162607364
PAICS,116.77170290991985
PAK1,21.361483496490035
PAK2,205.11119208953644
PAK3,0.7662702151196953
PAK4,0.2008425062891003
PAK5,0.1843105272396382
PAK6,0.3329696599349209
PAM,0.7006192127459706
PAN2,35.350586414679874
PANK1,3.5365348929390024
PANK2,7.606056166981942
PANK3,17.369201956081458
PANK4,10.085975203629568
PAOX,2.378191262639407
PAPOLA,6.2835669821565325
PAPOLB,0.001003940391850834
PAPOLG,3.800669289011707
PAPSS1,58.34006725056849
PAPSS2,45.4467595573515
PARP1,45.125450900352966
PARP10,3.247413088705302
PARP11,1.8719124726436511
PARP12,3.469809698581821
PARP14,18.904980147452676
PARP15,1.3492019465598781
PARP16,6.29742709032625
PARP2,13.353278135254788
PARP3,26.86629875129574
PARP4,4.450806190470943
PARP6,45.470871771786165
PARP8,3.7707278938827598
PARP9,10.12749366093974
PARS2,0.5702942717742797
PASK,1.2197754860783696
PBK,0.6468444438450802
PC,297.1512433015643
PCBD1,57.064448357149836
PCBD2,3.280902062793618
PCCA,16.28564585391469
PCCB,2.126434044560024
PCK1,438.08383050417973
PCK2,43.7907242169259
PCMT1,684.0572120009956
PCYOX1,133.2885664942955
PCYT1A,23.35111290924427
PCYT1B,0.012640373187602997
PCYT2,22.403291423856917
PDE10A,0.40753543776661755
PDE11A,0.034811296707605466
PDE1A,1.5398346101522347
PDE1B,33.97541311452345
PDE1C,0.38854701483070836
PDE2A,101.58458558003468
PDE3A,4.475851810783147
PDE3B,19.596680677745685
PDE4A,19.557548226529587
PDE4B,3.874469323064488
PDE4C,0.27756280200529143
PDE4D,1.2830886961631958
PDE5A,9.1105344301014
PDE6A,0.009562915852875397
PDE6B,0.28576426437300084
PDE6C,0.10562799241968514
PDE6H,1.0083333333333333
PDE7A,3.6013212601952818
PDE7B,2.066164830782814
PDE8A,46.3894780776446
PDE8B,15.727260048733692
PDE9A,7.575117763605249
PDF,1.0527223682565598
PDGFRA,20.839177476127727
PDGFRB,347.19007184623075
PDHA1,274.498373991298
PDHA2,8.963593332760542
PDHB,90.12679011552491
PDHX,19.397997715074332
PDIA2,0.2094669622763771
PDIA3,1639.412390125032
PDIA4,501.1206733124504
PDIA5,33.379914737292054
PDIA6,282.61101516353625
PDK1,0.33084494092159616
PDK2,35.79302954288123
PDK3,5.065480419410326
PDK4,3711.508618842387
PDP1,5.311425405344113
PDP2,2.513562210080347
PDPK1,1.164288643880264
PDPR,3.067891819827692
PDXK,19.303661229161335
PDXP,1.1599740795944224
PDZD4,0.8445747318450141
PEAK1,24.015558919755794
PECR,372.45123511137024
PEMT,59.590887108845486
PEPD,48.87502988604173
PEX11A,22.403291423856917
PFAS,77.92187066906834
PFKFB1,17.44521968858236
PFKFB2,2.111659536026735
PFKFB3,1043.8810122728278
PFKFB4,0.44081892259748906
PFKL,152.8422319912823
PFKM,11.195998027557236
PFKP,356.435160481108
PGAM1,34.796637927891666
PGAM2,92.14558842160893
PGAM5,24.325697157809177
PGAP1,1.7650087955260263
PGD,5356.322037603991
PGGHG,0.02991860446325157
PGK1,101.84956894040529
PGK2,23.296392096478
PGLS,1504.5970239772284
PGLYRP1,1.6005341735671694
PGLYRP2,0.018513582367533553
PGLYRP3,0.27111224790070876
PGLYRP4,0.34190432501560525
PGM1,568.9199443410826
PGM2,175.8643585014169
PGM2L1,1.303035887707698
PGM3,80.16925768001585
PGP,51.81423101877152
PGS1,23.38981322918392
PHEX,0.02459588771153375
PHGDH,267.7459048819578
PHKA1,0.25893437173432005
PHKA2,8.852484005714178
PHKB,11.847898088579218
PHKG1,0.8879194830109552
PHKG2,5.227348991377851
PHLPP1,5.137286804156233
PHLPP2,2.6765502889489543
PHOSPHO1,0.09832384174913002
PHPT1,41.91359669579755
PHYH,48.154620047111315
PHYKPL,18.85650196374487
PI4K2A,1.325387987427416
PI4KA,2.0119918820375395
PI4KB,1.5755511242603781
PIGA,2.7238379585620023
PIGB,3.489891361957464
PIGC,5.699234640252067
PIGF,2.0237030631395525
PIGG,9.68134874053323
PIGH,14.652507667214778
PIGK,5.555608071076638
PIGL,7.699058557112863
PIGM,3.499463105132169
PIGN,3.769427427198173
PIGO,9.492848351056864
PIGP,2.0824248055749646
PIGQ,10.814362222616783
PIGS,17.830000736235075
PIGT,11.551633600352819
PIGU,1.2469452070397429
PIGV,7.160539875975973
PIGW,1.4812698817340375
PIGX,1.1751487867225756
PIGY,0.3354345050980549
PIGZ,8.160353005573914
PIK3C2A,2.980389953571061
PIK3C2B,7.213953902695215
PIK3C2G,0.14577699016884976
PIK3C3,0.09119988119134478
PIK3CA,13.749115049940698
PIK3CB,0.7288834894486744
PIK3CD,4.403398631621414
PIK3CG,0.3237402757813345
PIK3R1,6.184568597670732
PIK3R2,12.58767209731452
PIK3R3,49.29528890756124
PIK3R4,29.103213488012514
PIK3R5,3.6857832046533
PIKFYVE,9.207775385256259
PIM1,36.7162872203992
PIM2,3.3237622203077333
PIM3,125.79870694268537
PIN1,468.05818924029137
PIN4,4.455508272018919
PINK1,54.376315223476276
PIP4K2A,13.964625608973453
PIP4K2B,10.769668919606042
PIP4K2C,17.90304671342913
PIP5K1A,0.6116087217924923
PIP5K1B,0.09369999595621373
PIP5K1C,19.450034114501833
PIP5KL1,0.24833937997473163
PIPOX,0.07958989296831981
PISD,3.100705702883171
PJA1,40.548554656900095
PJA2,80.33610193080646
PKLR,0.07350469699244702
PKM,227.65738312228424
PKMYT1,0.8013319325194553
PKN1,114.59914855923911
PKN2,8.798027257343348
PKN3,12.6139836539316
PLA2G10,0.006225901546698766
PLA2G12A,1.0824047240175552
PLA2G12B,1.1304561412675453
PLA2G15,10.50305075695411
PLA2G16,399.4052653779834
PLA2G1B,0.03281148579243561
PLA2G2A,854.1854808391569
PLA2G2C,0.0014683640396907169
PLA2G2D,0.004884471174506006
PLA2G2E,0.47980109448733343
PLA2G2F,10.052790918098353
PLA2G3,0.2589942902388873
PLA2G4A,25.260773181213274
PLA2G4B,35.883955540757896
PLA2G4C,1.3572713540678338
PLA2G4D,0.039819800975995516
PLA2G4E,0.06295316428342254
PLA2G4F,1.389667776670465
PLA2G5,1.783887599961628
PLA2G6,47.51972538860016
PLA2G7,2.9211178831018376
PLB1,4.1684721160943
PLCB1,1.5335886904937441
PLCB2,10.09427551072991
PLCB3,2.9777587505774425
PLCB4,3.189576141006352
PLCD1,53.27000391401742
PLCD3,7.270588196687182
PLCD4,1.389667776670465
PLCE1,1.7828074703872572
PLCG1,5.817779315886231
PLCG2,9.13482065648645
PLCH1,0.0005373885186167136
PLCH2,1.281098180538084
PLCL1,3.474590108668645
PLCL2,8.026756460461927
PLCXD2,0.03603742761203599
PLCZ1,0.0006835976506695558
PLD1,4.333932088332917
PLD2,22.362837324166104
PLD3,28.134952662176033
PLD4,0.009120942099603867
PLD6,6.128153261307096
PLG,0.0004192201624441723
PLIN1,4241.207378113652
PLIN2,436.8155826477332
PLIN3,26.759391379915712
PLIN4,4999.443924005066
PLK1,0.6878135633505357
PLK2,16.16425298661228
PLK3,15.87568992850441
PLK4,0.6619698300872808
PLOD1,18.987992634564737
PLOD2,35.34980415459238
PLOD3,23.81176184085702
PLPBP,1.3790311261442316
PLPP1,5.389883230682263
PLPP2,2.123055391477898
PLPP3,4.2032094621878
PLPP4,0.019762828557283812
PLPP5,0.0656688155578048
PLPP6,0.050042688733332445
PLPP7,1.1305815492037874
PLPPR2,0.3307009692228308
PLPPR3,0.9307949846236876
PLPPR4,0.11900942508124815
PLPPR5,0.012456429933028047
PLTP,212.50571540903465
PLXNB3,14.898847843033337
PMM1,20.83723576701863
PMM2,31.010187314427718
PMPCA,24.77947799355069
PMVK,303.98264942550037
PNCK,0.10056759945572386
PNKP,30.821368920844108
PNLIP,0.010171663012167657
PNLIPRP1,0.003311064195539389
PNLIPRP2,0.003934264499056248
PNLIPRP3,4.9506815344826185
PNMT,1.260244169320625
PNP,823.8093874017904
PNPLA2,2993.9066058085373
PNPLA3,2.1999652483103675
PNPLA4,2.9449462807289986
PNPLA6,0.8356544303485294
PNPLA7,17.207938143957215
PNPLA8,12.974933676343273
PNPO,4.00198527678724
PNPT1,4.432950094470906
POLA1,3.4947748634177116
POLA2,1.9226303529205608
POLB,8.893850115597552
POLD1,0.9349351709653155
POLD2,4.532162444017825
POLD3,0.4719989169712033
POLD4,61.0651882331242
POLE,0.08201488941369493
POLE2,0.3315455740377214
POLE3,31.05644354720093
POLE4,10.220909663649554
POLG,32.64722159614911
POLG2,5.555608071076638
POLH,4.68946218237039
POLI,9.903798175246811
POLK,7.8468831573483575
POLL,8.30240168189301
POLM,14.461616427572382
POLN,0.8806581065996368
POLQ,0.13573607403701873
POLR1A,0.7562160900468152
POLR1B,0.40353518742086814
POLR1C,10.562580365958013
POLR1D,34.74023475937624
POLR1E,18.477501805002987
POLR2A,3.3979591450086546
POLR2B,13.829316516716219
POLR2C,92.40194187370109
POLR2D,15.766879180078805
POLR2E,203.92345116254293
POLR2F,3.7980633594679873
POLR2G,18.201502365001865
POLR2H,219.01838268343218
POLR2I,27.60680929076968
POLR2J,19.715778526898738
POLR2K,38.12932588487007
POLR2L,543.0588166989121
POLR3A,0.21621710499204053
POLR3B,1.368697092991866
POLR3C,1.0462467243977651
POLR3D,5.334799509768679
POLR3E,15.30246048550003
POLR3F,5.713647168350826
POLR3G,0.894216918498598
POLR3GL,124.71362416247138
POLR3K,5.562767767152926
POLRMT,7.89833942467377
POMGNT1,15.922145082591431
POMT1,8.62022491799952
POMT2,5.9818942371479995
PON3,1.9135675920006312
POR,167.21443880997117
PPA1,1367.0265814298739
PPA2,112.5317874572282
PPARA,3.991429842506277
PPAT,3.9604498951130567
PPCDC,2.9958172297620504
PPCS,100.84994077467668
PPEF1,0.011790916985559926
PPEF2,0.009629434999434465
PPIA,323.6412848324827
PPIAL4A,0.0039401904388615926
PPIAL4C,0.3354345050980549
PPIAL4E,0.3354345050980549
PPIAL4G,14.599809906673197
PPIB,2502.9350532050116
PPIC,31.180965649671773
PPID,664.4430446841742
PPIE,7.1570804534730526
PPIF,107.14795288753156
PPIG,14.091676102242857
PPIH,457.2530571756391
PPIL1,35.52957555639763
PPIL2,0.9526191360901924
PPIL3,50.08992254271916
PPIL4,5.941929427881365
PPIL6,0.27416308434512493
PPIP5K1,3.6663979545826915
PPIP5K2,2.764103001923624
PPM1A,2.836412168174676
PPM1B,26.843996274725875
PPM1D,16.257612131103514
PPM1E,0.028824476393155454
PPM1F,29.47798444372143
PPM1G,22.05445563258717
PPM1K,5.091000607304601
PPM1M,47.91018256536684
PPOX,6.684297207693227
PPP1CA,142.87427453350097
PPP1CB,304.93627786384025
PPP1CC,58.805692018162276
PPP1R1A,815.4804234264939
PPP1R1B,49.2214978704055
PPP1R2,117.20580892904314
PPP1R3A,0.003975792449706557
PPP1R3B,18.85650196374487
PPP1R3C,4.262059106613315
PPP2CA,118.45295502252345
PPP2CB,81.05890201036216
PPP2R1A,325.6628503088216
PPP2R1B,81.79450934349197
PPP2R2A,155.66620379583316
PPP2R2B,0.11647865119591146
PPP2R2C,0.1421314434048892
PPP2R3A,2.4094348943719184
PPP2R3B,11.572299668744586
PPP3CA,688.5622302681355
PPP3CB,39.11349006022743
PPP3CC,23.809945340124074
PPP3R1,285.716927477303
PPP3R2,0.004793413278173702
PPP4C,66.4588149881959
PPP5C,32.15913428308512
PPP6C,265.07056574558516
PPT1,5.1995207204259914
PPT2,50.219982297242694
PPWD1,30.108305131312918
PRAG1,0.3354345050980549
PRDX1,10911.154739743397
PRDX2,5137.569258677939
PRDX3,93.32649610972433
PRDX6,2388.3512590471355
PREP,120.83865584525135
PRKAA1,44.87329255168758
PRKAA2,0.5299528527793814
PRKAB2,14.226138272197923
PRKACA,615.6534965141943
PRKACB,33.571800480433666
PRKACG,5.25292276820224
PRKAG2,16.660568764392988
PRKAR1A,36.939799884804394
PRKAR1B,6.011075866104859
PRKAR2A,40.37557694664189
PRKAR2B,1320.6793732189697
PRKCA,1.9565539745274445
PRKCB,0.9414629542009261
PRKCD,6.678018797201154
PRKCE,1.8560778781733491
PRKCG,0.004720130339127002
PRKCH,15.792155572517176
PRKCI,5.564411677776501
PRKCQ,0.15122929792695256
PRKCSH,287.67855990247057
PRKCZ,0.30582557037502933
PRKD1,0.500445550182212
PRKD2,39.62537218337367
PRKD3,19.196495654922796
PRKDC,1.3317073379374986
PRKG1,2.894292324272357
PRKG2,0.7200242232416936
PRKN,0.21524163632635238
PRKX,5.007808634337422
PRKY,7.191050124082106
PRODH,3.291659066207992
PRODH2,0.0010817106185136986
PRPF19,306.35407239562704
PRPF4,209.88443780943246
PRPF4B,55.3579997929971
PRPS1,490.53501082473593
PRPS1L1,1.6993128857058533
PRPS2,10.831253933629446
PRRT2,10.04449908595245
PSAP,73.18578945538854
PSAT1,106.91784063914186
PSKH1,9.846005880096842
PSKH2,0.11813839957802594
PSPH,527.4557786597308
PSPHP1,0.3354345050980549
PTDSS1,13.463066856973775
PTDSS2,14.844017632921865
PTEN,19.957684522170428
PTGDS,16.28564585391469
PTGES,93.29040033425123
PTGES2,40.77187454152173
PTGES3,3803.553055767241
PTGIS,63.66117145774344
PTGR1,259.03722063653964
PTGS1,3.3376003388815048
PTGS2,0.16043526954326948
PTK2,2.538248551279157
PTK2B,8.54049198163939
PTK6,2.551856873722079
PTK7,0.7652033886503689
PTP4A2,3.999510295156079
PTP4A3,19.420737609935472
PTPDC1,3.0167181482171355
PTPMT1,21.847519994158315
PTPN1,31.541849064978493
PTPN11,35.19018364459464
PTPN12,15.997422693580612
PTPN13,12.58767209731452
PTPN14,5.974604335884675
PTPN18,32.61390810390301
PTPN2,10.839412376201121
PTPN21,13.28504709600047
PTPN22,0.3723473831559255
PTPN23,18.31113794446699
PTPN3,2.7870048395697284
PTPN4,2.513562210080347
PTPN5,0.013824850810996084
PTPN6,10.36913118820764
PTPN7,0.6279774193889144
PTPN9,0.6620839707525883
PTPRA,0.7285192843834
PTPRB,16.820549545005267
PTPRC,5.8655211922807275
PTPRD,0.049488624870737484
PTPRE,3.9637547646334412
PTPRF,92.85125555972105
PTPRG,6.766862843966124
PTPRH,0.034040227263635606
PTPRJ,0.7805837159045824
PTPRK,5.742499276664178
PTPRM,63.22782900911463
PTPRN,0.0034732506487411287
PTPRN2,2.8027014743808456
PTPRO,0.49467710202253157
PTPRQ,0.4530808429653742
PTPRR,0.01802802586953719
PTPRS,87.06830942025081
PTPRT,0.02801182677925733
PTPRU,8.097415926763468
PTPRZ1,0.02165491062167575
PTRH1,0.10060703846786108
PTRH2,264.2849823602482
PTS,9.378560646121857
PUS1,5.438021590908673
PXDN,5.257432183860416
PXDNL,0.03820815910457067
PXYLP1,0.3900283303635837
PYCR1,1.166980128439792
PYCR2,243.43632944242165
PYCR3,18.52640291410028
PYGB,541.7626834561314
PYGL,220.8517352315969
PYGM,2.9829258646149337
PYURF,0.10191985535099887
QARS,407.5834985001693
QDPR,838.9643476950778
QPCT,4.129851836787585
QPRT,3.082728723762799
QTRT1,33.62815060271918
QTRT2,3.0803803903498332
RAD1,1.7217421357257054
RAD18,2.3087147215275468
RAD9A,9.118628057286328
RAF1,0.6264967705943487
RAG1,0.18144521134493735
RALBP1,43.74295126814464
RARS,297.4221671477571
RARS2,19.877348482469493
RBBP6,0.4778733135778545
RBKS,0.8173149654754251
RBP1,78.33089641450873
RBP2,0.0475224580476094
RBP4,2399.2861102297347
RCHY1,6.091506451324962
RCL1,13.782966674922884
RDH10,18.54697471358788
RDH11,256.13619157119274
RDH12,6.72179587902427
RDH13,2.4762059701472645
RDH14,24.79333264574725
RDH16,0.2536529607572276
RDH5,86.74267899727299
RDH8,0.022144642749307965
REG3A,15.598236131061894
RENBP,27.736323221238226
RET,0.4762943899494777
REV3L,11.96031778066624
RFC5,27.936312873222747
RFK,11.991780157807153
RFWD3,7.191050124082106
RGL1,35.65674790134222
RHAG,0.007621142115110429
RHBG,0.03984083961462095
RHCG,22.80882648509486
RING1,56.84770834618986
RIOK1,1.099201122585818
RIOK2,0.1945177834394905
RIOK3,36.020451709959524
RIPK1,15.500735285135633
RIPK2,3.373409065097374
RIPK3,25.873021915532043
RIPK4,1.1752519957945586
RIPOR1,1.8350848174091228
RNF103,15.625415450144143
RNF115,19.528211623210716
RNF123,11.623851695474343
RNF125,11.400871155496972
RNF126,38.71907838345264
RNF128,0.2974834481759639
RNF13,45.4467595573515
RNF130,24.252555259662994
RNF133,0.023279385602997662
RNF138,11.598068579124364
RNF139,24.541849320865353
RNF14,22.150751289570362
RNF144A,14.625199513964652
RNF144B,13.107616946519908
RNF146,61.5845970709895
RNF149,33.11449387954682
RNF152,7.917147917941197
RNF167,94.7847475841262
RNF180,2.977405216932763
RNF182,2.962083404727117
RNF185,30.510506366491384
RNF187,55.64029403566048
RNF19A,35.57730985567471
RNF19B,25.833135676561138
RNF2,9.300857104101746
RNF20,2.507147672715391
RNF216,11.059929587278774
RNF217,9.313407850914231
RNF25,19.95957243129299
RNF31,16.73580660763054
RNF40,2.287758320474478
RNF41,28.56059735403011
RNF5,46.58344805706333
RNF8,3.7518820237210524
RNGTT,5.116303039725653
RNMT,44.455206457326874
ROCK1,11.096599831352119
ROCK2,25.850158215640185
ROR1,0.7612829628485033
ROR2,0.03056548018112359
RORA,8.868558175674087
ROS1,0.16602267687961664
RPAP2,0.9373167396156795
RPE,110.79672553111894
RPE65,0.011728131313476612
RPIA,57.5946977830562
RPL14,2572.61595037259
RPN1,515.6286795559902
RPN2,320.11655278583936
RPP14,25.211638829804333
RPS6KA1,15.612825860407499
RPS6KA2,14.44280849246593
RPS6KA3,3.529332307301256
RPS6KA4,0.9429445319845333
RPS6KA5,2.346793271407187
RPS6KA6,0.2523219526269695
RPS6KB1,3.2035731163389634
RPS6KB2,42.742718350828405
RPS6KC1,0.5349435583806005
RPUSD4,1.7299512108221344
RRM1,20.534546272886253
RRM2,2.9472935746867233
RRM2B,6.631886621002622
RTCA,16.51034575973996
RWDD2A,2.085231441295163
RXRA,31.850035058471494
RYK,53.84759961449373
SACM1L,24.852748301980647
SAE1,266.4890758324206
SAP130,0.9447971857538491
SARDH,0.08726098546042516
SARS,241.7512253392331
SARS2,13.7760083692574
SAT1,319.91966118131495
SAT2,227.477632483845
SBK1,0.368689632499087
SC5D,17.113251628074288
SCARB1,35.27131820671108
SCARF2,14.379996316656413
SCD,117.48908467626799
SCD5,2.6015570836853743
SCLY,2.310442209318833
SCP2,190.1423693328646
SDC1,5.91416139508926
SDHA,252.98935510542233
SDHB,192.97544752865178
SDHC,19.608937494044483
SDHD,3.6121924911190444
SDR16C5,4.548597017308006
SDR42E1,0.9184860733029538
SDR42E2,0.04468653701107456
SDR9C7,5.5986005067944395
SDS,0.2974834481759639
SDSL,1.401865122730445
SEC11A,410.6340954869925
SEC11C,1.9294781235887932
SELENOI,0.1784505883933933
SEPHS1,619.5485450122223
SEPHS2,51.484364969734685
SERPINA1,1.1123679500624335
SERPINA3,1.6026376056494265
SETD1A,0.3168111913667421
SETD1B,13.847787533828622
SETD2,0.07455818210274592
SETD5,33.81847533880689
SETD7,7.333209786355648
SETDB1,0.35346106371106945
SETDB2,4.0000056063462965
SETMAR,19.90061306529255
SFXN3,2389.0852850239894
SGK1,58.651531894675685
SGK2,3.3092747624841663
SGK3,7.259815572500818
SGMS1,10.544987866955195
SGMS2,1.445275396407664
SGPL1,36.59026844583126
SGPP1,10.704725753660238
SGPP2,0.11012611340656947
SGSH,22.110410835043712
SH3RF1,15.634667266795303
SH3RF2,2.303534181531135
SH3RF3,2.1874576772682275
SHMT1,367.0820420301442
SHMT2,310.8310618438293
SHPK,6.282662307967441
SHPRH,1.4084830383302995
SI,0.18373547314711697
SIAE,13.641672286770753
SIAH1,6.011075866104859
SIAH2,19.92026138094882
SIK2,96.24858405279512
SIK3,3.373836224906208
SIN3A,4.94499739540805
SIN3B,0.2770104883961293
SIRT1,16.360460949718103
SIRT2,55.045327015168574
SIRT3,7.397831420841372
SIRT5,5.288076781597282
SIRT6,6.8874052294825425
SIRT7,14.552439594147044
SLC10A1,0.0010998141525190353
SLC10A2,0.058748703153154044
SLC10A6,4.511848131310117
SLC11A1,4.418947919564202
SLC11A2,9.248367887611558
SLC12A1,0.002391145849842712
SLC12A2,3.29850463430288
SLC12A3,0.3836436624241189
SLC12A4,0.7356855278911639
SLC12A5,0.011535396060641922
SLC12A6,0.12968915436520093
SLC12A7,2.2641090261437222
SLC13A1,1.3898493503991496
SLC13A2,0.006518365103160725
SLC13A3,0.1678177985484074
SLC13A4,0.18858857007517646
SLC13A5,0.048492025077269796
SLC14A1,0.05280134172757186
SLC14A2,0.03191227284891538
SLC15A1,0.031753063537167565
SLC15A2,0.5784498673146058
SLC15A3,29.585738175044654
SLC15A4,13.391788453011964
SLC16A1,5.687800327559964
SLC16A10,0.446939454544489
SLC16A2,10.444408514272212
SLC16A3,6.231053359225055
SLC16A7,1.0736245255655343
SLC16A8,0.27858474003215283
SLC17A1,0.004757357864075217
SLC17A2,0.014797084619435076
SLC17A3,0.0014637257161795167
SLC17A4,0.009018905146448155
SLC17A5,17.103790106230424
SLC17A6,0.03561924497624714
SLC17A7,5.405785152303273
SLC17A8,0.023326127399307364
SLC18A1,0.0005090804694899498
SLC18A2,6.5050313696415785
SLC18A3,0.06214561646399096
SLC19A1,1.783347514895252
SLC19A2,26.211079951777425
SLC19A3,208.27487177744212
SLC1A1,5.130968936166979
SLC1A2,0.11829402128587992
SLC1A3,31.2004482951431
SLC1A4,1.3796265074894087
SLC1A5,110.92927929270517
SLC1A6,0.8253357387752692
SLC1A7,1.5009013053019504
SLC20A1,23.38981322918392
SLC20A2,17.217413917363
SLC22A1,0.11543660520817105
SLC22A10,0.007115838712072908
SLC22A11,0.0020226938693515403
SLC22A12,0.022618789565910676
SLC22A13,0.0020619726771747664
SLC22A16,0.005259259246025974
SLC22A18,2.793039419364601
SLC22A2,0.6215418871526734
SLC22A3,3.3168314781496484
SLC22A4,0.2553191591805849
SLC22A5,4.92078973293967
SLC22A6,0.0022322533173518024
SLC22A7,0.0005657783237628933
SLC22A8,0.6796964855365107
SLC22A9,0.003924787598389353
SLC23A1,0.23364416686312106
SLC23A2,9.804777082794907
SLC24A1,2.1715645707739797
SLC24A2,0.01372783827104407
SLC24A3,7.084405300898506
SLC24A4,0.09640692304694497
SLC25A1,1335.7005676702902
SLC25A10,18.672566899455003
SLC25A11,978.674350512112
SLC25A12,356.51027418091013
SLC25A13,185.01535058827108
SLC25A14,1.9300727788780727
SLC25A15,1.5774417502207765
SLC25A16,10.069379670883274
SLC25A17,6.013157158527822
SLC25A18,4.37706355259107
SLC25A19,2.4765833886936415
SLC25A2,0.7617097541989009
SLC25A20,35.07899362130247
SLC25A21,0.020791039988457504
SLC25A22,5.064398181636862
SLC25A26,6.557192284246517
SLC25A27,16.015156249723614
SLC25A28,49.45526346583935
SLC25A29,11.709897811612183
SLC25A3,2017.2243761336522
SLC25A37,12.948437242241964
SLC25A4,208.7873057241202
SLC25A5,2586.5891056283544
SLC25A6,981.4154237396382
SLC26A1,0.7823442571811019
SLC26A11,14.616099604256005
SLC26A2,4.579277457696764
SLC26A3,0.16226921407916228
SLC26A4,0.09304254785389697
SLC26A6,8.612243361348613
SLC26A7,0.23022475376005797
SLC26A8,0.050155806822329854
SLC26A9,0.012105103873154933
SLC27A1,6.364656632104045
SLC27A2,2.6962783842127425
SLC27A3,48.20354453891076
SLC27A4,4.244766523715851
SLC27A5,0.911620553472273
SLC27A6,11.221556729208753
SLC28A1,0.016777372486152655
SLC28A2,0.0006161290916340962
SLC28A3,0.34657343234086113
SLC29A1,233.42791444179946
SLC29A2,8.644180583008604
SLC29A3,4.7183125456134025
SLC29A4,10.461155130640494
SLC2A1,9.472046395737939
SLC2A10,2.641963974020016
SLC2A11,2.0214743018043895
SLC2A12,0.11153616945154982
SLC2A13,1.8234229428773254
SLC2A14,0.07946502292919169
SLC2A2,0.7271472329221568
SLC2A3,114.59914855923911
SLC2A4,17.740563495897632
SLC2A5,0.23475407944014248
SLC2A6,1.3336015094677025
SLC2A7,0.02769435809366143
SLC2A8,11.221556729208753
SLC2A9,0.22087831283573867
SLC30A1,40.70097465922452
SLC30A6,7.0996160617383515
SLC30A7,24.247514486972648
SLC31A1,11.796101010683262
SLC32A1,0.0020418062961016837
SLC33A1,493.05041050040194
SLC34A1,0.011104199911723829
SLC34A2,0.0009172671173842705
SLC34A3,0.047258875682777396
SLC35A1,25.843615726133365
SLC35A2,5.5412955426367025
SLC35A3,8.136737442456441
SLC35B2,0.7488700202718258
SLC35B4,2.103778709930947
SLC35C1,25.728393198481935
SLC35D1,5.3418875937899815
SLC35D2,15.44066489326188
SLC36A1,4.004625215175178
SLC36A2,0.0030402863804801636
SLC36A4,3.7382496472065148
SLC37A1,2.0214743018043895
SLC37A4,8.588309698437234
SLC38A1,3.7401963759864776
SLC38A2,304.17467145214226
SLC38A3,3.12982901411079
SLC38A4,0.1272493087459108
SLC38A5,1.220267028468441
SLC39A7,26.00442961960445
SLC3A1,0.01744275713630432
SLC3A2,72.19062105019344
SLC40A1,134.87794715564402
SLC41A1,9.74712893858954
SLC41A2,4.672310203949116
SLC43A1,11.787473638605906
SLC43A2,1.9449574418680569
SLC46A1,3.3812355438898436
SLC47A1,0.3712491180391326
SLC47A2,0.021060061554588765
SLC4A1,0.09291274422011274
SLC4A10,0.012687877392827507
SLC4A2,21.6779066178741
SLC4A3,0.6396775622741602
SLC4A4,0.9887678170149781
SLC4A5,0.41466659893418634
SLC4A7,1.0429913044620074
SLC4A8,0.07213638347281791
SLC4A9,0.01229336596314421
SLC51A,0.6304800799468369
SLC51B,0.1807407747566256
SLC52A1,0.01355042317308743
SLC52A2,24.324798983773338
SLC52A3,0.611770577645015
SLC5A1,0.8320345221700713
SLC5A10,0.34298041653323674
SLC5A11,0.04390891726577455
SLC5A12,0.00680868911843465
SLC5A2,0.024670588481981382
SLC5A3,0.1255683507315296
SLC5A5,0.006976181287765701
SLC5A6,31.4312764837772
SLC5A7,0.01283065456004165
SLC5A8,0.14717176974451576
SLC5A9,0.1391397666829972
SLC6A1,1.08841199652496
SLC6A10P,0.0003914356983807286
SLC6A11,0.00516777268155189
SLC6A12,0.1960182904722697
SLC6A13,0.001425829372466735
SLC6A14,0.3354345050980549
SLC6A18,0.002634987930938257
SLC6A19,0.1185497404542115
SLC6A2,1.0107571852780068
SLC6A20,0.043270739804743864
SLC6A3,0.11152113387915114
SLC6A4,0.11083058533319237
SLC6A5,0.000528366467325224
SLC6A6,1.2716321296802793
SLC6A7,0.07211200734330579
SLC6A8,30.54327384184578
SLC6A9,3.1074962746244377
SLC7A1,3.8463446572677777
SLC7A10,41.47697926963709
SLC7A11,0.10608375245665834
SLC7A2,24.676453033942543
SLC7A3,0.002420515190550099
SLC7A5,1.350888342338927
SLC7A6,21.798392173838593
SLC7A7,2.8323428844775744
SLC7A8,37.61082686319566
SLC7A9,0.15366512236910718
SLC8A1,0.4786314843414477
SLC8A2,0.05623517862098116
SLC8A3,0.22332687650146577
SLC8B1,15.625415450144143
SLC9A1,8.668152722676853
SLC9A2,0.46968807069387886
SLC9A3,0.21360495768685064
SLC9A4,0.00043212230611923034
SLC9A5,1.4110304471313995
SLC9A7,0.5013684487256093
SLC9A8,6.172201262418774
SLCO1A2,0.1835430545458555
SLCO1B1,0.5745214485775751
SLCO1B3,0.04767210311424515
SLCO1C1,0.18843389942394453
SLCO2A1,2.771932566406434
SLCO2B1,26.738250508748386
SLCO3A1,11.546544980270468
SLCO4A1,29.03428468890901
SLK,31.538971921842816
SMARCD3,17.711928160796038
SMG1,1.5258007207676798
SMPD1,23.738084293915257
SMPD2,10.635655213359025
SMPD3,1.8212510665333177
SMPD4,9.634407597729101
SMS,155.31221148743546
SMURF1,24.036144370522948
SMURF2,8.247088317940712
SMYD3,3.060312939691529
SNRK,59.9134330144042
SOAT1,5.813390382415368
SOAT2,0.044059855743460496
SOD1,2506.074316102036
SOD2,81.39304275663542
SOD3,456.78879271175714
SORD,0.9613350410118732
SPCS1,131.72948549596555
SPCS2,204.76219108729714
SPCS3,321.16577527864115
SPEG,1.8207081977590318
SPHK1,3.470767401987424
SPHK2,1.147542879172212
SPR,495.2086414643527
SPRYD3,71.56071631017412
SPTLC1,25.8599803397421
SPTLC2,6.236491586372757
SPTLC3,1.123430967905385
SQLE,0.518277737858041
SRC,5.6995531308078995
SRD5A1,2.217619514357868
SRD5A2,0.007912894211472142
SRD5A3,3.8071860513765303
SREBF1,22.869812045550432
SRM,378.2547797537629
SRMS,1.6142187114632782
SRPK1,4.551635140229866
SRPK2,9.92032565331138
SRPK3,0.33796584634297877
SSH1,9.0781777560859
SSH2,10.452780990774547
SSH3,31.04679758069189
SSR4,158.51544025131167
SSU72,182.32151781154298
ST3GAL1,15.054471787881502
ST3GAL2,5.165389519648013
ST3GAL3,7.5056209077120775
ST3GAL4,9.094352524550292
ST3GAL5,7.730121535184769
ST3GAL6,2.475411686605856
ST6GAL1,14.153876753729204
ST6GALNAC1,0.2316886854313394
ST6GALNAC2,15.091147391661066
ST6GALNAC3,3.035806222621122
ST6GALNAC4,9.533748437618316
ST6GALNAC5,0.0035308132822328034
ST6GALNAC6,318.7466327541396
ST8SIA1,0.27212825241717975
ST8SIA4,2.5642596208841053
ST8SIA5,0.010646770743809956
STAMBP,10.699853747548165
STAMBPL1,1.6363853508597217
STARD3,49.61536645314883
STK10,1.1741725552001125
STK11,34.59369280330544
STK16,1.4512914194478794
STK17A,20.61096404393561
STK17B,17.759660090227392
STK19,8.645104155957647
STK24,58.49747218812327
STK25,3.4316389165856873
STK26,0.629690691282171
STK3,15.586695815642955
STK31,0.02383346165762471
STK32A,0.41730158218303054
STK32B,1.4478391362582752
STK32C,4.135838792405401
STK33,0.050914615026346054
STK35,7.459378075813192
STK36,11.375211690282404
STK38,26.65901120065597
STK38L,31.861073559307748
STK39,47.81619429737756
STK4,1.7147949539111527
STRA6,0.007529137917500201
STS,12.342756851352236
STT3A,7.618546406725005
STT3B,50.54153479887204
STUB1,104.6053767699288
STYK1,0.1761937867378731
STYXL1,13.30282260515242
SUCLA2,293.7240606021126
SUCLG1,595.845001994308
SUCLG2,1081.3453342694047
SULT1A1,4.715563002216673
SULT1A2,0.6388400638980751
SULT1A3,0.3251559867018007
SULT1B1,0.044491814945228504
SULT1C2,0.02063003971846984
SULT1C4,2.5719449783468327
SULT1E1,1.6852012244088843
SULT2A1,0.0011458326081532882
SULT2B1,12.421349390634585
SULT4A1,0.03183264350996061
SUOX,12.168550960003317
SUV39H1,2.612831688201068
SUV39H2,1.7995676820340063
SYK,7.4516778321651485
SYNJ1,0.09561418639619086
SYNJ2,0.03134651684465915
SYVN1,1.0176512809156573
TAF1,11.366661722311
TALDO1,370.9390186848045
TAOK1,5.542172473527257
TAOK2,35.554621343525376
TAOK3,10.23563917227186
TARS,195.94668464767358
TARS2,1.3076955937179244
TARSL2,10.63713761213633
TAT,0.01598412262477772
TBCB,79.62247463015647
TBK1,1.0237509654844166
TBL1X,11.75893708924002
TBL1XR1,13.341256402037672
TBXAS1,2.9345536416483844
TCIRG1,99.34497916594295
TDO2,0.025195060845760345
TECR,189.3299778229511
TECRL,0.11400593534832566
TENT2,0.15316461371698084
TENT4A,0.45357387630786017
TESK1,83.72749540449081
TESK2,3.3793369293465396
TFRC,52.477158995764576
TGDS,13.991622777046347
TGFBR1,10.544987866955195
TGFBR2,429.8565659692345
TGM1,6.003777157981579
TGM2,25.717924757192584
TGM3,48.020141256139354
TGM4,0.0023712674130601666
TGM5,0.852660790330464
TGM6,2.734641030202871
TGM7,0.01438308791538765
TGS1,8.628208307729711
TH,0.0011266738576505004
THNSL1,0.8396426744327249
THTPA,7.508757596657405
TIAM2,0.543586436730322
TICRR,0.8396426744327249
TIPARP,26.833417041649106
TK1,4.028404067283085
TK2,29.174606735864486
TKFC,17.655218887752373
TKT,289.01067848263887
TKTL1,0.06439485161014835
TKTL2,0.007903031566052928
TLK1,8.94903731530769
TLK2,0.4099328371397285
TM7SF2,112.52648414369428
TMEM91,6.751832226103199
TMLHE,2.6580506212176567
TMX3,17.340716544167226
TNFRSF21,9.574692082667513
TNIK,1.1306605788093504
TNK1,1.3502099696887047
TNK2,28.689593061445347
TNKS,5.720856816063359
TNKS2,28.2708851798033
TNNI3K,0.40080801822486084
TNS2,1.434061794943761
TOPORS,9.862509403943164
TP53RK,4.662026503091864
TPH1,0.29713710446805924
TPH2,0.08567194949607831
TPI1,5689.385371802216
TPI1P2,0.07749855726951237
TPK1,1.3754710299612047
TPMT,5.4841371639046175
TPO,0.5005800752848936
TPP1,76.36223974723718
TPSAB1,151.0534313813747
TPSB2,59.810171355439365
TPSD1,32.29231326620968
TPST1,12.605211621319954
TPST2,20.324107823214682
TPTE,0.3354345050980549
TPTE2,0.006002509028275334
TRAF7,41.54770502636852
TRDMT1,0.7412338717770389
TREH,0.031316258901832095
TREX1,3.5654356539493763
TREX2,1.2498490798710895
TRHDE,1.485913633448577
TRIB3,2.335815439921685
TRIM11,1.9659541486034862
TRIM32,1.989967725700604
TRIM33,6.726090605719395
TRIM63,1.2286307542126491
TRIO,1.5252457369601378
TRIP12,14.963165422632212
TRIT1,10.797477051986993
TRMT1,8.590415264219656
TRMT11,8.0659927612171
TRMT1L,5.039227805798368
TRMU,5.377362979047663
TRPM6,0.18402369346700673
TRPM7,10.949678610684645
TSSK1B,0.20447763106973466
TSSK2,0.0231714118888251
TSSK3,4.788559851373088
TSSK4,0.7542943261801119
TSSK6,0.35198030588199786
TST,37.86409531789302
TSTA3,128.88173740289497
TTC3,55.2476908511046
TTK,0.025217840748182844
TTL,1.0147541968067035
TTLL10,0.6159161495308065
TTN,0.12272359905079441
TUSC3,2.245118886580217
TUT1,0.461110466784556
TUT4,0.6950417161591614
TUT7,0.1907089895411479
TXN,1064.059681474294
TXN2,39.90831741092208
TXNRD1,147.2869606816321
TXNRD2,3.837851864216649
TXNRD3,1.1298141202279715
TYMP,135.19380519146745
TYMS,21.989512728781605
TYR,0.8571612871753037
TYRO3,26.390025706577156
TYRP1,8.207634986974625
UAP1,50.83388851142648
UAP1L1,26.558720597498723
UBA1,394.62019347872763
UBA2,331.6240467695686
UBA3,79.62591150734062
UBA6,67.77001439858357
UBA7,47.92239711023697
UBE2A,57.73839590750614
UBE2B,67.58170077992291
UBE2C,2.587320832989086
UBE2D1,19.80244367792441
UBE2D2,40.318391937040154
UBE2D3,1353.459256405586
UBE2D4,8.724151654418467
UBE2E1,55.4249101406752
UBE2E2,4.755846183938116
UBE2E3,10.986212363769713
UBE2F,1.4894163764951678
UBE2G1,18.0939594583002
UBE2G2,15.082886332846629
UBE2H,330.09254350254764
UBE2I,360.0501382281992
UBE2J1,10.810681279409533
UBE2J2,14.452541871199484
UBE2K,529.8934890754716
UBE2L3,1659.8369956367455
UBE2L6,36.11897553857108
UBE2M,152.03523754922367
UBE2N,15.634667266795303
UBE2NL,0.3354345050980549
UBE2O,12.229453146317613
UBE2Q1,6.492475674935389
UBE2Q2,3.4300397384448855
UBE2QL1,2.517679344818609
UBE2R2,29.691766968313512
UBE2S,10.814362222616783
UBE2T,0.9052733280256517
UBE2U,0.003223929054796708
UBE2W,6.120819539900756
UBE2Z,76.47173266512253
UBE3A,25.132090448568032
UBE3B,9.126723466346945
UBE3C,5.6964699198613475
UBE4A,0.9305944986419896
UBE4B,4.235312030561633
UBLCP1,77.70829897108747
UBR1,1.0358402882252438
UBR2,4.731516137622818
UBR3,0.06342344058335227
UBR4,8.4429413677449
UBR5,1.012765547400668
UBR7,16.369818812906985
UCK1,18.358082019625403
UCK2,3.7169523158840674
UCKL1,43.23021045572313
UCP1,0.004332471740479373
UCP2,35.28263953434636
UCP3,0.6409343197868091
UEVLD,10.102577510712065
UGCG,24.966987327449875
UGDH,65.12218284104678
UGGT2,4.336624699463422
UGP2,3801.6617614516213
UGT1A1,0.003968665697238088
UGT1A10,0.14272264379251745
UGT1A3,1.0114790584917612
UGT1A4,0.0951329295757727
UGT1A5,0.4044927492424471
UGT1A6,0.17846484523713252
UGT1A7,0.817507176308654
UGT1A8,0.1293154038699776
UGT1A9,0.11549856641655931
UGT2A1,0.3354345050980549
UGT2A3,1.2389146853275619
UGT2B10,1.2536713325042186
UGT2B11,0.23720441855058141
UGT2B15,0.6704297803167216
UGT2B17,0.6033232516115735
UGT2B28,0.6936387983112186
UGT2B4,0.0021349758953935313
UGT2B7,0.1550237091590488
UGT3A1,0.006092151251673394
UGT3A2,1.9174156568760323
UGT8,0.018305095001500547
UHMK1,23.359144803798014
UHRF1,0.22215812653755745
UHRF2,13.098760987978343
ULK1,28.86181126825483
ULK3,38.22168750836332
ULK4,1.1538723107046307
UMPS,145.09486090190154
UPB1,0.02199925401071135
UPP1,4.1936342469285295
UPP2,0.010728755048671467
UPRT,2.704896659880059
UQCR10,39.78645319503174
UQCR11,58.86995500830944
UQCRB,100.09517712345756
UQCRC1,996.7652269596188
UQCRC2,2664.446445984855
UQCRFS1,342.3774075615191
UQCRH,65.05560124956486
UQCRQ,90.5744078690881
UROC1,0.0036454748350633376
UROD,56.46566145313169
UROS,9.44382587746781
USP1,15.634667266795303
USP10,5.3307006546399265
USP11,28.6788379149864
USP12,27.098207603236787
USP13,9.558309403655613
USP14,121.18297344198452
USP15,9.382565083685
USP16,32.51401826239849
USP17L2,0.7544524097088302
USP17L22,0.04998256910149056
USP17L30,0.050968258904732194
USP17L5,0.050968258904732194
USP17L9P,0.3354345050980549
USP18,6.849679067722653
USP19,1.4177371934006644
USP2,4.966688581349595
USP20,11.144924023489782
USP21,21.377419283790744
USP22,43.75489329297043
USP24,3.6007516463559375
USP25,0.33613004937048757
USP26,0.08118014005684498
USP28,6.467836926036411
USP29,0.08228852752006045
USP3,0.8750088286395024
USP30,0.45068284692300326
USP31,4.679855154228665
USP32,0.6103097898964754
USP33,50.35596162359315
USP34,13.47198325132249
USP35,5.31000961132443
USP36,15.625415450144143
USP37,1.4745686104415547
USP38,7.660273503810281
USP4,3.4849451206657314
USP40,0.8095424328842667
USP41,0.0015393109271607903
USP42,3.1497135766073034
USP43,0.028398083951403662
USP44,0.10750776667098672
USP45,2.9351647210850333
USP46,2.2650589250624478
USP47,6.011349728481151
USP48,0.5809828796484278
USP49,2.0532915021595044
USP51,0.2974834481759639
USP6,2.0214743018043895
USP7,41.55346021177524
USP8,0.9923502277181981
USP9X,6.02899149390395
USP9Y,5.148523327639983
UST,8.326135449066179
UXS1,7.784556267979154
VARS,111.74201876519487
VARS2,89.35419983798828
VKORC1,69.03544807341162
VNN1,5.082596108046169
VNN2,4.305012741666672
VNN3,0.16443014923033433
VRK1,31.971953303730245
VRK2,4.15682766873969
VRK3,8.796281427771062
WARS,647.1833564883323
WARS2,10.089690947548831
WDYHV1,5.093802872109766
WEE1,4.109246579055232
WEE2,0.0020629822852628378
WNK1,6.423871763196398
WNK2,0.4381477853278457
WNK3,0.18642605012044722
WNK4,0.264699532959925
WWOX,2.3873476945242933
WWP1,42.26844126237593
WWP2,0.20641807214832208
XDH,0.48948111512654474
XPO6,0.33731176535769897
XPO7,31.486297708656952
XYLB,0.6733986564248557
XYLT1,6.371379642526521
XYLT2,6.482708356034689
YARS,781.8017288657752
YARS2,28.899192997711513
YES1,34.582426710504215
ZADH2,12.473813057868805
ZAP70,1.6756223350806962
ZC3HAV1,1.8532766744042035
ZNRD1,9.781181218894101
ZNRF1,6.925182706467888
ZNRF2,3.591819424782643
ZSWIM2,0.0038421073988690268
