A4GALT,6.388276408769249
A4GNT,0.012573041206388767
AACS,82.15914490103742
AADAC,0.1928827681946058
AADAT,6.437047869240203
AAK1,71.96462344718218
AANAT,0.7780447499763059
AARS,1227.9315728689232
AARS2,12.695887695290935
AASDH,3.9666403261799017
AASDHPPT,18.87593426420174
AASS,1.5699360663474973
AATK,78.51837859777328
ABAT,150.7808552486909
ABCA1,1.173803572302926
ABCA3,81.16696914840209
ABCA4,0.11231366578234754
ABCA8,0.9338015563389817
ABCB1,8.877710514219535
ABCB11,0.0011486366986876145
ABCB4,0.10903608865568298
ABCB6,116.62412897844857
ABCC1,0.23657510516550304
ABCC11,0.14648878798254739
ABCC2,0.031204651318313587
ABCC3,0.07776191471048806
ABCC4,0.9764320511952913
ABCC5,31.98120608016433
ABCC8,31.119125802897383
ABCC9,3.2724189487253597
ABCD1,1.8078934671588807
ABCD2,2.1093791154411754
ABCD3,37.04412737135073
ABCG2,8.782302458729838
ABCG5,0.03362023641142792
ABCG8,0.20199078144905513
ABHD12,65.55257628417776
ABHD5,3.5489043786529066
ABHD6,15.378026192133062
ABL1,28.970128764667948
ABL2,2.3293190443639307
ABO,0.3193068914333601
ACAA1,65.01195530345683
ACAA2,66.13173569392642
ACACA,37.59916874500938
ACACB,5.266063931430732
ACAD10,4.383563314826603
ACAD11,2.0225554864751234
ACAD8,37.46038642156334
ACAD9,269.5244460190717
ACADL,0.7167426584350713
ACADM,30.358471515023172
ACADS,23.254869079531897
ACADSB,104.68122983078126
ACADVL,818.6558913880631
ACAT1,22.83864977799882
ACAT2,24.828877821852142
ACE,1.3633727006683682
ACE2,0.007287972701698579
ACER1,0.006347953114267876
ACER2,0.6212322361210311
ACER3,5.0867797696852755
ACHE,28.66671258785462
ACLY,42.1463618797629
ACMSD,0.0026961846651991756
ACO1,15.774516274362052
ACO2,501.96787017359037
ACOT1,5.997440833433591
ACOT11,0.5861426069165894
ACOT12,0.012904615394984281
ACOT13,13.171940072566663
ACOT2,8.695777665370876
ACOT4,1.855967929194725
ACOT6,0.11919659195743965
ACOT7,149.66252816355382
ACOT8,55.914927319605326
ACOX1,5.427465536576447
ACOX2,5.224313326020547
ACOX3,5.435458223606482
ACP1,5268.290510941474
ACP2,6.593405117702774
ACP4,0.0036202735317779565
ACP5,0.14300400553503487
ACP6,4.839767518902239
ACP7,0.44999467512671487
ACPP,0.08567755175326289
ACSBG1,37.01463954352088
ACSBG2,0.011301921720429263
ACSF2,9.629916941111485
ACSF3,5.257418145413079
ACSL1,15.299955480390857
ACSL3,11.3866819840348
ACSL4,2.3754669182485424
ACSL5,4.296521286105027
ACSL6,19.85989785633062
ACSM1,0.09454305074883383
ACSM2A,0.0585122933778039
ACSM2B,0.0004765233632020569
ACSM3,0.002714692190370599
ACSM4,0.0013929346396361574
ACSM5,0.9249884424855546
ACSS1,27.20925035983424
ACSS2,16.622330657592673
ACSS3,13.018914111120159
ACVR1,5.342609626810445
ACVR1B,35.24782555593883
ACVR1C,0.7973859433711278
ACVR2A,2.5788282823131077
ACVR2B,1.5210707096503528
ACVRL1,3.7633297996667463
ACY1,157.79988227947013
ACY3,5.2900717799559605
ACYP1,28.620113665242233
ACYP2,8.766919809726936
ADA,2.755895396505525
ADCY1,50.8013782275736
ADCY10,0.13021429052417885
ADCY2,68.68586587318066
ADCY3,14.698751665376275
ADCY4,3.190850100989654
ADCY5,41.86067635737843
ADCY6,16.742258118433952
ADCY7,1.490753526252182
ADCY8,4.630404105746636
ADCY9,8.163820138937112
ADH1A,0.0024720089814767457
ADH1B,0.4968056691776996
ADH1C,0.3354345050980549
ADH4,0.008120923868270511
ADH5,487.8484058083813
ADH6,0.004935920266777421
ADH7,0.11332845673771044
ADHFE1,21.17395670788815
ADI1,35.346788913989826
ADK,7.815066510542645
ADO,23.845823184325898
ADPGK,46.2247582691602
ADPRH,5.5557931488101255
ADSL,186.13161634251733
ADSS,78.03770212765545
ADSSL1,1.704448824825736
AFMID,14.467871955617523
AGA,19.40023084391868
AGK,15.221997579372893
AGL,0.26757841861014975
AGMAT,0.6283191815246693
AGPAT1,22.026938838223998
AGPAT2,24.784141210463734
AGPAT3,47.94658480250842
AGPAT4,1.0279407178257791
AGPAT5,10.474717357529824
AGPS,17.89670484289732
AGT,878.8081563260719
AGXT,1.1981950333722313
AGXT2,0.07273189725255508
AHCY,3281.620016906067
AHCYL1,214.0500613493677
AHCYL2,24.604952471202193
AICDA,0.02460038993500046
AK1,870.506862216677
AK2,317.4505723429034
AK3,67.25691927472097
AK4,438.3908149752517
AK5,76.3560164475228
AK7,0.17596885291310818
AKR1A1,105.19110342171578
AKR1B1,147.35882136634748
AKR1B10,0.0018553120182141418
AKR1B15,2.0793115605776
AKR1C1,0.6267423355039534
AKR1C2,0.20336411440254973
AKR1C3,9.161155706250343
AKR1C4,0.0024867814297894423
AKR1C8P,0.3354345050980549
AKR1D1,3.5763124860476507
AKR7A2,537.5105998962405
AKR7A3,3.06279976884158
AKT1,3.5061264521606996
AKT2,1.7294092849422928
AKT3,18.528855657904323
ALAD,818.2607843220306
ALAS1,42.172360599355066
ALAS2,0.02870294262413536
ALB,0.0736935057210737
ALDH18A1,109.72276456632235
ALDH1A1,32.173684122668554
ALDH1A2,0.13759098955071422
ALDH1A3,1.3565002681801517
ALDH1B1,3.9241448629613
ALDH1L1,99.51794681722225
ALDH1L2,0.8778105268591466
ALDH2,4781.355543485495
ALDH3A1,0.08451435579483876
ALDH3A2,112.22407037061589
ALDH3B1,1.5709587430069132
ALDH3B2,0.0022183912888139885
ALDH4A1,170.4947638289055
ALDH5A1,82.57920281818461
ALDH6A1,163.04560058747657
ALDH7A1,125.62590172435067
ALDH9A1,1225.2550501890478
ALDOA,8111.2079598875225
ALDOB,0.20571631670712734
ALDOC,2972.6266466072166
ALG1,1.927119592682771
ALG10,0.19059363386125217
ALG11,0.26908497338907134
ALG12,3.163374846483978
ALG13,6.67647383993083
ALG14,0.7093850186816689
ALG1L,0.672118399591368
ALG1L2,0.005583853159900616
ALG2,49.030071815793306
ALG3,1.3672172232405393
ALG5,15.116195890495117
ALG6,1.2815590909678676
ALG8,8.095352822558134
ALG9,2.7235628093796267
ALK,0.3839657152375259
ALLC,0.03355149624962994
ALOX12,0.18549595743882527
ALOX12B,0.20468269797740776
ALOX15,0.18465945344069515
ALOX15B,0.527918456635922
ALOX5,5.845457194855202
ALPG,2.1334538652401167
ALPI,0.09522613776587274
ALPL,30.76190451277838
ALPP,0.003097479693447655
AMACR,172.18733686189537
AMD1,68.775457424463
AMDHD1,0.32924458522069205
AMDHD2,12.505759706412897
AMFR,0.46028788560407946
AMHR2,0.004290172839205997
AMN,0.011339795497186642
AMPD1,0.005482863753652846
AMPD2,30.451559534821904
AMPD3,5.668921364114898
AMT,17.89363936257913
AMY1A,2.6438139326066277
AMY1B,0.0032506358881362074
AMY1C,2.6438139326066277
AMY2A,0.14057371587462003
AMY2B,9.883993779099423
ANAPC11,81.98208390252076
ANGPTL4,77.62046591333039
ANKRD1,0.34550928377865914
ANPEP,1.0495779696615912
ANXA3,85.75635380039571
AOAH,2.472344447153181
AOC1,0.0006200678941595391
AOC2,1.8688480380258519
AOC3,0.2730619741357078
AOX1,0.054009950843382774
APOA1,0.3219789382086905
APOA2,0.019483432431641717
APOA5,0.11645175048604357
APOB,0.011799621529437077
APOC1,36.41466813130969
APOC2,3.5617979373729916
APOC3,46.87519708233557
APOE,4471.4619492928705
APRT,429.456687270015
AQP1,194.59869195826357
AQP10,0.0033342412549092764
AQP2,2.053743019254548
AQP3,0.3386722186672958
AQP4,1731.9719527835864
AQP5,0.32963863039281033
AQP7,0.07515789372696136
AQP8,0.22075068105331758
AQP9,0.7183806101703347
ARAF,0.6922492635599968
ARCN1,150.3130512872137
ARG1,0.07528749608656506
ARG2,3.6810377264598033
ARSA,36.42962564883901
ARSB,1.6990389139578241
ART1,0.01635284797606082
ART3,6.574779539330569
ART4,0.6605953935056178
ART5,0.013410505544820948
AS3MT,5.276155771671045
ASAH1,90.27099234660724
ASAH2,0.004872187736934218
ASH1L,0.027759782560300816
ASL,133.57985150323483
ASMT,0.020896498744919674
ASNS,1089.8411181708561
ASPA,3.7463066854870997
ASPG,0.05670282548566249
ASPH,205.18402490859054
ASRGL1,59.09458638403504
ASS1,229.48937605704464
ATE1,5.609503482805031
ATIC,529.0624872062891
ATM,0.8063841474572642
ATP10A,3.363449788875633
ATP11A,4.116390379287647
ATP11C,0.4411395230831562
ATP1A1,79.73436749439578
ATP1A2,2924.067331609895
ATP1A3,792.7010250030011
ATP1A4,0.05854537303259177
ATP1B1,325.9509241699637
ATP1B2,4651.0465663553905
ATP1B3,51.18944663979866
ATP1B4,0.0028281902277378485
ATP2B1,55.976085067177856
ATP2B2,98.45814452969046
ATP2B3,19.004180719872302
ATP2B4,47.94658480250842
ATP4A,1.3909606000200787
ATP4B,0.2703572249398832
ATP5F1A,124.53265572432873
ATP5F1B,167.30632217246165
ATP5F1C,21.50971022167614
ATP5F1D,155.46511749348954
ATP5F1E,125.55773209538297
ATP5MC1,4.311892001287344
ATP5MC2,2.868050998110428
ATP5MC3,5.997867959791037
ATP5ME,117.38991896387836
ATP5MF,1.481717785000078
ATP5MG,179.57272888452187
ATP5MGL,23.718922705117464
ATP5PB,5.524565248774745
ATP5PD,6.7181129554220975
ATP5PF,4.959033242795014
ATP5PO,42.13932100131758
ATP5S,0.3354345050980549
ATP6V0A1,8.044100395892015
ATP6V0A2,0.4827850101461508
ATP6V0A4,0.09380635951097788
ATP6V0B,176.04558598901502
ATP6V0C,2726.1845628049646
ATP6V0D1,851.9949562420969
ATP6V0D2,0.1314675993445951
ATP6V0E1,111.79566727699145
ATP6V1A,407.7514995199367
ATP6V1B1,0.03232103364981655
ATP6V1B2,1720.636422507906
ATP6V1C1,60.77445345451526
ATP6V1C2,0.4953305181131582
ATP6V1D,79.40773703539784
ATP6V1E1,563.9283542704587
ATP6V1E2,1.337896286971262
ATP6V1F,121.50984620356151
ATP6V1G1,60.42542263563201
ATP6V1G2,961.0630318367532
ATP6V1G3,0.2330917175245828
ATP6V1H,60.852457363739816
ATP7A,0.23620079881231498
ATP7B,2.257586949453073
ATP8A1,14.988803245039701
ATP8B1,0.337283019558285
ATP8B2,10.84438893426495
ATR,0.028321271414823157
AUH,4.924116766067295
AURKA,0.017811954381639773
AURKB,0.054646500301465346
AURKC,0.46203804091573664
AWAT1,0.0633604788899994
AWAT2,0.6905945531355334
AXL,0.09095531641940723
AZIN2,0.7963414524148358
B3GALNT1,13.143909641135197
B3GALNT2,0.44178174542496473
B3GALT1,4.8190808166359576
B3GALT2,8.86906968039395
B3GALT4,3.5463272587324797
B3GALT5,0.10635769527429555
B3GALT6,19.462017523325432
B3GAT1,162.66418985943855
B3GAT2,5.0098762900317855
B3GAT3,105.03318553429092
B3GLCT,0.7866139610071975
B3GNT2,2.8668728986320473
B3GNT3,1.2406923297536334
B3GNT4,2.656849119990784
B3GNT5,0.22722606581762472
B3GNT6,0.3354345050980549
B3GNT7,2.2553201856154166
B3GNT8,0.027143825793081083
B3GNT9,4.9956714188865865
B3GNTL1,1.94013751168876
B4GALNT1,54.3718915695675
B4GALNT2,0.006589234700763346
B4GALNT3,5.274713744770181
B4GALNT4,339.58969249125875
B4GALT1,2.3350392502374477
B4GALT2,89.32415349950423
B4GALT3,24.87363730409095
B4GALT4,2.312182329214888
B4GALT5,21.90460876294008
B4GALT6,3.257316187461394
B4GALT7,24.293553095658297
B4GAT1,2.277812689362301
BAAT,0.33734913516768733
BARD1,0.4113968642138233
BBOX1,35.668630178290954
BCAP31,2092.068865894823
BCAT1,1.748570483010407
BCAT2,22.05590670900745
BCHE,1.539343840459895
BCKDHA,9.798855875825979
BCKDHB,8.543292427796935
BCKDK,30.666843289308513
BCO1,0.06461878427195712
BCR,1.6293203954585296
BDH1,20.81127967853576
BDH2,42.71938200847007
BHMT,0.023558860480841177
BHMT2,7.899019718811367
BIRC6,3.001619660406264
BLK,0.0035558560677881644
BLVRA,630.8529380494938
BLVRB,650.1592844685466
BMP1,5.793561683255107
BMP2K,0.25442043501688205
BMPR1A,2.4898089023371193
BMPR1B,8.629385751561022
BMPR2,12.551832465876293
BMX,0.01740470516104997
BPGM,11.47315448373081
BPNT1,5.484968094168649
BRAF,5.6092975886907475
BRAP,0.31848864099336377
BRPF1,5.511230674161278
BRSK1,580.7661764252662
BRSK2,117.94465487654927
BSCL2,547.6729760524408
BSG,215.06474310538596
BTD,1.9727907319310591
BUB1,0.06338841327939862
BUB1B,0.014055220419906844
C1GALT1,2.611847464781276
CA1,0.00192216823116482
CA12,0.3143057724198074
CA13,12.834966466096759
CA14,0.8978191533865427
CA2,58.266506512364316
CA3,0.7580070196786931
CA4,17.50743678942811
CA5A,0.28144212048409417
CA5B,0.4989374574683524
CA6,0.0010278019888874878
CA7,13.460695344810834
CA8,6.5533003588697145
CA9,0.20273434256201497
CAD,38.743196768544365
CALM1,4368.363131010507
CAMK1,43.229577742586464
CAMK1D,67.70254939850861
CAMK1G,100.8139200126191
CAMK2A,3462.226942265588
CAMK2B,182.1975023965867
CAMK2D,352.20554892245156
CAMK2G,52.34585748209424
CAMK4,5.565326393470422
CAMKK1,128.1238049862313
CAMKK2,213.46193299577675
CANT1,12.062272586633405
CARM1,26.315837100379156
CARNS1,9.916747338645484
CARS,11.79148838714928
CARS2,18.5256742615126
CASK,15.493499377738193
CAT,112.62000986701729
CBLC,0.009877710509248173
CBLL1,6.292565844582431
CBLL2,0.027434690025870352
CBR1,96.80866602138877
CBR3,172.5141023854447
CBR4,50.46608992083162
CBS,51.37792277611635
CBSL,0.3354345050980549
CBX1,248.20912451092545
CCNB1IP1,17.446676340693468
CD36,0.029567733166649568
CD38,0.4567697253926309
CDA,39.91202815416247
CDC14A,1.7422478367645529
CDC14B,7.1087432353237965
CDC25A,0.17767539863940562
CDC25B,58.295005771446895
CDC25C,0.031508014321698995
CDC34,14.913566385391642
CDC42BPA,3.1333757356254677
CDC42BPB,6.1321088348854325
CDC42BPG,0.012293008193451518
CDC7,3.916191429941195
CDIPT,224.40374688569986
CDK1,0.21003890085719035
CDK10,82.13910128432967
CDK11A,14.544716636843425
CDK11B,16.462808431375542
CDK12,2.056198954515448
CDK13,10.275569162056357
CDK14,25.187592571149057
CDK15,0.43740773339117117
CDK16,159.35663896473378
CDK17,13.933210298948657
CDK18,34.45958053229879
CDK19,8.66090391733376
CDK2,1.6596098174017193
CDK20,23.49680976453438
CDK3,9.99098713595067
CDK4,4.984271108401301
CDK5,177.51543727574324
CDK6,4.44493162267884
CDK7,101.48317368660776
CDK8,4.637353922927921
CDK9,111.31031439447315
CDKL1,1.0331942146541848
CDKL2,1.1851186477543905
CDKL3,1.1540764963157282
CDKL4,0.01776229445917799
CDKL5,0.36510069986491067
CDKN3,1.089932857093584
CDO1,47.75793786808605
CDS1,12.268790183315838
CDS2,26.796817274778412
CDY1,0.256335927830294
CDY1B,0.256335927830294
CDY2A,0.04923577690024244
CDY2B,0.04923577690024244
CEL,2.9240446942258367
CEPT1,1.3222306979590954
CERCAM,18.693798640972428
CERK,31.31012124493716
CERS1,141.8642093540279
CERS2,30.54813418448901
CERS3,0.020181996510419086
CERS4,41.49787495128197
CERS5,30.358471515023172
CERS6,4.940381910459609
CES1,0.17328096375117155
CES2,33.165250024579755
CES3,1.488738545266877
CES5A,0.025476244789873974
CFTR,0.002078136937262184
CH25H,1.5069011523762124
CHAT,0.014545141103376102
CHD9,2.509644027115543
CHDH,11.88397655692527
CHEK1,0.28556412454866953
CHEK2,0.46877447566586894
CHFR,4.5541516956055
CHI3L1,2329.5406976023173
CHIA,0.34819723870797287
CHIT1,0.04714090536706793
CHKA,13.134720528241306
CHKB,49.21865401853033
CHMP4A,80.91662984677943
CHPF,103.42006598985755
CHPF2,10.04633713152885
CHPT1,30.003758825757195
CHST1,222.74315689046523
CHST10,39.49307461151012
CHST11,9.970253260622705
CHST12,15.397561467621717
CHST13,0.2662367513199828
CHST14,0.47573722263541024
CHST2,31.52538670215004
CHST3,7.878007576354183
CHST4,0.02226550981150046
CHST5,2.338473282845238
CHST6,1.6347314023430015
CHST7,16.6622793068208
CHST8,4.132528063243349
CHST9,0.06829674175475998
CHSY1,4.765755992203742
CHSY3,1.454602528139926
CHUK,0.6881240365095
CHURC1-FNTB,3.2507362769424972
CIDEA,1.02684253564482
CINP,1.0799695701116492
CIT,98.06154938868441
CKB,9603.89893553921
CKM,2.9106353872538233
CKMT1A,12.047689609752322
CKMT1B,67.22724028979064
CKMT2,4.014602489080193
CLC,1.416608020365395
CLCF1,0.28534370846433704
CLK1,4.893504079626542
CLK2,30.453260977014736
CLK3,0.9329450421879558
CLK4,0.839489820529351
CLOCK,3.771193998871144
CLPS,0.02601811172497073
CLTRN,0.5786685643266595
CLYBL,0.9916590589948506
CMA1,0.7504889198679588
CMAHP,1.170038729276726
CMAS,126.48767081918359
CMPK1,548.7592398988088
CMPK2,0.7780447499763059
CMTR1,24.293553095658297
CNDP1,5.477679250042039
CNDP2,111.17908170119937
CNOT4,7.340488032530116
CNP,137.5187303832783
COASY,886.9453535386463
COL4A3BP,3.0783072765888613
COLGALT1,39.87642206524347
COLGALT2,8.704086793904601
COMT,99.20201275010466
COMTD1,356.7723057462453
COP1,0.4785008438550989
COPA,296.60524129826837
COPB1,87.43901605952203
COPB2,45.32678127397369
COPE,594.017114662146
COPG1,163.82792403456546
COPG2,88.65420913287734
COQ2,1.4506013197819858
COQ3,13.321721194908012
COQ5,2.8485615536643434
COQ6,7.256690912251596
COQ7,0.2060993163107148
COX1,7.766401376158287
COX17,40.92957265122425
COX2,5.3369352212394165
COX3,0.33446363282071023
COX4I1,1186.6125204993543
COX4I2,3.2108743622271434
COX5A,449.9395573750797
COX5B,1213.7192830726497
COX6A1,50.84897617724585
COX6A2,2.0341545952438187
COX6B1,146.8125361502562
COX6B2,0.054561322617729245
COX6C,181.1769334123031
COX7A1,115.51538471384774
COX7A2,110.79361083037057
COX7A2L,36.115727573964975
COX7B,105.87614975400108
COX7B2,0.01373747230000504
COX7C,339.95629740274603
COX8A,1944.2781476998248
COX8C,0.20842215540095274
CP,0.28579645484534455
CPA1,0.019695813210495416
CPA2,0.01627443228316587
CPA5,0.0026191803912669715
CPA6,0.05651024032218487
CPOX,73.2415290632394
CPS1,0.38953283773847014
CPT1A,0.4043032243427295
CPT1B,27.600405644810106
CPT1C,73.81441571302034
CPT2,48.736952748927756
CRAT,21.73998532079786
CREBBP,0.20026970763389595
CRLS1,11.562068264028282
CROT,8.37043930169216
CS,5353.490395967066
CSAD,19.066430781221698
CSF1R,71.116405094958
CSGALNACT1,14.371978661767102
CSGALNACT2,7.675177115412211
CSK,32.29414906274011
CSNK1A1,22.9497202945845
CSNK1A1L,0.0054869755256623555
CSNK1D,89.35632310679215
CSNK1E,4.790454207424651
CSNK1G1,1.9076394069499825
CSNK1G2,102.31516437604492
CSNK1G3,4.799415256081042
CSNK2A1,319.18625468449056
CSNK2A2,246.60999100989753
CSNK2B,594.6388962167448
CTBP1,99.67284254980986
CTDP1,1.229002798392566
CTDSP1,30.121864989583777
CTDSP2,119.44400592958327
CTDSPL,17.547977016507357
CTDSPL2,1.1669763625413845
CTGF,0.3354345050980549
CTH,2.2768804810814167
CTPS1,5.359984155084641
CTPS2,2.4956381281411764
CTSA,286.240738558555
CTSB,410.58459393099537
CTSC,2.04847576560509
CTSD,1416.4516272588692
CTSE,0.0010150379866588064
CTSF,217.0120029943318
CTSG,0.01256263776334538
CTSH,84.0299328797133
CTSK,4.394513150628401
CTSL,3.0383456574857344
CTSO,8.13934875690356
CTSS,3.502597599387842
CTSV,0.0536955954382652
CTSW,0.12295426528984883
CTSZ,10.266279609317273
CUBN,0.14445743774689926
CWC27,13.06924469389319
CYB5D1,16.105484601283283
CYB5R1,17.487176650931183
CYB5R2,0.7036773232865781
CYB5R3,3611.577430598862
CYBB,6.905566885796039
CYBRD1,15.612912716510227
CYC1,768.8996557981694
CYLD,3.7968146702859054
CYP11A1,1.4137388918601472
CYP11B1,0.007509532880013777
CYP11B2,0.08105018928386314
CYP17A1,0.06649611056522767
CYP19A1,0.0026141804046748793
CYP1A1,0.02867653458511484
CYP1A2,4.881250664873969
CYP1B1,2.2848383945734634
CYP21A2,0.4700814910523396
CYP24A1,0.008891499996305988
CYP26A1,0.04061752279550048
CYP26B1,5.672493731921799
CYP27A1,48.35153736208231
CYP27B1,0.043068311250432485
CYP2A13,0.004902033112176529
CYP2A6,0.022080452563291084
CYP2A7,0.008778532664775523
CYP2B6,0.02889595120271605
CYP2C18,0.014311624114922716
CYP2C19,0.02045321394303552
CYP2C8,2.055095137295557
CYP2C9,0.13627582512980346
CYP2D6,1.8570403063527021
CYP2E1,6.386753996618647
CYP2F1,0.0015128177829823114
CYP2J2,14.506279866010225
CYP2S1,0.30668536819955006
CYP2U1,4.222958100774318
CYP39A1,0.17295264189952408
CYP3A4,0.019713541056574926
CYP3A43,0.04850865866986067
CYP3A5,0.050658141279413205
CYP3A7,0.15747794336040138
CYP46A1,49.13717634892174
CYP4A11,0.015061860426764526
CYP4B1,0.050233839651172965
CYP4F11,3.896327885452445
CYP4F12,0.12255716593517763
CYP4F2,0.05306844908728492
CYP4F22,0.0010380456831204775
CYP4F3,0.10483569924066781
CYP4F8,0.02176373618524649
CYP4V2,12.71068892354711
CYP4X1,7.356329371662311
CYP4Z1,0.6016665420697214
CYP51A1,36.049593714474064
CYP7A1,0.006166552984635853
CYP7B1,0.20439584384669077
CYP8B1,0.011397938342382074
CYTB,10.283962318241796
DAD1,725.3708160731832
DAGLA,33.6764161488412
DAGLB,29.697299704359427
DAO,0.011937806492005099
DAPK1,16.6622793068208
DAPK2,1.2815590909678676
DAPK3,5.924244923571391
DARS,3344.492469372785
DARS2,4.034634895035273
DBH,1.6533802288597255
DBI,1111.8645145244857
DBT,3.2548009876549355
DCK,8.7848878995559
DCLK1,275.75099112301353
DCLK2,133.0317417337332
DCT,0.3351692622652271
DCTD,14.187398363773182
DCTPP1,28.853323041662076
DCXR,289.00881899706076
DDAH1,577.2993450403549
DDAH2,90.58303475255815
DDC,0.0042174827689294035
DDO,2.1909900320845854
DDOST,392.92966870189645
DDR1,116.34666142502704
DDR2,3.4603016441469405
DECR1,31.357921855727607
DECR2,11.717283964475122
DEGS1,10.694063032299994
DEGS2,3.09870215703239
DERA,24.77979701448828
DGAT1,73.50985071148773
DGAT2,4.026618539657835
DGKA,21.861435067276055
DGKB,6.108392806364912
DGKD,5.268946755205019
DGKE,3.0801171416278685
DGKG,8.3504811155249
DGKH,0.6086897237351142
DGKI,1.855967929194725
DGKQ,33.627638220625336
DGKZ,497.77407656400345
DGUOK,26.179751491503676
DHCR24,7.037763457661388
DHCR7,48.027498017629135
DHDH,0.6449436372911206
DHFR,257.66090777312286
DHODH,1.3830623601154846
DHRS2,0.0523264344718235
DHRS3,28.783303886353963
DHRS4,147.4569678409608
DHRS9,0.46182119746643846
DIO1,0.0010821665970974954
DIO2,28.457186899938794
DIO3,0.8117677931589614
DLAT,491.423472874818
DLD,871.8697770708488
DLST,296.9413587310001
DMGDH,0.43843084157369105
DMPK,77.18804075840143
DNAJC6,38.45064074486849
DNMT1,8.466127784304984
DNMT3A,2.006694164466599
DNMT3B,0.4747370013024939
DNMT3L,0.03798289307998578
DOLPP1,16.125277506989566
DOT1L,6.040853266249896
DPAGT1,24.33803694078037
DPEP1,0.015667587236859012
DPEP2,0.2554801990304699
DPEP3,0.07253645188057223
DPH5,32.065913353008334
DPM1,700.4878751326705
DPM2,76.41756012434828
DPM3,36.64539233864537
DPYD,0.5076860757217837
DPYS,0.49142739227648496
DPYSL2,22665.403403511347
DPYSL3,178.74440502171083
DSTYK,14.314529582692645
DTYMK,17.643859946461657
DUOX1,0.22657614223968195
DUOX2,0.009462420013660626
DUPD1,0.11783200419515537
DUSP1,74.69966961945195
DUSP10,0.7730214309262045
DUSP11,3.8118997346976675
DUSP12,5.773697192834349
DUSP13,0.022294355914612787
DUSP14,1.8581234058629095
DUSP15,1.754899619363853
DUSP16,4.4782596531681875
DUSP18,0.8279275441305918
DUSP19,1.1851186477543905
DUSP2,13.517152579585302
DUSP21,0.08186674790155296
DUSP22,15.027598016028719
DUSP23,25.750993231194748
DUSP27,0.044401823962643694
DUSP28,4.786785160491505
DUSP3,378.5263317024268
DUSP4,0.7713490433470873
DUSP5,6.4630004452160446
DUSP6,17.083375787364993
DUSP7,24.315792133408227
DUSP8,139.59539415589236
DUSP9,8.398016119759246
DUT,312.4573541816364
DYRK1A,14.621676627790508
DYRK1B,33.18954094179807
DYRK2,1.0669509587641417
DYRK3,0.6497160283917273
DYRK4,5.514150933713788
DZIP3,22.751296800714336
EARS2,1.4206696110209018
EBP,286.7548276163885
ECH1,287.8874748932521
ECHDC2,18.590660687987086
ECHS1,417.54201897666
ECI1,33.72521412133771
ECI2,90.32293643828639
EGFR,0.9028704563107817
EHHADH,1.5914518611052637
EHMT1,0.48601414832164874
EHMT2,4.452495606424869
EIF2AK1,68.23840541385482
EIF2AK2,38.32302419511614
EIF2AK3,2.148397996429345
EIF2AK4,0.25201314576986933
EIF4EBP3,31.933137779787593
ELOVL1,5.882223522322226
ELOVL2,19.817908306338186
ELOVL3,0.3274730374307431
ELOVL4,10.941806239793829
ELOVL5,2.7042265040820186
ELOVL6,6.344168275621959
ELOVL7,8.49703603651673
ELP3,3.3497537782433517
ENGASE,32.94685895775082
ENO1,3457.6899960264504
ENO2,1179.5111616244728
ENO3,41.97319251420439
ENOPH1,542.9228624667415
ENPP1,0.024370900361081433
ENPP2,10.29822422277437
ENPP3,0.17082286237657454
ENPP6,0.9800088614541611
ENPP7,0.2621620114119895
ENTPD1,4.8570715632427035
ENTPD2,24.94081937131813
ENTPD3,4.914922622009416
ENTPD4,16.72225323518805
ENTPD5,1.37320752248614
ENTPD6,106.92407398392085
ENTPD8,0.006300859583020442
EP300,2.082384954939876
EPHA1,0.15991270243333522
EPHA10,5.132508600699733
EPHA2,0.7617118371242168
EPHA3,0.5508789908201709
EPHA4,25.66061186826838
EPHA5,1.0559691315507589
EPHA6,0.2521865555389224
EPHA7,1.0468422713329448
EPHA8,0.40261065614385944
EPHB1,7.36583882216062
EPHB2,0.1277341495207031
EPHB3,3.5850397190008
EPHB4,0.2707920387595341
EPHB6,348.07562483251183
EPHX1,370.9919558011657
EPHX2,7.375351755541732
EPM2A,5.925781327195349
EPRS,36.56440016082526
EPX,0.21659944335188433
ERBB2,0.16334134623206006
ERBB3,2.845062314339515
ERBB4,3.796127976449313
ERN1,0.387880951693422
ERN2,0.009061716239791757
ESD,688.2084605628119
ETFA,2080.976487363362
ETFB,1066.8595683584058
ETFDH,21.697421053846607
ETNK1,8.88912720414322
ETNK2,3.6472267677905883
ETNPPL,308.30469953326786
EXT1,2.1618224832848436
EXT2,12.732899932902132
EXTL1,62.81787497210945
EXTL2,15.155692926339986
EXTL3,22.66403883323446
EYA1,1.1578267187902593
EYA2,9.355666265830957
EYA3,2.1042326020766304
EYA4,0.027403021996016037
EZH1,62.6141872513313
EZH2,0.018202995479662216
F13A1,20.281175117006356
F13B,0.952082265681838
F2,0.04003832054640046
FAAH,38.42531451776
FAAH2,0.6149519114840649
FABP1,0.17701424629874238
FABP12,0.05527255675150692
FABP2,0.007866997169433176
FABP3,307.80202083090967
FABP4,0.09426660004318911
FABP5,1595.5014156223428
FABP6,6.319869891297579
FABP7,167.9884088208791
FABP9,1.0553661478381027
FADS1,28.01629031844218
FADS2,24.885813015420187
FADS3,3.0828613399951625
FADS6,3.1971038657829918
FAH,5.575577558685098
FAM20B,27.255186384854298
FANCL,11.1159966903708
FAR1,26.087113557957696
FAR2,2.3924593361255004
FARS2,1.3096885148072392
FARSA,2005.7271761694435
FARSB,3.054067313598171
FAS,9.428693198104588
FASN,143.81187840712482
FASTK,123.23337602037276
FAXDC2,23.14513113367655
FBP1,0.46442522262595
FBP2,0.050658141279413205
FDFT1,93.11015625671503
FDPS,23.71737078826471
FDXR,15.03994410678171
FECH,7.960530714932085
FER,1.754899619363853
FES,10.717235118471033
FGA,6.990622680771628
FGFR1,23.629076260527235
FGFR2,19.754971266280535
FGFR3,199.22757187743858
FGFR4,1.1597031233115733
FGGY,1.1381766299627065
FGR,4.775566336451154
FH,859.8961130065699
FHIT,2.0905004575482544
FHL2,3.5603162970722444
FIG4,25.841464644998517
FITM1,0.20998109897414766
FITM2,7.612701252401965
FKBP10,25.076806587633776
FKBP11,3.487200395381256
FKBP14,2.592695552979892
FKBP1A,672.1186694787722
FKBP1B,83.2090745139569
FKBP2,1282.1134130199184
FKBP3,1623.8200343026892
FKBP4,1004.8274105237397
FKBP5,2.134385709934794
FKBP6,0.09443101943373135
FKBP7,2.5724831583563086
FKBP8,160.94430247423492
FKBP9,47.62195360262361
FKBP9P1,0.3354345050980549
FLAD1,6.10176002064467
FLT1,11.596309561859238
FLT3,0.05471914878051831
FLT4,0.7889601840941783
FLVCR1,1.073371880500578
FMO1,0.037923081209091616
FMO2,0.20692406911388628
FMO3,0.21102222267190385
FMO4,0.21183299421634627
FMO5,0.19692113915995965
FMO6P,0.3354345050980549
FN3K,122.10710396954546
FN3KRP,52.4258665875831
FNTA,31.91842191780195
FNTB,15.730733805477245
FOLR1,0.20159072349187335
FOLR2,4.4755067664252834
FOLR3,0.07968741993808633
FOSL1,0.7797212385702663
FPGS,0.6392564831533971
FPGT,1.1785144455351586
FRK,0.03144052841942255
FRMPD2,0.18204536716231748
FTCD,16.822345426802197
FTMT,0.3764543508002139
FUCA1,6.027370941771279
FUCA2,6.930482900959596
FUK,8.335701273880975
FUT1,3.5064499047623663
FUT10,1.1391101831080408
FUT11,4.356222655402627
FUT2,0.3634113982423557
FUT3,0.024937626850851064
FUT4,0.3748060295520641
FUT5,0.028152084498568708
FUT6,0.007876107864459176
FUT7,0.08540872191054948
FUT8,0.6713309827213934
FUT9,12.34396663905536
FYN,271.4294342380497
G0S2,5.473307263207554
G6PC,0.0038575293243003727
G6PC2,0.018216384410824384
G6PC3,74.43269577881843
G6PD,584.7812515912644
GAA,69.04443066055718
GAD1,28.643410439173984
GAD2,10.205950131588652
GAK,4.715195906281531
GAL3ST1,2.5318654185166474
GAL3ST2,0.06392405206687464
GAL3ST3,10.632702660166398
GAL3ST4,12.71068892354711
GALC,10.752512944815226
GALE,10.606325233864506
GALK1,113.67250732983199
GALK2,9.70516830536568
GALM,3.5489043786529066
GALNS,8.875754093874244
GALNT1,7.869930210861253
GALNT10,0.24950605869910383
GALNT11,23.98281366172557
GALNT12,0.14393787643793302
GALNT13,2.598861438008591
GALNT14,0.999747406148747
GALNT15,15.573694892880559
GALNT2,9.428693198104588
GALNT3,0.283831609694481
GALNT4,0.7864374120917219
GALNT5,0.0007279121319700182
GALNT6,0.2888807803342241
GALNT7,0.2164397672907381
GALNT8,0.02930286869760004
GALNT9,103.18541180632812
GALNTL5,1.5099343188486125
GALT,38.273456594735336
GAMT,66.15787718257882
GANC,1.2230567273039725
GAPDH,9896.041852463457
GAPDHS,8.042317062334442
GARS,306.3371996578533
GART,60.06046384391895
GATM,311.46316353810835
GBA,10.514276631231791
GBA2,98.32589571510596
GBA3,0.002364445577686949
GBE1,2.848641622827642
GBGT1,3.651123514400761
GC,0.1128901827185453
GCAT,412.2369074275854
GCDH,13.10096255673523
GCH1,0.8553468970460012
GCK,2.983988716996888
GCLC,6.403335379962509
GCLM,30.95813688479204
GCNT1,0.199536841203142
GCNT2,0.30649232178381414
GCNT2P,0.3354345050980549
GCNT3,0.0072991174052429286
GCNT4,0.15533030671724793
GCNT7,0.01105536699720793
GCSH,23.101277197583812
GDA,16.762269782721017
GDE1,18.963068974497045
GDPD2,16.6622793068208
GFPT1,99.08550590752074
GFPT2,23.607017226716536
GGCT,59.40955100713746
GGH,11.21052603814753
GGPS1,476.1333959249872
GGT1,1.6616878226606877
GGT2,0.034102532236717185
GGT3P,0.0435115332914941
GGT5,21.045750222020466
GGT6,0.005860580221919707
GGT7,93.76177876767815
GGTLC1,0.5642767148917974
GGTLC2,1.7831684152107201
GIF,0.3354345050980549
GK,3.682921287282947
GK2,0.9456388863331135
GK3P,0.009102039495811955
GLA,4.640134677298002
GLB1,12.612722007757425
GLB1L,1.3584628151580784
GLCE,0.21090073655220148
GLDC,6.694813100685246
GLIPR1,3.350764320956079
GLO1,1925.2249927094895
GLRX,105.02134258289993
GLRX2,22.48081533674285
GLS,202.20421055699055
GLS2,39.26357099056881
GLT6D1,0.06930364432416915
GLT8D1,1.6768798415420914
GLT8D2,1.6130504670279648
GLTP,21.123722509714643
GLUD1,4375.133779373301
GLUD2,0.28263614897190764
GLUL,80.51802352009793
GLYAT,0.001047032502201882
GLYCTK,0.29351010105680286
GM2A,24.627743436725293
GMDS,44.57680722008844
GMPPA,22.528577258312747
GMPPB,35.16877373905366
GMPR,25.120222478281043
GMPR2,68.37705599722415
GMPS,66.52685823984851
GNE,6.275622922632295
GNMT,0.800763344562667
GNPAT,28.876673478181132
GNPDA1,34.33687491671676
GNPDA2,4.4425096115071545
GNPNAT1,19.309240815782072
GNPTAB,17.97524899632071
GNS,10.808306741001223
GOT1,10523.122214651017
GOT2,3732.7328065417873
GPAA1,144.14336173503946
GPAM,0.4545606367947921
GPAT2,2.1227341604765
GPAT3,0.6582069289240687
GPAT4,1.352005973421296
GPCPD1,8.279933399443497
GPD1,2.0805253857661565
GPD2,221.54478051977546
GPHN,22.259163481458515
GPI,5159.759022750072
GPIHBP1,1.36435528036523
GPLD1,0.6378037991591613
GPT,9.240511253678026
GPT2,178.74191159739246
GPX1,143.69161309005065
GPX2,0.01733343529525016
GPX3,107.97491892378669
GPX4,281.31343463788187
GPX5,0.793289329058847
GPX6,2.01032323162201
GPX7,1.600698294620793
GPX8,0.04488619345277194
GRHL1,1.4816922031294146
GRHPR,38.09650475804014
GRK1,0.006320113097321859
GRK2,4.014622265826703
GRK3,1.2623639556998993
GRK7,0.22033128126560914
GSR,157.0142715770916
GSS,231.23311862897827
GSTA1,6.4167477250739875
GSTA2,5.619549002346362
GSTA3,3.8201241689736465
GSTA4,61.45386689628594
GSTA5,0.58469847618054
GSTK1,49.24582174722198
GSTM1,0.12087356684486897
GSTM2,51.928724212141695
GSTM3,281.8276825021427
GSTM4,15.888218571816804
GSTM5,258.5549030810191
GSTO1,1212.7042135650167
GSTO2,2.4735076590673666
GSTP1,4769.09505179878
GSTT1,63.897618190611816
GSTT2,6.201795067481148
GSTZ1,8.495892401605854
GTF2F1,17.099348768944974
GTF3C4,0.8220551639771216
GUCA1A,0.5531598054156992
GUCY1A1,2.9663227089166733
GUCY1A2,1.592478492188843
GUCY1B1,1.0453859436592674
GUCY1B2,0.012249092212046044
GUCY2C,0.0017162411064936245
GUCY2D,0.04552184211435835
GUCY2F,0.004471487649051136
GUK1,306.16998892350114
GUSB,3.0256160415721136
GYG1,34.28782744359688
GYG2,5.895995409554068
GYS1,54.1689263768991
GYS2,0.031204651318313587
H6PD,8.470327420818782
HAAO,1.2921908153346628
HACD1,0.6699772991826155
HACD2,3.095013644366691
HACD3,4.330319334841662
HACD4,0.5979568033382378
HACE1,5.543377638560676
HACL1,6.037856455930762
HADH,1079.7074004683377
HADHA,939.8510197383125
HADHB,178.5461354558585
HAGH,92.0729131469907
HAGHL,24.963224809868592
HAL,0.008196855123595886
HAO1,0.19763453007540133
HAO2,0.004405660209169679
HARS,256.160037172244
HARS2,37.1663720614009
HAS1,3.2208998028415485
HAS2,0.08693525149001759
HAS3,0.5016824795818542
HAT1,29.436279602448664
HCCS,9.997901141500929
HCK,7.907105536950481
HCST,10.19551886085063
HDAC3,1.138074696415773
HDC,0.012122760674048515
HDLBP,61.775211340483835
HECTD1,3.992407845165371
HECTD2,1.3242348266589317
HECTD3,3.6762689935376316
HECW1,4.788188038294222
HECW2,2.1831263302288595
HELZ2,0.6362202330505361
HEPH,9.438895795286832
HERC1,0.9222079599734079
HERC2,0.31138590836686636
HERC3,9.110604859434957
HERC4,9.265180724432282
HEXA,16.922606794893802
HEXB,1.0564748820744647
HEXDC,0.3354345050980549
HGD,0.13610645037870894
HIBADH,32.46301425051877
HIBCH,10.936486201599607
HIF1AN,7.397562133721259
HIGD2A,23.708617949953794
HIPK1,15.730733805477245
HIPK2,53.17409195318129
HIPK3,8.795635508610275
HIRIP3,0.5278606120913527
HK1,602.995327855873
HK2,5.7940047694911305
HK3,1.2030969608790394
HKDC1,0.29408228236767103
HLCS,1.4636166622907516
HLTF,0.10467611018656059
HMBS,57.3236884655441
HMGCL,94.5187184991684
HMGCLL1,1.6120200913182419
HMGCR,27.04864748863569
HMGCS1,75.12810295139555
HMGCS2,0.019663323910339862
HMOX1,56.87870485868097
HMOX2,211.3818967586608
HNMT,4.209425875070127
HPD,0.04340060717755109
HPGD,0.017018001601323062
HPGDS,1.0568830523882258
HPRT1,1270.657229497513
HS2ST1,13.912822202290723
HS3ST1,0.7020489571359342
HS3ST2,13.952206799171208
HS3ST3A1,0.20594621016664394
HS3ST3B1,1.5241119315615188
HS3ST4,20.238934679944165
HS3ST5,0.7839169330072147
HS3ST6,0.019932555771365792
HS6ST1,162.32113689873438
HS6ST2,0.5861426069165894
HS6ST3,0.6314762414957199
HSD11B1,1.4226806391940698
HSD11B1L,165.5309305544616
HSD11B2,1.323260530930962
HSD17B1,1.290255922475054
HSD17B10,66.1021983912119
HSD17B11,71.68153669833421
HSD17B12,414.6558836164747
HSD17B14,68.89496432657467
HSD17B2,0.005380354335405532
HSD17B3,0.3964370641351652
HSD17B4,132.52780588058775
HSD17B6,7.684801629752921
HSD17B7,3.4523770187854512
HSD17B7P2,4.002596629201881
HSD17B8,1.5912096044743902
HSD3B1,0.017330586226174238
HSD3B2,0.011664440321508183
HSD3B7,11.878530406484318
HSPG2,0.01693498986409645
HTATIP2,30.824507079021632
HUNK,1.290255922475054
HUWE1,5.362822358024866
HYAL3,12.160838371070662
HYALP1,0.3354345050980549
HYI,17.12363532523241
HYKK,0.3656417453649686
IARS,536.767186122982
IARS2,35.19841233801603
ICK,2.761894773726679
ICMT,22.402836574637593
IDH1,22.642239205164376
IDH2,157.27563339413788
IDH3A,475.45680655567054
IDH3B,323.35677811120064
IDH3G,172.9371477218247
IDI1,127.66081498639946
IDI2,2.1272734354694633
IDO1,3.009139787559683
IDO2,0.0650322570798734
IDS,1128.3395364888152
IDUA,13.554827938874105
IGF1R,7.659143862244159
IKBKB,10.205950131588652
IKBKE,1.07796493517528
IL4I1,0.19612700175950323
ILK,29.15593383790515
ILKAP,25.904187504495074
IMPA1,296.07925180949223
IMPA2,13.7905586632045
IMPDH1,54.950468487147766
IMPDH2,91.94049095019282
INMT,0.07946794079919586
INPP1,575.6231972345342
INPP4A,14.333672024527454
INPP4B,0.770513234867848
INPP5A,27.554305261599264
INPP5B,2.9815352784162967
INPP5D,15.085843455276645
INPP5E,53.877259305854665
INPP5F,2.9369105422373973
INPP5J,7.918429622662523
INPPL1,10.349531781235003
INSL3,0.19760255211669145
INSR,8.088840660586632
INSRR,0.007728430583013088
IP6K1,101.41366243797201
IP6K2,31.597234728947303
IP6K3,0.2481775038282099
IPMK,1.1634585159026423
IRAK1,51.15806923339859
IRAK2,1.877448795030088
IRAK3,0.8390360883997153
IRAK4,1.5719816085016507
IREB2,3.9786155344643053
ISYNA1,51.85885647669272
ITK,0.0034978118688923487
ITPA,325.2252571046878
ITPK1,272.0989216743317
ITPKA,216.59835175348573
ITPKB,218.37863840275264
ITPKC,12.05498047283731
IVD,695.8890979747289
JAK1,36.56440016082526
JAK2,3.1148347867181987
JAK3,12.129783872666424
JMJD7-PLA2G4B,0.19276672646590834
KALRN,18.611275329917632
KANSL3,21.34524162761704
KARS,391.0206279007679
KAT2A,320.16113977764155
KAT2B,28.085775672351367
KAT5,26.956995588006027
KAT6A,6.126439272267146
KAT6B,3.7528514467544984
KAT7,22.68584440929834
KAT8,61.42493785992407
KCNJ11,11.614342826367345
KCNJ8,6.938274372479015
KDR,0.5607817781932599
KDSR,15.066421209781184
KHK,9.1965884509931
KIT,3.487200395381256
KL,0.06770899285402476
KMO,0.17734473509430548
KMT2A,7.840871163521076
KMT2B,0.3354345050980549
KMT2C,5.313687666353034
KMT2D,7.046049626778054
KMT2E,14.333672024527454
KMT5A,0.08744585611927874
KMT5B,0.052531638327043204
KMT5C,0.3350355754164824
KPNA6,54.307453145965034
KYAT1,0.41426786262502635
KYAT3,10.315561941178165
KYNU,0.13493231128582536
L1CAM,152.20078584133563
L2HGDH,1.0991643991599673
LALBA,0.007796490817348033
LAP3,575.1087958791825
LARS,435.8587137768995
LARS2,17.487176650931183
LATS1,0.48498862165296486
LATS2,0.9809036433072514
LBR,20.123810288742977
LCAT,15.947389913656316
LCK,1.381302978240569
LCLAT1,0.6071270201025684
LCT,0.0013679107954690493
LDHA,3134.5962710249296
LDHAL6A,0.08268928474698203
LDHAL6B,0.013716138358993981
LDHB,2352.2827584328966
LDHC,0.0037796099445084495
LDHD,34.50869751944648
LDLR,1.1392131453582468
LGALS13,0.16621830202908744
LGMN,29.626705216217246
LGSN,0.059118472577440906
LHPP,330.8524876228952
LIAS,1.0640017909197097
LIMK1,180.27105095553816
LIMK2,28.178498691402325
LIPA,14.795256848473024
LIPC,0.06064822398307476
LIPE,3.0381087728294465
LIPF,0.006179308688429745
LIPG,0.15857671891762534
LIPT1,1.9076394069499825
LIPT2,0.5303222695484413
LMTK2,20.768728795941723
LMTK3,107.26273769943073
LOC102724197,0.3354345050980549
LOC286297,0.3354345050980549
LOC344967,0.3354345050980549
LOX,0.33444352922906867
LOXL2,0.8995650661225837
LPCAT1,3.8950382802321633
LPCAT2,1.6368005298086308
LPCAT3,4.474130503090872
LPCAT4,8.680573276001772
LPIN1,35.371444554377725
LPIN2,30.074606734724807
LPIN3,6.421795490167532
LPL,5.777278798860037
LPO,0.003391507095582868
LRAT,0.20393711463970393
LRP1,9.521170778324137
LRP2,0.13493231128582536
LRRK1,0.30144860441724614
LRRK2,2.752297546649805
LRSAM1,36.51447012601721
LRTOMT,5.830616517678223
LSS,142.60001317073858
LTA4H,337.9917565310625
LTC4S,1.1193264282750504
LTK,4.410952419633694
LYN,10.084440510113254
LYPLA1,57.669904492281596
LYPLA2,92.45193785430263
LYZL1,1.4145390562382973
MACROD1,7.935507243436192
MACROD2,0.7422494801605748
MAGEA2B,0.1626710879648594
MAK,0.018987504190569743
MAN1A1,0.5510167019700444
MAN1A2,3.6111471061550526
MAN1B1,1.6513530332149715
MAN1C1,20.281175117006356
MAN2A1,1.6407110033615293
MAN2A2,29.980153389485032
MAN2B1,17.669757059245917
MAN2C1,108.07676813787215
MANBA,4.9007947041708135
MANSC1,12.20288909816304
MAOA,605.0026513484524
MAOB,451.80084555036615
MAP2K1,640.5724538124908
MAP2K2,560.7856000234655
MAP2K3,6.804948117620926
MAP2K4,84.02247593499403
MAP2K5,13.59253301856782
MAP2K6,1.172924046990675
MAP2K7,3.9721041225319476
MAP3K1,1.4426082890627636
MAP3K10,393.33714797342134
MAP3K11,27.877466178485754
MAP3K12,54.20430301599417
MAP3K13,5.07964513267435
MAP3K14,5.549228234533527
MAP3K15,0.02534921775363455
MAP3K2,2.9619283933560543
MAP3K20,0.20179825659102824
MAP3K21,0.03839897316107535
MAP3K3,11.818669512520046
MAP3K4,10.731342303528166
MAP3K5,37.61738166811489
MAP3K6,10.886867918398757
MAP3K7,0.5024594358658093
MAP3K8,3.5708313134297454
MAP3K9,7.5057098940682
MAP4K1,1.2059426490001082
MAP4K2,24.896025616208448
MAP4K3,10.766633277112843
MAP4K5,26.949175084030685
MAPK1,599.19447578774
MAPK10,24.85359740070578
MAPK11,153.06204837098676
MAPK12,14.602425834181957
MAPK13,4.3698869212533635
MAPK14,32.813394035559305
MAPK15,1.4756600339968013
MAPK3,498.0610043248574
MAPK4,70.18336917245693
MAPK6,9.694973683627824
MAPK7,6.272867121260845
MAPK8,7.2772196579299475
MAPK9,16.416755735462914
MAPKAPK2,1.2684813151737715
MAPKAPK3,15.008197075702409
MAPKAPK5,10.034221911533649
MARCH1,2.0517846944379494
MARCH10,0.05543096305323444
MARCH11,1.4646192070701107
MARCH2,210.42055658112983
MARCH3,0.6761414102881395
MARCH4,6.230498663561671
MARCH5,9.121071080714755
MARCH6,32.99535493561723
MARCH7,19.42026845387387
MARCH8,6.507340746234214
MARCH9,14.180735915568611
MARK1,7.654335740847584
MARK2,38.56162596484932
MARK3,55.80229434907696
MARK4,45.776652228969596
MARS,205.80372804398328
MARS2,2.0187637124492372
MAST1,185.31560336473902
MAST2,25.142673489920295
MAST3,162.5116965205118
MAST4,4.4452567283508495
MASTL,0.05055512025028291
MAT1A,0.004512283756878535
MAT2A,245.79936262315096
MAT2B,117.16834901391502
MATK,45.457615045411906
MBOAT1,0.1989673781234363
MBOAT2,9.925371801974915
MCAT,24.51731968833961
MCCC1,15.221997579372893
MCCC2,20.628286331335467
MCEE,3.360911607969569
MDH1,10758.68357575795
MDH1B,1.2728789642749485
MDH2,5650.277469934774
MDM2,0.015139106587348048
MDP1,133.24219799233865
ME1,906.6410457768465
ME2,52.55133151616012
ME3,22.926097607633324
MECR,11.710051625049031
MED1,0.31687518708134893
MELK,0.00485039145744842
MERTK,15.71107951919818
MET,1.3944188695920292
METTL1,12.505678981174054
METTL3,20.15452878757867
MGAM,0.04167331133234387
MGAT1,41.42024841602737
MGAT2,0.3485259602793504
MGAT3,100.31490616128092
MGAT4A,6.251672713750942
MGAT4B,40.77496740693467
MGAT4C,0.792327441370588
MGAT4D,0.02696149145334556
MGAT5,15.80942057733142
MGAT5B,143.14956158462942
MGLL,201.9385723477794
MGMT,5.252545111652095
MGRN1,61.94625083529948
MGST1,224.64193867976508
MGST2,21.942792857230376
MGST3,58.95157772041863
MIA3,9.09040674708851
MIB1,5.867738256030762
MIB2,69.49338021210582
MID1,1.6182051448437746
MIF,110.37498601390696
MINK1,1.0899114733571775
MINPP1,4.1877999585313415
MIOX,0.03764002098229772
MIP,0.03455211764227019
MKNK1,29.767941814637414
MKNK2,128.58726993878867
MKRN1,34.45958053229879
MKRN2,42.79769093399686
MKRN3,0.37999337879860073
MLKL,7.639679508889616
MLYCD,8.012434242698788
MMAA,0.7588389598977852
MOCS1,19.02492432523233
MOCS2,44.42513093862668
MOGAT1,0.03570082987320863
MOGAT2,0.0005802231569479152
MOGAT3,0.01617376936793841
MOGS,82.80437250815315
MOK,7.445219503952624
MOS,0.017667690660431706
MOXD1,1.6357658732957887
MPC1,163.50362765687404
MPC2,101.24696614628604
MPI,30.857049117016157
MPO,0.5383824535085524
MPST,1720.2794740676502
MRPL58,13.330417578133794
MSMO1,173.20564796017342
MSRA,10.927621102038431
MST1R,0.3117166454631546
MT1A,5.0924895234540255
MT2A,1321.5857399393856
MT3,8837.158986956456
MT4,0.02226376250547059
MTAP,150.62936357804702
MTFMT,4.975803830322102
MTHFD1,193.36046625786815
MTHFD1L,3.4066818457696293
MTHFD2,3.1982788120297356
MTHFD2L,1.2182959594476919
MTHFD2P1,0.3354345050980549
MTHFR,7.006946214553118
MTHFS,8.353766532943352
MTMR1,3.2290056847164066
MTMR14,11.558465587739907
MTMR2,0.895333323880313
MTMR3,0.5078181786729269
MTMR6,4.079537856604048
MTMR7,2.325888831410303
MTMR8,0.023776718066339516
MTPAP,1.8110872817397112
MTR,0.406086069679758
MTRR,5.179787775286829
MTTP,0.10846055854185936
MUL1,24.404805957811952
MUSK,0.001451820244375698
MUT,0.3354345050980549
MVD,228.24627653562104
MVK,13.668032196439137
MYBBP1A,114.37677296556558
MYCBP2,0.3138424878034076
MYLIP,6.7256899423124015
MYLK,0.42525858708688646
MYLK2,0.18986299823337807
MYLK3,0.023186717338666302
MYLK4,0.22251142490172351
MYO3A,0.017046351642136814
MYO3B,0.0015875237755420975
MYO5B,0.18784386048598653
NAA10,103.15190212227749
NAAA,2.893594305934045
NADK,19.295173962029022
NADSYN1,7.283539502661687
NAGA,10.261634621550565
NAGK,29.93295832778275
NAGLU,6.4035061878412325
NAGPA,48.16243931013694
NAGS,0.4928256190006663
NAMPT,153.60089877041932
NANP,0.5010906318959636
NANS,136.23434690234748
NAPRT,25.164291606310147
NAPSA,0.7274082605117845
NARS,3206.310083510951
NARS2,5.042590851694539
NAT1,0.5609688760503752
NAT2,0.19717859904927132
NCOA1,33.55450893885013
NCOA2,0.3135307530087584
NCOA3,1.1181504941097895
NCOA6,10.572940517099182
NCOR1,0.11824159283064528
NCOR2,2.055634458720361
ND1,0.7496282848946749
ND2,6.647572110665278
ND3,3.518721426725826
ND4,15.91921099634504
ND4L,0.3354345050980549
ND5,3.9860139175064595
ND6,2.1511623729121254
NDST1,34.80381552112261
NDST2,15.55409647429232
NDST3,2.3970699973528413
NDST4,0.0018840993815669753
NDUFA1,1491.6681800446595
NDUFA10,74.67374759030872
NDUFA11,90.9075189001455
NDUFA12,18.114387552394167
NDUFA13,1104.6464336636827
NDUFA2,17.52641194314456
NDUFA3,17.78075348519108
NDUFA4,80.29678641319447
NDUFA5,49.12634893249821
NDUFA6,69.613080944701
NDUFA7,6.955382485736321
NDUFA8,169.24276288613547
NDUFA9,32.60376682140735
NDUFAB1,164.7427476359635
NDUFB1,195.88362704311078
NDUFB10,232.99111057998365
NDUFB2,91.87563262128221
NDUFB3,200.19612454959088
NDUFB4,185.39473712501385
NDUFB5,146.6517082394495
NDUFB6,34.98841782407072
NDUFB7,296.9489698799999
NDUFB8,210.4081455141378
NDUFB9,31.89267127802296
NDUFC1,88.39266606033534
NDUFC2,53.13389896268036
NDUFS1,52.046785805596784
NDUFS2,54.84650334843531
NDUFS3,308.18886243555414
NDUFS4,95.13437002116768
NDUFS5,1622.1335883717868
NDUFS6,17.901363215505956
NDUFS7,32.589052889168066
NDUFS8,104.98222099348948
NDUFV1,95.73280960150316
NDUFV2,117.64674446205012
NDUFV3,10.773695413573734
NEDD4,0.8523481607904947
NEDD4L,7.597162701676908
NEK1,5.254537112195993
NEK11,5.848426613807743
NEK2,0.2367388201333458
NEK3,2.369443849077573
NEK4,11.326767525555308
NEK5,0.06338841327939862
NEK6,2.040775012976872
NEK7,18.28432073763127
NEK8,0.4185487471516438
NEK9,1.778314142467149
NEU1,50.60960729816254
NEU2,0.008804384812918616
NEU3,0.5030889114936442
NEU4,8.76730963641619
NEURL1,0.14715923590013888
NEURL1B,10.39772472173207
NGLY1,10.31217282893667
NHLRC1,2.280290051246291
NIT2,313.4991736274401
NKTR,23.93851503258301
NLK,68.65600938364297
NLN,69.02329051098343
NME1,6148.325207075548
NME2,281.45765578880633
NME3,193.79682666357934
NME4,120.05429314005474
NME6,0.29417896636792074
NME7,1.3633255788874175
NMNAT1,1.944482336748248
NMNAT2,52.398212347308565
NMNAT3,2.9680516033602315
NMRK1,10.773695413573734
NMT1,153.13207284139764
NMT2,4.323961234107443
NNMT,0.5807365046538486
NNT,24.76178148691794
NOL9,4.722379053027989
NOS1,0.8100720305276006
NOS2,1.435624672580596
NOS2P1,0.3354345050980549
NOS2P2,0.3354345050980549
NOS3,5.352742824210975
NOX1,0.17712438980527556
NOX3,0.003917198007428948
NOX4,0.0048662248683364285
NOX5,0.0478233953150424
NPAS2,34.21429352924929
NPC1,8.391575157608536
NPC1L1,0.10162222793460926
NPR1,0.32819445190632945
NPR2,19.399403456524468
NQO1,472.79179277788313
NQO2,177.99915312125867
NR1D1,244.71347325257534
NRF1,1.4954259478462952
NSD1,7.039788934786428
NSD2,0.8117852405670956
NSD3,0.8238692165195934
NSDHL,859.0389287396421
NSF,458.84728067925533
NT5C,92.1095833020598
NT5C1A,0.33036139354936356
NT5C1B,0.0021613466426255936
NT5C1B-RDH14,0.037698419756150243
NT5C2,43.399589199255075
NT5C3A,9.112288609206356
NT5DC3,11.720221578998478
NT5E,7.2346014365411255
NT5M,15.338976750470517
NTAN1,3.1434933696608924
NTRK1,0.044401823962643694
NTRK2,188.13070641390104
NTRK3,19.775943971119414
NUAK2,0.9083090359766786
NUDT10,10.120850045966826
NUDT11,25.480119844176645
NUDT12,4.129837205988609
NUDT2,48.974335925382555
NUDT3,76.19569895397885
NUDT4,22.68584440929834
NUDT5,93.31800532720756
NUDT9,22.44451970901154
OARD1,5.1267861528612535
OAT,507.6963060481496
OBSL1,2.255456862907437
OCRL,21.732059060078118
ODC1,4.284896979872996
OGA,13.207835039605774
OGDH,827.3768418107676
OGT,116.35180255054667
OLAH,0.05314672804025006
OPLAH,6.133963087208801
OTC,0.12920590695845968
OTUD5,126.41666996047006
OXCT1,436.4485808724453
OXCT2,0.13846335638321813
OXSM,3.471822446898965
OXSR1,7.05387771072108
P4HA1,20.556345449760446
P4HA2,12.131869365808416
P4HA3,0.030399770603726832
P4HB,143.4070262045425
PADI1,0.0011027153058144796
PADI2,165.64589519901884
PADI3,1.4480638550391858
PADI4,0.8562078238448892
PADI6,0.3354345050980549
PAFAH1B2,765.4334444402018
PAFAH1B3,726.3597175100033
PAFAH2,2.842641833858201
PAH,1.0623712821631965
PAICS,219.55140825001294
PAK1,169.43717570177247
PAK2,93.64404638323109
PAK3,5.334241906065711
PAK4,0.2768442759116663
PAK5,0.1843105272396382
PAK6,36.51447012601721
PAM,0.3140966112753132
PAN2,30.050985500169485
PANK1,2.4028368622825207
PANK2,8.357052316831735
PANK3,7.349991673893501
PANK4,16.802313440403037
PAOX,2.4967555437118762
PAPOLA,5.300784527202809
PAPOLB,0.0035439675284398365
PAPOLG,2.007790547649654
PAPSS1,84.67300048698
PAPSS2,4.267701682385463
PARP1,85.98751651897514
PARP10,2.2701362665779543
PARP11,1.3741921065621403
PARP12,0.7192170587926873
PARP14,4.412323144221816
PARP15,0.014829652701197914
PARP16,2.7283459901195517
PARP2,28.546228501569452
PARP3,30.087505016457293
PARP4,1.3354451448921718
PARP6,64.19033477707525
PARP8,3.780374779136718
PARP9,6.201795067481148
PARS2,1.6835513107005013
PASK,4.3098550888435
PBK,0.11177823599170275
PC,289.08604440942446
PCBD1,122.247727524122
PCBD2,2.0675023157011676
PCCA,9.525744033798528
PCCB,4.257710477952732
PCK1,0.20324956923585116
PCK2,1.8281479189959484
PCMT1,1331.8010894439592
PCYOX1,62.38806563961552
PCYT1A,11.797060664375023
PCYT1B,12.373339093126969
PCYT2,71.35775500140885
PDE10A,0.4086017674579962
PDE11A,0.07070450851802935
PDE1A,10.159033249697904
PDE1B,146.61785597910796
PDE1C,1.6316291033532961
PDE2A,193.71669179574752
PDE3A,0.37944639058289953
PDE3B,0.4341636265806776
PDE4A,43.87197396565638
PDE4B,13.933210298948657
PDE4C,2.061720560862681
PDE4D,1.6627271017675027
PDE5A,0.947951694065252
PDE6A,0.011562709873672491
PDE6B,4.17834856021453
PDE6C,0.030166140661852466
PDE6H,0.7315222890730221
PDE7A,2.2587205735002454
PDE7B,5.116776226925178
PDE8A,6.631641752101979
PDE8B,23.805758631014534
PDE9A,8.131196260941254
PDF,2.3293190443639307
PDGFRA,6.467583384433982
PDGFRB,30.121864989583777
PDHA1,351.0066974419152
PDHA2,8.963593332760542
PDHB,111.14485531468942
PDHX,26.516370452454765
PDIA2,123.83289918946814
PDIA3,1142.4316571723307
PDIA4,303.08760171654905
PDIA5,5.34009690899828
PDIA6,171.85841923260492
PDK1,0.09564831630032486
PDK2,81.85653136486037
PDK3,2.7356103414914115
PDK4,34.53326345138166
PDP1,43.556768456492016
PDP2,1.462614312220829
PDPK1,2.517519436320026
PDPR,1.4998304959549975
PDXK,164.26781513114105
PDXP,81.1513606533021
PDZD4,1270.7592517819833
PEAK1,6.610109991899822
PECR,45.98447552646043
PEMT,22.576876033709766
PEPD,44.452532165042875
PEX11A,8.05467620968465
PFAS,82.50366758651819
PFKFB1,0.017954808725024116
PFKFB2,12.168148583510595
PFKFB3,150.14684666700515
PFKFB4,2.0727763592202897
PFKL,275.8119486318996
PFKM,118.92036662640214
PFKP,1839.635888034914
PGAM1,109.64185882032044
PGAM2,92.14558842160893
PGAM5,56.71370291664064
PGAP1,2.0960480063135023
PGD,2359.551664687994
PGGHG,0.02991860446325157
PGK1,188.886081891766
PGK2,23.296392096478
PGLS,1077.010114811309
PGLYRP1,0.06028276563103153
PGLYRP2,13.13342928945454
PGLYRP3,0.01572942767765221
PGLYRP4,0.2601296063498426
PGM1,359.30042206565173
PGM2,75.08739891403569
PGM2L1,12.548144877366006
PGM3,56.02206410593375
PGP,250.63587597783015
PGS1,22.533330371544146
PHEX,0.16756094537421157
PHGDH,804.0388685845143
PHKA1,0.31241776809634764
PHKA2,3.718854106965886
PHKB,10.4869810273933
PHKG1,5.319468495877699
PHKG2,14.066339742344182
PHLPP1,21.775160195147436
PHLPP2,6.964783934443918
PHOSPHO1,2.741511999774649
PHPT1,150.18412031173565
PHYH,41.03273493851726
PHYKPL,9.277723014265899
PI4K2A,3.018318744680238
PI4KA,10.394752627042642
PI4KB,1.7483574506186401
PIGA,3.6706249332432366
PIGB,1.3271589335552745
PIGC,4.229728830412599
PIGF,2.9619283933560543
PIGG,3.5553495004708893
PIGH,16.065919480965032
PIGK,4.36578636733993
PIGL,2.014372411366458
PIGM,1.705495617767478
PIGN,1.4386164741896525
PIGO,7.165301900935394
PIGP,1.9206199626292462
PIGQ,51.68065745664828
PIGS,18.223323991800292
PIGT,8.420703598970244
PIGU,1.51308536928125
PIGV,7.361083661429428
PIGW,0.9030597752450741
PIGX,2.5314792845018936
PIGY,0.3354345050980549
PIGZ,22.18582541512131
PIK3C2A,1.072913131139834
PIK3C2B,3.4692613301361583
PIK3C2G,0.01080288635466388
PIK3C3,0.08798329631924749
PIK3CA,3.5824551825861723
PIK3CB,0.7234423572446498
PIK3CD,7.601502976661705
PIK3CG,0.06612096564980147
PIK3R1,5.202428628632886
PIK3R2,134.1495270157843
PIK3R3,10.001358652880153
PIK3R4,21.63574469497481
PIK3R5,0.9853810237304764
PIKFYVE,6.152030922053379
PIM1,11.637797945637022
PIM2,14.391142848798806
PIM3,35.79266540588503
PIN1,2523.9337148934223
PIN4,6.936715879569552
PINK1,293.3713092061911
PIP4K2A,37.91978570120766
PIP4K2B,47.293409578389344
PIP4K2C,69.19398881006913
PIP5K1A,0.57422708876069
PIP5K1B,0.23632903062899538
PIP5K1C,197.09042876194243
PIP5KL1,1.0042489736984508
PIPOX,9.304812732496782
PISD,4.349967001643202
PJA1,44.319616254455156
PJA2,136.10295402702
PKLR,0.18226743075538845
PKM,2135.6296224547673
PKMYT1,0.7389440910137376
PKN1,78.39435455403972
PKN2,2.9811688925351914
PKN3,2.8317569060404275
PLA2G10,0.032832141293588586
PLA2G12A,1.1882012119327376
PLA2G12B,0.00896940213680549
PLA2G15,12.39905622256194
PLA2G16,55.071753167981214
PLA2G1B,0.0198673716309385
PLA2G2A,0.12176406137586063
PLA2G2C,0.01637246859254205
PLA2G2D,0.0026911433944880577
PLA2G2E,0.10480083352838437
PLA2G2F,0.002620847655422012
PLA2G3,0.07550364066346096
PLA2G4A,9.483319878670827
PLA2G4B,55.46478227295752
PLA2G4C,13.800440618975374
PLA2G4D,0.04443903020774734
PLA2G4E,0.015747936459917917
PLA2G4F,0.010342284414387998
PLA2G5,2.108267274557846
PLA2G6,19.901912598008668
PLA2G7,0.5554432901224642
PLB1,0.9039340526982498
PLCB1,8.947701625822384
PLCB2,18.118318894216483
PLCB3,1.825738434937069
PLCB4,2.4109170708680057
PLCD1,35.94166872326053
PLCD3,29.731858253505013
PLCD4,2.304197488970551
PLCE1,1.6388703993114069
PLCG1,4.789119889796563
PLCG2,1.8345573393555095
PLCH1,1.3115848654581541
PLCH2,46.069658060431685
PLCL1,2.2338181837088915
PLCL2,5.980997297893501
PLCXD2,0.014674511540497696
PLCZ1,0.07175189323406331
PLD1,0.6370118765560646
PLD2,22.598657802919973
PLD3,59.93836332159218
PLD4,6.730324942241196
PLD6,14.73733224487992
PLG,0.009804912657874143
PLIN1,0.8700159772578562
PLIN2,3.432185464882546
PLIN3,13.07670575872143
PLIN4,7.160583826281013
PLK1,1.6144284451145285
PLK2,72.81070872787751
PLK3,3.8738505382070185
PLK4,0.11909815352131303
PLOD1,17.369438458620703
PLOD2,14.004458772192379
PLOD3,19.43485205325406
PLPBP,1.3790311261442316
PLPP1,5.389883230682263
PLPP2,2.123055391477898
PLPP3,4.2032094621878
PLPP4,0.019762828557283812
PLPP5,0.0656688155578048
PLPP6,0.050042688733332445
PLPP7,1.1305815492037874
PLPPR2,0.3307009692228308
PLPPR3,0.9307949846236876
PLPPR4,0.11900942508124815
PLPPR5,0.012456429933028047
PLTP,192.5557933612952
PLXNB3,15.632532113939401
PMM1,22.321666417443218
PMM2,6.721288783254018
PMPCA,38.301917590717125
PMVK,653.0235967111234
PNCK,84.94819544827476
PNKP,23.4899648501686
PNLIP,0.002208854618797757
PNLIPRP1,0.04876262171622993
PNLIPRP2,0.3354345050980549
PNLIPRP3,0.001220516842276943
PNMT,8.3800630599729
PNP,743.5776327785038
PNPLA2,92.3948624107399
PNPLA3,0.27187957576299154
PNPLA4,17.914031896195745
PNPLA6,2.5657704194638793
PNPLA7,7.2346014365411255
PNPLA8,32.75307752734229
PNPO,13.314220740452106
PNPT1,5.76924954206276
POLA1,2.4317632636014266
POLA2,1.3816110092573273
POLB,14.302000918904348
POLD1,0.6065374265904068
POLD2,6.989666717421118
POLD3,0.32261885334511103
POLD4,35.99137548606369
POLE,0.0469520956781268
POLE2,0.1080773521077469
POLE3,29.33425612811962
POLE4,9.283595676887483
POLG,18.09786065229144
POLG2,1.948829916716463
POLH,1.1344445891464703
POLI,2.9643772470090326
POLK,1.9662477325441912
POLL,7.847326094701891
POLM,4.753151103460878
POLN,1.0341025036028542
POLQ,0.05220954548810594
POLR1A,0.897013560301765
POLR1B,0.320894979771514
POLR1C,16.158974348444175
POLR1D,26.3634160090329
POLR1E,11.828273905132086
POLR2A,4.453193833766733
POLR2B,10.494502012519373
POLR2C,95.06023344049194
POLR2D,12.248563591506134
POLR2E,228.52392706175053
POLR2F,11.298122697948711
POLR2G,20.73694838901864
POLR2H,178.41391427702013
POLR2I,76.63997922692687
POLR2J,28.705760515646684
POLR2K,89.09905826438879
POLR2L,265.6356179020067
POLR3A,0.39919752510610235
POLR3B,1.5113361162844963
POLR3C,0.3698369211278021
POLR3D,3.6615206050209306
POLR3E,10.78605731166921
POLR3F,11.66668419738509
POLR3G,1.5888981490669465
POLR3GL,60.760637888037465
POLR3K,17.791775588907544
POLRMT,12.720073041172864
POMGNT1,53.257413488162456
POMT1,22.904226766401667
POMT2,9.41849373080387
PON3,0.8925871921903615
POR,145.20678889236797
PPA1,1658.7735845707675
PPA2,110.07264077255876
PPARA,3.9241448629613
PPAT,8.824140110543796
PPCDC,1.5210707096503528
PPCS,60.68769161896667
PPEF1,0.16648128630346334
PPEF2,0.028709403727911142
PPIA,811.8848161313389
PPIAL4A,0.3354345050980549
PPIAL4C,0.3354345050980549
PPIAL4E,0.3354345050980549
PPIAL4G,0.04266315727342316
PPIB,1292.7887197358239
PPIC,7.1457206383714515
PPID,1146.7521259605126
PPIE,6.748011224353578
PPIF,230.62425336524518
PPIG,8.471277571268269
PPIH,469.56351292890156
PPIL1,143.90837874470535
PPIL2,1.0451934276562744
PPIL3,79.98525244695337
PPIL4,3.2965935335960124
PPIL6,3.07640394558915
PPIP5K1,9.277723014265899
PPIP5K2,1.4157245647877252
PPM1A,2.5214428235204718
PPM1B,24.027135507502667
PPM1D,2.2507885959500173
PPM1E,0.2001067655485599
PPM1F,40.545488400794525
PPM1G,20.45853423601839
PPM1K,36.24020120368103
PPM1M,25.367496013920057
PPOX,9.416794123984072
PPP1CA,166.9204762288846
PPP1CB,215.93599337619386
PPP1CC,50.8013782275736
PPP1R1A,27.508226741141144
PPP1R1B,910.340725542199
PPP1R2,60.32837438447455
PPP1R3A,0.0021676640950775367
PPP1R3B,0.9074335601866672
PPP1R3C,58.32350898225827
PPP2CA,197.17390584425334
PPP2CB,262.52972102883535
PPP2R1A,768.9745130922117
PPP2R1B,12.463575389419011
PPP2R2A,105.79399340566934
PPP2R2B,53.785974371466324
PPP2R2C,209.35490839757443
PPP2R3A,0.9506115536721513
PPP2R3B,10.193780609859704
PPP3CA,2886.0987825165507
PPP3CB,61.5406771771896
PPP3CC,7.334154209324871
PPP3R1,704.0909737215403
PPP3R2,0.00895758639997415
PPP4C,51.32146325721485
PPP5C,56.551271298728196
PPP6C,170.12807514296125
PPT1,13.432334316751412
PPT2,25.592885024441223
PPWD1,20.370822798618942
PRAG1,0.3354345050980549
PRDX1,21638.934262283274
PRDX2,13847.246934632602
PRDX3,118.85059736838693
PRDX6,952.3490367549292
PREP,97.51452235644689
PRKAA1,8.234221541663699
PRKAA2,1.4426082890627636
PRKAB2,9.870212004047877
PRKACA,1081.9038679298824
PRKACB,256.1677438695157
PRKACG,5.25292276820224
PRKAG2,12.279783478522905
PRKAR1A,24.378083029714244
PRKAR1B,838.4735834918258
PRKAR2A,16.465953502193763
PRKAR2B,231.47190397191977
PRKCA,55.520993949141584
PRKCB,85.13853377905383
PRKCD,3.9562089945389496
PRKCE,9.156097053179426
PRKCG,125.31760422741888
PRKCH,1.2738425963405315
PRKCI,4.436543554535025
PRKCQ,1.0359197603130437
PRKCSH,356.47475319960364
PRKCZ,50.8013782275736
PRKD1,0.4744176158371569
PRKD2,5.879631312401293
PRKD3,4.588767364611122
PRKDC,1.2532037522674804
PRKG1,0.926749168462608
PRKG2,0.6055654563213348
PRKN,0.21524163632635238
PRKX,6.0978726766241635
PRKY,0.3354345050980549
PRODH,127.58962795864129
PRODH2,0.0014560527263527945
PRPF19,797.2407120580431
PRPF4,136.58869845474163
PRPF4B,22.780072660800407
PRPS1,799.1249069738689
PRPS1L1,0.04406736591158318
PRPS2,12.406406754454249
PRRT2,490.45901336187563
PSAP,75.22326931766514
PSAT1,2161.196353849407
PSKH1,6.770532838885703
PSKH2,0.11813839957802594
PSPH,1167.5559284870212
PSPHP1,0.3354345050980549
PTDSS1,22.31596023491613
PTDSS2,48.08146164975682
PTEN,7.912268793858443
PTGDS,8378.917929128893
PTGES,9.66944689215973
PTGES2,204.42422004784245
PTGES3,4146.712284263995
PTGIS,11.713467991322936
PTGR1,68.9763858559899
PTGS1,3.2606528749674926
PTGS2,0.7093850186816689
PTK2,2.941439926117855
PTK2B,205.92256028015822
PTK6,0.25340500999653237
PTK7,0.2839976190418435
PTP4A2,2.5545773908180274
PTP4A3,80.44783536756191
PTPDC1,1.6182051448437746
PTPMT1,29.1712258750428
PTPN1,20.753470253296868
PTPN11,35.73196195947363
PTPN12,4.894728513393597
PTPN13,8.506942123660526
PTPN14,1.3584628151580784
PTPN18,49.735566812603054
PTPN2,8.94473166343394
PTPN21,4.38766859535241
PTPN22,0.008635563025677839
PTPN23,26.059601227981553
PTPN3,2.249656102490792
PTPN4,3.8804576937460853
PTPN5,81.5742377990513
PTPN6,6.096370220816027
PTPN7,0.037674291606970896
PTPN9,0.869136540174352
PTPRA,1.649003107565852
PTPRB,1.5444306777466021
PTPRC,2.4259435586639224
PTPRD,9.98234653680188
PTPRE,4.605409260695306
PTPRF,54.39983725491894
PTPRG,3.3697976177154043
PTPRH,0.09569739500095494
PTPRJ,1.3427850043883733
PTPRK,10.689036543764752
PTPRM,6.634719338415829
PTPRN,224.20342642208345
PTPRN2,135.1614154456576
PTPRO,4.164857074584737
PTPRQ,0.0036342777175859616
PTPRR,2.926484627102585
PTPRS,58.98017159120385
PTPRT,15.947389913656316
PTPRU,14.602425834181957
PTPRZ1,98.12761704826598
PTRH1,0.19972224214791442
PTRH2,469.96580219538896
PTS,23.364754078238224
PUS1,11.202344995522632
PXDN,0.45338347541988366
PXDNL,0.06930765374105041
PXYLP1,0.3900283303635837
PYCR1,12.901690597895472
PYCR2,386.71958408419067
PYCR3,18.52640291410028
PYGB,987.5264159249108
PYGL,7.157438932849685
PYGM,69.46342458011746
PYURF,1.1898423365747062
QARS,147.00501980749675
QDPR,3567.8163194773597
QPCT,7.910340521022557
QPRT,23.27683432466006
QTRT1,131.66517926255526
QTRT2,3.0803803903498332
RAD1,0.9766344319852143
RAD18,0.4180568157033735
RAD9A,10.214645167559787
RAF1,0.43318856850817095
RAG1,0.015543138517655741
RALBP1,33.23813790290309
RARS,183.02686205192262
RARS2,6.658872002866237
RBBP6,0.4644964181662725
RBKS,0.6753362636102438
RBP1,335.93048867237695
RBP2,0.44262896504099397
RBP4,83.5245187891077
RCHY1,12.180944452462715
RCL1,3.407089535610974
RDH10,2.297359579194593
RDH11,530.1185394885994
RDH12,0.4901037962681192
RDH13,2.7947638090944498
RDH14,17.23368835335601
RDH16,0.28446137393812365
RDH5,3.9772844503126166
RDH8,0.008799682819019843
REG3A,15.598236131061894
RENBP,16.622330657592673
RET,1.396892641685427
REV3L,3.5270157964112094
RFC5,25.604057708657322
RFK,22.987158888409315
RFWD3,0.9728589527877334
RGL1,42.484699487381484
RHAG,0.004294008377130379
RHBG,0.0009795408738831081
RHCG,4.807840560914761
RING1,130.62497362209112
RIOK1,0.4716327810642277
RIOK2,0.18732023910479734
RIOK3,9.518924259335993
RIPK1,6.2780830492073845
RIPK2,2.214513914749523
RIPK3,3.058690959899271
RIPK4,0.004320884332870754
RIPOR1,1.8350848174091228
RNF103,25.932025973088756
RNF115,7.293022186128242
RNF123,17.163921724127942
RNF125,0.2177665436855611
RNF126,61.42493785992407
RNF128,0.8381800955466236
RNF13,27.738837812982748
RNF130,23.27683432466006
RNF133,0.006347953114267876
RNF138,4.702826381794709
RNF139,11.26949845129122
RNF14,19.901912598008668
RNF144A,26.068036257068243
RNF144B,1.7117802007122327
RNF146,37.391029911686125
RNF149,13.573676765904983
RNF152,0.41405720432429227
RNF167,266.68783791398386
RNF180,1.4978120415100258
RNF182,24.226870623008107
RNF185,26.956995588006027
RNF187,402.1810499194351
RNF19A,30.690600772123357
RNF19B,15.144152738778804
RNF2,4.746131567616733
RNF20,3.172523302594071
RNF216,14.969416528020647
RNF217,0.7505312212587719
RNF25,39.46755548310454
RNF31,15.338976750470517
RNF40,2.6980837906028854
RNF41,49.57216578375755
RNF5,96.01973022691173
RNF8,5.849911483647233
RNGTT,4.607894312761693
RNMT,52.84560987536091
ROCK1,3.359862967650278
ROCK2,15.445965873324226
ROR1,0.039389547466001054
ROR2,0.008199530310030928
RORA,2.4201610071984088
ROS1,0.2018193004976837
RPAP2,1.66688606021379
RPE,89.09609444893664
RPE65,0.6632917979131904
RPIA,19.51727576915901
RPL14,1832.7070047463485
RPN1,331.61921253215917
RPN2,210.84198075931346
RPP14,26.49224096132191
RPS6KA1,15.979747790731388
RPS6KA2,17.17047245166532
RPS6KA3,1.5993564802974631
RPS6KA4,2.6694159716356336
RPS6KA5,2.3751918037799524
RPS6KA6,0.2525519169760576
RPS6KB1,1.5311848578655822
RPS6KB2,17.852874064460785
RPS6KC1,0.8185079502265034
RPUSD4,1.1725899496296
RRM1,12.831632648813315
RRM2,0.2251000925972135
RRM2B,9.443998267125727
RTCA,21.81828553778713
RWDD2A,6.312282071435331
RXRA,20.726202621841864
RYK,8.436020909388477
SACM1L,22.31596023491613
SAE1,320.47593673400706
SAP130,1.2241103219287608
SARDH,1.3497089504435156
SARS,320.72832957827234
SARS2,19.37854482137072
SAT1,314.86062418727965
SAT2,499.34557967887974
SBK1,32.75307752734229
SC5D,36.714306277797746
SCARB1,40.41486811982588
SCARF2,4.402730609204907
SCD,573.6674751689118
SCD5,350.4433402018271
SCLY,4.620679329688233
SCP2,113.22618566814549
SDC1,0.20402231073951732
SDHA,382.6361386525924
SDHB,215.8001783939509
SDHC,22.264606343756803
SDHD,3.5002285952464005
SDR16C5,2.041862454247694
SDR42E1,0.0021392768068192133
SDR42E2,0.781398750028622
SDR9C7,0.06545553028901624
SDS,6.000431942325038
SDSL,6.093365624213532
SEC11A,123.67078677476755
SEC11C,9.500922279671645
SELENOI,0.1784505883933933
SEPHS1,495.18086865104436
SEPHS2,35.643837790754716
SERPINA1,8.556521612335597
SERPINA3,82.42194714557665
SETD1A,0.3756767996235055
SETD1B,5.5316816992153734
SETD2,0.03827888199460714
SETD5,20.704948807328346
SETD7,2.7910076168096545
SETDB1,0.21045894764178139
SETDB2,2.4537541828387397
SETMAR,4.802223225365662
SFXN3,3424.8460841593674
SGK1,7.050746181349768
SGK2,0.40400169705370736
SGK3,4.923404906195396
SGMS1,5.416561662901653
SGMS2,0.12424734968689356
SGPL1,39.601352957685535
SGPP1,13.668032196439137
SGPP2,2.27347235824086
SGSH,6.435522169645988
SH3RF1,5.450006730970511
SH3RF2,0.792327441370588
SH3RF3,6.073845990075711
SHMT1,73.1710156986734
SHMT2,336.58389510875384
SHPK,3.8646058873026745
SHPRH,0.19748893694219866
SI,0.0015213854514364226
SIAE,34.140804406287465
SIAH1,1.946655782535282
SIAH2,22.72947339550935
SIK2,11.196242917137692
SIK3,6.340542540927546
SIN3A,2.8140614420212153
SIN3B,0.4100283523054127
SIRT1,4.175649273311971
SIRT2,236.27888423992167
SIRT3,28.55025561088091
SIRT5,12.618261562603983
SIRT6,26.4544917208522
SIRT7,22.816802635131157
SLC10A1,0.014004937636790133
SLC10A2,0.004368995150575
SLC10A6,0.11880179429376408
SLC11A1,12.274286481891059
SLC11A2,8.106752681269645
SLC12A1,0.03164310913824065
SLC12A2,2.3503243026447507
SLC12A3,0.015797866968378937
SLC12A4,0.3292174905317031
SLC12A5,125.63640737792804
SLC12A6,0.056693235492923016
SLC12A7,4.204637438506566
SLC13A1,0.0005073364371144085
SLC13A2,0.0020687755481946595
SLC13A3,3.3266994318171372
SLC13A4,0.5493599335108172
SLC13A5,2.0727763592202897
SLC14A1,62.55602523028614
SLC14A2,0.00121515011672284
SLC15A1,0.0008289262074925141
SLC15A2,14.314529582692645
SLC15A3,13.460695344810834
SLC15A4,6.7829181538480885
SLC16A1,16.163449326161285
SLC16A10,0.0980179500723338
SLC16A2,14.009240309090051
SLC16A3,2.796763976371555
SLC16A7,0.07671728954459506
SLC16A8,0.8752101535223261
SLC17A1,0.003911593044525402
SLC17A2,0.014797084619435076
SLC17A3,0.0019989491984720325
SLC17A4,0.0012488017873136315
SLC17A5,6.405029731271838
SLC17A6,1.2757704807190426
SLC17A7,1957.3902010584256
SLC17A8,0.018289503773575026
SLC18A1,0.016411729833157057
SLC18A2,1.5444306777466021
SLC18A3,0.06214561646399096
SLC19A1,4.695848863245929
SLC19A2,2.457236825370888
SLC19A3,1.5760749577705864
SLC1A1,15.105272794574232
SLC1A2,831.1980300344171
SLC1A3,2100.103260692927
SLC1A4,11.509079088076646
SLC1A5,1.5699360663474973
SLC1A6,2.643799916390721
SLC1A7,1.6814655845843383
SLC20A1,38.7803117846796
SLC20A2,33.28675502225996
SLC22A1,0.02724094249128655
SLC22A10,0.5562050442266503
SLC22A11,0.011040322000465515
SLC22A12,0.0019420491301245797
SLC22A13,0.010293097510519966
SLC22A16,0.004345883104379477
SLC22A18,2.6142105317218576
SLC22A2,0.6215418871526734
SLC22A3,0.6632917979131904
SLC22A4,0.8778105268591466
SLC22A5,8.847355203818083
SLC22A6,0.4187596251305214
SLC22A7,0.16372415814436764
SLC22A8,0.008630886782641886
SLC22A9,0.6697078643492281
SLC23A1,0.04258960969856476
SLC23A2,36.36479619435135
SLC24A1,0.7746948451973669
SLC24A2,11.493671906398381
SLC24A3,10.124319560987749
SLC24A4,2.931366223757723
SLC25A1,721.5906545260657
SLC25A10,7.9637718817279755
SLC25A11,2879.685566015389
SLC25A12,712.2931560398591
SLC25A13,62.484630730527385
SLC25A14,8.66422351401903
SLC25A15,0.8795453239164351
SLC25A16,3.22967932959843
SLC25A17,3.5058649131032573
SLC25A18,183.69547542616883
SLC25A19,3.461581196956731
SLC25A2,0.03749686939539673
SLC25A20,18.755759018075356
SLC25A21,0.019683997159642343
SLC25A22,293.10092717500345
SLC25A26,5.3889772167122505
SLC25A27,46.68401573568915
SLC25A28,114.51318465954861
SLC25A29,44.42513093862668
SLC25A3,1742.6461198492611
SLC25A37,10.427452778932162
SLC25A4,853.8180734155213
SLC25A5,3066.2424918663546
SLC25A6,1376.4648498347253
SLC26A1,1.1223395058327603
SLC26A11,19.713044796635504
SLC26A2,1.2249625080587856
SLC26A3,0.16226921407916228
SLC26A4,0.9161990776533938
SLC26A6,7.067974471307116
SLC26A7,0.00581663473195389
SLC26A8,2.142811465150479
SLC26A9,0.03232103364981655
SLC27A1,8.184738301932608
SLC27A2,0.9311551343440445
SLC27A3,12.17728810073642
SLC27A4,7.12923609352341
SLC27A5,10.94535333951859
SLC27A6,0.01311209984477621
SLC28A1,0.0017103289037115545
SLC28A2,0.014685383534024876
SLC28A3,0.00196967203710243
SLC29A1,24.784141210463734
SLC29A2,13.041276459622567
SLC29A3,6.776724693958558
SLC29A4,28.41068487651553
SLC2A1,44.71773017097319
SLC2A10,1.633697117001083
SLC2A11,8.553213772020426
SLC2A12,3.234699243677707
SLC2A13,6.485924349860205
SLC2A14,0.01565651373692525
SLC2A2,0.0020828221236536128
SLC2A3,48.838752747076356
SLC2A4,0.8873639135923431
SLC2A5,12.065919112445828
SLC2A6,27.071574243050698
SLC2A7,0.002208854618797757
SLC2A8,12.129783872666424
SLC2A9,0.0697723933143137
SLC30A1,10.193780609859704
SLC30A6,1.579146949890751
SLC30A7,7.079469658934055
SLC31A1,4.4425096115071545
SLC32A1,5.612232488726405
SLC33A1,387.027421865757
SLC34A1,0.0024229483544485225
SLC34A2,0.009987193014985301
SLC34A3,0.08819813258945666
SLC35A1,28.271308317721584
SLC35A2,6.776724693958558
SLC35A3,1.5190441857415105
SLC35B2,0.6555017198693828
SLC35B4,7.543985777658284
SLC35C1,6.710246485001697
SLC35D1,2.202237787378763
SLC35D2,2.911853692690488
SLC36A1,3.5863321854087893
SLC36A2,0.07419499914014951
SLC36A4,3.488482760768253
SLC37A1,4.348029924039899
SLC37A4,8.930954946485583
SLC38A1,12.675543994543931
SLC38A2,32.414741572912774
SLC38A3,24.49391195033534
SLC38A4,0.0014588763212242076
SLC38A5,10.537830977845971
SLC39A7,16.020399149426538
SLC3A1,0.04262637898757983
SLC3A2,108.70770401302039
SLC40A1,4.2554856290426795
SLC41A1,28.224892686362608
SLC41A2,1.760178850061706
SLC43A1,2.7678978489244117
SLC43A2,13.299223426033938
SLC46A1,5.9585949430605085
SLC47A1,0.611818545487822
SLC47A2,0.19121248513666989
SLC4A1,0.006446741873467626
SLC4A10,11.90940128324524
SLC4A2,4.305770594734869
SLC4A3,77.55864895885088
SLC4A4,35.0009562303597
SLC4A5,0.1224579480368605
SLC4A7,0.21600047058617697
SLC4A8,0.9550493457004583
SLC4A9,0.04570927924024725
SLC51A,0.27299970637529136
SLC51B,0.08725048728077565
SLC52A1,0.03086855970428249
SLC52A2,24.896025616208448
SLC52A3,5.20131890066009
SLC5A1,0.010004254354074489
SLC5A10,0.004941907220711712
SLC5A11,2.0517846944379494
SLC5A12,0.02130016619536769
SLC5A2,0.011884013689494516
SLC5A3,0.1255683507315296
SLC5A5,0.05750187941157525
SLC5A6,30.263765911588983
SLC5A7,0.0010715355999276798
SLC5A8,0.013633558238624149
SLC5A9,0.0031202315737675493
SLC6A1,179.76092746630562
SLC6A10P,0.0023208357869847376
SLC6A11,27.738837812982748
SLC6A12,15.730733805477245
SLC6A13,2.6497291137579815
SLC6A14,0.3354345050980549
SLC6A18,0.0014082901360542848
SLC6A19,0.002739987481600818
SLC6A2,0.008093362247041163
SLC6A20,0.1894699088710239
SLC6A3,0.006741324122151489
SLC6A4,0.007141316597752904
SLC6A5,0.030066170181517235
SLC6A6,0.38541318589509466
SLC6A7,74.02782354521693
SLC6A8,119.0948405591117
SLC6A9,4.926233255816144
SLC7A1,12.668148579526843
SLC7A10,19.37854482137072
SLC7A11,9.467820138157407
SLC7A2,13.649146285780592
SLC7A3,0.311458067049942
SLC7A5,32.170310061482425
SLC7A6,3.09870215703239
SLC7A7,1.2863886048391449
SLC7A8,15.80942057733142
SLC7A9,0.5776536906391104
SLC8A1,2.0220589672109237
SLC8A2,105.74114711455485
SLC8A3,2.527182615986446
SLC8B1,6.63010311080741
SLC9A1,22.576876033709766
SLC9A2,0.0667047842614268
SLC9A3,1.1176935240975545
SLC9A4,0.314551529377227
SLC9A5,8.170349358224746
SLC9A7,0.34504340305656833
SLC9A8,7.12444122247006
SLCO1A2,1.0141725751742412
SLCO1B1,0.0013168796333054913
SLCO1B3,0.04767210311424515
SLCO1C1,26.956995588006027
SLCO2A1,1.3154734927204486
SLCO2B1,61.251444798244364
SLCO3A1,4.285364610721038
SLCO4A1,28.55025561088091
SLK,16.520486581660304
SMARCD3,189.522852831768
SMG1,0.7306491428727916
SMPD1,41.54964886673739
SMPD2,4.868997081615016
SMPD3,9.547917863090575
SMPD4,10.16839468369432
SMS,285.9640409750737
SMURF1,8.219365643643707
SMURF2,4.666575401017615
SMYD3,5.3127514012536965
SNRK,8.092096555796015
SOAT1,2.472077697258314
SOAT2,0.018127707996061736
SOD1,5035.6122193689325
SOD2,27.278162635721298
SOD3,31.645159172365457
SORD,1.4897459391475802
SPCS1,266.2054239777577
SPCS2,341.9607675055785
SPCS3,241.61169318921105
SPEG,12.17728810073642
SPHK1,1.8292157138799512
SPHK2,5.103450234647367
SPR,467.4517468376247
SPRYD3,410.58459393099537
SPTLC1,15.56880909656808
SPTLC2,2.2459972230344247
SPTLC3,0.0578624862351643
SQLE,0.5149639701995784
SRC,10.718206988765617
SRD5A1,5.138232858471287
SRD5A2,0.3354345050980549
SRD5A3,1.9673378042960608
SREBF1,40.80072342266671
SRM,776.4273058148682
SRMS,0.01562054020198107
SRPK1,4.96540049476735
SRPK2,34.92699146228756
SRPK3,1.6856377698639675
SSH1,9.689833110562832
SSH2,4.730765808042684
SSH3,14.257145814701877
SSR4,175.80068656718834
SSU72,444.68514768712856
ST3GAL1,4.2148372872279785
ST3GAL2,10.04633713152885
ST3GAL3,25.39000945896941
ST3GAL4,13.498326056283702
ST3GAL5,34.58241018433987
ST3GAL6,3.232189010264202
ST6GAL1,18.24120584966944
ST6GALNAC1,1.3281340422092898
ST6GALNAC2,0.5248431026453934
ST6GALNAC3,0.7282305397003435
ST6GALNAC4,11.059032422008585
ST6GALNAC5,15.105272794574232
ST6GALNAC6,404.64756155307833
ST8SIA1,2.6675392809015377
ST8SIA4,0.4793324501114487
ST8SIA5,5.284810279938512
STAMBP,11.28328723600812
STAMBPL1,3.747615378550068
STARD3,60.04090193646143
STK10,0.16709058245467312
STK11,86.72937138187571
STK16,1.7001274114243492
STK17A,5.244457023884046
STK17B,2.8136417085468612
STK19,8.677768297018634
STK24,23.93851503258301
STK25,6.327178538695483
STK26,0.629690691282171
STK3,3.7926161840658845
STK31,0.017627599031235227
STK32A,1.6048126929166302
STK32B,0.5309988996455345
STK32C,54.595571012101765
STK33,1.9848022230413562
STK35,19.503792006093686
STK36,20.81127967853576
STK38,11.218203728695176
STK38L,6.597815049240062
STK39,34.26891013854882
STK4,1.0878382139519984
STRA6,0.026242170840070266
STS,9.49165901914308
STT3A,3.7813252984866463
STT3B,20.513943148118695
STUB1,166.71417326062982
STYK1,2.501471217786548
STYXL1,18.323261208976437
SUCLA2,227.50755162784995
SUCLG1,389.6280822484678
SUCLG2,623.8313178216433
SULT1A1,50.58222824758617
SULT1A2,0.1903687381453499
SULT1A3,0.7688423891329262
SULT1B1,0.061830059413629554
SULT1C2,0.013545805984546097
SULT1C4,2.7427098006694712
SULT1E1,1.3273511575593253
SULT2A1,3.553854432798619
SULT2B1,0.4184784611864222
SULT4A1,357.57370549430686
SUOX,17.0230369049058
SUV39H1,3.891035780749512
SUV39H2,1.2960630664707176
SYK,2.9692766756072237
SYNJ1,0.27304407406968706
SYNJ2,0.06069648751074269
SYVN1,0.9644836048506158
TAF1,3.3229042121708434
TALDO1,150.18412031173565
TAOK1,3.413424814430315
TAOK2,39.136233031421675
TAOK3,25.796217690286785
TARS,97.15467297913773
TARS2,2.810244708303633
TARSL2,14.2883779431934
TAT,0.28571233464989304
TBCB,307.1484851332968
TBK1,0.902527536345766
TBL1X,18.525140823394477
TBL1XR1,7.691619095459776
TBXAS1,1.8399033791715944
TCIRG1,23.414246361395325
TDO2,0.07446775216909567
TECR,490.45901336187563
TECRL,0.006373682363994287
TENT2,0.15316461371698084
TENT4A,0.45357387630786017
TESK1,74.5468262311708
TESK2,1.7212193533495188
TFRC,36.45797441685342
TGDS,4.464500021933363
TGFBR1,4.125801852246127
TGFBR2,9.82029882281947
TGM1,0.8390360883997153
TGM2,82.6106641513998
TGM3,0.06166666346143443
TGM4,0.004955884779745381
TGM5,0.0025626730054943
TGM6,0.018105422639918517
TGM7,0.011825176896195087
TGS1,4.43564392694394
TH,0.17508988521067237
THNSL1,4.5666047719475324
THTPA,10.172609298227902
TIAM2,7.976740289575816
TICRR,0.02759787680278222
TIPARP,7.270901369276847
TK1,0.5227457919594096
TK2,16.026381973264815
TKFC,17.655218887752373
TKT,312.74745965931237
TKTL1,0.13856609051470936
TKTL2,0.006662983775059329
TLK1,11.33751463733044
TLK2,0.3336328167144685
TM7SF2,74.33299472017882
TMEM91,9.016455913906182
TMLHE,1.862404825941758
TMX3,9.693260073364616
TNFRSF21,27.69267193626911
TNIK,19.922929408530123
TNK1,0.4769237444539689
TNK2,282.87907098074714
TNKS,6.770532838885703
TNKS2,14.563945834597792
TNNI3K,1.8946838516277071
TNS2,1.434061794943761
TOPORS,5.835067597383144
TP53RK,2.959480113740815
TPH1,0.007769246418437168
TPH2,0.005110373405170573
TPI1,15385.721109545904
TPI1P2,0.17060484705218393
TPK1,1.395903471014681
TPMT,22.8823618460862
TPO,0.009880139732859462
TPP1,215.44132006131372
TPSAB1,0.08211296910109624
TPSB2,0.26210367716517563
TPSD1,1.4756600339968013
TPST1,21.21674123719861
TPST2,17.043143137905762
TPTE,0.3354345050980549
TPTE2,0.03608609222750201
TRAF7,53.34077200752971
TRDMT1,0.2715064892683387
TREH,0.0013873626759174484
TREX1,5.565316496999739
TREX2,0.2637053787424415
TRHDE,1.4048131544841682
TRIB3,1.5546186129873119
TRIM11,5.293468809338372
TRIM32,1.210199230704076
TRIM33,3.499180609579179
TRIM63,0.03458677022551658
TRIO,2.1204591017404097
TRIP12,9.325507593413906
TRIT1,7.681593078263147
TRMT1,15.821083244410065
TRMT11,5.230066424747983
TRMT1L,4.65543727205609
TRMU,8.989607217041549
TRPM6,0.10812523187304836
TRPM7,2.281426896100202
TSSK1B,0.20447763106973466
TSSK2,0.0231714118888251
TSSK3,2.2825639016291297
TSSK4,0.3911177616420373
TSSK6,0.42016624773240346
TST,22.07754479550075
TSTA3,141.03009246969225
TTC3,70.87528724746156
TTK,0.007417736708588258
TTL,1.4363434383240516
TTLL10,0.005726944602909277
TTN,0.0681286665346502
TUSC3,1.9925862538177002
TUT1,0.3823638616038567
TUT4,0.6950417161591614
TUT7,0.1907089895411479
TXN,1473.0231742895714
TXN2,71.11082488766725
TXNRD1,90.08286475844251
TXNRD2,9.215163931857589
TXNRD3,0.2950577537601114
TYMP,26.773956770413488
TYMS,7.761505548619695
TYR,0.1046323172264974
TYRO3,175.65577980680027
TYRP1,0.355065422597751
UAP1,19.368018784928275
UAP1L1,16.30372336672585
UBA1,646.3346372673726
UBA2,129.28667900931958
UBA3,80.35834441732639
UBA6,53.57295441770671
UBA7,13.668032196439137
UBE2A,43.749822956973134
UBE2B,64.77690430772401
UBE2C,0.5017481677318855
UBE2D1,10.21986319695107
UBE2D2,47.64093590183501
UBE2D3,995.9093454280484
UBE2D4,21.883018895626485
UBE2E1,58.98017159120385
UBE2E2,8.336233980556106
UBE2E3,13.726260650313016
UBE2F,2.1608184289113757
UBE2G1,15.31992150118247
UBE2G2,9.76749836891229
UBE2H,339.39821149421516
UBE2I,552.927027152356
UBE2J1,7.463772992982499
UBE2J2,27.600405644810106
UBE2K,723.6546786756217
UBE2L3,3652.365217219043
UBE2L6,63.31927644614216
UBE2M,557.859535320908
UBE2N,37.16506608057104
UBE2NL,0.3354345050980549
UBE2O,49.517732674735996
UBE2Q1,9.521344420154797
UBE2Q2,2.175361316687702
UBE2QL1,70.36368388998439
UBE2R2,19.085934359346183
UBE2S,51.87356916001385
UBE2T,4.22817546987709
UBE2U,0.0017399476461782673
UBE2W,7.952429435203869
UBE2Z,78.30111018146545
UBE3A,18.027775639187215
UBE3B,11.748035528847875
UBE3C,4.141801836681025
UBE4A,0.5114822206688453
UBE4B,4.564729337298987
UBLCP1,86.323758564722
UBR1,0.4827681622020427
UBR2,3.5982198995335084
UBR3,0.04607187572863555
UBR4,6.583980002267353
UBR5,0.6583292890723663
UBR7,24.560801842642594
UCK1,27.793015706881516
UCK2,2.3241202072051776
UCKL1,23.89423963866042
UCP1,0.058364989262093596
UCP2,14.352821718948872
UCP3,0.990761504764579
UEVLD,3.2686414012993996
UGCG,7.233024347817313
UGDH,22.842693530303134
UGGT2,2.6722943689792724
UGP2,3556.2535429940635
UGT1A1,0.5818457107151666
UGT1A10,0.011848190125938483
UGT1A3,1.0114790584917612
UGT1A4,0.0951329295757727
UGT1A5,0.4044927492424471
UGT1A6,0.17846484523713252
UGT1A7,0.817507176308654
UGT1A8,0.1293154038699776
UGT1A9,0.11549856641655931
UGT2A1,0.3354345050980549
UGT2A3,0.003919066834087175
UGT2B10,1.2536713325042186
UGT2B11,0.23720441855058141
UGT2B15,0.6704297803167216
UGT2B17,0.0038240801023165147
UGT2B28,0.0017310468884558805
UGT2B4,0.007819215129501575
UGT2B7,0.1550237091590488
UGT3A1,0.12021469926971337
UGT3A2,0.002660952057640465
UGT8,3.5270157964112094
UHMK1,18.98344353364108
UHRF1,0.13280426597997913
UHRF2,3.985272849392179
ULK1,82.17051498300904
ULK3,161.21714277377902
ULK4,0.19879662923164484
UMPS,72.82698204767264
UPB1,0.015559715411854325
UPP1,6.417046397726457
UPP2,1.3457206606453518
UPRT,3.356146385488998
UQCR10,121.24909248575501
UQCR11,166.33615810244652
UQCRB,227.09299244288545
UQCRC1,1792.3770670243646
UQCRC2,2823.086971998836
UQCRFS1,513.369986601562
UQCRH,135.8738824401794
UQCRQ,177.97927629161163
UROC1,0.11625350727519476
UROD,67.04768742491763
UROS,46.603751329410265
USP1,9.313282861385002
USP10,7.117523259267326
USP11,652.5249536901149
USP12,15.868508659172099
USP13,1.1223395058327603
USP14,84.34961572496533
USP15,3.0078194885006844
USP16,26.796817274778412
USP17L2,0.011314542319843742
USP17L22,0.04998256910149056
USP17L30,0.050968258904732194
USP17L5,0.050968258904732194
USP17L9P,0.3354345050980549
USP18,0.7621693069314835
USP19,1.3466381419819973
USP2,27.831234949768042
USP20,33.798448635643624
USP21,50.090124847718876
USP22,168.2193233007366
USP24,2.473232501470851
USP25,0.15542245891329057
USP26,0.00382964923330262
USP28,6.776724693958558
USP29,0.08228852752006045
USP3,0.3117918528931929
USP30,0.3898317006483835
USP31,4.895146767582267
USP32,0.3667329690713753
USP33,32.22185477708782
USP34,8.035172090286206
USP35,8.271741201121133
USP36,7.7651387231690805
USP37,0.18817995807873544
USP38,2.2372093513135947
USP4,3.3640255160856203
USP40,0.5131251395528916
USP41,0.01834435481333142
USP42,2.6473569828146877
USP43,3.953346554170441
USP44,0.07641336309034474
USP45,1.0550554349726167
USP46,25.592885024441223
USP47,10.12230278101785
USP48,0.39452251243648867
USP49,1.600698294620793
USP51,0.7430764808266543
USP6,0.2945275306796051
USP7,37.4284296392962
USP8,0.7475961307452311
USP9X,6.169162875925748
USP9Y,0.0003624090655378747
UST,3.1521544127660235
UXS1,13.762572712356185
VARS,148.6778128500448
VARS2,236.51084685439193
VKORC1,35.19841233801603
VNN1,0.03296882007718319
VNN2,0.6433550595361522
VNN3,0.019551205292925245
VRK1,21.112149591204656
VRK2,0.6348233709080654
VRK3,10.279053634946289
WARS,419.3511915449313
WARS2,4.523746492341209
WDYHV1,4.768558363878007
WEE1,0.29726681232593
WEE2,0.017169555008959787
WNK1,5.318981105826032
WNK2,20.683701178166114
WNK3,0.5298713187728289
WNK4,0.03507293856137381
WWOX,7.678384906793342
WWP1,7.598304328109576
WWP2,0.20442711339199135
XDH,0.22757808448093378
XPO6,0.5064282218876253
XPO7,36.91445137098556
XYLB,0.1404705616888714
XYLT1,4.415064955694672
XYLT2,10.450202231305846
YARS,1806.6663834389763
YARS2,23.079641841535377
YES1,7.376937582915566
ZADH2,17.184074987925158
ZAP70,0.07563341171938151
ZC3HAV1,1.6542151333715265
ZNRD1,4.835304750854089
ZNRF1,18.07740896670471
ZNRF2,1.8843556602454627
ZSWIM2,0.017966320714963065
