A4GALT,6.219845138105705
A4GNT,0.004441486316540517
AACS,38.00714294882137
AADAC,0.011044404924935651
AADAT,0.4339152310188585
AAK1,7.999855774172847
AANAT,0.30659762107072613
AARS,891.6283818825193
AARS2,17.194047763659764
AASDH,7.079904791899976
AASDHPPT,11.76959748919568
AASS,0.8190375883395782
AATK,0.005789767208264751
ABAT,0.8753596732239222
ABCA1,0.2266094678249636
ABCA3,0.25815579773243913
ABCA4,0.005681399948465125
ABCA8,0.007541032902296016
ABCB1,0.08537567761549432
ABCB11,0.04664320692677182
ABCB4,2.0490569695960725
ABCB6,20.11267323086195
ABCC1,1.6184485559434807
ABCC11,0.004574845379715227
ABCC2,0.2001486146202176
ABCC3,0.034229501086466683
ABCC4,6.835205341768057
ABCC5,1.3806301686652156
ABCC8,0.0017578467814732446
ABCC9,0.002517073519065168
ABCD1,3.932632106615066
ABCD2,2.3022844277207817
ABCD3,25.76988766043569
ABCG2,0.00920397158953775
ABCG5,0.004186530439091101
ABCG8,0.00626614453853398
ABHD12,18.023213957949768
ABHD5,2.3149913407807046
ABHD6,2.5880990157371557
ABL1,18.942407319053927
ABL2,1.0803613030107981
ABO,0.007273877937150572
ACAA1,33.57087015343208
ACAA2,69.43806297056106
ACACA,22.474611437778496
ACACB,0.2112828649432578
ACAD10,9.492256842998037
ACAD11,0.032002209657442555
ACAD8,25.876889097220243
ACAD9,336.49096555741033
ACADL,0.020085948533291473
ACADM,120.48034560225724
ACADS,15.211398127525587
ACADSB,118.03763418309546
ACADVL,413.9645195070817
ACAT1,26.26641808082032
ACAT2,99.51358058394466
ACE,0.008867739911114806
ACE2,0.003922746052084343
ACER1,0.017207684907281313
ACER2,1.1537069942871736
ACER3,1.7498164111874988
ACHE,0.9928764122149012
ACLY,137.75157748376128
ACMSD,0.010218533432846667
ACO1,7.381824825184582
ACO2,129.5877556910506
ACOT1,1.4437546884666952
ACOT11,0.05380823528929933
ACOT12,0.0034680474959845544
ACOT13,7.602080269770526
ACOT2,7.886973540597995
ACOT4,2.814211124810541
ACOT6,0.009586111032012986
ACOT7,33.53414773612203
ACOT8,17.431466501495795
ACOX1,2.047910463640358
ACOX2,0.018750085265103182
ACOX3,13.711683367210965
ACP1,5760.960088198495
ACP2,3.2092873812499265
ACP4,0.0036202735317779565
ACP5,41.2392442371923
ACP6,1.0848094686276464
ACP7,0.44999467512671487
ACPP,0.0319860685184133
ACSBG1,0.07431516030409556
ACSBG2,0.06786594125847939
ACSF2,11.214457652481876
ACSF3,9.795576501621472
ACSL1,29.601211845974518
ACSL3,5.969930069973731
ACSL4,6.585154081611086
ACSL5,16.582205732180224
ACSL6,0.003745403357568565
ACSM1,0.0013296877564203773
ACSM2A,0.005439391242359629
ACSM2B,0.06320048198640206
ACSM3,1.8460565623822727
ACSM4,0.013326763831386713
ACSM5,0.38590455571506443
ACSS1,16.477092538481585
ACSS2,5.413394575113154
ACSS3,0.005512411176436055
ACVR1,0.025343345997281587
ACVR1B,0.20056472826869218
ACVR1C,0.004244686117836464
ACVR2A,0.12903922700097545
ACVR2B,1.05660479569319
ACVRL1,0.010676739416112418
ACY1,126.80877724776126
ACY3,37.10562066140956
ACYP1,10.272307265589099
ACYP2,0.6321981020938198
ADA,61.52295876474066
ADCY1,0.17524169454800315
ADCY10,0.008625779180187166
ADCY2,0.007538889068005842
ADCY3,29.834944355653224
ADCY4,0.20117025135776254
ADCY5,0.025052737101771305
ADCY6,0.20188972006284267
ADCY7,27.122362296212533
ADCY8,0.10844658669179806
ADCY9,0.07431516030409556
ADH1A,0.00580205748197586
ADH1B,0.14637221802450656
ADH1C,0.036555044435946385
ADH4,0.003041773467997175
ADH5,436.73917354705526
ADH6,0.00569569225564108
ADH7,0.15888716850690582
ADHFE1,0.8282181324335551
ADI1,10.224916657000271
ADK,42.756802996756704
ADO,26.228714773728697
ADPGK,170.40872730768615
ADPRH,40.733302031971846
ADSL,829.8541330045733
ADSS,220.3071997689641
ADSSL1,0.06702005919573874
AFMID,16.712776896012784
AGA,65.89414866399878
AGK,17.850354301483534
AGL,0.7158958802358628
AGMAT,3.7767288244579786
AGPAT1,6.0435732006397025
AGPAT2,22.171952862239046
AGPAT3,36.53079091587257
AGPAT4,0.04643207128702994
AGPAT5,47.71600423723102
AGPS,42.06221618434741
AGT,0.06796004135456714
AGXT,0.032786240888788905
AGXT2,0.0031317706491882985
AHCY,10878.470620175314
AHCYL1,26.596040519047264
AHCYL2,2.3016700152479084
AICDA,18.560571460599014
AK1,54.69668101582574
AK2,1550.8822173862534
AK3,43.044193872536276
AK4,542.7581425650312
AK5,2.8158505268309773
AK7,0.043712167516859614
AKR1A1,228.6105444537241
AKR1B1,94.98807129079665
AKR1B10,0.0073890840864501445
AKR1B15,0.01778805653352603
AKR1C1,0.008387171706967688
AKR1C2,0.004390677640269639
AKR1C3,0.015786284087299277
AKR1C4,0.0025223933130643942
AKR1C8P,0.3354345050980549
AKR1D1,0.007982719613872109
AKR7A2,358.8310604616608
AKR7A3,0.24952500677173797
AKT1,4.514065779751752
AKT2,2.024445276239839
AKT3,4.733023289945066
ALAD,223.1529947326823
ALAS1,70.11545591645645
ALAS2,0.07171067008901402
ALB,1.1762826510004512
ALDH18A1,379.7177607964267
ALDH1A1,0.06877651855629162
ALDH1A2,0.0042582757196746365
ALDH1A3,0.05116844491912845
ALDH1B1,23.029295048940742
ALDH1L1,0.4436541441672707
ALDH1L2,3.118806551897008
ALDH2,130.61668601887837
ALDH3A1,0.013492563016628106
ALDH3A2,33.908281669635706
ALDH3B1,0.10074444378837792
ALDH3B2,0.002284968604616092
ALDH4A1,4.34411684237843
ALDH5A1,10.392098096295015
ALDH6A1,4.759197126815413
ALDH7A1,2.804611522457353
ALDH9A1,540.1677307602475
ALDOA,7314.0057695289825
ALDOB,0.14708906451633297
ALDOC,315.152203104529
ALG1,6.31597260450272
ALG10,6.730793610789932
ALG11,2.227447241848377
ALG12,6.744699076701836
ALG13,11.813467066347123
ALG14,0.5390630384863879
ALG1L,0.17398578863966785
ALG1L2,0.1846729302475489
ALG2,88.00490065947524
ALG3,2.759466382036122
ALG5,28.79012072853035
ALG6,3.9592499543575888
ALG8,17.546283615859963
ALG9,5.158732426069001
ALK,0.0026059887687713023
ALLC,0.09874098907430014
ALOX12,0.7657635953417624
ALOX12B,0.024841750794985098
ALOX15,0.004849538289412998
ALOX15B,0.10414616406222137
ALOX5,69.02177304702998
ALPG,2.1334538652401167
ALPI,0.09522613776587274
ALPL,0.008817052461715045
ALPP,0.06786594125847939
AMACR,90.42630383380565
AMD1,64.64642773061
AMDHD1,0.10543105100303805
AMDHD2,17.324967711261845
AMFR,0.3869736766381401
AMHR2,0.06348622862741445
AMN,0.15212383434624294
AMPD1,0.12882893386672203
AMPD2,12.760502545789436
AMPD3,15.632043783140311
AMT,6.322848600994143
AMY1A,0.001287893381959869
AMY1B,0.003181553796275824
AMY1C,2.6438139326066277
AMY2A,0.11275136198222292
AMY2B,2.2079454658258424
ANAPC11,53.511809597237104
ANGPTL4,0.10868913485099642
ANKRD1,0.033923300780013016
ANPEP,0.057993189691946626
ANXA3,0.6926394157845082
AOAH,0.06626971201190676
AOC1,0.24764015198413564
AOC2,0.7046496976947046
AOC3,0.36214036281590667
AOX1,0.027715533227068136
APOA1,0.21982597791038141
APOA2,0.19977045941279717
APOA5,0.003984092895678148
APOB,0.012348896363671409
APOC1,0.6153814499530365
APOC2,27.211319250515267
APOC3,0.3131656498294733
APOE,0.35002171560658746
APRT,1532.5458226272995
AQP1,0.3230419311911097
AQP10,0.0014062602885641028
AQP2,0.0019224109908361727
AQP3,0.6305740537261655
AQP4,0.0010333976406340264
AQP5,0.02135520205597457
AQP7,0.001571366455436912
AQP8,0.00579796022274017
AQP9,0.05230553201763064
ARAF,1.402671708700269
ARCN1,316.24767156865767
ARG1,0.03420164502533233
ARG2,0.9288620299305858
ARSA,22.859796243700302
ARSB,1.1048845921432602
ART1,0.0055774587493410965
ART3,0.0060777037885221714
ART4,0.6605953935056178
ART5,0.025214165732571663
AS3MT,0.10461922598326574
ASAH1,51.402714290003736
ASAH2,0.022334591150590832
ASH1L,0.02473085995162817
ASL,296.4094785131888
ASMT,0.0853126852892172
ASNS,1155.8553523506396
ASPA,0.028793437084340266
ASPG,0.003313106919680915
ASPH,15.137924927353172
ASRGL1,0.3300815241514237
ASS1,50.712403090524035
ATE1,5.187514490165343
ATIC,1410.6182864337522
ATM,3.40308078775052
ATP10A,0.00451985014666781
ATP11A,10.979476258985974
ATP11C,12.882661289013557
ATP1A1,83.64804085716723
ATP1A2,0.04953039741629205
ATP1A3,0.5381651780627946
ATP1A4,0.007284531986970757
ATP1B1,3.9111071389340917
ATP1B2,0.27169426180717965
ATP1B3,63.16953158408247
ATP1B4,0.0017262405852399544
ATP2B1,25.36592068723701
ATP2B2,0.003943815428903254
ATP2B3,0.003509320091711072
ATP2B4,0.3921052483647636
ATP4A,0.33383840052937486
ATP4B,0.2178286322402568
ATP5F1A,124.53265572432873
ATP5F1B,167.30632217246165
ATP5F1C,21.50971022167614
ATP5F1D,155.46511749348954
ATP5F1E,125.55773209538297
ATP5MC1,4.311892001287344
ATP5MC2,2.868050998110428
ATP5MC3,5.997867959791037
ATP5ME,117.38991896387836
ATP5MF,1.481717785000078
ATP5MG,179.57272888452187
ATP5MGL,23.718922705117464
ATP5PB,5.524565248774745
ATP5PD,6.7181129554220975
ATP5PF,4.959033242795014
ATP5PO,42.13932100131758
ATP5S,0.3354345050980549
ATP6V0A1,1.6321156952840314
ATP6V0A2,1.0560579973554303
ATP6V0A4,0.0018398102385840736
ATP6V0B,39.44787285736031
ATP6V0C,140.45261813977248
ATP6V0D1,230.46612279066787
ATP6V0D2,0.002915822617621027
ATP6V0E1,182.1165290866614
ATP6V1A,141.75631733913096
ATP6V1B1,0.007684909219386332
ATP6V1B2,394.3442384869266
ATP6V1C1,11.502734600856863
ATP6V1C2,1.073781214401149
ATP6V1D,14.556175728005284
ATP6V1E1,131.58876528734066
ATP6V1E2,2.1850403374310585
ATP6V1F,50.03854008274636
ATP6V1G1,30.93904227774055
ATP6V1G2,0.9313293558040405
ATP6V1G3,0.005630406861494227
ATP6V1H,13.919916180124362
ATP7A,7.481554263744202
ATP7B,0.09486420941880101
ATP8A1,51.656172446830126
ATP8B1,0.6384254488082056
ATP8B2,3.026558908104342
ATR,0.07584264716278977
AUH,1.544835371720101
AURKA,0.39609433604452415
AURKB,31.687500213765844
AURKC,0.4406172148260191
AWAT1,0.01736608733821052
AWAT2,0.6905945531355334
AXL,0.0015173867842284898
AZIN2,0.7963414524148358
B3GALNT1,0.6291902627925469
B3GALNT2,2.2792120603468
B3GALT1,0.3354345050980549
B3GALT2,0.004885311229238818
B3GALT4,5.252483058979063
B3GALT5,0.0003585028190362692
B3GALT6,6.336604477793704
B3GAT1,0.0006747345602544779
B3GAT2,0.11980879307413436
B3GAT3,30.12305078555496
B3GLCT,0.7866139610071975
B3GNT2,63.250361458141185
B3GNT3,0.017306656983637803
B3GNT4,0.04027779774743019
B3GNT5,0.023582400235120534
B3GNT6,0.3354345050980549
B3GNT7,5.628336918513317
B3GNT8,0.10705794693801401
B3GNT9,2.1103180668007835
B3GNTL1,2.8609009839389214
B4GALNT1,0.040851581577508914
B4GALNT2,0.00831080167360842
B4GALNT3,0.08326129097273981
B4GALNT4,0.03579564558051548
B4GALT1,56.612574764382295
B4GALT2,20.129478721009377
B4GALT3,55.438738720499906
B4GALT4,3.3114792665354056
B4GALT5,29.90692599657438
B4GALT6,8.970964381510495
B4GALT7,19.668217652849634
B4GAT1,2.277812689362301
BAAT,0.003936151576738606
BARD1,11.786477666196367
BBOX1,0.016906429777509727
BCAP31,898.9968581947104
BCAT1,12.30930432005607
BCAT2,37.12790474725394
BCHE,0.028118911881796892
BCKDHA,9.029924927314562
BCKDHB,11.1992716162086
BCKDK,43.485505386159915
BCO1,0.06461878427195712
BCR,0.00625130657394587
BDH1,9.773326531860317
BDH2,9.802995104154101
BHMT,0.007656956153302481
BHMT2,0.01578141135639081
BIRC6,10.558059455521876
BLK,193.869893990303
BLVRA,941.941005097188
BLVRB,532.1918024236473
BMP1,0.5260695561052814
BMP2K,0.4841935739723531
BMPR1A,1.637597846032112
BMPR1B,0.0009552060662193605
BMPR2,7.114982908625818
BMX,0.06795304540825457
BPGM,9.080888050992348
BPNT1,43.73528627636076
BRAF,7.410812992874451
BRAP,0.2985498435684198
BRPF1,10.542173308787842
BRSK1,0.19935463179354088
BRSK2,0.006257840559565485
BSCL2,13.774611523595363
BSG,82.76763694894845
BTD,1.5283090473267866
BUB1,74.9624496703665
BUB1B,1.9238854605665332
C1GALT1,9.315476119512976
CA1,0.01762402502632926
CA12,0.011335933080860153
CA13,2.986174998732258
CA14,0.018451796278955664
CA2,0.8084297093174238
CA3,0.12606563994114414
CA4,0.018404247158856628
CA5A,0.08417582761312976
CA5B,0.17612779417111524
CA6,10.425839500790367
CA7,0.009952495608163633
CA8,0.10485502836101313
CA9,0.03907746294956698
CAD,142.72661855017387
CALM1,96.86007273947858
CAMK1,2.6940650995501123
CAMK1D,8.13772764744445
CAMK1G,0.014417898310771983
CAMK2A,0.00047636700786168065
CAMK2B,0.03129903259917924
CAMK2D,416.4041105414221
CAMK2G,5.077130266008033
CAMK4,5.227853564227126
CAMKK1,1.882234918021639
CAMKK2,22.969098439973347
CANT1,21.95850274279005
CARM1,33.73428487629809
CARNS1,0.13322222217730958
CARS,20.415542704034333
CARS2,19.402533982762233
CASK,4.8723940246203234
CAT,147.5239625336381
CBLC,0.01545796196372163
CBLL1,13.046187597528105
CBLL2,0.027434690025870352
CBR1,15.011489611865654
CBR3,1.5898928358783924
CBR4,48.03648794717427
CBS,2.208518623278028
CBSL,0.3354345050980549
CBX1,162.26874909081857
CCNB1IP1,30.213182190923625
CD36,0.011624143714402128
CD38,16.477092538481585
CDA,4.71795882464908
CDC14A,1.0008672046197413
CDC14B,0.022256995650516805
CDC25A,12.517977789992736
CDC25B,41.35344460271263
CDC25C,8.476565772832279
CDC34,4.147025998735761
CDC42BPA,0.016858789332966077
CDC42BPB,0.592782694405703
CDC42BPG,0.08387905406034779
CDC7,16.039787758529457
CDIPT,68.19437649448234
CDK1,86.43854140011372
CDK10,19.325580570333127
CDK11A,19.877652221608788
CDK11B,16.900109428012566
CDK12,21.362757742879072
CDK13,21.99263072008737
CDK14,9.699223355898205
CDK15,0.0010100406383452883
CDK16,28.49983109039564
CDK17,20.972823755898965
CDK18,0.02846931952371635
CDK19,9.536541655606785
CDK2,47.43317390344415
CDK20,0.02955216486353251
CDK3,7.150090994255457
CDK4,26.04668422221942
CDK5,41.108009897223795
CDK6,37.19763026596018
CDK7,145.7403264745056
CDK8,9.036760275012982
CDK9,54.118703925354076
CDKL1,1.3500424301059897
CDKL2,0.0131306354061497
CDKL3,0.3083494534087097
CDKL4,0.001587721669312387
CDKL5,0.6361144697490672
CDKN3,28.508756133901954
CDO1,0.024079535245301435
CDS1,0.011423416432142208
CDS2,7.836986560927057
CDY1,0.256335927830294
CDY1B,0.256335927830294
CDY2A,0.04923577690024244
CDY2B,0.04923577690024244
CEL,0.39465620050553846
CEPT1,5.212011871538651
CERCAM,0.532783470431193
CERK,20.42396691385066
CERS1,0.031216762367567017
CERS2,23.52047792625929
CERS3,0.0014706287365382042
CERS4,17.267669079322754
CERS5,8.650504353862397
CERS6,15.099392937034672
CES1,0.027259597038236712
CES2,21.3882313228603
CES3,1.3637394987887914
CES5A,0.024815399254720108
CFTR,0.0038119783320107467
CH25H,0.2890978683874621
CHAT,0.0023548912702932643
CHD9,9.286068760924964
CHDH,0.45671017444349604
CHEK1,3.9689051622204716
CHEK2,10.97191059337564
CHFR,17.095970874508986
CHI3L1,0.129951182309737
CHIA,0.017279429868301645
CHIT1,0.4615137233406747
CHKA,4.91980153069632
CHKB,54.95840197418502
CHMP4A,86.51425260411855
CHPF,23.38242102384707
CHPF2,24.230212407853426
CHPT1,2.1165750885674526
CHST1,0.014711024727473376
CHST10,5.885436653167251
CHST11,18.229641307335253
CHST12,43.55272971323537
CHST13,0.0018970584667541413
CHST14,0.7227113825472792
CHST2,13.342994449914649
CHST3,0.02061295344322767
CHST4,0.024446987857330765
CHST5,0.021843946183963674
CHST6,0.7868068954462208
CHST7,8.77407899491157
CHST8,0.032071621246462796
CHST9,0.3354345050980549
CHSY1,19.283867055573225
CHSY3,0.003970659203048261
CHUK,0.9822759434968422
CHURC1-FNTB,3.2507362769424972
CIDEA,0.0018196779120057088
CINP,0.9640424201467638
CIT,14.907718676325436
CKB,4.184819806934048
CKM,5.743109323674508
CKMT1A,0.011163611713422894
CKMT1B,0.014391519212051267
CKMT2,0.0688079551934983
CLC,0.23377793106119815
CLCF1,2.1627477894997487
CLK1,3.3436448135012986
CLK2,65.00656022108835
CLK3,1.4497070054107495
CLK4,0.55321408900233
CLOCK,2.7485940857946707
CLPS,0.8778018134863416
CLTRN,0.5786685643266595
CLYBL,0.5679298159861907
CMA1,0.15410975450732978
CMAHP,6.849147886995142
CMAS,54.77846258662887
CMPK1,837.4855879356408
CMPK2,5.946617840165713
CMTR1,62.14550321229118
CNDP1,0.002087736750232026
CNDP2,72.16489862738305
CNOT4,7.227433799753094
CNP,20.820580658684914
COASY,850.7294615428066
COL4A3BP,3.934687620459601
COLGALT1,36.54942530878577
COLGALT2,0.010590277308840422
COMT,41.407713817529995
COMTD1,527.4308018580505
COP1,0.4785008438550989
COPA,385.45061970023437
COPB1,245.31054583616705
COPB2,101.83517195343067
COPE,659.1583519926738
COPG1,236.70657136070622
COPG2,85.2245824613835
COQ2,6.92591958230915
COQ3,9.862378882232749
COQ5,3.8464568530046885
COQ6,7.552411537911696
COQ7,0.16939765793967432
COX1,7.766401376158287
COX17,68.03482808977135
COX2,5.3369352212394165
COX3,0.33446363282071023
COX4I1,565.7105793377976
COX4I2,0.0059745919703270275
COX5A,642.3429830988848
COX5B,507.2713064074262
COX6A1,19.285648870690665
COX6A2,0.09036304420534844
COX6B1,108.71584752274474
COX6B2,0.07095144244187185
COX6C,102.42243102761222
COX7A1,0.09900074673518858
COX7A2,63.59749878030119
COX7A2L,27.67193059092432
COX7B,61.023670318542706
COX7B2,0.3354345050980549
COX7C,283.84274619146714
COX8A,1074.1958873077876
COX8C,0.7410518340738615
CP,0.002782542332556192
CPA1,0.41387862297377714
CPA2,0.1351632945845588
CPA5,0.3354345050980549
CPA6,0.05651024032218487
CPOX,346.02894657664217
CPS1,0.21254338507458245
CPT1A,0.21098646019302597
CPT1B,36.42833118527244
CPT1C,0.0033633744956845634
CPT2,110.16284015406742
CRAT,1.5056635307797044
CREBBP,0.2587896488920641
CRLS1,10.287267956357425
CROT,6.9456284529874885
CS,5878.716894491468
CSAD,4.922028301643822
CSF1R,0.11470620505249088
CSGALNACT1,0.12974063242949951
CSGALNACT2,10.272307265589099
CSK,275.02773225120796
CSNK1A1,46.878393272139704
CSNK1A1L,0.0030674405247917056
CSNK1D,45.35517520096978
CSNK1E,2.2842897959428248
CSNK1G1,9.044076063573405
CSNK1G2,56.37144118952656
CSNK1G3,9.640011276867654
CSNK2A1,623.5457980501592
CSNK2A2,289.82446695156864
CSNK2B,769.3142833355444
CTBP1,70.84040758386263
CTDP1,2.0418945172943657
CTDSP1,53.810555508831726
CTDSP2,66.82272794111235
CTDSPL,0.0660511368161459
CTDSPL2,3.897188090731203
CTGF,0.3354345050980549
CTH,13.491829273953046
CTPS1,22.548489285774064
CTPS2,4.9187360798970925
CTSA,103.41345601608144
CTSB,26.574715398591607
CTSC,8.897955720415153
CTSD,42.2307884428982
CTSE,5.1882201086958215
CTSF,0.7249229354941781
CTSG,11.536222620817302
CTSH,217.74608139108466
CTSK,1.5304604073501875
CTSL,0.007057898817439423
CTSO,15.580418190530212
CTSS,78.68173230069033
CTSV,0.19328571362018668
CTSW,1.4955660466139826
CTSZ,17.703495655991283
CUBN,0.015594009781452152
CWC27,28.767792447963153
CYB5D1,9.073349459925778
CYB5R1,5.542858406537089
CYB5R2,5.987465999362031
CYB5R3,1618.1664721169984
CYBB,75.39528087281525
CYBRD1,14.915696628315915
CYC1,891.0622584825012
CYLD,10.09174599220781
CYP11A1,0.08518218161263066
CYP11B1,0.0017411995635572873
CYP11B2,0.0024110899239691286
CYP17A1,0.005532724343576007
CYP19A1,0.011296833551715617
CYP1A1,0.24266513776025345
CYP1A2,4.881250664873969
CYP1B1,5.695801535633885
CYP21A2,0.006587281428607387
CYP24A1,0.011714320719845666
CYP26A1,0.09617622446888627
CYP26B1,0.008834677171872803
CYP27A1,0.11904787543183039
CYP27B1,0.35795346120263155
CYP2A13,0.0019630955100123355
CYP2A6,0.05377674440315811
CYP2A7,0.05996477628878289
CYP2B6,0.0009529578435854442
CYP2C18,0.2259625918283721
CYP2C19,0.0025401399795236712
CYP2C8,0.08809400735339215
CYP2C9,0.008740016156837546
CYP2D6,0.5970529737850072
CYP2E1,0.2909098322268638
CYP2F1,0.013929970839435852
CYP2J2,0.033617578266092366
CYP2S1,0.11549664323210171
CYP2U1,1.6768641776761293
CYP39A1,0.14647438830950268
CYP3A4,0.03042342770911423
CYP3A43,0.026538174997168446
CYP3A5,0.09509690618197668
CYP3A7,0.0632211491622395
CYP46A1,0.00494503360429852
CYP4A11,0.01348070846040427
CYP4B1,0.0556817137955864
CYP4F11,0.0026864646656532716
CYP4F12,0.01461240115418549
CYP4F2,0.12157595436305159
CYP4F22,0.006326405278149204
CYP4F3,0.39763592278488535
CYP4F8,0.003631751399786501
CYP4V2,1.4394957682042746
CYP4X1,0.2354271076781773
CYP4Z1,0.08130083947706235
CYP51A1,205.95729634453167
CYP7A1,0.0010364377793882198
CYP7B1,1.462412998417657
CYP8B1,0.023295410005451576
CYTB,10.283962318241796
DAD1,738.9317447538666
DAGLA,0.00938402520923991
DAGLB,5.601390133784831
DAO,0.0007943182255770135
DAPK1,15.283477007739945
DAPK2,2.690955773401016
DAPK3,3.0692940178567873
DARS,7208.236138696819
DARS2,41.95389051498506
DBH,0.026298449110949303
DBI,516.9012291437675
DBT,3.8308868762521975
DCK,13.414981067140806
DCLK1,0.071197444312313
DCLK2,0.004248568093659057
DCT,0.014001615236239695
DCTD,18.60800490411923
DCTPP1,85.26109510669254
DCXR,44.27411442159448
DDAH1,0.15265388358053147
DDAH2,8.481143812778166
DDC,1.3078191747169696
DDO,0.1827724127891124
DDOST,1033.834127109991
DDR1,1.4998532033977774
DDR2,0.1303022300382102
DECR1,37.473872931078496
DECR2,3.7057717795518847
DEGS1,9.14238347315107
DEGS2,0.1052618312353883
DERA,47.23284846331565
DGAT1,14.716470170509167
DGAT2,7.836986560927057
DGKA,16.72905231483119
DGKB,0.00026604921681028677
DGKD,134.3589587316593
DGKE,5.381278896209901
DGKG,0.6449038894781397
DGKH,2.454388304669364
DGKI,0.024184423318392715
DGKQ,12.185933719938253
DGKZ,25.95874602849603
DGUOK,33.85923117984412
DHCR24,7.9559877634525735
DHCR7,46.29507392649508
DHDH,0.024446987857330765
DHFR,1249.9206383495891
DHODH,8.912549184566094
DHRS2,0.47377993514491323
DHRS3,0.40788138658849493
DHRS4,187.72953519951847
DHRS9,0.029036940878969995
DIO1,0.016920686987818342
DIO2,0.010433592790743336
DIO3,0.0036109812826908886
DLAT,817.2457920128749
DLD,1287.0890791878726
DLST,497.00456424617795
DMGDH,0.03751521964592799
DMPK,11.442673803945626
DNAJC6,0.038337572980555665
DNMT1,48.685916980003
DNMT3A,12.139725324302894
DNMT3B,0.4293690142140025
DNMT3L,0.03798289307998578
DOLPP1,8.978270922820439
DOT1L,46.81975606157198
DPAGT1,33.020767114855616
DPEP1,0.00410341762880422
DPEP2,1.9903629332211166
DPEP3,0.02656483442810334
DPH5,72.39777238603014
DPM1,1361.9774940985722
DPM2,49.360151874408345
DPM3,12.763798146159044
DPYD,0.03913447874794257
DPYS,0.01675368733348211
DPYSL2,208.9464843858385
DPYSL3,0.7274740266594949
DSTYK,0.2668765994546619
DTYMK,41.949499658102106
DUOX1,0.3554453779843639
DUOX2,0.016714308948737825
DUPD1,0.014576348094088813
DUSP1,3.379844687918605
DUSP10,28.152132818127676
DUSP11,11.932165254670947
DUSP12,11.416397265003154
DUSP13,0.016879312808803244
DUSP14,0.13714600674346153
DUSP15,0.02053897978171725
DUSP16,20.575705417181315
DUSP18,1.3705969907171824
DUSP19,0.40232615741301436
DUSP2,316.64112553575205
DUSP21,0.08186674790155296
DUSP22,44.6982780632985
DUSP23,24.621242875279613
DUSP27,0.011927521705658613
DUSP28,2.965530001205357
DUSP3,54.417362792957455
DUSP4,49.99885096281792
DUSP5,70.96117939803001
DUSP6,0.038223961695225524
DUSP7,5.3318322207551
DUSP8,0.09221187315215137
DUSP9,0.03824831363163687
DUT,598.579699809523
DYRK1A,14.066299902908419
DYRK1B,5.408039665256841
DYRK2,6.439937916763768
DYRK3,0.5720099644373834
DYRK4,3.5278574890722703
DZIP3,5.994278728310998
EARS2,1.6450533417818427
EBP,761.5847201064196
ECH1,241.18052849772593
ECHDC2,8.527234611474277
ECHS1,112.50868587569018
ECI1,24.482085705383962
ECI2,26.662914524204027
EGFR,0.008235237405470396
EHHADH,1.3843297921085351
EHMT1,1.6640536828298143
EHMT2,1.9929267951687932
EIF2AK1,70.75219566510842
EIF2AK2,152.00177780010864
EIF2AK3,41.67730864996847
EIF2AK4,0.4300295612204901
EIF4EBP3,24.830234054641213
ELOVL1,9.887965692033353
ELOVL2,0.34180916892098967
ELOVL3,0.06924832890744485
ELOVL4,0.024289390212806863
ELOVL5,3.1813799224222157
ELOVL6,4.060297383751599
ELOVL7,0.07399668077582615
ELP3,3.4417594507795655
ENGASE,9.959009592290414
ENO1,6700.772593756251
ENO2,149.79814929416003
ENO3,89.88256126071383
ENOPH1,352.6979028835077
ENPP1,0.008234552955998675
ENPP2,0.4332569179778762
ENPP3,0.817044949069918
ENPP6,0.08462792750708523
ENPP7,0.2710165003650537
ENTPD1,73.42467011849301
ENTPD2,0.09987193637241619
ENTPD3,0.01500275088248457
ENTPD4,18.06456430904473
ENTPD5,4.258559231677481
ENTPD6,21.37973954554716
ENTPD8,0.010469889389640864
EP300,3.3144819947322466
EPHA1,0.04505257492000223
EPHA10,0.026431583665173085
EPHA2,0.03866187569634822
EPHA3,0.23489660743607307
EPHA4,0.052575473679086125
EPHA5,0.11374458455259583
EPHA6,0.002211946604782961
EPHA7,0.004174916007540889
EPHA8,0.0005036103214188011
EPHB1,2.5158129992879967
EPHB2,0.002983537734907649
EPHB3,0.01769606706713743
EPHB4,0.1443646549408097
EPHB6,0.1582038117719153
EPHX1,1.0404827858584043
EPHX2,2.045097164503062
EPM2A,2.5205037201840903
EPRS,113.18824617795798
EPX,0.043044609851252996
ERBB2,0.05728827620259657
ERBB3,0.014778443304124088
ERBB4,0.00041502416236675313
ERN1,6.849147886995142
ERN2,0.0023619035281374325
ESD,761.9968854090826
ETFA,3744.47905596173
ETFB,771.0453988113329
ETFDH,18.0233038678925
ETNK1,26.777648934584544
ETNK2,0.00583075231234985
ETNPPL,1.3663166774328985
EXT1,0.9933755115815872
EXT2,7.651805252282191
EXTL1,0.004312709102166391
EXTL2,4.931185941764233
EXTL3,4.080687066540778
EYA1,0.002344379660938344
EYA2,3.336087560291346
EYA3,2.8947724062003415
EYA4,0.0019868959376916203
EZH1,20.264009996238887
EZH2,0.6589159987486871
F13A1,26.10810834241418
F13B,0.952082265681838
F2,0.0280112456399227
FAAH,2.7670590058549682
FAAH2,0.9047425686574074
FABP1,0.032924546372008
FABP12,0.07361943011456162
FABP2,0.0012796885320248
FABP3,0.4940510553034362
FABP4,0.043421706543144194
FABP5,1983.2291150510225
FABP6,3.255613443628838
FABP7,0.002634553824571066
FABP9,1.0553661478381027
FADS1,13.900617131417121
FADS2,16.52731061507966
FADS3,0.27249945122949554
FADS6,0.001289788096912674
FAH,7.722938045452894
FAM20B,13.07737588007424
FANCL,27.405772120811598
FAR1,32.2656331879722
FAR2,1.1608819351179231
FARS2,1.7898949111493794
FARSA,2162.133447219325
FARSB,4.841979480956104
FAS,70.28237315136194
FASN,137.39993911975094
FASTK,55.06841519079582
FAXDC2,0.09809745269863512
FBP1,0.004776148568804445
FBP2,0.03961969249264464
FDFT1,144.8166578042443
FDPS,139.7471242320555
FDXR,29.00987002702367
FECH,12.525718078012275
FER,2.144486117699189
FES,1.747064157292145
FGA,0.40916523160016566
FGFR1,2.0632099383506106
FGFR2,0.007163236427997095
FGFR3,0.042292133137739975
FGFR4,0.249878692212835
FGGY,1.2149368813658175
FGR,113.98196008848193
FH,1620.7628999000417
FHIT,1.4246067469174744
FHL2,0.5300143446339186
FIG4,12.386519940495617
FITM1,0.2510189346612055
FITM2,1.1999649409244864
FKBP10,1.3737027343813966
FKBP11,36.99714300866671
FKBP14,2.381497917424059
FKBP1A,587.5607715124678
FKBP1B,0.10671865492596257
FKBP2,462.10157110968726
FKBP3,1202.2998358420807
FKBP4,544.1984737252941
FKBP5,2.0947109848974534
FKBP6,0.022883904431625208
FKBP7,4.424423320905981
FKBP8,42.7768039060361
FKBP9,10.540867483771338
FKBP9P1,0.3354345050980549
FLAD1,7.092822596845778
FLT1,0.5336797708865662
FLT3,0.10631175094663273
FLT4,0.005927263483762474
FLVCR1,7.79418445866241
FMO1,0.004647693440836625
FMO2,0.009900782847236332
FMO3,0.004565016363610005
FMO4,2.1570381379636956
FMO5,0.29329225766216094
FMO6P,0.001245547706382379
FN3K,0.11615032138128077
FN3KRP,27.228581188058204
FNTA,37.15414074624026
FNTB,10.941656966515366
FOLR1,0.011818520623326969
FOLR2,0.8408095645302043
FOLR3,0.3354345050980549
FOSL1,1.2981094369208708
FPGS,2.428755894480496
FPGT,3.865592588597975
FRK,0.9804130817444499
FRMPD2,0.23751291110625916
FTCD,0.07215419740714911
FTMT,0.3764543508002139
FUCA1,53.69102259221458
FUCA2,11.55707908840655
FUK,6.675221536615762
FUT1,0.041311616393088356
FUT10,2.8626993990413503
FUT11,27.95632226293732
FUT2,0.10212298026844983
FUT3,0.060013572622535816
FUT4,0.5011360824116742
FUT5,0.03714758521624426
FUT6,0.004194276494914273
FUT7,0.6462935978503246
FUT8,0.7460900140381895
FUT9,0.0003734850990280953
FYN,86.7813744010283
G0S2,4.1579446666704865
G6PC,0.010281838671402933
G6PC2,0.002239716050172785
G6PC3,35.05278370603542
G6PD,294.61700261346954
GAA,7.495716461262041
GAD1,0.21798216205510368
GAD2,0.00298872534671118
GAK,3.5357410457563225
GAL3ST1,0.0038062639604592922
GAL3ST2,0.10374097825734001
GAL3ST3,0.010458544358393785
GAL3ST4,0.3213579943693092
GALC,3.5023883623780625
GALE,17.611951903389254
GALK1,283.0761095349179
GALK2,27.01109745102389
GALM,5.851494553830452
GALNS,2.2849763780424537
GALNT1,24.100110483591614
GALNT10,0.7542817678575513
GALNT11,3.237232321188412
GALNT12,0.5742788951535568
GALNT13,0.00040389055805867426
GALNT14,0.025926356619560973
GALNT15,0.023530174977686034
GALNT2,27.911852902077825
GALNT3,1.4597449883992266
GALNT4,1.5138011029274578
GALNT5,0.0046536087560846255
GALNT6,4.805717069894112
GALNT7,0.46992111991482527
GALNT8,0.018822902725068605
GALNT9,0.021226904639087274
GALNTL5,0.43999999999999995
GALT,23.546379247452432
GAMT,3.1805816097567114
GANC,11.778818494948105
GAPDH,13468.823601604756
GAPDHS,0.08884924187165315
GARS,685.3958988926747
GART,230.19942519532887
GATM,43.51431361044904
GBA,8.55241732190404
GBA2,23.675959793159304
GBA3,0.3354345050980549
GBE1,28.363207021295267
GBGT1,1.2574437337661206
GC,0.04598913425313505
GCAT,95.82356384292912
GCDH,22.53135021635086
GCH1,14.327341628238432
GCK,0.0007691234251826101
GCLC,3.256144394069149
GCLM,14.524245521587678
GCNT1,1.7729648683961563
GCNT2,1.0925273879846877
GCNT2P,0.3354345050980549
GCNT3,0.024210657661226445
GCNT4,0.044323222831762175
GCNT7,0.09250960932295813
GCSH,10.715218025003228
GDA,0.17439193994494248
GDE1,5.65805730794416
GDPD2,0.012482115674156403
GFPT1,395.27990641472127
GFPT2,0.08335877991875308
GGCT,46.547570855475605
GGH,21.532680732793853
GGPS1,251.13689126119093
GGT1,22.49707884960404
GGT2,0.0013423980903778006
GGT3P,0.005112918920567579
GGT5,0.03731718474691493
GGT6,0.014137751009339462
GGT7,5.12489486005786
GGTLC1,0.002855914215565461
GGTLC2,0.013326763831386713
GIF,0.3354345050980549
GK,5.986177133557411
GK2,0.0018046039120991758
GK3P,0.007764564221425035
GLA,16.62331118373878
GLB1,15.846087455058068
GLB1L,1.3305918977592608
GLCE,0.021935840180716246
GLDC,42.106622787549526
GLIPR1,5.471688324242992
GLO1,1775.6201566006284
GLRX,257.16513967092004
GLRX2,9.568545777308545
GLS,280.0804374666171
GLS2,1.5326122911065183
GLT6D1,0.06930364432416915
GLT8D1,2.391854953881885
GLT8D2,0.20454421920111007
GLTP,19.23710953777027
GLUD1,908.51431177108
GLUD2,0.25086160642196387
GLUL,2.7144043233084942
GLYAT,0.006376351544591818
GLYCTK,2.7503800774678395
GM2A,84.96986714995273
GMDS,128.44820842738574
GMPPA,31.670755297733557
GMPPB,129.42041409162715
GMPR,0.34029579430411494
GMPR2,63.58810424324143
GMPS,180.79170104652317
GNE,9.482415579293072
GNMT,0.5354731536328118
GNPAT,36.7358596272751
GNPDA1,9.087992295801856
GNPDA2,4.503783449949891
GNPNAT1,61.64789248490489
GNPTAB,7.185228952510499
GNS,10.377082278201895
GOT1,2766.7147332247605
GOT2,2609.077621747028
GPAA1,69.33394987080955
GPAM,0.10962631871896902
GPAT2,21.464683570797934
GPAT3,0.6582069289240687
GPAT4,1.352005973421296
GPCPD1,116.7105122037475
GPD1,0.15252066130049954
GPD2,202.2403707409158
GPHN,23.01143611887519
GPI,5503.625664382968
GPIHBP1,0.07275688280998777
GPLD1,0.2507042952644579
GPT,0.5933988460679374
GPT2,6.9468829836136985
GPX1,130.5562552007381
GPX2,0.07805876821666438
GPX3,1.657756258232218
GPX4,123.34158503192016
GPX5,0.793289329058847
GPX6,2.01032323162201
GPX7,8.476565772832279
GPX8,0.004418023582558784
GRHL1,0.032123784622540716
GRHPR,47.16037310466347
GRK1,0.0014997557765285368
GRK2,4.014622265826703
GRK3,1.2623639556998993
GRK7,0.22033128126560914
GSR,340.0888793481304
GSS,326.3850046087158
GSTA1,0.020042773290615747
GSTA2,5.619549002346362
GSTA3,0.004343867481293518
GSTA4,0.3237817013553884
GSTA5,0.58469847618054
GSTK1,54.70851376831603
GSTM1,41.820328690235456
GSTM2,2.3502872352102067
GSTM3,12.26685624355847
GSTM4,6.377903112678516
GSTM5,0.7907560223120336
GSTO1,1394.6319610824266
GSTO2,0.031601010107112214
GSTP1,19125.982555236136
GSTT1,0.08115390839700348
GSTT2,0.042523419531268494
GSTZ1,19.189813753654615
GTF2F1,15.228272507941476
GTF3C4,1.555473886529476
GUCA1A,0.0803580412103317
GUCY1A1,2.9663227089166733
GUCY1A2,0.0004928954472887472
GUCY1B1,1.0453859436592674
GUCY1B2,0.0007043467300394888
GUCY2C,0.03694988843638933
GUCY2D,0.0018230306342289352
GUCY2F,0.004194276494914273
GUK1,107.68559731532763
GUSB,6.630678546708658
GYG1,15.717180994463053
GYG2,0.0018549345776764543
GYS1,113.41718920994062
GYS2,0.03571143878979613
H6PD,23.327825380547356
HAAO,13.061780127077407
HACD1,0.6699772991826155
HACD2,3.095013644366691
HACD3,4.330319334841662
HACD4,0.5979568033382378
HACE1,3.088409065732514
HACL1,19.400704181369367
HADH,1674.5344011285856
HADHA,1053.075905452362
HADHB,43.39910054295605
HAGH,11.914914009527605
HAGHL,14.406608732979288
HAL,0.03506699899526424
HAO1,0.0044238872482698244
HAO2,0.009575849974670562
HARS,178.2375815056264
HARS2,35.575601119533005
HAS1,0.01787017075433435
HAS2,0.0016633290485257158
HAS3,0.11001760615915432
HAT1,114.58876880385596
HCCS,22.214685724010888
HCK,14.54153613512442
HCST,103.74005651034172
HDAC3,2.4198787462692404
HDC,0.006094229958558232
HDLBP,105.76972975001819
HECTD1,5.748944775582491
HECTD2,0.07110949940796982
HECTD3,3.0007823319474163
HECW1,0.0014094668128777211
HECW2,1.2190727166206015
HELZ2,24.317014308120662
HEPH,0.12379987184764907
HERC1,0.8601130426359279
HERC2,0.22843332457273388
HERC3,3.329317136000205
HERC4,10.835797691488606
HEXA,38.3459071313113
HEXB,1.4742235761478804
HEXDC,0.3354345050980549
HGD,0.08417195421610701
HIBADH,18.759622221980617
HIBCH,10.227447837282181
HIF1AN,10.67755815461889
HIGD2A,24.68981177273726
HIPK1,13.342994449914649
HIPK2,29.987941210517135
HIPK3,21.354267717827547
HIRIP3,0.5549944586241181
HK1,283.0173460200603
HK2,157.39830839666874
HK3,0.011813886126862088
HKDC1,0.004782091858225411
HLCS,3.1145478030341742
HLTF,0.22570862806102351
HMBS,121.9440963774444
HMGCL,117.28557217171529
HMGCLL1,2.9108746089659068
HMGCR,63.19913632152882
HMGCS1,122.6601988224155
HMGCS2,0.03765678409906151
HMOX1,23.800563161716255
HMOX2,84.36553644338
HNMT,0.003113367047670419
HPD,0.038309164687003086
HPGD,0.030888057321916785
HPGDS,0.007135622044814907
HPRT1,1093.8873131761088
HS2ST1,22.793032651323294
HS3ST1,0.060566653258350825
HS3ST2,0.001204698222535171
HS3ST3A1,0.00450023696354777
HS3ST3B1,0.006214276002283253
HS3ST4,0.0008794379804269358
HS3ST5,0.17535341548517636
HS3ST6,0.010813505457206038
HS6ST1,3.6938638960041823
HS6ST2,0.3564208545882983
HS6ST3,0.0326273576634013
HSD11B1,0.012299878080995695
HSD11B1L,0.5233881283782225
HSD11B2,0.1790558440495789
HSD17B1,0.5561712791323997
HSD17B10,132.8429091854328
HSD17B11,49.00566161812945
HSD17B12,260.85168128998356
HSD17B14,2.290743214598838
HSD17B2,0.011384264750288982
HSD17B3,0.0019410397467164485
HSD17B4,40.147613982009624
HSD17B6,0.3575352354000154
HSD17B7,7.876553377098764
HSD17B7P2,16.12061618785856
HSD17B8,4.420576509559545
HSD3B1,0.8561440324619417
HSD3B2,0.9278984217862639
HSD3B7,0.6769968637212851
HSPG2,0.0130104722581499
HTATIP2,55.18245326812762
HUNK,0.0036714605442791366
HUWE1,11.660860287197263
HYAL3,0.8539199243287348
HYALP1,0.3354345050980549
HYI,2.3984604051117326
HYKK,0.2767667722420231
IARS,1983.2549461869198
IARS2,78.19253640671677
ICK,3.1626691189090237
ICMT,21.430698963157187
IDH1,30.836353537451195
IDH2,201.3576519548469
IDH3A,831.4050190680142
IDH3B,283.3967424359815
IDH3G,145.10817521462917
IDI1,103.96334152581555
IDI2,0.032924546372008
IDO1,3.009139787559683
IDO2,0.0033764281706713333
IDS,44.34154812869723
IDUA,5.024936325783046
IGF1R,0.12988099244861892
IKBKB,29.080960929278756
IKBKE,15.797726173205833
IL4I1,32.8560439505705
ILK,25.706256064025624
ILKAP,23.33161234069059
IMPA1,315.8134527019672
IMPA2,21.41597676126221
IMPDH1,40.63295503385014
IMPDH2,559.5005870114512
INMT,0.005040849302517254
INPP1,166.34469925024848
INPP4A,12.502499700023673
INPP4B,0.11343660892124184
INPP5A,3.815759580156922
INPP5B,14.501829007948054
INPP5D,109.91030619175916
INPP5E,26.753344835199115
INPP5F,0.08897796377152667
INPP5J,0.21353743497045036
INPPL1,11.87524393233245
INSL3,0.33297077609636944
INSR,12.471553473758055
INSRR,0.0038176941871025188
IP6K1,11.040034048551393
IP6K2,18.26268786339402
IP6K3,0.02207612171016701
IPMK,4.413161594141791
IRAK1,91.15408908732797
IRAK2,3.952909552850746
IRAK3,2.5816200138359653
IRAK4,14.478013760779048
IREB2,15.950957878321741
ISYNA1,18.65004798588919
ITK,0.13311648556038336
ITPA,431.3432107604032
ITPK1,7.086918013087831
ITPKA,0.3270731047477812
ITPKB,7.2344720982240895
ITPKC,4.607088004348047
IVD,441.87307601067715
JAK1,27.44123416350074
JAK2,14.979546822593678
JAK3,21.473181179144742
JMJD7-PLA2G4B,0.19276672646590834
KALRN,0.12359108355288632
KANSL3,15.636707219413507
KARS,980.699300731333
KAT2A,44.197069098119435
KAT2B,9.566084667561812
KAT5,25.05698530706063
KAT6A,11.587620390555356
KAT6B,7.979952021014561
KAT7,18.959039343602807
KAT8,24.795380964871022
KCNJ11,0.21948005773248233
KCNJ8,0.00783356937009025
KDR,0.003968740745700447
KDSR,6.640529581580336
KHK,2.9372041146088366
KIT,0.019619499364999602
KL,0.5091275117905008
KMO,1.4843223890690627
KMT2A,14.446270646979455
KMT2B,0.3354345050980549
KMT2C,13.61738486169167
KMT2D,20.685415039318244
KMT2E,41.229730009099846
KMT5A,0.08744585611927874
KMT5B,0.052531638327043204
KMT5C,0.3350355754164824
KPNA6,48.08100329543693
KYAT1,0.41426786262502635
KYAT3,10.315561941178165
KYNU,23.632752599574033
L1CAM,0.029633659081923832
L2HGDH,5.641818698769885
LALBA,0.09996023381633702
LAP3,2203.024671083339
LARS,643.3586785202579
LARS2,15.371653392673394
LATS1,0.730346297668313
LATS2,2.5810311531346324
LBR,199.79934454199625
LCAT,4.044380265693337
LCK,50.35320196643098
LCLAT1,1.5800852754512067
LCT,0.010528917835677576
LDHA,24508.54003374818
LDHAL6A,0.09742927253013456
LDHAL6B,0.12665939565732853
LDHB,1383.997448497685
LDHC,0.008382804449627267
LDHD,0.03461989717836422
LDLR,4.807304465840489
LGALS13,0.16621830202908744
LGMN,28.589103284592763
LGSN,0.3013931374454995
LHPP,29.905198798173043
LIAS,1.60333890264741
LIMK1,58.26505825414286
LIMK2,13.491829273953046
LIPA,19.50930500781783
LIPC,0.009656347459400345
LIPE,3.919334858016627
LIPF,1.2902717428882644
LIPG,0.11542787219086068
LIPT1,3.1590098591294526
LIPT2,1.4528121149581357
LMTK2,4.281045794779148
LMTK3,0.2926054511845297
LOC102724197,0.3354345050980549
LOC286297,0.3354345050980549
LOC344967,0.3354345050980549
LOX,0.055076154535425415
LOXL2,0.12823342620029854
LPCAT1,11.67484997911782
LPCAT2,0.009894041145737427
LPCAT3,18.006848887625313
LPCAT4,3.4784865626041572
LPIN1,11.343682432691955
LPIN2,13.507512701848412
LPIN3,0.025634533020976485
LPL,0.008271572849331162
LPO,0.006123169427588748
LRAT,0.0007805450114099661
LRP1,0.05748334423152851
LRP2,0.0021565889076239756
LRRK1,1.5775227475976608
LRRK2,4.252138268807703
LRSAM1,14.947615822591334
LRTOMT,1.7503669519584262
LSS,157.30082803217536
LTA4H,697.7745618735858
LTC4S,1.1193264282750504
LTK,0.3347477593342904
LYN,183.3477003217249
LYPLA1,251.65957026412852
LYPLA2,139.50385042245568
LYZL1,1.4145390562382973
MACROD1,1.701670093154551
MACROD2,14.105798184393558
MAGEA2B,0.1626710879648594
MAK,0.09522992005284661
MAN1A1,1.9431874885557077
MAN1A2,2.713232983501214
MAN1B1,1.5385108937322476
MAN1C1,0.07815517467395452
MAN2A1,11.300936565122607
MAN2A2,19.81059138843772
MAN2B1,134.3589587316593
MAN2C1,53.85041003793808
MANBA,15.516130964295348
MANSC1,0.017825373061645253
MAOA,1.31940361934927
MAOB,0.00869165337676955
MAP2K1,702.8273521026321
MAP2K2,399.2516039415814
MAP2K3,12.503147591766538
MAP2K4,29.27831163025804
MAP2K5,8.030095298047081
MAP2K6,17.377422422854465
MAP2K7,3.214781516876638
MAP3K1,5.107659195789356
MAP3K10,9.966449472346982
MAP3K11,33.1306616954258
MAP3K12,2.4310578990414125
MAP3K13,2.734313392315369
MAP3K14,23.22727556157668
MAP3K15,0.0024922735873190143
MAP3K2,8.375385458841206
MAP3K20,0.20179825659102824
MAP3K21,0.03839897316107535
MAP3K3,11.336073886837928
MAP3K4,17.62837560765567
MAP3K5,31.879821097147747
MAP3K6,0.10414616406222137
MAP3K7,0.5348194542368023
MAP3K8,27.796289988815527
MAP3K9,3.6919843107358856
MAP4K1,273.57476602517914
MAP4K2,50.42215381250814
MAP4K3,1.9909258883290932
MAP4K5,22.645389172994964
MAPK1,228.66965794981607
MAPK10,0.0020711585526754076
MAPK11,11.396966975314356
MAPK12,14.145315624742087
MAPK13,4.1055608570646625
MAPK14,46.139025869213356
MAPK15,0.012404958533342884
MAPK3,51.78583970512383
MAPK4,0.011483340422497344
MAPK6,34.012080341505865
MAPK7,7.206326026533352
MAPK8,8.166471419735412
MAPK9,6.652481120818459
MAPKAPK2,2.600179400138503
MAPKAPK3,8.159283831888878
MAPKAPK5,31.044565023699388
MARCH1,2.89210114799601
MARCH10,0.0008376430566587457
MARCH11,0.007982758707868126
MARCH2,6.640529581580336
MARCH3,0.8905198670642673
MARCH4,0.0006457659981645318
MARCH5,5.75738460635443
MARCH6,33.88329106328368
MARCH7,49.92016520183809
MARCH8,11.832450779602047
MARCH9,12.820459719621024
MARK1,0.06714525903641166
MARK2,25.738019365643268
MARK3,31.679737189062568
MARK4,6.709944736921473
MARS,240.217884614079
MARS2,17.136824438601522
MAST1,0.10947225433256438
MAST2,7.808447315703155
MAST3,17.308593320501235
MAST4,0.017232418709924528
MASTL,0.5903592787962848
MAT1A,0.09843183885510484
MAT2A,333.8357302363253
MAT2B,241.66829530878212
MATK,0.27588690782092684
MBOAT1,18.751321108136533
MBOAT2,0.7662407521833786
MCAT,15.690023304664512
MCCC1,21.159158741945934
MCCC2,60.46729231388034
MCEE,10.026003095292873
MDH1,5342.576723302029
MDH1B,0.140979768311631
MDH2,7259.674238031294
MDM2,0.03910102226608371
MDP1,93.46056762617194
ME1,213.83598051236137
ME2,175.8252570559221
ME3,0.0506909716919997
MECR,8.512752466842
MED1,1.309060340315856
MELK,1.2091460964312806
MERTK,0.43152821170455025
MET,0.004868277094444506
METTL1,20.125449163870726
METTL3,55.268536710841246
MGAM,0.0013360403063883183
MGAT1,48.65433698560069
MGAT2,5.104005541704674
MGAT3,21.235468797385305
MGAT4A,0.3008654220146048
MGAT4B,29.036186661591774
MGAT4C,0.3354345050980549
MGAT4D,0.02696149145334556
MGAT5,10.820787487004944
MGAT5B,0.0015991877181720797
MGLL,13.523199283251932
MGMT,10.808284232790117
MGRN1,26.04658824622999
MGST1,30.53013911723892
MGST2,5.229597708343474
MGST3,4.435140404061943
MIA3,10.45208346028156
MIB1,12.579923266261211
MIB2,8.643244724651016
MID1,0.07044607010214152
MIF,25.071600690754188
MINK1,0.4211268079849451
MINPP1,8.3032430128012
MIOX,0.09716222215632349
MIP,0.024657391856684332
MKNK1,11.305648548076412
MKNK2,576.8816453700425
MKRN1,37.78290657837705
MKRN2,33.79135056721163
MKRN3,0.0029413030876444175
MLKL,21.216928802033497
MLYCD,8.694084263813066
MMAA,1.287661006499855
MOCS1,0.023451874716472122
MOCS2,4.584313239572118
MOGAT1,0.03162848747120382
MOGAT2,0.03004171111159193
MOGAT3,0.007824937949586337
MOGS,176.12876288289223
MOK,0.06436921284664933
MOS,0.09191795284698573
MOXD1,6.377903112678516
MPC1,25.25786964270491
MPC2,17.382299172786578
MPI,33.02992258124915
MPO,0.07425144545819237
MPST,1057.6954137640444
MRPL58,13.330417578133794
MSMO1,61.992317950635865
MSRA,1.673039562841365
MST1R,0.43498681933369143
MT1A,0.3354345050980549
MT2A,21.532680732793853
MT3,0.03913447874794257
MT4,0.0901323977024343
MTAP,381.6026212766002
MTFMT,8.577955632345414
MTHFD1,841.8045377339098
MTHFD1L,27.43236790853319
MTHFD2,68.26238090964901
MTHFD2L,1.2782699500586672
MTHFD2P1,0.3354345050980549
MTHFR,6.758609508122696
MTHFS,5.395994475016612
MTMR1,4.060858523030909
MTMR14,25.161759875984426
MTMR2,0.8518904277619047
MTMR3,0.28545184280344055
MTMR6,3.103761661089575
MTMR7,0.13329272132921613
MTMR8,0.9824053810935357
MTPAP,6.412354059019507
MTR,0.9509333946094263
MTRR,16.460859845286823
MTTP,0.15363995301842778
MUL1,14.153221408792286
MUSK,0.0015811760660010355
MUT,0.3354345050980549
MVD,254.358540454026
MVK,30.60127685660777
MYBBP1A,176.09565066307368
MYCBP2,0.572893201326679
MYLIP,42.42193597289602
MYLK,0.01683937705019864
MYLK2,0.124809873775929
MYLK3,0.07212250119076685
MYLK4,0.0807335587598372
MYO3A,0.07299247231635841
MYO3B,1.9762980281756337
MYO5B,0.10195469258432473
NAA10,51.063198855751835
NAAA,4.435140404061943
NADK,38.77851334514372
NADSYN1,27.95632226293732
NAGA,29.197429869339086
NAGK,22.80584540647536
NAGLU,17.038804276165035
NAGPA,6.0829658642782505
NAGS,0.4336892813996095
NAMPT,575.5029654497642
NANP,2.67791268938298
NANS,272.16091862945507
NAPRT,25.164291606310147
NAPSA,1.0389735523034025
NARS,2850.228536517936
NARS2,15.331562330577405
NAT1,13.939493434394484
NAT2,0.07672456450553738
NCOA1,14.92367531919591
NCOA2,0.6130981220584876
NCOA3,18.90729941380066
NCOA6,10.896303677897011
NCOR1,0.15313751872740128
NCOR2,1.9874182172198005
ND1,0.7496282848946749
ND2,6.647572110665278
ND3,3.518721426725826
ND4,15.91921099634504
ND4L,0.3354345050980549
ND5,3.9860139175064595
ND6,2.1511623729121254
NDST1,15.950957878321741
NDST2,19.317236619081907
NDST3,0.0010235278942462116
NDST4,0.0045866450267248345
NDUFA1,525.315010973026
NDUFA10,62.20090071843626
NDUFA11,75.39355764875408
NDUFA12,17.632704594433857
NDUFA13,713.0898174059091
NDUFA2,16.563820587724475
NDUFA3,6.630703643095853
NDUFA4,21.027439534574295
NDUFA5,12.246989491450346
NDUFA6,46.64664345596643
NDUFA7,7.362119980770678
NDUFA8,71.00418783180962
NDUFA9,46.72231747469578
NDUFAB1,157.64492058514256
NDUFB1,77.55525064318367
NDUFB10,117.34426298322467
NDUFB2,31.352799010763544
NDUFB3,166.49546807999235
NDUFB4,96.5292605369154
NDUFB5,98.99812194067566
NDUFB6,27.906375541691567
NDUFB7,177.72479915258864
NDUFB8,81.348665164531
NDUFB9,13.08522775292072
NDUFC1,22.471381254555574
NDUFC2,24.080497588213735
NDUFS1,42.58722764187627
NDUFS2,47.240523436096424
NDUFS3,204.06639418380672
NDUFS4,71.0238953175427
NDUFS5,639.9973747140585
NDUFS6,19.486194043779157
NDUFS7,15.968246617593357
NDUFS8,47.241926514418296
NDUFV1,126.75836818911576
NDUFV2,148.7538075603262
NDUFV3,6.474446520405928
NEDD4,1.029203628425188
NEDD4L,1.6279794077346508
NEK1,4.577809756215899
NEK11,0.03819556800016217
NEK2,18.048070926069308
NEK3,2.0010637884789526
NEK4,8.368166355332734
NEK5,0.0008113379724324297
NEK6,6.765798946509576
NEK7,21.16553559774965
NEK8,12.178230210458226
NEK9,2.833073913240048
NEU1,20.998216256562507
NEU2,0.07868648115252536
NEU3,6.974851228562992
NEU4,0.059124353912931575
NEURL1,0.14715923590013888
NEURL1B,0.06912245822571102
NGLY1,52.062050796202094
NHLRC1,0.30704559968164996
NIT2,957.0012208454375
NKTR,78.2563145939142
NLK,12.263015137145688
NLN,67.17658503119677
NME1,11181.739598706881
NME2,281.45765578880633
NME3,47.30648251080656
NME4,106.74092669597071
NME6,0.7684920430025429
NME7,0.9138637768969871
NMNAT1,2.9353976793097134
NMNAT2,0.010132727727702975
NMNAT3,0.15014239291666265
NMRK1,3.0416981965550502
NMT1,92.7435315463801
NMT2,1.709194514275653
NNMT,0.062478380640254766
NNT,27.778518451503203
NOL9,5.7228262624673665
NOS1,0.007543176842115462
NOS2,0.005943718172171118
NOS2P1,0.3354345050980549
NOS2P2,0.3354345050980549
NOS3,0.031079728731725983
NOX1,0.01780049387167325
NOX3,0.003739706402399458
NOX4,0.0011951852091818989
NOX5,0.044440084639368736
NPAS2,0.014341182362588146
NPC1,7.086918013087831
NPC1L1,0.02168939925578378
NPR1,0.5345763320490782
NPR2,2.9359998030292367
NQO1,65.85266982355743
NQO2,39.019892591788064
NR1D1,3.021717100570105
NRF1,1.7205120446322966
NSD1,16.031708787153416
NSD2,0.8117852405670956
NSD3,0.8238692165195934
NSDHL,1106.452806904256
NSF,64.22216047809172
NT5C,237.78130291466505
NT5C1A,0.40317994865096074
NT5C1B,0.049708643850253253
NT5C1B-RDH14,0.037698419756150243
NT5C2,84.78763283942465
NT5C3A,64.07093808886928
NT5DC3,1.9264756637761367
NT5E,6.960864674010733
NT5M,1.9914888709992558
NTAN1,2.73201096021186
NTRK1,0.018099439852459976
NTRK2,0.3227954062700569
NTRK3,0.00142391178144047
NUAK2,0.29936434023217423
NUDT10,1.4239802993778898
NUDT11,0.003098657710657414
NUDT12,2.1570381379636956
NUDT2,39.74074829766971
NUDT3,24.687004853606084
NUDT4,27.716333576732946
NUDT5,171.60057002333406
NUDT9,8.11038829965031
OARD1,13.311697289998499
OAT,80.05691423343711
OBSL1,0.008438329866705181
OCRL,2.241231037439415
ODC1,54.62748221306589
OGA,13.207835039605774
OGDH,506.3993165979527
OGT,246.33212590381342
OLAH,0.06968918803742137
OPLAH,1.7135473238778989
OTC,0.005080866114084685
OTUD5,56.19070809403976
OXCT1,439.54971946444573
OXCT2,0.6296514679481293
OXSM,14.92367531919591
OXSR1,45.16179802576788
P4HA1,127.5025865156059
P4HA2,4.497173131369274
P4HA3,0.03700635458794445
P4HB,523.3940097456474
PADI1,0.1979086992249419
PADI2,0.2218649724533325
PADI3,1.4480638550391858
PADI4,0.03386767924750874
PADI6,0.3354345050980549
PAFAH1B2,370.41178094828996
PAFAH1B3,343.17351188424794
PAFAH2,4.699034745877873
PAH,0.013806172484505101
PAICS,1104.1292548760819
PAK1,126.73633180987196
PAK2,240.23679441122994
PAK3,0.0015906436440560378
PAK4,0.10023977907019736
PAK5,0.1843105272396382
PAK6,0.08894783291992776
PAM,0.2741354673014967
PAN2,30.64645970860315
PANK1,1.8827924555866213
PANK2,13.116379348664964
PANK3,23.952808528333772
PANK4,12.781610240022939
PAOX,6.138740212191805
PAPOLA,8.297948522719826
PAPOLB,0.0025756145985917638
PAPOLG,3.178534376660465
PAPSS1,61.17579654980716
PAPSS2,0.3024896729266296
PARP1,237.94840722838634
PARP10,6.072086983413561
PARP11,3.595722710681889
PARP12,3.6591179051386535
PARP14,73.78228963040524
PARP15,46.703071617053176
PARP16,8.28882750758572
PARP2,23.64255352205395
PARP3,41.27965648987716
PARP4,9.720036514695886
PARP6,21.796520391670253
PARP8,10.287267956357425
PARP9,24.943565068828686
PARS2,5.158732426069001
PASK,18.859285146422923
PBK,9.8862618539078
PC,8.401093481069424
PCBD1,29.601211845974518
PCBD2,2.822829111732595
PCCA,3.3330097994935186
PCCB,5.659895009611363
PCK1,0.03930561240443723
PCK2,59.641602631216834
PCMT1,491.81161276898814
PCYOX1,16.312824217371436
PCYT1A,15.620722962018075
PCYT1B,0.002577477823363873
PCYT2,19.877652221608788
PDE10A,0.007459641566307335
PDE11A,0.003014314608082022
PDE1A,0.003633640614251313
PDE1B,2.5751438260089405
PDE1C,0.010939138069622002
PDE2A,0.041801376986498245
PDE3A,0.010349740673722787
PDE3B,0.24630654666341406
PDE4A,10.063255259147931
PDE4B,3.2023579796625885
PDE4C,0.12341713994115826
PDE4D,0.45758289926010554
PDE5A,0.14290416401496978
PDE6A,0.004976936771822612
PDE6B,2.731339870335253
PDE6C,0.035823722138165294
PDE6H,1.0083333333333333
PDE7A,50.49112198810136
PDE7B,0.0011919132632778088
PDE8A,10.093074194895593
PDE8B,0.3146784673655092
PDE9A,0.046634943917736586
PDF,13.570277924614217
PDGFRA,0.012664815114862801
PDGFRB,0.6943160864516598
PDHA1,379.0217986131415
PDHA2,8.963593332760542
PDHB,65.62473395498729
PDHX,17.530555767447527
PDIA2,0.01761160913073296
PDIA3,2288.626007753668
PDIA4,1740.6409825614794
PDIA5,27.92187987069548
PDIA6,740.2900628812819
PDK1,1.2983292437235108
PDK2,4.732369264433037
PDK3,21.213169249917435
PDK4,0.24172694747306256
PDP1,3.336087560291346
PDP2,3.5645640844207542
PDPK1,1.3675630979424394
PDPR,11.32846622506111
PDXK,12.170527544595535
PDXP,21.24029476621336
PDZD4,0.014288481311868922
PEAK1,1.6899885998808923
PECR,159.06787514661227
PEMT,7.680244691236785
PEPD,19.268331806957992
PEX11A,3.015061808187641
PFAS,341.635176148837
PFKFB1,0.4922825340862756
PFKFB2,1.012874115251984
PFKFB3,24.804093442598987
PFKFB4,46.75168400880361
PFKL,297.1132770302084
PFKM,43.34151385320562
PFKP,2553.369201997894
PGAM1,376.8764937144731
PGAM2,92.14558842160893
PGAM5,66.25921657307612
PGAP1,1.1154020103261497
PGD,2804.1023925859713
PGGHG,0.02991860446325157
PGK1,751.6617233139789
PGK2,0.004706905060830733
PGLS,1254.150999984353
PGLYRP1,0.15086239645559182
PGLYRP2,0.026992013367568506
PGLYRP3,0.06384127997879115
PGLYRP4,0.16122270751522513
PGM1,456.716968798084
PGM2,211.49755177265317
PGM2L1,0.029497856986797456
PGM3,42.565528482839184
PGP,112.41100293061285
PGS1,13.538889015771847
PHEX,0.030860692465307732
PHGDH,582.9277987820816
PHKA1,0.01627765932892943
PHKA2,8.166471419735412
PHKB,15.387694890654947
PHKG1,0.7419718232493747
PHKG2,10.011108932354801
PHLPP1,3.0963074506892694
PHLPP2,3.315168498464038
PHOSPHO1,1.1276352093689583
PHPT1,80.41941655274549
PHYH,4.979373855714949
PHYKPL,11.702274264618305
PI4K2A,0.8164565724280648
PI4KA,2.9238454509293836
PI4KB,1.6083589078852643
PIGA,5.9398145254114025
PIGB,7.1781989756473115
PIGC,5.024275487478781
PIGF,5.641818698769885
PIGG,8.491037247311812
PIGH,7.623384102728598
PIGK,3.9206009265824924
PIGL,6.967857343666564
PIGM,4.713409337863302
PIGN,8.001435337085926
PIGO,17.505262524338658
PIGP,1.9297271248927426
PIGQ,7.3896133400339385
PIGS,31.16011292282284
PIGT,6.376171403871569
PIGU,2.1983214906128596
PIGV,5.635077110562426
PIGW,8.650504353862397
PIGX,1.396851859065965
PIGY,0.3354345050980549
PIGZ,1.823853671534645
PIK3C2A,1.1395621966606193
PIK3C2B,8.483800975821326
PIK3C2G,0.08873409730034958
PIK3C3,0.09524648637926075
PIK3CA,7.446169082966363
PIK3CB,0.2746381850745442
PIK3CD,75.01521085212356
PIK3CG,3.546513638999184
PIK3R1,1.5468250636623402
PIK3R2,10.805695172081608
PIK3R3,6.3022244999435655
PIK3R4,28.045272288655426
PIK3R5,15.717180994463053
PIKFYVE,7.666022688358895
PIM1,17.34134478198645
PIM2,242.21433143540065
PIM3,97.85368203480134
PIN1,579.7236595065937
PIN4,4.922028301643822
PINK1,1.3484635416708122
PIP4K2A,88.36731695779618
PIP4K2B,9.538669111043284
PIP4K2C,16.047867434519674
PIP5K1A,0.9414226089170649
PIP5K1B,0.25287000944051496
PIP5K1C,10.994610298031324
PIP5KL1,0.12861870014994004
PIPOX,0.07301090432618716
PISD,2.4022806400005465
PJA1,6.267876964189313
PJA2,51.26072495720449
PKLR,0.012655434747212155
PKM,2814.5147679133725
PKMYT1,27.396907850981083
PKN1,95.42797250411819
PKN2,4.3665520751084985
PKN3,8.159283831888878
PLA2G10,0.06124382961845709
PLA2G12A,0.3628315935263424
PLA2G12B,1.1304561412675453
PLA2G15,3.865592588597975
PLA2G16,0.4750974648393266
PLA2G1B,0.21771349717246838
PLA2G2A,0.07345581020161376
PLA2G2C,0.004843580563155673
PLA2G2D,0.054532134741312084
PLA2G2E,0.10480083352838437
PLA2G2F,0.017105401618544066
PLA2G3,0.019881840717782588
PLA2G4A,29.100154542433675
PLA2G4B,7.701586246213046
PLA2G4C,1.4033834153975875
PLA2G4D,0.001893682541210199
PLA2G4E,0.01467252381560306
PLA2G4F,0.016642976568708202
PLA2G5,0.006434707894967681
PLA2G6,9.168600816237506
PLA2G7,0.005787719268147385
PLB1,0.031134529659149476
PLCB1,0.00223450471383766
PLCB2,36.670588937188626
PLCB3,1.3038328304700004
PLCB4,0.04719393828523803
PLCD1,2.304593874501927
PLCD3,0.14184447536719735
PLCD4,0.33074154003398476
PLCE1,0.2734498266489531
PLCG1,1.6762990244693228
PLCG2,173.41698177682989
PLCH1,0.04316057892411515
PLCH2,0.21208486393901854
PLCL1,0.3181996082249905
PLCL2,13.015012218848497
PLCXD2,0.8156597583223469
PLCZ1,0.0010445016101361872
PLD1,0.5788214120800589
PLD2,6.536642258375454
PLD3,6.391627925426752
PLD4,1.2808773825643462
PLD6,7.319023955424465
PLG,0.03445249072017585
PLIN1,0.22394578068825743
PLIN2,22.69426234376699
PLIN3,71.05525687388604
PLIN4,0.18087531085793793
PLK1,15.95459988121451
PLK2,0.2938176506050781
PLK3,5.682297486388069
PLK4,23.900856977401933
PLOD1,15.591192055932934
PLOD2,0.828555978390519
PLOD3,17.82736902008204
PLPBP,1.3790311261442316
PLPP1,5.389883230682263
PLPP2,2.123055391477898
PLPP3,4.2032094621878
PLPP4,0.019762828557283812
PLPP5,0.0656688155578048
PLPP6,0.050042688733332445
PLPP7,1.1305815492037874
PLPPR2,0.3307009692228308
PLPPR3,0.9307949846236876
PLPPR4,0.11900942508124815
PLPPR5,0.012456429933028047
PLTP,5.987465999362031
PLXNB3,0.05823744478653477
PMM1,8.830845264136748
PMM2,110.43075981342571
PMPCA,49.32163572746442
PMVK,623.2714525434916
PNCK,0.22406147964523648
PNKP,30.832271415038825
PNLIP,0.22734390253089815
PNLIPRP1,0.016566783211544523
PNLIPRP2,0.3354345050980549
PNLIPRP3,0.003148349918626798
PNMT,0.01300566113695053
PNP,1621.045407918912
PNPLA2,20.584141030849704
PNPLA3,0.019832208093774194
PNPLA4,2.227447241848377
PNPLA6,1.1713727997760022
PNPLA7,0.33789246836228815
PNPLA8,6.11713618212823
PNPO,15.693031353675035
PNPT1,10.224658906037735
POLA1,12.360547612924536
POLA2,10.258679208312845
POLB,10.214473669739082
POLD1,6.703869686276691
POLD2,12.157961534002363
POLD3,1.66794736157105
POLD4,142.21903518433513
POLE,0.26057627076420653
POLE2,7.779926119192315
POLE3,69.18386996673784
POLE4,6.917547304200615
POLG,41.45817626446956
POLG2,14.947615822591334
POLH,30.637422214919976
POLI,3.4670333109958356
POLK,14.605106590390193
POLL,9.139274370826625
POLM,25.240390422206584
POLN,0.30786039617147226
POLQ,14.121602863432964
POLR1A,2.0264108181012235
POLR1B,1.647756259806599
POLR1C,22.141800269213014
POLR1D,50.15628680139324
POLR1E,37.34229429309554
POLR2A,6.9910154563854245
POLR2B,32.46717277556089
POLR2C,70.49481928840284
POLR2D,54.65876607322278
POLR2E,174.41343742183673
POLR2F,5.892229148263956
POLR2G,28.97838623287093
POLR2H,290.06798301193925
POLR2I,29.781585043390173
POLR2J,25.31904906726696
POLR2K,45.99433130280161
POLR2L,181.00970548186396
POLR3A,0.40009672780898065
POLR3B,1.3631750878133613
POLR3C,1.1971959709128286
POLR3D,14.066299902908419
POLR3E,19.292208509873262
POLR3F,5.567738198145973
POLR3G,3.242761159191834
POLR3GL,56.35135477346341
POLR3K,54.768468950948815
POLRMT,10.510475890238517
POMGNT1,8.339300728692532
POMT1,5.655306059298459
POMT2,2.345073835808423
PON3,9.564900186546879
POR,67.29723177091893
PPA1,2545.178056262574
PPA2,185.99107741668277
PPARA,4.272048709338688
PPAT,26.620215534890846
PPCDC,8.686818313291877
PPCS,66.14748238409256
PPEF1,0.011000400976642174
PPEF2,0.0475767992202525
PPIA,873.4289272800809
PPIAL4A,0.3354345050980549
PPIAL4C,0.011883436578780847
PPIAL4E,0.3354345050980549
PPIAL4G,0.05826798916389591
PPIB,4304.967903832522
PPIC,0.09332987235379732
PPID,879.3178885353517
PPIE,14.18288597982682
PPIF,420.24527740882183
PPIG,19.136087446408993
PPIH,1948.0599880532588
PPIL1,164.70374869661805
PPIL2,1.5388784023738584
PPIL3,84.29456259188372
PPIL4,4.506303362421241
PPIL6,0.00867847159916166
PPIP5K1,3.8340396998362123
PPIP5K2,7.368424212155446
PPM1A,2.482502353159188
PPM1B,15.019477149333381
PPM1D,6.254147059651234
PPM1E,0.008909650033747035
PPM1F,12.04180339824164
PPM1G,48.479357775602985
PPM1K,17.11231027408989
PPM1M,19.626376904044673
PPOX,9.959009592290414
PPP1CA,494.550483822924
PPP1CB,120.23999212765115
PPP1CC,106.64920747726939
PPP1R1A,0.011857926540418576
PPP1R1B,0.01523006195012495
PPP1R2,77.63411588868607
PPP1R3A,0.0013726685463441414
PPP1R3B,3.0495757896835376
PPP1R3C,0.030450725061534765
PPP2CA,145.52787750970114
PPP2CB,15.749390510896585
PPP2R1A,449.9925477172663
PPP2R1B,29.374253772063064
PPP2R2A,144.69986888902903
PPP2R2B,0.0016287371261689383
PPP2R2C,0.0107109026501612
PPP2R3A,0.011960023551332103
PPP2R3B,11.093069345516916
PPP3CA,285.3652079026375
PPP3CB,22.67710413506835
PPP3CC,47.72576219622806
PPP3R1,247.98796540171062
PPP3R2,0.004689127954988976
PPP4C,123.29251461957251
PPP5C,60.435764724615034
PPP6C,207.3867849973615
PPT1,5.640867825805382
PPT2,0.8442051715937192
PPWD1,38.42139540217737
PRAG1,0.3354345050980549
PRDX1,21364.33863028129
PRDX2,3637.6266613783896
PRDX3,145.05320804145032
PRDX6,534.1662764077325
PREP,105.63202829269592
PRKAA1,18.850422636361362
PRKAA2,0.001374264956945402
PRKAB2,6.675221536615762
PRKACA,293.27173001850844
PRKACB,23.968877329886936
PRKACG,5.25292276820224
PRKAG2,3.9973292275813077
PRKAR1A,24.03731845165693
PRKAR1B,8.418722686664546
PRKAR2A,25.504436742767044
PRKAR2B,0.4574658772120751
PRKCA,0.011960023551332103
PRKCB,75.19464691801109
PRKCD,13.81671426941748
PRKCE,4.169458912615829
PRKCG,0.02659149849212177
PRKCH,17.694096905806305
PRKCI,1.4980753384246543
PRKCQ,0.007945927282038264
PRKCSH,333.78199597629134
PRKCZ,0.42161150060916947
PRKD1,0.0008951069084251524
PRKD2,52.05214478576233
PRKD3,16.704640215395905
PRKDC,5.122597147199128
PRKG1,0.005425212539232634
PRKG2,0.03080597535640439
PRKN,0.21524163632635238
PRKX,16.769752854280792
PRKY,6.619729450605608
PRODH,0.11080236972971912
PRODH2,0.005989009210203001
PRPF19,878.0327879275229
PRPF4,331.9534831091807
PRPF4B,59.548320792581976
PRPS1,1431.5406052496487
PRPS1L1,0.008060729676490939
PRPS2,61.26813174386723
PRRT2,0.27592689113161367
PSAP,17.58836910855276
PSAT1,631.2828637924636
PSKH1,14.438336754098358
PSKH2,0.11813839957802594
PSPH,1147.554812186095
PSPHP1,0.3354345050980549
PTDSS1,46.06221125227435
PTDSS2,6.165030175331042
PTEN,15.016962190501095
PTGDS,0.11223789932275281
PTGES,0.19526437213344697
PTGES2,128.61596482836376
PTGES3,6135.452725810362
PTGIS,0.532221411454675
PTGR1,10.316409672262061
PTGS1,1.0072836972189692
PTGS2,0.0019410397467164485
PTK2,0.2499279260660243
PTK2B,280.455016492096
PTK6,1.376404128596703
PTK7,0.00759455968573735
PTP4A2,3.59700181760199
PTP4A3,58.254957268652774
PTPDC1,1.9667437751227315
PTPMT1,19.02266255846851
PTPN1,116.40285797403233
PTPN11,29.04324339001617
PTPN12,6.840855431892782
PTPN13,0.009616084133015453
PTPN14,0.3980619138456726
PTPN18,64.79043915426138
PTPN2,18.467976665571317
PTPN21,0.02085815930599252
PTPN22,56.361397826565856
PTPN23,12.466490811677822
PTPN3,0.1588940113278462
PTPN4,1.2761846667958054
PTPN5,0.0034193802624372335
PTPN6,855.0609564341876
PTPN7,35.44356145856982
PTPN9,0.6695920145760584
PTPRA,0.5404247397906471
PTPRB,0.0006989463690222742
PTPRC,88.42160219154995
PTPRD,0.001890307657371042
PTPRE,2.639440641816112
PTPRF,0.1654583128485196
PTPRG,0.004913166033967499
PTPRH,0.0024498588097377457
PTPRJ,0.09699538016211597
PTPRK,0.053778109218216956
PTPRM,0.05683541708805108
PTPRN,0.011888075787024187
PTPRN2,1.8649654629422217
PTPRO,1.9185340805890538
PTPRQ,0.0005683020214783165
PTPRR,0.02130496072607616
PTPRS,2.4403854306208563
PTPRT,0.00040117988522686906
PTPRU,0.27904867264708094
PTPRZ1,0.0006878840614422708
PTRH1,0.056473341762535066
PTRH2,555.0258696931977
PTS,3.8403466936335104
PUS1,17.392978406881085
PXDN,0.008020673491526166
PXDNL,0.0481379945609958
PXYLP1,0.3900283303635837
PYCR1,51.438611209121866
PYCR2,512.6233058658805
PYCR3,18.52640291410028
PYGB,220.72469940787298
PYGL,0.17446580324695868
PYGM,0.45452962603257796
PYURF,1.6033729000706434
QARS,612.5084525430776
QDPR,346.3045927031284
QPCT,0.01627731303639961
QPRT,16.900109428012566
QTRT1,45.41321622899995
QTRT2,3.0803803903498332
RAD1,1.4095042094974064
RAD18,9.190606316302022
RAD9A,33.38732773020914
RAF1,0.7030527269780009
RAG1,0.00306193729924368
RALBP1,29.242247060934506
RARS,538.9681110176027
RARS2,13.090493380115285
RBBP6,0.9286212255010711
RBKS,0.22587544501281742
RBP1,1.8912978333748154
RBP2,0.032924546372008
RBP4,0.07533588074372827
RCHY1,7.965635369891538
RCL1,11.815240783327795
RDH10,0.6672009306018386
RDH11,352.83249819188063
RDH12,0.01456673655015894
RDH13,3.4682122842501206
RDH14,19.709688144838708
RDH16,0.13065344159293032
RDH5,1.5762998618827169
RDH8,0.0019971112861023143
REG3A,0.022127773893609606
RENBP,3.1468176289658474
RET,0.0021548629053782255
REV3L,9.558697431560757
RFC5,88.63753196230422
RFK,4.649334539086157
RFWD3,36.465583503641625
RGL1,10.063255259147931
RHAG,0.3012257575781964
RHBG,0.007881071590850532
RHCG,0.039591121885372414
RING1,36.72653401271587
RIOK1,1.2509543068519087
RIOK2,0.32074775737166167
RIOK3,45.81017318544551
RIPK1,4.326459687036629
RIPK2,3.747747067100119
RIPK3,20.308393808085345
RIPK4,0.033784276600899166
RIPOR1,1.8350848174091228
RNF103,19.877652221608788
RNF115,8.317662852553426
RNF123,10.070708560750912
RNF125,1.7459634658302838
RNF126,71.64111179334874
RNF128,0.22536477082930026
RNF13,12.657429423632806
RNF130,0.029960023478113496
RNF133,0.013137715602315157
RNF138,18.651757419955874
RNF139,20.70230240162659
RNF14,9.3964291798414
RNF144A,7.030845961035566
RNF144B,0.02168939925578378
RNF146,14.042610144888865
RNF149,16.460859845286823
RNF152,0.002086020420608215
RNF167,106.20074097836135
RNF180,0.007059248090470265
RNF182,0.21281448596195046
RNF185,17.472457628396455
RNF187,66.88479498905153
RNF19A,70.88802295332036
RNF19B,12.72725530708406
RNF2,4.5853530934223405
RNF20,3.374999234754684
RNF216,14.732391196912568
RNF217,0.003999455295082777
RNF25,16.039787758529457
RNF31,49.67441066991485
RNF40,2.4730075105483826
RNF41,23.080913837568108
RNF5,77.86315934515332
RNF8,5.007098977549284
RNGTT,13.299438757257311
RNMT,113.21406546580255
ROCK1,11.053826690257813
ROCK2,6.579130768956809
ROR1,0.006075638563790368
ROR2,0.0008651994230064006
RORA,4.4960033885039365
ROS1,0.006753087152031979
RPAP2,2.295935517697602
RPE,121.66597122284554
RPE65,0.011728131313476612
RPIA,97.7872181376394
RPL14,2706.1633841030284
RPN1,542.3934226770718
RPN2,574.6325538349298
RPP14,24.387443830419056
RPS6KA1,73.18583814282961
RPS6KA2,0.6940048393128616
RPS6KA3,2.4192552894956543
RPS6KA4,1.3049885103034298
RPS6KA5,1.0596324397472883
RPS6KA6,0.070256716951169
RPS6KB1,2.3063811618893273
RPS6KB2,57.004796160387265
RPS6KC1,0.266476311247071
RPUSD4,1.9920146639020415
RRM1,92.50172163759115
RRM2,85.17440411787136
RRM2B,20.626328074877133
RTCA,26.848297078826935
RWDD2A,2.134795530491495
RXRA,7.801315322824043
RYK,5.227853564227126
SACM1L,17.95740400238107
SAE1,445.2495913282085
SAP130,1.3402278420344504
SARDH,0.16901877031553855
SARS,270.7902343356314
SARS2,19.050560603165792
SAT1,104.85731104173334
SAT2,39.56119949197702
SBK1,0.043218583707417275
SC5D,23.641392944982197
SCARB1,67.1228110169572
SCARF2,0.3363194774631594
SCD,258.3347543900792
SCD5,0.551660152413141
SCLY,7.150090994255457
SCP2,87.18767746963205
SDC1,0.8652194892668736
SDHA,406.66250254782705
SDHB,219.7181633597982
SDHC,27.66364659876965
SDHD,3.6930187514824775
SDR16C5,0.007963237654622249
SDR42E1,4.891754266224004
SDR42E2,0.03571143878979613
SDR9C7,0.013509162425171495
SDS,0.018386734419361624
SDSL,0.3521060301534413
SEC11A,262.4557132989035
SEC11C,8.642927168188663
SELENOI,0.1784505883933933
SEPHS1,690.1661938426807
SEPHS2,97.85368203480134
SERPINA1,0.7065313697068759
SERPINA3,0.15313429098406164
SETD1A,0.3906156193368284
SETD1B,9.802995104154101
SETD2,0.08902843083177653
SETD5,42.86214093944957
SETD7,0.3621856491423552
SETDB1,0.52195021721532
SETDB2,7.107964884675066
SETMAR,3.6437984716805767
SFXN3,193.894647786124
SGK1,0.6314968732735313
SGK2,0.05006546866058829
SGK3,0.5911169915972005
SGMS1,11.176499246202503
SGMS2,0.13661342620531872
SGPL1,19.413020557547554
SGPP1,29.421634666451833
SGPP2,26.37204982159652
SGSH,10.317200638362111
SH3RF1,4.547264831544922
SH3RF2,0.009517785624753283
SH3RF3,0.2574445070217089
SHMT1,185.25898518406618
SHMT2,1909.8573088471949
SHPK,11.962875736712034
SHPRH,3.1944133572573348
SI,0.001009435198059221
SIAE,3.553980864334811
SIAH1,1.4426897542046317
SIAH2,41.229730009099846
SIK2,3.901617339671107
SIK3,4.74361682648998
SIN3A,6.737976930676198
SIN3B,0.12675126613503102
SIRT1,6.800370528707373
SIRT2,14.36696571537582
SIRT3,6.6613409992172326
SIRT5,6.779484450969073
SIRT6,22.368641783332652
SIRT7,31.81613438282668
SLC10A1,0.014061295826603924
SLC10A2,0.00671104364541534
SLC10A6,0.024657391856684332
SLC11A1,0.12067448880663903
SLC11A2,2.909526626740719
SLC12A1,0.12604246262781418
SLC12A2,1.5237868303737963
SLC12A3,0.012519554974625924
SLC12A4,0.29742109494214675
SLC12A5,0.009086487214804232
SLC12A6,0.4981303352849499
SLC12A7,0.2717021639084669
SLC13A1,1.3898493503991496
SLC13A2,0.006514052492376477
SLC13A3,0.03135390023460814
SLC13A4,0.03774176704325008
SLC13A5,0.02683168305733778
SLC14A1,0.5309916527890929
SLC14A2,0.06016711797401731
SLC15A1,0.09490302837853704
SLC15A2,2.3236620782487196
SLC15A3,38.99513079163435
SLC15A4,17.71053384256776
SLC16A1,18.27102106230955
SLC16A10,0.10235866370367787
SLC16A2,0.0014884168472774845
SLC16A3,101.95678070479359
SLC16A7,1.6971050459351216
SLC16A8,0.079442555520512
SLC17A1,0.06505057075080632
SLC17A2,0.014797084619435076
SLC17A3,0.0480606884147512
SLC17A4,0.016758172785412122
SLC17A5,4.221341038788725
SLC17A6,0.03561924497624714
SLC17A7,0.15255674535093214
SLC17A8,0.001627093039281172
SLC18A1,0.0007989669858696528
SLC18A2,0.4272116950773293
SLC18A3,0.06214561646399096
SLC19A1,6.014724956473953
SLC19A2,2.9432269545733045
SLC19A3,0.0013408081545798044
SLC1A1,14.327341628238432
SLC1A2,0.0009876814098903933
SLC1A3,0.055076154535425415
SLC1A4,18.696620762310292
SLC1A5,136.81422140840695
SLC1A6,0.0012992688929905978
SLC1A7,0.0007126032143668853
SLC20A1,28.267950098449624
SLC20A2,2.1365050817593163
SLC22A1,0.10367347389237892
SLC22A10,0.0010074679514288244
SLC22A11,0.0007422047738349354
SLC22A12,0.0020363537434237478
SLC22A13,0.043392678902774574
SLC22A16,0.0007652265472028781
SLC22A18,3.3829298907887373
SLC22A2,0.6215418871526734
SLC22A3,0.01090942042771899
SLC22A4,0.006928050483132336
SLC22A5,0.8093930714235494
SLC22A6,0.0030656059261777455
SLC22A7,0.03694988843638933
SLC22A8,0.0013870477826903242
SLC22A9,0.0013567221574223634
SLC23A1,1.9067935412012718
SLC23A2,8.216815172432925
SLC24A1,3.336087560291346
SLC24A2,0.0015192284787883552
SLC24A3,0.00700629457725847
SLC24A4,0.008186687612891427
SLC25A1,1091.9147656995303
SLC25A10,17.415074720486736
SLC25A11,1070.1895706891032
SLC25A12,530.5280087062837
SLC25A13,137.80006097873596
SLC25A14,3.2942722666791724
SLC25A15,5.885436653167251
SLC25A16,2.4182426571254325
SLC25A17,14.179283004728406
SLC25A18,0.054773805868758504
SLC25A19,19.467523039288515
SLC25A2,0.002515300686702671
SLC25A20,12.882661289013557
SLC25A21,0.00143999154892603
SLC25A22,14.153221408792286
SLC25A26,4.334452770254374
SLC25A27,0.014310036771975239
SLC25A28,33.8281215749538
SLC25A29,2.6708029098490815
SLC25A3,2764.751274693809
SLC25A37,10.527149043307784
SLC25A4,193.70469892678125
SLC25A5,8012.926757291665
SLC25A6,1783.7119164567082
SLC26A1,0.581549891031442
SLC26A11,0.8437199398428176
SLC26A2,2.064342903884111
SLC26A3,0.001064326412343462
SLC26A4,0.010438128671741632
SLC26A6,18.93409225471496
SLC26A7,0.014995506036496619
SLC26A8,0.011037534379448443
SLC26A9,0.019323891264805555
SLC27A1,0.6313040424177672
SLC27A2,0.4619508405174343
SLC27A3,8.281621381968298
SLC27A4,1.2451186801797702
SLC27A5,2.7468082950305033
SLC27A6,0.06403625466536879
SLC28A1,0.006890040933240586
SLC28A2,0.03132646433704793
SLC28A3,0.10770311464517031
SLC29A1,47.87217300890323
SLC29A2,4.939153997772877
SLC29A3,1.0813742415650016
SLC29A4,0.2101380661545339
SLC2A1,39.846310800939996
SLC2A10,0.008156253040379985
SLC2A11,2.945636688429681
SLC2A12,0.14795007926033318
SLC2A13,0.4168829067835495
SLC2A14,0.014768808812307853
SLC2A2,0.00817146787337052
SLC2A3,67.7236738744542
SLC2A4,0.07928143402639402
SLC2A5,13.86121904599102
SLC2A6,18.345349537611376
SLC2A7,0.02769435809366143
SLC2A8,5.967035867791757
SLC2A9,0.04108148749249502
SLC30A1,3.5496246524037445
SLC30A6,10.474593366236201
SLC30A7,21.404315604310582
SLC31A1,16.712776896012784
SLC32A1,0.008559991972057682
SLC33A1,630.3592035532871
SLC34A1,0.017269530939845526
SLC34A2,0.02077381318546557
SLC34A3,0.034006762688534746
SLC35A1,10.685088291689187
SLC35A2,9.344899560281574
SLC35A3,6.35724798875836
SLC35B2,1.0752489341221567
SLC35B4,7.90841335552854
SLC35C1,6.185575938908672
SLC35D1,4.175218101735803
SLC35D2,1.109802866281575
SLC36A1,2.4923821384288374
SLC36A2,0.0017561808265248756
SLC36A4,1.9280474498738032
SLC37A1,13.046187597528105
SLC37A4,15.821903614890807
SLC38A1,66.48153773174059
SLC38A2,69.81309378947788
SLC38A3,0.007412590342045752
SLC38A4,0.00481381098032474
SLC38A5,36.72653401271587
SLC39A7,22.588709446520493
SLC3A1,0.023948536338234103
SLC3A2,77.37606836699142
SLC40A1,0.035122956444489185
SLC41A1,5.337841781025873
SLC41A2,3.257452546205607
SLC43A1,12.371070130964869
SLC43A2,5.743109323674508
SLC46A1,1.8967401711258884
SLC47A1,0.012330218752285406
SLC47A2,0.0020637304300831646
SLC4A1,0.010168841174181388
SLC4A10,0.003093144821567341
SLC4A2,18.469463000336
SLC4A3,0.008676274973076869
SLC4A4,0.005935489840703839
SLC4A5,0.15548444112948892
SLC4A7,0.8883381828550961
SLC4A8,0.6425888610214143
SLC4A9,0.0077968972217533445
SLC51A,0.2955971098810895
SLC51B,0.1317954273752661
SLC52A1,0.1831075506964098
SLC52A2,29.915925812672995
SLC52A3,0.0019868959376916203
SLC5A1,0.005473851867521908
SLC5A10,0.23891616325135473
SLC5A11,0.025264031508021645
SLC5A12,0.0008031839746930733
SLC5A2,0.005991069306863696
SLC5A3,0.1255683507315296
SLC5A5,0.0345082772592569
SLC5A6,24.11745039669602
SLC5A7,0.07302190367296232
SLC5A8,0.3418527760399266
SLC5A9,0.0008132329009502957
SLC6A1,0.47048010012030994
SLC6A10P,0.3354345050980549
SLC6A11,0.16250422749413002
SLC6A12,0.01544582488581285
SLC6A13,0.0020380629294849853
SLC6A14,0.001430339935927841
SLC6A18,0.0015403727707299737
SLC6A19,0.0027439477451242284
SLC6A2,0.05126577654728052
SLC6A20,0.0010647846680041787
SLC6A3,0.01960179158843034
SLC6A4,0.17313709372474329
SLC6A5,0.10319845039380167
SLC6A6,0.5176058982359829
SLC6A7,0.01914488538213817
SLC6A8,0.5431066114841965
SLC6A9,1.391205062947309
SLC7A1,36.65194386101114
SLC7A10,0.44725159747283744
SLC7A11,2.956484712557691
SLC7A2,0.01924065547366176
SLC7A3,0.04448941571177317
SLC7A5,18.725610705337637
SLC7A6,25.74813478296954
SLC7A7,9.095315246277753
SLC7A8,0.04151316145984782
SLC7A9,0.003080288030903018
SLC8A1,0.00437701570799285
SLC8A2,0.006137648054449041
SLC8A3,0.038621856111527214
SLC8B1,2.5569079314345062
SLC9A1,7.467396706326093
SLC9A2,0.004145904414400136
SLC9A3,1.7272701313051684
SLC9A4,0.314551529377227
SLC9A5,9.036760275012982
SLC9A7,28.125417452526655
SLC9A8,10.90386029362288
SLCO1A2,0.00026556869621341433
SLCO1B1,0.5745214485775751
SLCO1B3,0.0008877205144637247
SLCO1C1,0.0015078641155519491
SLCO2A1,0.014413101488965779
SLCO2B1,0.051916041955624596
SLCO3A1,0.08303389363468988
SLCO4A1,12.055089028833605
SLK,12.499931603236973
SMARCD3,0.2991615911146019
SMG1,2.164522496100581
SMPD1,5.635077110562426
SMPD2,10.277257753159388
SMPD3,0.41516571245407224
SMPD4,15.407326517972962
SMS,356.4525696517719
SMURF1,4.352495383887878
SMURF2,3.0762645324811198
SMYD3,4.542451643476832
SNRK,3.559583066867534
SOAT1,4.896194357318733
SOAT2,0.09479774276671106
SOD1,2138.94552913911
SOD2,3.8971901333786496
SOD3,0.21304030963843543
SORD,7.722938045452894
SPCS1,354.11111205435407
SPCS2,386.44032974724036
SPCS3,587.8285986908284
SPEG,0.0361609374883972
SPHK1,0.25819532384270266
SPHK2,1.7913818362862186
SPR,108.96730607687263
SPRYD3,30.556105552347496
SPTLC1,27.1063891183401
SPTLC2,5.443908801783272
SPTLC3,0.0004080271664489233
SQLE,1.7792395858716061
SRC,11.680015890408244
SRD5A1,9.780742214992522
SRD5A2,0.3354345050980549
SRD5A3,3.511081544062681
SREBF1,34.3344227302755
SRM,1218.0183557540329
SRMS,0.3546100296447254
SRPK1,14.245266089517076
SRPK2,13.155402908952048
SRPK3,0.410878110248669
SSH1,17.34134478198645
SSH2,27.281717567214894
SSH3,0.09556259543372611
SSR4,444.1584190390575
SSU72,126.92441506142681
ST3GAL1,3.292429580754244
ST3GAL2,21.39672368395741
ST3GAL3,4.481098119796193
ST3GAL4,1.937568953520234
ST3GAL5,1.9353278692971836
ST3GAL6,1.0535786529894862
ST6GAL1,231.911063941945
ST6GALNAC1,0.023624521325211666
ST6GALNAC2,0.12515847926652768
ST6GALNAC3,0.0024569191746494634
ST6GALNAC4,45.00719941196691
ST6GALNAC5,0.0015354888312025747
ST6GALNAC6,26.389662244007265
ST8SIA1,0.002787197544117736
ST8SIA4,12.15512474511845
ST8SIA5,0.014634040387712278
STAMBP,15.790916558183467
STAMBPL1,18.196605120306927
STARD3,30.42066103766792
STK10,3.1453886315227817
STK11,37.98917263407789
STK16,2.0503144378788822
STK17A,36.06546735732511
STK17B,26.29281913294394
STK19,5.078764120013531
STK24,40.71652767970956
STK25,2.785590963049105
STK26,0.629690691282171
STK3,3.6295000892227463
STK31,0.014964118708818077
STK32A,0.04689363934999416
STK32B,3.9858988220592764
STK32C,1.9791096269842294
STK33,0.7738822449559974
STK35,10.078162817551037
STK36,8.375385458841206
STK38,16.27445153343375
STK38L,50.57981932764397
STK39,0.4830660894935512
STK4,8.157347233036706
STRA6,1.1368252254479705
STS,3.9104743614967927
STT3A,14.768837821277856
STT3B,68.60591738803139
STUB1,62.847344017729654
STYK1,0.004627985141694714
STYXL1,23.468690100196884
SUCLA2,123.04711229604202
SUCLG1,293.49540110111246
SUCLG2,986.2698695851176
SULT1A1,0.1650558462962018
SULT1A2,0.017547070916354587
SULT1A3,0.15111453846539072
SULT1B1,0.0007937374610541782
SULT1C2,0.005569320584327005
SULT1C4,0.004186530439091101
SULT1E1,0.004066785662921257
SULT2A1,0.006311850444448916
SULT2B1,0.0798294778864597
SULT4A1,0.00642636564177215
SUOX,7.2978700540528525
SUV39H1,15.749390510896585
SUV39H2,9.425896676293705
SYK,86.18985688035274
SYNJ1,0.05044524558990903
SYNJ2,0.023941781941733128
SYVN1,2.2090992404891328
TAF1,14.390749256465522
TALDO1,274.2350400178844
TAOK1,2.8741063533085205
TAOK2,17.78453272565762
TAOK3,26.645270652055526
TARS,384.14716158363717
TARS2,3.707818962449292
TARSL2,6.981710637861761
TAT,0.03661140571724014
TBCB,108.50939496971823
TBK1,1.7590778722860358
TBL1X,12.786004104809846
TBL1XR1,8.406268011715722
TBXAS1,10.003663289018938
TCIRG1,180.1039078819161
TDO2,0.03264803634736645
TECR,60.331951258108134
TECRL,0.11400593534832566
TENT2,0.15316461371698084
TENT4A,0.45357387630786017
TESK1,11.229647250087455
TESK2,9.906957399497808
TFRC,479.2391032329084
TGDS,18.801137328068855
TGFBR1,3.846655481329872
TGFBR2,0.27708684313506843
TGM1,1.2907939999986415
TGM2,3.722704908393971
TGM3,0.04333463370855374
TGM4,0.0019834928390343736
TGM5,0.609872845603353
TGM6,0.0014062602885641028
TGM7,0.0013902466860636396
TGS1,23.072309316767953
TH,0.3942180720015461
THNSL1,4.639657210669152
THTPA,12.078460488355441
TIAM2,2.060377995824749
TICRR,10.497111650802
TIPARP,25.511553242271876
TK1,132.26060808035413
TK2,1.8716471431868997
TKFC,17.655218887752373
TKT,218.12687334541138
TKTL1,0.0008011477071227695
TKTL2,0.3040568295727089
TLK1,56.88406272996188
TLK2,0.4371341564001981
TM7SF2,14.509768929245045
TMEM91,1.2564039808631637
TMLHE,3.2979581738984165
TMX3,20.028682270443934
TNFRSF21,0.09706211100202684
TNIK,51.527594315844986
TNK1,0.48698357691181726
TNK2,36.232864809652135
TNKS,6.807335025171508
TNKS2,15.003502810201683
TNNI3K,0.0869141507556947
TNS2,1.434061794943761
TOPORS,9.359617301127514
TP53RK,11.748190435720979
TPH1,0.20332998903988264
TPH2,0.000380760013142179
TPI1,27229.386647984993
TPI1P2,0.7500464224289457
TPK1,3.0969151633930188
TPMT,5.837927242164289
TPO,0.13877587505642272
TPP1,51.01383797450777
TPSAB1,0.041887908888958866
TPSB2,0.011994863934905979
TPSD1,0.008369705041559544
TPST1,0.7008889639589576
TPST2,15.435836752559402
TPTE,0.3354345050980549
TPTE2,0.8137306559533041
TRAF7,66.88479498905153
TRDMT1,0.6854129693964397
TREH,0.010002266600942927
TREX1,13.309334739725601
TREX2,0.4104497744632865
TRHDE,0.0004565050730236773
TRIB3,24.09144133691429
TRIM11,5.851494553830452
TRIM32,2.127946360674698
TRIM33,6.4034036018265965
TRIM63,0.1905072409389431
TRIO,2.369485998549171
TRIP12,20.27988519673942
TRIT1,15.870277687322275
TRMT1,11.315421120462837
TRMT11,12.937130359288302
TRMT1L,15.813843756404257
TRMU,13.538889015771847
TRPM6,0.00320187467100206
TRPM7,21.311826361471304
TSSK1B,0.20447763106973466
TSSK2,0.0231714118888251
TSSK3,1.6626660997456186
TSSK4,2.477757171387246
TSSK6,1.6523038304023057
TST,3.0829430005697422
TSTA3,135.24849843511618
TTC3,19.325580570333127
TTK,0.525576923821936
TTL,0.5454878823060678
TTLL10,0.006807811510811615
TTN,0.2738490914111075
TUSC3,0.0014260623488944139
TUT1,0.686772046846746
TUT4,0.6950417161591614
TUT7,0.1907089895411479
TXN,3656.5228745679137
TXN2,66.2623012720203
TXNRD1,161.6954012245455
TXNRD2,5.299134096179549
TXNRD3,0.02076357174002797
TYMP,182.73193517584497
TYMS,686.2262627613173
TYR,0.1046323172264974
TYRO3,0.030587275336716013
TYRP1,0.0019105725617811285
UAP1,21.013494732731026
UAP1L1,21.51567795196566
UBA1,689.1159628981337
UBA2,219.6084075240569
UBA3,92.09869008342417
UBA6,125.48512231408426
UBA7,100.62285387925817
UBE2A,57.78635612156995
UBE2B,24.952286538199647
UBE2C,49.14665385518339
UBE2D1,9.647409351818348
UBE2D2,53.28463306240068
UBE2D3,1540.0865614214426
UBE2D4,2.9685461599783722
UBE2E1,148.7282364410485
UBE2E2,3.836205713626741
UBE2E3,5.197317354338706
UBE2F,0.8418644425107492
UBE2G1,35.557932555085586
UBE2G2,11.196369990008778
UBE2H,284.82435622135824
UBE2I,602.0422804117276
UBE2J1,69.88221225732065
UBE2J2,19.701701353014762
UBE2K,766.9324922503885
UBE2L3,1751.5292226690683
UBE2L6,109.59807855816914
UBE2M,214.23243810739473
UBE2N,78.99040948455688
UBE2NL,0.01673399613559371
UBE2O,22.977696285045166
UBE2Q1,7.069814723265091
UBE2Q2,1.6350274276913734
UBE2QL1,3.2482588325947632
UBE2R2,19.479607393779244
UBE2S,176.96140300563127
UBE2T,17.265636631135713
UBE2U,0.023784263818109993
UBE2W,2.7182630363482625
UBE2Z,129.01751552817052
UBE3A,32.10184509518861
UBE3B,9.580862102593633
UBE3C,6.5083840857849244
UBE4A,1.4615340014189824
UBE4B,4.08553114020221
UBLCP1,86.7549680203603
UBR1,0.9302567723560572
UBR2,4.400391104626195
UBR3,0.026460672930026057
UBR4,13.24253988122451
UBR5,3.3750303352914828
UBR7,46.71279339484852
UCK1,8.673092993560257
UCK2,10.475694735669526
UCKL1,27.751864836367396
UCP1,0.002421652629210946
UCP2,187.17341055911277
UCP3,0.44018366289622335
UEVLD,7.637592388551918
UGCG,31.97994473024931
UGDH,58.68017097945824
UGGT2,4.27076367902868
UGP2,1098.5864904981165
UGT1A1,0.5818457107151666
UGT1A10,0.009757132864611065
UGT1A3,1.0114790584917612
UGT1A4,0.0951329295757727
UGT1A5,0.4044927492424471
UGT1A6,0.17846484523713252
UGT1A7,0.0015795403972134522
UGT1A8,0.1293154038699776
UGT1A9,0.11549856641655931
UGT2A1,0.3354345050980549
UGT2A3,0.005297894121399545
UGT2B10,0.012118106797460363
UGT2B11,0.23720441855058141
UGT2B15,0.6704297803167216
UGT2B17,0.02566103308686319
UGT2B28,0.6936387983112186
UGT2B4,0.013390672883667075
UGT2B7,0.01769606706713743
UGT3A1,0.0015436302210837434
UGT3A2,0.062262026701986856
UGT8,0.007297320408674744
UHMK1,38.205021933591375
UHRF1,2.858332314355685
UHRF2,22.608493786387125
ULK1,7.1290225520165285
ULK3,20.727637917369602
ULK4,0.6592890715373189
UMPS,358.0506624465707
UPB1,0.47421904131466214
UPP1,0.8751029667423068
UPP2,0.0010333976406340264
UPRT,4.690423213084564
UQCR10,53.334741816535896
UQCR11,46.605873117471184
UQCRB,102.38665005906101
UQCRC1,1454.2586473252309
UQCRC2,3588.977514620567
UQCRFS1,509.0127416839723
UQCRH,256.19512475337035
UQCRQ,114.52581397980192
UROC1,0.0033820252807668307
UROD,36.57063262906322
UROS,20.13788237726145
USP1,42.28811700543973
USP10,14.322692406846953
USP11,41.27730494960302
USP12,40.40345359903574
USP13,4.078774782897866
USP14,136.39146996610188
USP15,10.610720227859314
USP16,42.91003665048502
USP17L2,0.012278880587364807
USP17L22,0.04998256910149056
USP17L30,0.050968258904732194
USP17L5,0.050968258904732194
USP17L9P,0.3354345050980549
USP18,19.07553417983397
USP19,1.7830810876877696
USP2,0.013459374807604226
USP20,9.286068760924964
USP21,17.431466501495795
USP22,78.03313034919442
USP24,2.7639741217197358
USP25,0.19234815262076965
USP26,0.08118014005684498
USP28,21.898800880509466
USP29,0.0017129625255927277
USP3,1.041784160416218
USP30,0.14042720987822993
USP31,1.402323699250489
USP32,0.5635523741214984
USP33,18.909150855617455
USP34,29.69107129053242
USP35,2.8818946503770375
USP36,18.279215025974324
USP37,5.522028048490006
USP38,6.240422371888522
USP4,4.0101346272611185
USP40,0.40069509872457776
USP41,0.01834435481333142
USP42,5.885436653167251
USP43,0.02313912703844929
USP44,0.001200174014180626
USP45,4.61490098955974
USP46,3.305946752840086
USP47,4.916368116957822
USP48,1.1223867077657397
USP49,2.95588186348213
USP51,0.5020229365591383
USP6,0.04388660478339031
USP7,61.4872264840017
USP8,1.244560298053546
USP9X,8.925966752762765
USP9Y,9.000196722497448
UST,0.19411308590430867
UXS1,4.6311853969525485
VARS,211.42165797770053
VARS2,154.05639583016747
VKORC1,43.581545641273955
VNN1,0.008503047092903932
VNN2,17.2185821498436
VNN3,0.0708882367135196
VRK1,151.61096984416426
VRK2,9.629179051806235
VRK3,15.331562330577405
WARS,1395.8701853810305
WARS2,10.851726442625656
WDYHV1,9.264023815926288
WEE1,26.301620503960713
WEE2,0.01297974905045854
WNK1,8.685976009994576
WNK2,0.005502259447921536
WNK3,0.024473271272375106
WNK4,0.027018751150860294
WWOX,2.3311812521697766
WWP1,9.073349459925778
WWP2,0.15346685751416347
XDH,0.0038063276290175654
XPO6,0.7328450563575307
XPO7,35.94465277037123
XYLB,1.199449241250648
XYLT1,6.744699076701836
XYLT2,9.647409351818348
YARS,2440.560759060899
YARS2,42.47133545948672
YES1,6.619729450605608
ZADH2,10.078162817551037
ZAP70,0.08924371955659162
ZC3HAV1,5.617796139152105
ZNRD1,17.545101309351786
ZNRF1,1.6348770169757416
ZNRF2,3.976288651464741
ZSWIM2,0.007112270468687823
