A4GALT,40.92702819960591
A4GNT,0.01685267264073278
AACS,150.74207497841587
AADAC,2.051411388607659
AADAT,2.4788705384356127
AAK1,5.037567946288585
AANAT,0.0465810277479107
AARS,386.5403373285298
AARS2,3.3459775979148665
AASDH,3.4532967045350285
AASDHPPT,11.158262830892768
AASS,108.05625455254167
AATK,1.4467718534302603
ABAT,4.02158929274098
ABCA1,27.242773844783503
ABCA3,4.950208144148806
ABCA4,0.12805827354104313
ABCA8,29.855779189029278
ABCB1,0.7761503826204754
ABCB11,0.6133838490669242
ABCB4,0.16806512933013865
ABCB6,25.707766225173643
ABCC1,0.6695237432657586
ABCC11,0.012485182155469721
ABCC2,1.3162668398395208
ABCC3,0.6841338086581095
ABCC4,0.5730367032858383
ABCC5,3.0113859597645063
ABCC8,0.07690025322382428
ABCC9,7.948733255442195
ABCD1,16.087981476069416
ABCD2,6.863545664506607
ABCD3,38.66349587161028
ABCG2,1.0271242316274174
ABCG5,0.004961519505461993
ABCG8,0.0009174291916872679
ABHD12,24.716655986218505
ABHD5,18.496383498978247
ABHD6,6.732594700979189
ABL1,72.99524964718023
ABL2,7.527375320270468
ABO,0.9639918618391736
ACAA1,40.86734358931832
ACAA2,141.77763077813864
ACACA,15.30331657315651
ACACB,440.3191913451306
ACAD10,5.04811101715289
ACAD11,0.017976188729388512
ACAD8,33.975651277175096
ACAD9,316.99311519976493
ACADL,10.631044862778849
ACADM,32.616211826156274
ACADS,130.25421289258009
ACADSB,136.52027968389754
ACADVL,836.3801076869464
ACAT1,66.80534351679718
ACAT2,10.993370021229033
ACE,6.487782478154222
ACE2,0.7190896887173956
ACER1,0.043367947614435805
ACER2,6.335906918250068
ACER3,10.725652668302217
ACHE,0.6292774632844259
ACLY,35.28515823821082
ACMSD,0.10436447862188088
ACO1,80.36132048015457
ACO2,62.20288601951322
ACOT1,7.964742690795328
ACOT11,0.06233175190765725
ACOT12,0.01882045029204483
ACOT13,4.20076972057954
ACOT2,43.78018326979807
ACOT4,2.338358301659745
ACOT6,0.1266578782528195
ACOT7,3.929686818074577
ACOT8,6.97184799253759
ACOX1,7.361245871343454
ACOX2,5.715190445420017
ACOX3,5.256881326532461
ACP1,5406.876189715849
ACP2,9.192015669603355
ACP4,0.0036202735317779565
ACP5,5.380944463162297
ACP6,3.2736849435736213
ACP7,0.44999467512671487
ACPP,0.003582534524254354
ACSBG1,0.03357400662513097
ACSBG2,0.016214601051288514
ACSF2,24.07937161162092
ACSF3,3.5983223415976875
ACSL1,1382.8925990925661
ACSL3,6.224300339352226
ACSL4,5.04916500465267
ACSL5,6.396886428241136
ACSL6,0.004982669754933361
ACSM1,0.04471874266669136
ACSM2A,0.04318860827003603
ACSM2B,0.03469523697805806
ACSM3,0.06630727113958493
ACSM4,0.025771127960777074
ACSM5,16.910498646588845
ACSS1,5.138564303369543
ACSS2,50.47616225160569
ACSS3,21.819698627257765
ACVR1,17.035698841413545
ACVR1B,18.545574319228315
ACVR1C,6.480167881482412
ACVR2A,6.93312109422689
ACVR2B,0.6078232551343872
ACVRL1,74.70511481130869
ACY1,161.24828382197782
ACY3,0.8654554552953571
ACYP1,4.272834624033955
ACYP2,2.6875524483001554
ADA,13.17305374039171
ADCY1,0.46297674932373756
ADCY10,0.01600325379760051
ADCY2,0.8704677263180755
ADCY3,59.5196709641778
ADCY4,47.2103435841867
ADCY5,13.673251111453927
ADCY6,30.17677392516843
ADCY7,1.4976747175979415
ADCY8,0.10844658669179806
ADCY9,4.478975847410373
ADH1A,1.9275782180226952
ADH1B,5593.209977197739
ADH1C,15.022692067794951
ADH4,1.2216717383554263
ADH5,1574.5532038910296
ADH6,0.13847082404739516
ADH7,0.8925047500096476
ADHFE1,30.465272901263297
ADI1,58.902274269238795
ADK,12.902149579192647
ADO,10.278983561908078
ADPGK,98.19673231195046
ADPRH,17.543263274869343
ADSL,453.18456718875655
ADSS,173.6176433745327
ADSSL1,11.245265138095112
AFMID,6.663517856058249
AGA,30.753360138648105
AGK,4.973747760110975
AGL,0.5983243008321958
AGMAT,0.027925690706486008
AGPAT1,6.084949783626248
AGPAT2,2045.977688734402
AGPAT3,11.419793813511177
AGPAT4,0.26650330208375744
AGPAT5,4.657936435939847
AGPS,23.588385427969396
AGT,5.216406517763543
AGXT,0.03094513411424657
AGXT2,0.0026892722899041384
AHCY,3532.8116340207653
AHCYL1,45.19970863941174
AHCYL2,3.2870494684282137
AICDA,0.27065451383809436
AK1,264.9285263296245
AK2,576.8211577387395
AK3,132.6351813153319
AK4,257.5075049374076
AK5,0.019297555156486488
AK7,0.1710686110500673
AKR1A1,97.70407262946584
AKR1B1,113.04711927914818
AKR1B10,4.159724538579225
AKR1B15,1.0946700631912594
AKR1C1,93.68602575832855
AKR1C2,430.96208867691416
AKR1C3,142.2629069515017
AKR1C4,0.02784514390133226
AKR1C8P,0.3354345050980549
AKR1D1,3.5763124860476507
AKR7A2,334.5900127086328
AKR7A3,1.2705440579309621
AKT1,4.291198201819425
AKT2,1.3072040029833991
AKT3,25.441654740606566
ALAD,366.64547417618076
ALAS1,25.13381471038712
ALAS2,0.02256334932923687
ALB,0.19122345285314488
ALDH18A1,55.173567766955024
ALDH1A1,59.03611938652305
ALDH1A2,6.04230088361488
ALDH1A3,2.3865638054881257
ALDH1B1,9.395141404588498
ALDH1L1,53.61580334708807
ALDH1L2,3.3518099911473462
ALDH2,5701.301316881664
ALDH3A1,0.2037244924638369
ALDH3A2,144.34039785377075
ALDH3B1,6.139791231554054
ALDH3B2,0.008149209988247495
ALDH4A1,33.284304812196446
ALDH5A1,2.065797995109681
ALDH6A1,36.255597200363574
ALDH7A1,33.60330218855665
ALDH9A1,945.7290496374555
ALDOA,4444.965885787117
ALDOB,0.13939465653353456
ALDOC,71.77399396855911
ALG1,3.385556722074813
ALG10,0.6753521015562794
ALG11,0.7893399663629918
ALG12,2.827149927979595
ALG13,11.053318933217687
ALG14,0.7657461194243007
ALG1L,1.0358747700613147
ALG1L2,0.06566121430338943
ALG2,59.32240120726407
ALG3,2.3086702662263363
ALG5,45.40220848962615
ALG6,2.365704813567502
ALG8,9.587347399299365
ALG9,5.915391096450608
ALK,0.01751467078955029
ALLC,0.008149209988247495
ALOX12,0.6757905285212332
ALOX12B,0.006054735152908398
ALOX15,0.418087264859336
ALOX15B,7.08056257047173
ALOX5,14.177956061238481
ALPG,2.1334538652401167
ALPI,0.09522613776587274
ALPL,8.262326394132273
ALPP,0.12394730653401177
AMACR,90.72105616628758
AMD1,41.345414697748936
AMDHD1,0.041982837162693645
AMDHD2,30.732173014313346
AMFR,0.4150314322288126
AMHR2,0.10057222382328897
AMN,0.022372325591843753
AMPD1,0.0026257437393003786
AMPD2,3.4133422745447692
AMPD3,3.856999991971902
AMT,11.227848414234971
AMY1A,2.6438139326066277
AMY1B,0.014354444624673755
AMY1C,2.6438139326066277
AMY2A,0.1489266320468935
AMY2B,16.910498646588845
ANAPC11,40.12902656997168
ANGPTL4,251.3036597400929
ANKRD1,0.46297674932373756
ANPEP,123.64409218249085
ANXA3,536.0927435978062
AOAH,0.26680362485610115
AOC1,0.004783944403824924
AOC2,4.408843944866115
AOC3,831.3665448578411
AOX1,375.46522198153383
APOA1,0.025357135597361018
APOA2,0.06388023683684277
APOA5,0.0013979757823941342
APOB,0.024670807133151368
APOC1,3.570649070704081
APOC2,27.211319250515267
APOC3,46.87519708233557
APOE,1970.6275599737344
APRT,902.253078246831
AQP1,680.6024689766804
AQP10,0.029978085567221417
AQP2,0.003941851804052725
AQP3,2.4452056120328423
AQP4,0.005003841942112204
AQP5,0.03212790186650925
AQP7,226.5134383862577
AQP8,0.07581875020851805
AQP9,0.3325559892306255
ARAF,1.5212897956857234
ARCN1,356.5307415801303
ARG1,0.4005007182946229
ARG2,0.5776740239644702
ARSA,29.04901365227253
ARSB,1.6150200858659223
ART1,0.005055540761227483
ART3,0.10162010405280054
ART4,0.8634784404564051
ART5,0.04483176403784064
AS3MT,1.1025689421322566
ASAH1,264.0828411391658
ASAH2,0.01173775323666505
ASH1L,0.028539817733909477
ASL,405.8990589781166
ASMT,0.2028415251371705
ASNS,261.6028739467001
ASPA,0.588671090559382
ASPG,0.1758505174233647
ASPH,690.2488525129485
ASRGL1,1.607790133428078
ASS1,725.6810652085187
ATE1,7.370400704460284
ATIC,398.32770714791695
ATM,0.924237449509386
ATP10A,5.989964299011395
ATP11A,6.162342988639294
ATP11C,8.832505284376042
ATP1A1,100.36017482238456
ATP1A2,36.04710566781404
ATP1A3,0.0126011639844684
ATP1A4,0.0018491712504098276
ATP1B1,1.787844502707092
ATP1B2,1.7126226854286437
ATP1B3,77.24329684697749
ATP1B4,0.0035070748819074423
ATP2B1,13.529106362380485
ATP2B2,0.005915044196638765
ATP2B3,0.008343643696138554
ATP2B4,45.144659708944666
ATP4A,0.06047617142890413
ATP4B,0.004961519505461993
ATP5F1A,124.53265572432873
ATP5F1B,167.30632217246165
ATP5F1C,21.50971022167614
ATP5F1D,155.46511749348954
ATP5F1E,125.55773209538297
ATP5MC1,4.311892001287344
ATP5MC2,2.868050998110428
ATP5MC3,5.997867959791037
ATP5ME,117.38991896387836
ATP5MF,1.481717785000078
ATP5MG,179.57272888452187
ATP5MGL,23.718922705117464
ATP5PB,5.524565248774745
ATP5PD,6.7181129554220975
ATP5PF,4.959033242795014
ATP5PO,42.13932100131758
ATP5S,0.3354345050980549
ATP6V0A1,1.2320285734110024
ATP6V0A2,1.077496128730227
ATP6V0A4,0.5590999308309642
ATP6V0B,66.13337370141808
ATP6V0C,378.95559961260557
ATP6V0D1,308.9751390027547
ATP6V0D2,0.1314675993445951
ATP6V0E1,345.01461944785666
ATP6V1A,115.26353365967877
ATP6V1B1,0.6889755250033154
ATP6V1B2,776.2944452285556
ATP6V1C1,32.26641295291807
ATP6V1C2,0.9995343798443942
ATP6V1D,20.45511871518228
ATP6V1E1,313.1466724670425
ATP6V1E2,0.5797849091495701
ATP6V1F,50.85344197436693
ATP6V1G1,59.33263814029524
ATP6V1G2,0.21987585003107402
ATP6V1G3,0.2330917175245828
ATP6V1H,16.565540479470553
ATP7A,1.8987498507902223
ATP7B,1.4748213697226555
ATP8A1,1.7961891366464882
ATP8B1,11.832499780389549
ATP8B2,30.5875315728729
ATR,0.04578511142679544
AUH,4.630855791108775
AURKA,0.008315506252028952
AURKB,0.10042016820534191
AURKC,0.8379694147063085
AWAT1,0.002083117537749057
AWAT2,0.6905945531355334
AXL,0.2099787887113474
AZIN2,0.7963414524148358
B3GALNT1,1.522217062559724
B3GALNT2,2.053136484964127
B3GALT1,0.07036710240200714
B3GALT2,0.02965059531253963
B3GALT4,9.129315411559244
B3GALT5,0.1389037682866976
B3GALT6,8.947646722184782
B3GAT1,0.017245543242168315
B3GAT2,0.5865523425296942
B3GAT3,19.217715676160875
B3GLCT,0.7866139610071975
B3GNT2,17.762375414994942
B3GNT3,0.011922324512242068
B3GNT4,0.037353073932325974
B3GNT5,0.4163982056591862
B3GNT6,0.3354345050980549
B3GNT7,0.4293025255004676
B3GNT8,2.3567789477603815
B3GNT9,3.8389760425193584
B3GNTL1,0.6735990885785242
B4GALNT1,0.2854805313831206
B4GALNT2,0.08753139082536945
B4GALNT3,0.04348012675201901
B4GALNT4,0.1373701520181396
B4GALT1,68.9260401862083
B4GALT2,24.384022734330507
B4GALT3,18.45705381823382
B4GALT4,3.3420907137358884
B4GALT5,22.01446577654482
B4GALT6,0.4466564243347684
B4GALT7,21.6969058552865
B4GAT1,2.277812689362301
BAAT,0.002019221329457672
BARD1,2.3022145879068887
BBOX1,0.025909488260792084
BCAP31,3456.8795072600315
BCAT1,5.612049096826867
BCAT2,27.535022656037434
BCHE,0.08037553881099414
BCKDHA,11.94320264347555
BCKDHB,20.266914588485125
BCKDK,32.18767235093567
BCO1,0.06461878427195712
BCR,0.7562653954810208
BDH1,4.116733252541822
BDH2,85.4622293133496
BHMT,0.4140623310380905
BHMT2,35.93140399631961
BIRC6,4.8529677100798345
BLK,0.044087113319958175
BLVRA,843.6408226541089
BLVRB,1211.655007010148
BMP1,42.26950435775027
BMP2K,0.33073051873687476
BMPR1A,4.414389083432739
BMPR1B,0.24559413672389088
BMPR2,11.753194642048587
BMX,8.86536567486728
BPGM,7.822138204698647
BPNT1,4.675504417549949
BRAF,7.733379201114187
BRAP,0.378072642306777
BRPF1,7.174072145009611
BRSK1,1.0213006234106976
BRSK2,0.11707619100340624
BSCL2,17.470816317772137
BSG,93.05430706871485
BTD,8.39994208469077
BUB1,0.05140974793657324
BUB1B,0.01365326734132985
C1GALT1,6.6865241435685725
CA1,0.01977755706647159
CA12,3.463747251459571
CA13,6.404100218034016
CA14,0.01600325379760051
CA2,2.937100203143383
CA3,0.46457660250413346
CA4,29.128379007625927
CA5A,0.08417582761312976
CA5B,1.1489514071117968
CA6,0.002298450214735067
CA7,0.003806282457694354
CA8,1.0276098969582614
CA9,0.05070952824286088
CAD,36.502073767392275
CALM1,241.31231036377326
CAMK1,17.07239902726766
CAMK1D,5.545986931944638
CAMK1G,0.2849623897949523
CAMK2A,0.007208685103761126
CAMK2B,0.031441821039201914
CAMK2D,499.75169127939034
CAMK2G,8.333054496263395
CAMK4,0.03724498197525068
CAMKK1,7.150666691234771
CAMKK2,15.888664660859227
CANT1,10.682623757431418
CARM1,11.662338610150659
CARNS1,0.3759912927313985
CARS,18.880914880385177
CARS2,17.388071789218547
CASK,10.663238188909402
CAT,402.5367557561868
CBLC,0.004587214275385148
CBLL1,9.730020787680198
CBLL2,0.027434690025870352
CBR1,13.865429257388948
CBR3,318.5564116405128
CBR4,63.725612455035055
CBS,21.9324070666914
CBSL,0.3354345050980549
CBX1,62.9313382557624
CCNB1IP1,44.36370675442621
CD36,635.4492399588672
CD38,10.58810905172518
CDA,37.37240071582266
CDC14A,2.023285042265256
CDC14B,7.291378613015398
CDC25A,0.12389739600071308
CDC25B,66.3750917576556
CDC25C,0.014680686992348277
CDC34,7.047309466109346
CDC42BPA,1.853338704306314
CDC42BPB,3.8056528505317644
CDC42BPG,0.04696942099447669
CDC7,0.7738934265817605
CDIPT,225.8248225346147
CDK1,1.0159694262492733
CDK10,14.62204444636909
CDK11A,7.275710944106399
CDK11B,17.820828304261422
CDK12,6.169864723737041
CDK13,13.309019289961917
CDK14,4.627056055231044
CDK15,0.41017634957930094
CDK16,44.4002395122294
CDK17,20.01587349885463
CDK18,0.6228221494895169
CDK19,4.285218593075059
CDK2,11.428537445622814
CDK20,1.6561833591222992
CDK3,9.64603294743339
CDK4,14.82770951459636
CDK5,8.193899316040952
CDK6,5.33716626796821
CDK7,94.32019841994878
CDK8,5.494737606207414
CDK9,86.85955104666692
CDKL1,1.838053966968393
CDKL2,0.011218921817446659
CDKL3,0.607396029596457
CDKL4,0.0054683209103599355
CDKL5,0.20782445800477983
CDKN3,0.30301787332643704
CDO1,277.46794364649367
CDS1,0.607396029596457
CDS2,8.86536567486728
CDY1,0.256335927830294
CDY1B,0.256335927830294
CDY2A,0.04923577690024244
CDY2B,0.04923577690024244
CEL,0.9937494337615099
CEPT1,2.8551830665302775
CERCAM,10.076216657102751
CERK,20.569168481115263
CERS1,0.027122790386365742
CERS2,81.6678151801629
CERS3,0.003954347154132118
CERS4,14.408834958986379
CERS5,16.766317594975657
CERS6,5.36712484039683
CES1,76.63323404187955
CES2,19.795591012743657
CES3,3.037935550758392
CES5A,0.03703753789261324
CFTR,0.0033333425770749195
CH25H,1.3188472027168414
CHAT,0.014545141103376102
CHD9,10.220623071762335
CHDH,0.23330749844400478
CHEK1,0.3549773663789349
CHEK2,0.6845736201059559
CHFR,10.906833682890035
CHI3L1,12.812154452436372
CHIA,0.006960796565252416
CHIT1,0.008784407364626361
CHKA,11.48801146331347
CHKB,47.371124408817636
CHMP4A,78.15355591996659
CHPF,20.40783047413096
CHPF2,11.744391001677414
CHPT1,24.205320727353733
CHST1,3.7101983236256744
CHST10,1.6917467086419775
CHST11,2.2968935635240166
CHST12,21.645792169544343
CHST13,0.05103600570667942
CHST14,1.1873531944800082
CHST2,2.660493577259978
CHST3,9.121038436896752
CHST4,0.005948165918653654
CHST5,0.01635587427919915
CHST6,0.0006791733349268908
CHST7,36.1860674158621
CHST8,0.10768230811770373
CHST9,0.025554070698889177
CHSY1,22.81843308434564
CHSY3,2.789282443196576
CHUK,0.9335573910248014
CHURC1-FNTB,3.2507362769424972
CIDEA,239.84056332719686
CINP,0.6535341843453647
CIT,0.4931958133659948
CKB,297.25555292018447
CKM,0.5111388952833853
CKMT1A,1.8694627886660367
CKMT1B,0.0014947823300546404
CKMT2,5.415167068020241
CLC,0.02616692185736008
CLCF1,3.082310876656119
CLK1,14.580351342029658
CLK2,37.15077552685022
CLK3,0.9384884194476669
CLK4,1.4493226446050995
CLOCK,3.351161825024707
CLPS,2.976704896167238
CLTRN,0.5786685643266595
CLYBL,0.5062298271076334
CMA1,7.330583738524154
CMAHP,10.433892322186017
CMAS,44.37588352472302
CMPK1,1343.396576598521
CMPK2,0.3571098789917574
CMTR1,24.2683553787736
CNDP1,0.013235305526026317
CNDP2,38.88619689793773
CNOT4,4.57943068327417
CNP,24.037424242179288
COASY,529.362479444405
COL4A3BP,7.006430443107385
COLGALT1,65.5032378457877
COLGALT2,0.17692454368674007
COMT,55.361505591639755
COMTD1,316.62570521135217
COP1,0.4785008438550989
COPA,271.1814283060459
COPB1,187.74058671672012
COPB2,71.35410400902205
COPE,402.330506685969
COPG1,169.43095075536456
COPG2,64.70157396663032
COQ2,2.0958005102541133
COQ3,5.700427925976378
COQ5,2.770441598947067
COQ6,10.008434669241295
COQ7,0.18115190951494434
COX1,7.766401376158287
COX17,27.48084510851807
COX2,5.3369352212394165
COX3,0.33446363282071023
COX4I1,560.4289709638223
COX4I2,14.547797950584433
COX5A,248.94538153735857
COX5B,624.8313154818642
COX6A1,19.65414573790007
COX6A2,0.2958289804215041
COX6B1,72.85773801192632
COX6B2,0.007101775978152442
COX6C,97.00808719142941
COX7A1,190.29022545204913
COX7A2,67.55359180743694
COX7A2L,31.715638964514216
COX7B,39.68998889976456
COX7B2,0.3354345050980549
COX7C,172.82196034602777
COX8A,664.9958725663008
COX8C,0.0329853092061197
CP,0.4083264899175857
CPA1,4.870520014771971
CPA2,0.374851737574587
CPA5,0.3354345050980549
CPA6,0.002586227523510716
CPOX,77.79017011663326
CPS1,0.28122487165461424
CPT1A,0.26441995861535816
CPT1B,11.876614374788176
CPT1C,0.19109459173171572
CPT2,46.55469455725251
CRAT,20.346121419056026
CREBBP,0.2452761761652979
CRLS1,26.71434890213983
CROT,7.273053689588179
CS,5212.572367818451
CSAD,52.99181677184274
CSF1R,11.114800633407736
CSGALNACT1,14.95729049320136
CSGALNACT2,34.17259024738174
CSK,11.314997853107199
CSNK1A1,40.64154216856862
CSNK1A1L,1.680314482853118
CSNK1D,85.77674493116878
CSNK1E,4.745000983014829
CSNK1G1,1.4578700809955447
CSNK1G2,45.511873248677695
CSNK1G3,11.48103351362431
CSNK2A1,273.33059587333355
CSNK2A2,349.82672255767693
CSNK2B,758.6839057306485
CTBP1,39.24068102703447
CTDP1,1.757984759251406
CTDSP1,203.78118093385984
CTDSP2,178.73787579621285
CTDSPL,30.632018888238814
CTDSPL2,2.8978538389415225
CTGF,0.3354345050980549
CTH,5.214962402224151
CTPS1,8.77507137829585
CTPS2,3.119834527589714
CTSA,218.8729030797959
CTSB,404.85931257897505
CTSC,14.187173716135037
CTSD,1035.6461205015394
CTSE,0.002271116228371661
CTSF,141.29275972072017
CTSG,38.06297967925935
CTSH,57.99390634892308
CTSK,663.3458234189991
CTSL,9.284924513210807
CTSO,33.682187927909155
CTSS,10.339921426462475
CTSV,0.010239755582603993
CTSW,0.470186672746323
CTSZ,16.956637457091222
CUBN,0.11784851375900574
CWC27,6.464945239969749
CYB5D1,7.472145532565509
CYB5R1,26.811216931615473
CYB5R2,4.693792226773635
CYB5R3,7168.108167232273
CYBB,6.487782478154222
CYBRD1,603.4694887974757
CYC1,530.3061938395401
CYLD,3.347971683560095
CYP11A1,0.7766138659731999
CYP11B1,0.8426372984421979
CYP11B2,0.08105018928386314
CYP17A1,0.8048606487199198
CYP19A1,0.2689024400451745
CYP1A1,101.85134725975263
CYP1A2,4.881250664873969
CYP1B1,10.280230006696474
CYP21A2,0.1804737589802228
CYP24A1,0.04255372230264104
CYP26A1,0.0025177080704829853
CYP26B1,22.590961328515796
CYP27A1,27.134727025473563
CYP27B1,0.08986673490322125
CYP2A13,0.04638837469548625
CYP2A6,0.22070960769126016
CYP2A7,0.009421753157358244
CYP2B6,0.02889595120271605
CYP2C18,0.2259625918283721
CYP2C19,0.1750227487879086
CYP2C8,0.3635028803985496
CYP2C9,0.13627582512980346
CYP2D6,0.6340216642528481
CYP2E1,2.012404463689831
CYP2F1,0.0013257062429227876
CYP2J2,0.0019705655389691255
CYP2S1,0.25547078835744286
CYP2U1,4.624251235853893
CYP39A1,0.22807969251096447
CYP3A4,0.06145108664149693
CYP3A43,0.04345768526604576
CYP3A5,9.038369648826047
CYP3A7,0.025023201945455178
CYP46A1,0.22060951611099533
CYP4A11,0.34813188036036186
CYP4B1,435.20923420455574
CYP4F11,0.008319653094264919
CYP4F12,1.6714803379049394
CYP4F2,0.002465222514020409
CYP4F22,1.4891611288635518
CYP4F3,0.01760460553874371
CYP4F8,0.003161793451114664
CYP4V2,9.104489987570496
CYP4X1,45.81843822980206
CYP4Z1,24.858600191672146
CYP51A1,9.62533403639207
CYP7A1,0.14941179569575405
CYP7B1,1.1407749406220902
CYP8B1,0.2703038769453024
CYTB,10.283962318241796
DAD1,711.1233930495969
DAGLA,0.5861288168000465
DAGLB,10.86362819956334
DAO,1.8577966562707513
DAPK1,3.5522292411444503
DAPK2,2.369277464715532
DAPK3,5.761786622882575
DARS,5038.938657114634
DARS2,4.644595575584412
DBH,0.0039618489950623845
DBI,221.81208471797706
DBT,5.818788187420985
DCK,8.3452578214404
DCLK1,203.5863615284257
DCLK2,1.1999337218607504
DCT,0.03769948110064703
DCTD,17.29601227391596
DCTPP1,19.158174719446226
DCXR,392.7880270713217
DDAH1,45.59142077251552
DDAH2,189.36818557741108
DDC,0.0008181717618007164
DDO,0.5604360450796216
DDOST,529.8293360415169
DDR1,11.753194642048587
DDR2,90.38310690375125
DECR1,62.01782383618729
DECR2,16.545827042456587
DEGS1,15.373918302138474
DEGS2,0.2619220606596389
DERA,55.86317509325901
DGAT1,96.85552354826385
DGAT2,146.64850693403176
DGKA,7.900752184194655
DGKB,0.03290141749315197
DGKD,5.634112180845287
DGKE,2.7843254745791812
DGKG,1.2282624056371323
DGKH,3.543028054721623
DGKI,0.11994282985288318
DGKQ,6.763351246996023
DGKZ,11.48103351362431
DGUOK,28.883313380646097
DHCR24,7.039549156622406
DHCR7,20.59945385116098
DHDH,0.032399165442062235
DHFR,185.8830674929621
DHODH,4.72548532571017
DHRS2,0.017496697340479327
DHRS3,185.95902206192767
DHRS4,160.54615635723607
DHRS9,0.9468151849824301
DIO1,0.009281832116337978
DIO2,0.07399904365088873
DIO3,5.789142507151424
DLAT,469.082355593748
DLD,1455.0933462312776
DLST,566.5431796147483
DMGDH,1.7054738731001982
DMPK,44.461143749311326
DNAJC6,0.32044112110909373
DNMT1,8.477054192569259
DNMT3A,2.1450692868371664
DNMT3B,0.254295781458826
DNMT3L,0.03798289307998578
DOLPP1,5.367851972649798
DOT1L,6.290516049873257
DPAGT1,8.19775860161477
DPEP1,0.0914509968706085
DPEP2,0.6933843057854324
DPEP3,0.020746108306098184
DPH5,32.60477032925773
DPM1,1556.5141637352078
DPM2,28.31805306833444
DPM3,28.757213874204464
DPYD,12.965237529054358
DPYS,0.0193527928371662
DPYSL2,7028.07510995883
DPYSL3,77.68904366798327
DSTYK,4.615839269541601
DTYMK,12.49248751181774
DUOX1,0.9530091744001241
DUOX2,0.10195156363507661
DUPD1,0.11783200419515537
DUSP1,2982.2047027578474
DUSP10,1.0740017179892394
DUSP11,12.86613307854755
DUSP12,11.044522720428697
DUSP13,0.017076971331754013
DUSP14,0.5705743804304049
DUSP15,0.27945629575002634
DUSP16,5.036652997412206
DUSP18,0.6001444380506339
DUSP19,0.22623163916459305
DUSP2,1.4404393170061307
DUSP21,0.08186674790155296
DUSP22,26.73586773334773
DUSP23,132.79428621673753
DUSP27,0.003045150785144528
DUSP28,1.1873392814178252
DUSP3,242.70679044890346
DUSP4,6.97184799253759
DUSP5,5.184658545165005
DUSP6,15.54839653148637
DUSP7,7.314895530550264
DUSP8,2.3538054904300987
DUSP9,0.2578285745457516
DUT,307.289380822872
DYRK1A,16.154554963178597
DYRK1B,7.884774265844595
DYRK2,4.691681205781629
DYRK3,0.5387583053624907
DYRK4,1.5339890347428113
DZIP3,2.2356252469156273
EARS2,0.6801213920683465
EBP,157.81909006743956
ECH1,291.6507216984576
ECHDC2,62.99753051351274
ECHS1,483.022522651389
ECI1,44.55863289620151
ECI2,77.97185072003543
EGFR,8.060995289876331
EHHADH,2.2268219352686494
EHMT1,0.5826673016791204
EHMT2,0.938611576619764
EIF2AK1,44.351530799919765
EIF2AK2,30.880253415786406
EIF2AK3,7.87678826852598
EIF2AK4,0.23351490630641833
EIF4EBP3,137.58895045972395
ELOVL1,13.340700445894736
ELOVL2,0.12080611142565659
ELOVL3,0.4758131304301793
ELOVL4,0.37713169158429843
ELOVL5,6.777868446806904
ELOVL6,1.568360082506141
ELOVL7,15.209936563206412
ELP3,2.266226784507535
ENGASE,22.467120721326964
ENO1,1459.5214762228077
ENO2,35.03206146455751
ENO3,32.506656045503604
ENOPH1,174.29177925633357
ENPP1,12.026903002325506
ENPP2,120.52620967663043
ENPP3,0.2643600922877531
ENPP6,0.049547731073431044
ENPP7,0.2621620114119895
ENTPD1,3.0316090617842635
ENTPD2,0.38552027264117944
ENTPD3,1.0769484440857553
ENTPD4,29.41440755235015
ENTPD5,2.9905655518367795
ENTPD6,19.58587799535138
ENTPD8,0.010068235109712234
EP300,2.7685862921817104
EPHA1,0.5524911539844121
EPHA10,0.0005446582359305345
EPHA2,1.8656084442781011
EPHA3,1.9872624624682904
EPHA4,5.338059285764246
EPHA5,0.004701619942137078
EPHA6,0.000735007516799252
EPHA7,0.016621565086469697
EPHA8,0.0038969486515855987
EPHB1,0.048553871089231586
EPHB2,0.027426190603808777
EPHB3,0.41951768602484846
EPHB4,1.5155449570276818
EPHB6,4.453947362081543
EPHX1,303.08092426225414
EPHX2,4.527740123224748
EPM2A,3.8778847028696384
EPRS,29.70111665730697
EPX,0.01889366099259721
ERBB2,0.13072312546381795
ERBB3,0.34477957199233134
ERBB4,0.013487701120135372
ERN1,3.043632142026391
ERN2,0.009710206056907835
ESD,1195.240355820943
ETFA,2908.738682319942
ETFB,1242.9905554203053
ETFDH,39.17369056143381
ETNK1,10.161100873474458
ETNK2,13.856263086291005
ETNPPL,1.3663166774328985
EXT1,2.6445764564734215
EXT2,22.725309228074604
EXTL1,0.0011349378602214042
EXTL2,4.677812620902652
EXTL3,3.8819151974273134
EYA1,0.010923208038563417
EYA2,5.171684387068502
EYA3,1.1625397972144822
EYA4,0.050616342986076486
EZH1,98.65701003201053
EZH2,0.025956145336569224
F13A1,137.1076205223221
F13B,0.952082265681838
F2,0.0012383549179540978
FAAH,8.060964059037708
FAAH2,0.13520486558389627
FABP1,0.046398527228001946
FABP12,0.07361943011456162
FABP2,0.001010413925479593
FABP3,12.965237529054358
FABP4,20767.738628550684
FABP5,1355.8880619129786
FABP6,0.974167366043698
FABP7,0.011672587111275447
FABP9,0.1324880294856577
FADS1,12.373415553110245
FADS2,1.4442483684931593
FADS3,6.721891093167929
FADS6,0.3354345050980549
FAH,37.723196409219575
FAM20B,20.973864865280543
FANCL,4.44075169983379
FAR1,40.36842158542489
FAR2,2.163689687533971
FARS2,1.1068757843636121
FARSA,926.4260545213714
FARSB,2.747874864708198
FAS,15.501279616645979
FASN,1351.4043363541693
FASTK,45.511873248677695
FAXDC2,42.30560856197747
FBP1,6.94086226011506
FBP2,1.4721666119210948
FDFT1,30.17677392516843
FDPS,21.18709835338867
FDXR,4.486530516500288
FECH,8.383723233728267
FER,2.7496870956220336
FES,22.16852717260495
FGA,6.990622680771628
FGFR1,139.84058436883532
FGFR2,0.29869947954214077
FGFR3,0.6082505539856399
FGFR4,0.0952370784401577
FGGY,0.3425491071191509
FGR,33.23890603586734
FH,829.3212646406772
FHIT,0.34552384482472476
FHL2,8.248918727124082
FIG4,6.0872490933272205
FITM1,0.5275854555360001
FITM2,10.81183694010558
FKBP10,29.219604834622874
FKBP11,3.939123384515769
FKBP14,1.8114940250953042
FKBP1A,616.2503238387617
FKBP1B,2.2726914502154214
FKBP2,452.3136211973559
FKBP3,496.80826690494195
FKBP4,198.9172869079855
FKBP5,104.33048943260525
FKBP6,0.03856419627718986
FKBP7,14.22309579905228
FKBP8,48.23313043770155
FKBP9,116.8057482739834
FKBP9P1,0.3354345050980549
FLAD1,5.610733815253126
FLT1,31.290033175121593
FLT3,0.18967852072339306
FLT4,11.489788564894555
FLVCR1,1.8056578400963519
FMO1,0.3160630727552682
FMO2,52.826569053152845
FMO3,8.89003049996288
FMO4,1.963904349262142
FMO5,0.9750051781415974
FMO6P,0.01286724405467138
FN3K,4.6088321547467785
FN3KRP,18.811754368601374
FNTA,59.508403797648675
FNTB,6.313201526130048
FOLR1,0.054660597402063305
FOLR2,42.462147001593
FOLR3,0.15059599318003936
FOSL1,2.4080652942487233
FPGS,3.167600425638906
FPGT,7.135073434471511
FRK,0.04959407652971068
FRMPD2,0.014371669987526408
FTCD,0.017138177742027232
FTMT,0.3764543508002139
FUCA1,15.473026232097292
FUCA2,26.456453397016627
FUK,3.1058297023923074
FUT1,0.8662725040796974
FUT10,1.15025105071483
FUT11,7.900752184194655
FUT2,0.01994437992104515
FUT3,0.02115925730880935
FUT4,4.243972766921033
FUT5,0.0033825882292262866
FUT6,0.003701373172025952
FUT7,0.08449444121294747
FUT8,0.4353452558049238
FUT9,0.0002626755025809759
FYN,160.40655518854436
G0S2,339.80106394597664
G6PC,0.0018814279029326071
G6PC2,0.08215335039750045
G6PC3,72.10520580656637
G6PD,263.4202483450688
GAA,24.742386336565165
GAD1,0.0270428157560982
GAD2,0.03730519390911924
GAK,3.454823403687984
GAL3ST1,0.1750933435815995
GAL3ST2,0.006294440710149165
GAL3ST3,0.0011961641821285208
GAL3ST4,1.2145837908511423
GALC,12.767214621023138
GALE,2.4860990460433072
GALK1,208.3817155770999
GALK2,15.45951337463235
GALM,4.232990346663728
GALNS,6.351054892637734
GALNT1,19.376711680184794
GALNT10,0.2938075885089603
GALNT11,13.481730062448063
GALNT12,2.0410682507145914
GALNT13,2.2585534542534567
GALNT14,0.11397096333899917
GALNT15,457.24154547235133
GALNT2,18.466884322408614
GALNT3,0.5259350906225349
GALNT4,1.197412240099367
GALNT5,0.015810115318575003
GALNT6,0.413284419538351
GALNT7,0.22898945023731573
GALNT8,0.03759114503506237
GALNT9,0.006492623406784894
GALNTL5,0.43999999999999995
GALT,11.770806752101482
GAMT,8.197455438689957
GANC,2.9013793234954934
GAPDH,1913.9611060197058
GAPDHS,8.042317062334442
GARS,267.17074327514285
GART,119.0057067185276
GATM,3.776788654137435
GBA,8.810826283536045
GBA2,38.03952248873256
GBA3,0.005060850530850687
GBE1,66.12427469734952
GBGT1,5.72996227885345
GC,0.1128901827185453
GCAT,128.6246721898344
GCDH,26.038680290094234
GCH1,3.8463479075732434
GCK,0.02648461362300825
GCLC,7.3695702318734035
GCLM,34.02108749056311
GCNT1,1.2333380328820638
GCNT2,0.22700401494371283
GCNT2P,0.3354345050980549
GCNT3,0.0058874772925625145
GCNT4,0.25229441491885823
GCNT7,0.029323985642498437
GCSH,6.4725554683162745
GDA,0.010753730866318317
GDE1,15.811837155744326
GDPD2,0.012201315359312416
GFPT1,162.88914609294918
GFPT2,32.785752231079734
GGCT,50.67731801461656
GGH,2.9270625230525864
GGPS1,460.1105708231655
GGT1,1.0661534312344045
GGT2,0.002663135360410717
GGT3P,0.3354345050980549
GGT5,270.4418297462142
GGT6,0.006424988738084081
GGT7,13.073562742871037
GGTLC1,0.01039615066198524
GGTLC2,0.01310117201243448
GIF,0.3354345050980549
GK,3.281561410709952
GK2,0.003680477489753539
GK3P,0.3354345050980549
GLA,8.020837550860996
GLB1,16.574546239732932
GLB1L,1.4393845538388061
GLCE,0.2016747343820115
GLDC,0.014388701521094973
GLIPR1,2.779370659214756
GLO1,1017.6944824705494
GLRX,104.31956714869293
GLRX2,11.996021383088612
GLS,121.3149818552589
GLS2,0.19448420265180488
GLT6D1,0.06930364432416915
GLT8D1,2.477537730758959
GLT8D2,4.784784693120388
GLTP,20.507168034767275
GLUD1,1626.8905698309877
GLUD2,0.47139096610706327
GLUL,212.7222319086347
GLYAT,5.428287609758931
GLYCTK,2.32589987741262
GM2A,11.832499780389549
GMDS,29.294044389622517
GMPPA,19.13141381661724
GMPPB,34.99978044616067
GMPR,3.5857970215516235
GMPR2,61.21402280879809
GMPS,94.49017382263536
GNE,8.610925599519387
GNMT,0.7761602976160838
GNPAT,21.71735956642424
GNPDA1,19.3369327103747
GNPDA2,5.383127301627661
GNPNAT1,33.33542802892059
GNPTAB,8.391831702754144
GNS,53.42185329230812
GOT1,1376.598320737505
GOT2,541.9644643355268
GPAA1,79.92002685727957
GPAM,9.037596877938395
GPAT2,1.0789140224628455
GPAT3,0.6582069289240687
GPAT4,1.352005973421296
GPCPD1,34.412716402028515
GPD1,1961.1039992126232
GPD2,92.94915144197203
GPHN,10.025412426006637
GPI,2101.792177383058
GPIHBP1,55.06155241999516
GPLD1,0.4423022392086307
GPT,38.921573531054186
GPT2,26.12424490054282
GPX1,253.93358976918768
GPX2,0.06355994962636999
GPX3,33580.10194649048
GPX4,645.3820560141866
GPX5,0.793289329058847
GPX6,2.01032323162201
GPX7,6.495399257019726
GPX8,10.967391596106628
GRHL1,0.1667863609785859
GRHPR,31.31239845107043
GRK1,0.11699235770509935
GRK2,4.014622265826703
GRK3,1.2623639556998993
GRK7,0.00303225681245995
GSR,122.12072879221037
GSS,176.7703184495676
GSTA1,0.013995956068972129
GSTA2,5.619549002346362
GSTA3,3.8201241689736465
GSTA4,14.891958650645979
GSTA5,0.58469847618054
GSTK1,78.89542058541812
GSTM1,0.033658313369552266
GSTM2,28.84303443526804
GSTM3,98.2804954167247
GSTM4,5.363489539854649
GSTM5,38.25141512109121
GSTO1,1762.7594337722803
GSTO2,0.022601601602279198
GSTP1,5875.112625951064
GSTT1,128.3570489492489
GSTT2,0.5131877483249575
GSTZ1,9.537031207709704
GTF2F1,9.479305807107309
GTF3C4,0.8872485838614226
GUCA1A,0.0803580412103317
GUCY1A1,2.9663227089166733
GUCY1A2,0.7141970124692842
GUCY1B1,1.0453859436592674
GUCY1B2,0.006897724867267638
GUCY2C,0.027343017380599566
GUCY2D,0.02722283966999158
GUCY2F,0.13808747592085474
GUK1,167.07946652477426
GUSB,6.379342821269528
GYG1,60.37147774086387
GYG2,141.9393445247285
GYS1,103.12177786233636
GYS2,8.16552113721885
H6PD,70.06369818139459
HAAO,8.302743962401049
HACD1,0.6699772991826155
HACD2,3.095013644366691
HACD3,4.330319334841662
HACD4,0.5979568033382378
HACE1,5.171684387068502
HACL1,30.977329626791875
HADH,3113.5669650280242
HADHA,1262.2597126351532
HADHB,98.90867884474466
HAGH,34.272792450239166
HAGHL,1.249614285785648
HAL,0.06459613652609363
HAO1,0.19763453007540133
HAO2,0.0390491314430039
HARS,122.74504209596935
HARS2,42.32423955969556
HAS1,0.2539849716812019
HAS2,1.4849087815277768
HAS3,0.28903879229983204
HAT1,75.77839654330161
HCCS,12.758231282152622
HCK,9.361811492497834
HCST,10.656826692864524
HDAC3,1.2680701054953991
HDC,5.893063681514759
HDLBP,102.61034491671836
HECTD1,8.207649641106519
HECTD2,2.2485520871352986
HECTD3,3.4506473138797182
HECW1,0.013352945289417604
HECW2,0.8398183067366433
HELZ2,2.213340013865849
HEPH,1.1134524844599514
HERC1,0.46175484332407796
HERC2,0.2134805690433441
HERC3,13.664116123971043
HERC4,8.678850136213876
HEXA,57.33186890036615
HEXB,4.523009647487863
HEXDC,0.3354345050980549
HGD,0.011209248629176384
HIBADH,79.62494660854799
HIBCH,4.355559171555753
HIF1AN,3.718173878495119
HIGD2A,19.019940433902438
HIPK1,16.316512246551827
HIPK2,10.794586621688591
HIPK3,101.5829635379221
HIRIP3,0.2616509614912623
HK1,222.48570070073677
HK2,78.12416400727699
HK3,2.072712273510847
HKDC1,0.010689945725110485
HLCS,2.54653554538747
HLTF,0.05843938862623517
HMBS,37.47852099157985
HMGCL,132.3845106859042
HMGCLL1,0.5642090562069516
HMGCR,4.789734445208332
HMGCS1,14.910617766758667
HMGCS2,0.015060663100423437
HMOX1,51.924363373282894
HMOX2,167.2648008260073
HNMT,28.66777923318554
HPD,0.472194245905157
HPGD,8.07702833819525
HPGDS,2.0491118108923865
HPRT1,462.293829114022
HS2ST1,8.323240619193156
HS3ST1,0.41056454496732503
HS3ST2,2.969780467210577
HS3ST3A1,0.03659804118167165
HS3ST3B1,0.13576762436522505
HS3ST4,0.012466929075615836
HS3ST5,0.17535341548517636
HS3ST6,0.0024385258594095925
HS6ST1,8.028858941108991
HS6ST2,0.023312106073905627
HS6ST3,0.35298803758833147
HSD11B1,23.73384096966624
HSD11B1L,0.7423284192721012
HSD11B2,0.05721423274263177
HSD17B1,0.24669064555767606
HSD17B10,154.8547920283901
HSD17B11,375.7302038286574
HSD17B12,381.6260176860968
HSD17B14,12.418013463746851
HSD17B2,0.04038822316495838
HSD17B3,0.507456009542253
HSD17B4,126.62397224001677
HSD17B6,0.43756412568650327
HSD17B7,2.521445831960646
HSD17B7P2,4.554964594526741
HSD17B8,2.1055884073201563
HSD3B1,0.8561440324619417
HSD3B2,0.017102425646251678
HSD3B7,34.59594473702891
HSPG2,1.0941884590472708
HTATIP2,73.20950666140394
HUNK,0.24579964128389206
HUWE1,3.588456550122978
HYAL3,0.40901230155202295
HYALP1,0.3354345050980549
HYI,27.578383439464172
HYKK,1.1417715242888093
IARS,752.6331034109757
IARS2,78.34935383236247
ICK,7.908744103181019
ICMT,25.21864468658351
IDH1,88.01499851262074
IDH2,25.484187129388324
IDH3A,351.6406444131151
IDH3B,320.870234400788
IDH3G,129.6788073241665
IDI1,48.3013021795302
IDI2,2.1272734354694633
IDO1,0.010451580000133702
IDO2,0.0650322570798734
IDS,33.67080383754805
IDUA,16.183106987533318
IGF1R,7.197496253394088
IKBKB,27.64345582552501
IKBKE,0.483071067055406
IL4I1,0.2851252977938525
ILK,31.85608392553824
ILKAP,29.216850559904838
IMPA1,306.4184712437409
IMPA2,40.9281858082017
IMPDH1,48.80398164430725
IMPDH2,284.9211470000241
INMT,3.0151752737434694
INPP1,560.9247788187428
INPP4A,3.1657757278616034
INPP4B,3.798826758205799
INPP5A,32.30031168882702
INPP5B,6.079752080388973
INPP5D,7.924733855673513
INPP5E,21.37860563790157
INPP5F,0.31704165520697014
INPP5J,0.048669183303538234
INPPL1,8.260560393925862
INSL3,0.023350664200289903
INSR,23.911689364300642
INSRR,0.025140937450119347
IP6K1,17.655333696691972
IP6K2,45.36490070386912
IP6K3,0.09029569696467574
IPMK,4.14196889264124
IRAK1,58.42327001268303
IRAK2,1.7889565723749878
IRAK3,31.659558079351044
IRAK4,10.305801713275077
IREB2,10.81183694010558
ISYNA1,33.44560396332915
ITK,0.7427770811131714
ITPA,407.4389018529632
ITPK1,38.66232743579654
ITPKA,0.06462085742310121
ITPKB,30.85469188477653
ITPKC,60.64730708166325
IVD,539.8957967527192
JAK1,173.11352440971632
JAK2,29.11739154698489
JAK3,1.6939412343587859
JMJD7-PLA2G4B,0.19276672646590834
KALRN,4.211046368303501
KANSL3,35.527164758122524
KARS,506.87913516179214
KAT2A,68.24890517692651
KAT2B,10.322858128809363
KAT5,30.09921575346035
KAT6A,11.280118342106197
KAT6B,3.9999185737231806
KAT7,19.905657874125158
KAT8,43.75591076916683
KCNJ11,0.3522398685284371
KCNJ8,28.76632820417478
KDR,21.299001840388865
KDSR,54.48468703682651
KHK,0.6929431189325205
KIT,20.811755420281557
KL,0.9193012483877858
KMO,0.06720435252780069
KMT2A,7.630207552307727
KMT2B,0.3354345050980549
KMT2C,6.701872414451852
KMT2D,8.238098983847323
KMT2E,33.11413745212056
KMT5A,0.08744585611927874
KMT5B,0.052531638327043204
KMT5C,0.3350355754164824
KPNA6,45.12124754543075
KYAT1,0.41426786262502635
KYAT3,10.315561941178165
KYNU,0.13393336464567318
L1CAM,1.9918279924728473
L2HGDH,1.0067770689482476
LALBA,0.09996023381633702
LAP3,1148.6522951170402
LARS,411.8095745718426
LARS2,2.6807295921351035
LATS1,0.7315508937951745
LATS2,21.13628074111563
LBR,76.53602149166447
LCAT,23.58762135343122
LCK,0.4717925642746193
LCLAT1,0.6744754560447863
LCT,0.005152657545310369
LDHA,10602.60528222227
LDHAL6A,0.011202800968741716
LDHAL6B,0.026783297092255687
LDHB,2054.6683952504927
LDHC,0.0012610017292083889
LDHD,15.97401187152541
LDLR,0.8003118886591154
LGALS13,0.16621830202908744
LGMN,89.77517981686857
LGSN,0.059118472577440906
LHPP,50.19078977394361
LIAS,0.7779773209837133
LIMK1,9.295238542049356
LIMK2,7.685719490090599
LIPA,28.624006203866397
LIPC,0.030965790810909527
LIPE,512.9028244537959
LIPF,2.1957849896898987
LIPG,0.007074389370437588
LIPT1,4.6565316950795905
LIPT2,0.35898729737901347
LMTK2,2.8919968538001033
LMTK3,0.020130138890368996
LOC102724197,0.3354345050980549
LOC286297,0.3354345050980549
LOC344967,0.3354345050980549
LOX,80.77867252158154
LOXL2,23.39994942576189
LPCAT1,2.20201743660554
LPCAT2,6.925382037631807
LPCAT3,31.962682259349144
LPCAT4,1.7975887996621878
LPIN1,89.00946593675475
LPIN2,9.578970890642324
LPIN3,12.893143150264653
LPL,867.6617367936291
LPO,0.1697122996292287
LRAT,0.0005881377739012073
LRP1,19.335178719087732
LRP2,0.0005320584306070971
LRRK1,0.22437590243996283
LRRK2,3.2555722911260343
LRSAM1,4.927407913733081
LRTOMT,1.595881966909706
LSS,202.54929199112718
LTA4H,361.1393073778404
LTC4S,1.1193264282750504
LTK,0.048669183303538234
LYN,8.262326394132273
LYPLA1,93.74046526042682
LYPLA2,64.9962124016819
LYZL1,1.4145390562382973
MACROD1,3.630370439448334
MACROD2,0.14832071967845034
MAGEA2B,0.1626710879648594
MAK,0.13514566102366427
MAN1A1,12.260318429307086
MAN1A2,2.9983594924049637
MAN1B1,1.4871519630807886
MAN1C1,1.9366442180176655
MAN2A1,4.1112296935149635
MAN2A2,23.639817320078077
MAN2B1,57.83796599414623
MAN2C1,171.58726082714915
MANBA,7.103911872545342
MANSC1,14.205613411823819
MAOA,3897.8180159596263
MAOB,40.61690067862462
MAP2K1,779.140631517924
MAP2K2,232.2823898946708
MAP2K3,8.248483472218455
MAP2K4,27.56526927893845
MAP2K5,9.228781776633403
MAP2K6,3.541729588051231
MAP2K7,3.7605435332869246
MAP3K1,4.132415845299245
MAP3K10,5.138564303369543
MAP3K11,43.63459757891062
MAP3K12,26.531609814587192
MAP3K13,1.1722689033664442
MAP3K14,6.404142225024375
MAP3K15,0.01607362764688954
MAP3K2,10.915479800520956
MAP3K20,0.20179825659102824
MAP3K21,0.03839897316107535
MAP3K3,46.30998464826049
MAP3K4,6.4725554683162745
MAP3K5,5.320638464818668
MAP3K6,194.64562892080025
MAP3K7,0.6179638059298355
MAP3K8,30.91042159134132
MAP3K9,0.022200743882257616
MAP4K1,0.8746678898525048
MAP4K2,5.575324317244865
MAP4K3,17.480515951979445
MAP4K5,46.39986764588943
MAPK1,255.00575681883203
MAPK10,0.9003567933677312
MAPK11,24.73182803539792
MAPK12,2.2726914502154214
MAPK13,1.5948004786657055
MAPK14,65.00528653611006
MAPK15,0.16507469334136882
MAPK3,138.87742763308634
MAPK4,0.12210386051993372
MAPK6,10.433892322186017
MAPK7,21.9324070666914
MAPK8,6.199974040534298
MAPK9,5.545939332857312
MAPKAPK2,2.845114214768365
MAPKAPK3,12.06233196887796
MAPKAPK5,28.056447897116097
MARCH1,1.8959292566595154
MARCH10,0.0015891408516461997
MARCH11,0.007982758707868126
MARCH2,66.14679683333769
MARCH3,2.1508839407987588
MARCH4,0.00511535396547609
MARCH5,11.386747495496747
MARCH6,42.233407679608646
MARCH7,53.7050896561628
MARCH8,9.195597096738068
MARCH9,4.427565602094898
MARK1,6.863545664506607
MARK2,12.942605178846808
MARK3,27.65430486179214
MARK4,10.562367939469027
MARS,85.77713771049122
MARS2,1.376968185958813
MAST1,0.008108968353128111
MAST2,17.781854502271543
MAST3,2.2180271107305707
MAST4,6.732594700979189
MASTL,0.16966217830388763
MAT1A,0.003733387020471272
MAT2A,470.7268810896924
MAT2B,179.91371277225875
MATK,0.2297966149391961
MBOAT1,9.436844411904769
MBOAT2,2.0043963698807947
MCAT,13.793362148341172
MCCC1,29.922123107310174
MCCC2,32.25481996257112
MCEE,14.80806328256435
MDH1,6157.333062272897
MDH1B,0.03340554813725456
MDH2,3952.965910829783
MDM2,0.053699255867983374
MDP1,130.99909318997038
ME1,729.923659655526
ME2,33.97988522073751
ME3,16.862404819544654
MECR,8.701362445584865
MED1,0.4282762934412814
MELK,0.004827788470700999
MERTK,21.156604211250702
MET,2.3956575427058833
METTL1,16.272475173616176
METTL3,36.89446693050192
MGAM,0.026783297092255687
MGAT1,185.7862813169631
MGAT2,1.2378084377737675
MGAT3,1.5764426153582562
MGAT4A,4.348650690023163
MGAT4B,25.686452451355855
MGAT4C,0.007518568029752344
MGAT4D,0.02696149145334556
MGAT5,4.984456589956488
MGAT5B,0.05613680838940392
MGLL,93.7444855941105
MGMT,5.372203726472163
MGRN1,17.4417253027249
MGST1,1838.5559935527756
MGST2,35.527519587871204
MGST3,71.03546691860022
MIA3,10.872265946651762
MIB1,12.857132794829589
MIB2,7.956736990243641
MID1,3.073423254403575
MIF,54.45841003278319
MINK1,0.2784059114264758
MINPP1,6.3586321896740285
MIOX,0.001546256651573572
MIP,0.0007143553240311314
MKNK1,23.58762135343122
MKNK2,229.96419786182383
MKRN1,47.03734436467069
MKRN2,30.431950381997048
MKRN3,0.09832008501241706
MLKL,18.835206291720404
MLYCD,16.135527120127833
MMAA,0.9918229413633535
MOCS1,100.15451077143739
MOCS2,14.891958650645979
MOGAT1,0.12352080354067255
MOGAT2,0.003344137485798441
MOGAT3,0.005003841942112204
MOGS,104.40052866530033
MOK,2.0755948864521625
MOS,0.09191795284698573
MOXD1,0.5445740542551833
MPC1,98.05068880988564
MPC2,35.792681956279836
MPI,6.902177535674013
MPO,0.04125010200182739
MPST,4230.652756041307
MRPL58,13.330417578133794
MSMO1,7.630207552307727
MSRA,6.909910257146768
MST1R,0.10283674171331018
MT1A,512.2390013877897
MT2A,5439.084017639408
MT3,0.2555745288887741
MT4,0.3354345050980549
MTAP,277.30335277932016
MTFMT,5.466234873763686
MTHFD1,345.7153134986506
MTHFD1L,3.9492401183695014
MTHFD2,47.454063056022974
MTHFD2L,1.5211479818257991
MTHFD2P1,0.3354345050980549
MTHFR,7.033920338954315
MTHFS,18.309749801694185
MTMR1,1.9965884194623023
MTMR14,28.558377290101056
MTMR2,1.0688014731470903
MTMR3,0.5209674369463912
MTMR6,5.809685452237176
MTMR7,0.34329220270540517
MTMR8,0.08754302310720344
MTPAP,5.126337429962468
MTR,1.206276153590428
MTRR,12.614708192152097
MTTP,0.01818283457996228
MUL1,30.888126762941038
MUSK,0.012148679231189525
MUT,0.3354345050980549
MVD,43.87862969868736
MVK,6.78644109126172
MYBBP1A,87.51128209062928
MYCBP2,0.43603219366421575
MYLIP,66.28106471362159
MYLK,1.6057653540666463
MYLK2,0.0019832303974359235
MYLK3,0.0037038333849344143
MYLK4,0.9430084055770099
MYO3A,0.0022242893502743073
MYO3B,0.010899186163705301
MYO5B,0.3062665679431882
NAA10,63.30279584937754
NAAA,5.700427925976378
NADK,76.75848869296499
NADSYN1,10.152604634336154
NAGA,10.416791276495287
NAGK,17.81108290124651
NAGLU,81.00426134323521
NAGPA,4.5500752183630775
NAGS,1.2869382409429662
NAMPT,841.3287329038525
NANP,1.3265956841274138
NANS,139.9844340251396
NAPRT,25.164291606310147
NAPSA,0.297981220690586
NARS,3279.3532683139574
NARS2,5.575324317244865
NAT1,3.5102946347809865
NAT2,0.07672456450553738
NCOA1,24.636852861203767
NCOA2,0.3923934507225575
NCOA3,5.897718384724172
NCOA6,7.5352733880855896
NCOR1,0.0876269181328426
NCOR2,1.8501158862829663
ND1,0.7496282848946749
ND2,6.647572110665278
ND3,3.518721426725826
ND4,15.91921099634504
ND4L,0.3354345050980549
ND5,3.9860139175064595
ND6,2.1511623729121254
NDST1,15.898142170761915
NDST2,25.197430652373942
NDST3,0.0033837915421668268
NDST4,0.021404322142106892
NDUFA1,442.23917256670956
NDUFA10,62.15365956501165
NDUFA11,88.981522850118
NDUFA12,9.475947085109013
NDUFA13,578.8906949063268
NDUFA2,13.367643231751636
NDUFA3,5.645005758260517
NDUFA4,27.661251796523036
NDUFA5,17.530545331670567
NDUFA6,47.13831027582444
NDUFA7,3.15451341745356
NDUFA8,57.21362858005886
NDUFA9,27.947301705209007
NDUFAB1,121.99413696282508
NDUFB1,75.85499582703797
NDUFB10,165.20572855654297
NDUFB2,24.9220455493293
NDUFB3,78.10996643654083
NDUFB4,123.33143075802528
NDUFB5,111.31315547226629
NDUFB6,28.124199474862703
NDUFB7,219.87092855297766
NDUFB8,77.81912932812361
NDUFB9,19.247056599173263
NDUFC1,37.372480964195084
NDUFC2,49.13174566506915
NDUFS1,39.50715067090868
NDUFS2,38.49890445039342
NDUFS3,141.76921799409138
NDUFS4,144.85785941445656
NDUFS5,1005.1522205036773
NDUFS6,15.788877633432458
NDUFS7,14.741604097430603
NDUFS8,64.82647109569898
NDUFV1,74.25447519274967
NDUFV2,126.95485940173745
NDUFV3,12.947204736820861
NEDD4,2.418088079664336
NEDD4L,0.7389062777226252
NEK1,3.0639077591584685
NEK11,0.8728005412473434
NEK2,0.0007750578336235452
NEK3,14.70568188002015
NEK4,4.9359549888520435
NEK5,0.020148737885901182
NEK6,0.5556063158982173
NEK7,59.54190738793798
NEK8,0.7324746395884822
NEK9,2.8216114908284555
NEU1,44.79037829435022
NEU2,0.07868648115252536
NEU3,1.2731022644625516
NEU4,0.1292574135210349
NEURL1,0.14715923590013888
NEURL1B,35.3657822047204
NGLY1,14.994654292919465
NHLRC1,0.6552599307441709
NIT2,1053.217050813846
NKTR,125.36717526548809
NLK,3.93440441068919
NLN,39.48195908292396
NME1,1952.365060696012
NME2,281.45765578880633
NME3,97.63714075312846
NME4,100.71374123129098
NME6,0.3650290110792053
NME7,1.0676061027720565
NMNAT1,1.3250451017168061
NMNAT2,2.0755948864521625
NMNAT3,1.1547464040574507
NMRK1,10.872265946651762
NMT1,77.35892788085407
NMT2,9.291449546000637
NNMT,1091.7051395036358
NNT,17.49991916194117
NOL9,4.857742492299862
NOS1,0.001188701131093275
NOS2,0.349624332809128
NOS2P1,0.3354345050980549
NOS2P2,0.3354345050980549
NOS3,7.773150488336535
NOX1,0.032273897693184075
NOX3,0.09198887034239282
NOX4,10.203608071739051
NOX5,0.00502503601944302
NPAS2,4.81166977940865
NPC1,7.322738608992815
NPC1L1,0.05251144904525636
NPR1,101.34454543584043
NPR2,14.798748720986236
NQO1,340.34976775683833
NQO2,204.1926130802161
NR1D1,80.84915253019415
NRF1,1.7429323595184802
NSD1,5.130651985115651
NSD2,0.8117852405670956
NSD3,0.8238692165195934
NSDHL,1452.6670519119514
NSF,54.34017246706515
NT5C,225.91347354654906
NT5C1A,0.0029330746118555458
NT5C1B,0.02437807976118365
NT5C1B-RDH14,0.037698419756150243
NT5C2,67.01241399797479
NT5C3A,23.848882341526867
NT5DC3,4.726823354466763
NT5E,13.381673350847276
NT5M,0.7075383503480446
NTAN1,4.948793452323193
NTRK1,0.04582934301410442
NTRK2,24.415591662024326
NTRK3,2.348455577521546
NUAK2,0.19707649111134456
NUDT10,0.08196990266645363
NUDT11,0.6517808134075431
NUDT12,4.019556449110778
NUDT2,17.07426728606639
NUDT3,10.550782442124165
NUDT4,16.497988748067893
NUDT5,104.436573269065
NUDT9,12.289707567984477
OARD1,8.302743962401049
OAT,398.78064444941435
OBSL1,1.7847482196626505
OCRL,21.737817980923612
ODC1,7.413994387670103
OGA,13.207835039605774
OGDH,342.64446817266116
OGT,165.10735588633563
OLAH,0.21049184202522817
OPLAH,18.1725265139849
OTC,0.5131877483249575
OTUD5,59.27124042202738
OXCT1,328.2053343578938
OXCT2,0.03181559887514824
OXSM,6.541145683054839
OXSR1,21.26846844001813
P4HA1,44.38806111069558
P4HA2,7.419378572918854
P4HA3,0.49970244654800766
P4HB,336.8020827871849
PADI1,0.0166748284153247
PADI2,0.27980979297741443
PADI3,0.006082490874997896
PADI4,0.07147986310573021
PADI6,0.3354345050980549
PAFAH1B2,562.9486380063521
PAFAH1B3,47.169183471708045
PAFAH2,3.173448505983538
PAH,1.0237857162607364
PAICS,201.5494308157907
PAK1,10.80148009217637
PAK2,202.4574186085438
PAK3,0.659518980466494
PAK4,0.11612901989100381
PAK5,0.1843105272396382
PAK6,0.0026688119985646356
PAM,1.3058321322084707
PAN2,19.277301696918176
PANK1,0.93635556375737
PANK2,6.717229270272232
PANK3,11.166941830249547
PANK4,7.08056257047173
PAOX,1.6085088188080352
PAPOLA,4.850323505801411
PAPOLB,0.009766969804638804
PAPOLG,3.658459379521419
PAPSS1,34.92794084809461
PAPSS2,35.48103715873275
PARP1,32.216106175194916
PARP10,1.9358472409617475
PARP11,2.1794311475784633
PARP12,2.45173345310362
PARP14,15.238072002802808
PARP15,0.6444027367164836
PARP16,4.596926026641488
PARP2,16.463054610997478
PARP3,34.24680887597566
PARP4,4.951944485529236
PARP6,40.18844630203739
PARP8,1.7867326018652971
PARP9,6.154823493975542
PARS2,2.026723987595836
PASK,0.7594239104620675
PBK,0.024448361200219558
PC,229.12808685806723
PCBD1,66.68426663816798
PCBD2,3.087037489698845
PCCA,13.263659583621225
PCCB,2.070940192700689
PCK1,65.03494633879224
PCK2,27.665154937099654
PCMT1,689.7150915091194
PCYOX1,114.3099996888528
PCYT1A,25.775317248520878
PCYT1B,0.041227947146463585
PCYT2,42.5706023780191
PDE10A,0.5616930286979769
PDE11A,0.06750403235186772
PDE1A,1.82351417844924
PDE1B,23.660703589737675
PDE1C,0.38934810251775864
PDE2A,66.33479046899811
PDE3A,3.1128301924242154
PDE3B,12.355587361900259
PDE4A,7.812971510028242
PDE4B,4.7706494320301385
PDE4C,0.6099604819969565
PDE4D,0.3175207880523956
PDE5A,8.149414040291376
PDE6A,0.02029768058889274
PDE6B,0.13576762436522505
PDE6C,0.1185934016071139
PDE6H,1.0083333333333333
PDE7A,5.287287464702314
PDE7B,0.9764439464166195
PDE8A,21.543653170849453
PDE8B,27.05915666524009
PDE9A,4.717733317531092
PDF,2.1050532561645494
PDGFRA,65.87846062819803
PDGFRB,252.41989156128867
PDHA1,375.039916179748
PDHA2,8.963593332760542
PDHB,77.77628373102927
PDHX,19.474342734063512
PDIA2,0.0932582291280945
PDIA3,2093.3253137363313
PDIA4,396.41705754134705
PDIA5,53.70916777538055
PDIA6,205.2443670405507
PDK1,0.6046863561106189
PDK2,23.243836205346167
PDK3,4.25861166620663
PDK4,877.9927826606396
PDP1,7.7572359980088095
PDP2,2.0003952478464706
PDPK1,0.9125062969120452
PDPR,4.152210272016889
PDXK,32.45816794560227
PDXP,0.9118573314568423
PDZD4,0.9918229413633535
PEAK1,12.124393803319574
PECR,211.5089135478825
PEMT,81.2723473689375
PEPD,74.75151636181093
PEX11A,11.991499493677752
PFAS,69.14549406020063
PFKFB1,21.482426426147757
PFKFB2,1.4451880837466038
PFKFB3,730.1156261060696
PFKFB4,0.20065451098136602
PFKL,167.87034617897515
PFKM,11.419793813511177
PFKP,511.52188498308715
PGAM1,45.781623917930254
PGAM2,92.14558842160893
PGAM5,25.240621948949467
PGAP1,0.7463687559935749
PGD,4238.759753562888
PGGHG,0.02991860446325157
PGK1,142.9105708066866
PGK2,23.296392096478
PGLS,1297.359408918434
PGLYRP1,0.12363664833511567
PGLYRP2,0.001810850522147972
PGLYRP3,0.01572942767765221
PGLYRP4,0.2601296063498426
PGM1,898.6630612006552
PGM2,104.1704825387835
PGM2L1,0.5123679670391583
PGM3,47.10150655972983
PGP,55.156558929158074
PGS1,12.821147042249356
PHEX,0.03283853294946511
PHGDH,176.64591567820102
PHKA1,0.2793324152990633
PHKA2,6.411734927276244
PHKB,10.076216657102751
PHKG1,1.1367907316483898
PHKG2,8.230027041324803
PHLPP1,2.9704097980608424
PHLPP2,2.349049865522097
PHOSPHO1,0.038438177435254406
PHPT1,31.290033175121593
PHYH,91.23878761462362
PHYKPL,16.173588278660862
PI4K2A,1.4345614967879199
PI4KA,2.0433900132026777
PI4KB,1.296684008649336
PIGA,7.51158525280364
PIGB,3.730810383584523
PIGC,8.230027041324803
PIGF,1.642554415802655
PIGG,9.195597096738068
PIGH,22.642610582963933
PIGK,4.77347566745056
PIGL,8.189696329142935
PIGM,2.68257108443436
PIGN,3.8403161248193154
PIGO,8.881807033150007
PIGP,1.7928501449429617
PIGQ,12.911157543050276
PIGS,19.47570012948655
PIGT,16.482426665687342
PIGU,0.813241094665276
PIGV,4.026333570007578
PIGW,5.2619460425611555
PIGX,1.0290445443240452
PIGY,0.3354345050980549
PIGZ,5.900503862874649
PIK3C2A,2.704694194553062
PIK3C2B,5.230130481047481
PIK3C2G,0.014594660382407216
PIK3C3,0.10790304572562616
PIK3CA,12.044614305760522
PIK3CB,0.42141318340553097
PIK3CD,2.805407438456248
PIK3CG,0.11187450247201708
PIK3R1,11.747618661502628
PIK3R2,4.786905862471828
PIK3R3,34.82531362755424
PIK3R4,29.022607437592946
PIK3R5,4.189130267915815
PIKFYVE,11.227848414234971
PIM1,11.280118342106197
PIM2,3.456561672328164
PIM3,179.08015204151002
PIN1,555.4972344353115
PIN4,4.201454639702394
PINK1,50.815725795503106
PIP4K2A,18.525894164315762
PIP4K2B,8.06292877060362
PIP4K2C,10.682623757431418
PIP5K1A,0.6425343660147086
PIP5K1B,0.04869564812536365
PIP5K1C,27.383391211367076
PIP5KL1,0.16333634471545772
PIPOX,0.23645800466496916
PISD,3.2276480144634228
PJA1,18.66376223479173
PJA2,99.72397203787307
PKLR,0.004038314048002612
PKM,225.42637633970674
PKMYT1,0.04102868430363896
PKN1,106.84736287384916
PKN2,7.0262098377094055
PKN3,18.496383498978247
PLA2G10,0.0029121750430468854
PLA2G12A,0.5323344751394882
PLA2G12B,1.1304561412675453
PLA2G15,16.689544444171826
PLA2G16,427.14837096046483
PLA2G1B,0.49929517270351115
PLA2G2A,2445.043043713521
PLA2G2C,0.0017317358686259048
PLA2G2D,0.02500478423298345
PLA2G2E,0.10480083352838437
PLA2G2F,0.017105401618544066
PLA2G3,0.005651709062225719
PLA2G4A,9.014289203888904
PLA2G4B,18.61449499933002
PLA2G4C,0.7661981949679775
PLA2G4D,0.0026517909437020386
PLA2G4E,0.0009296998124552516
PLA2G4F,0.3354345050980549
PLA2G5,0.6955912676229815
PLA2G6,11.744391001677414
PLA2G7,0.18101398001493194
PLB1,0.1646707479443281
PLCB1,0.5688288898680449
PLCB2,1.375924965066518
PLCB3,1.4783014371460372
PLCB4,5.700427925976378
PLCD1,23.36870638172605
PLCD3,11.475100891128948
PLCD4,0.9932677251187576
PLCE1,1.7016275382652166
PLCG1,3.9748176999935025
PLCG2,5.870756896911578
PLCH1,0.006814799624989626
PLCH2,0.07988049928858189
PLCL1,0.7062084469768654
PLCL2,5.678301637540195
PLCXD2,0.016692592097829924
PLCZ1,0.07175189323406331
PLD1,1.664373900054422
PLD2,15.936065999734385
PLD3,20.403107391822275
PLD4,0.04555674499921401
PLD6,2.7509223561478953
PLG,3.615722070737719
PLIN1,3358.4316685417466
PLIN2,1209.213460316904
PLIN3,31.24531432932425
PLIN4,2229.3931875823864
PLK1,0.12030939493913877
PLK2,39.784816012550614
PLK3,10.118637037582749
PLK4,0.5271727459948437
PLOD1,14.854468621526156
PLOD2,42.31526634126492
PLOD3,29.15478426796087
PLPBP,1.3790311261442316
PLPP1,5.389883230682263
PLPP2,2.123055391477898
PLPP3,4.2032094621878
PLPP4,0.019762828557283812
PLPP5,0.0656688155578048
PLPP6,0.050042688733332445
PLPP7,1.1305815492037874
PLPPR2,0.3307009692228308
PLPPR3,0.9307949846236876
PLPPR4,0.11900942508124815
PLPPR5,0.012456429933028047
PLTP,299.5823887139142
PLXNB3,7.661916632848018
PMM1,16.085259853632895
PMM2,66.44600647254802
PMPCA,29.192222489481892
PMVK,241.78220322675872
PNCK,0.27522286050381434
PNKP,25.86549318012276
PNLIP,2.4680374200975197
PNLIPRP1,0.08906377759450662
PNLIPRP2,0.12352080354067255
PNLIPRP3,1.1727704914549477
PNMT,13.454423829706833
PNP,1063.0663131511471
PNPLA2,3136.203481906708
PNPLA3,0.7495149368652474
PNPLA4,4.345888047133549
PNPLA6,0.5752279504830299
PNPLA7,5.900503862874649
PNPLA8,24.39454460238592
PNPO,5.230853038670693
PNPT1,4.505010875090168
POLA1,2.361185393225828
POLA2,2.0786437603287538
POLB,8.024014508251536
POLD1,0.6106569872869527
POLD2,5.225437496486322
POLD3,0.5965251136492942
POLD4,65.16866020067732
POLE,0.11147024773407542
POLE2,0.4561924449218607
POLE3,35.355596077694045
POLE4,10.432573021390976
POLG,29.811569889573917
POLG2,4.650211641452012
POLH,2.9189130890943042
POLI,10.699830254770774
POLK,7.7015980679836895
POLL,7.551075586453522
POLM,14.640620476769634
POLN,0.40978824385176726
POLQ,0.01771267543549131
POLR1A,0.8949304261851077
POLR1B,0.35865423030437255
POLR1C,13.164468167149169
POLR1D,43.53760625829
POLR1E,24.385192029247055
POLR2A,4.767426587851091
POLR2B,14.204942604726222
POLR2C,96.91713927183156
POLR2D,17.738078394669422
POLR2E,167.22554967168162
POLR2F,4.5808297113076275
POLR2G,20.061258151674696
POLR2H,179.9937051749412
POLR2I,38.829652111834434
POLR2J,22.515960634911753
POLR2K,52.72494080527489
POLR2L,518.8866558371216
POLR3A,0.21737386643959405
POLR3B,1.0785811124068485
POLR3C,1.5917056797249576
POLR3D,5.700427925976378
POLR3E,17.257757558857328
POLR3F,8.562549987020654
POLR3G,0.3093869769747893
POLR3GL,104.67976143775292
POLR3K,6.541145683054839
POLRMT,8.68606994580533
POMGNT1,12.47158260414548
POMT1,6.192443357662023
POMT2,4.676207472487301
PON3,0.9961588317709614
POR,205.18782772733587
PPA1,2547.8311446495222
PPA2,123.3454765990822
PPARA,4.416468948946981
PPAT,4.665202519172908
PPCDC,1.7390813444321513
PPCS,111.89218349521482
PPEF1,0.015067380284190027
PPEF2,0.007377052980704825
PPIA,356.5116765585958
PPIAL4A,0.3354345050980549
PPIAL4C,0.3354345050980549
PPIAL4E,0.3354345050980549
PPIAL4G,0.05366606875592794
PPIB,2867.1021483099703
PPIC,40.754675011483535
PPID,485.0206381233826
PPIE,11.57062983771347
PPIF,158.67510963538615
PPIG,11.987460916844391
PPIH,620.1671647539439
PPIL1,36.9324128871867
PPIL2,0.908452804170287
PPIL3,36.160782899441465
PPIL4,6.620000205228468
PPIL6,0.1152789405373938
PPIP5K1,1.1080074513248082
PPIP5K2,3.0063353512540876
PPM1A,3.191832545389348
PPM1B,53.45008219347214
PPM1D,8.807879554694297
PPM1E,0.0033729654886542385
PPM1F,22.866323906663528
PPM1G,20.107449645118162
PPM1K,3.9492401183695014
PPM1M,22.694288612390967
PPOX,5.380216898366948
PPP1CA,129.2194990764727
PPP1CB,284.6480707331901
PPP1CC,56.516628337021025
PPP1R1A,383.48422883943834
PPP1R1B,53.017250675808434
PPP1R2,97.1067908105505
PPP1R3A,0.06646892507772041
PPP1R3B,43.13807494134716
PPP1R3C,27.05915666524009
PPP2CA,117.54654260321986
PPP2CB,120.21549330415503
PPP2R1A,401.37789345377956
PPP2R1B,27.526490614177284
PPP2R2A,178.5396893546134
PPP2R2B,0.09298794552942538
PPP2R2C,0.023235036518279257
PPP2R3A,1.7600977699118594
PPP2R3B,1.7523477085908903
PPP3CA,733.0844011055455
PPP3CB,36.999268088506824
PPP3CC,39.15761820573317
PPP3R1,242.96832998999008
PPP3R2,2.4370537589271226
PPP4C,62.0293181697464
PPP5C,50.20262406000507
PPP6C,269.01197505404457
PPT1,5.235422574621313
PPT2,22.642610582963933
PPWD1,30.892143596270905
PRAG1,0.3354345050980549
PRDX1,12222.07024472432
PRDX2,5269.5903032126935
PRDX3,99.73881066162966
PRDX6,4485.025106567587
PREP,92.0593672305926
PRKAA1,77.36141537008919
PRKAA2,1.5699757775407064
PRKAB2,27.82803060997298
PRKACA,608.658337608928
PRKACB,24.443422735242812
PRKACG,5.25292276820224
PRKAG2,31.928966998349136
PRKAR1A,32.83695943351021
PRKAR1B,6.199974040534298
PRKAR2A,36.39498185577439
PRKAR2B,1286.8102055821146
PRKCA,0.7495149368652474
PRKCB,0.41873728328875276
PRKCD,6.134107760671956
PRKCE,1.2956684720968907
PRKCG,0.019574128123997822
PRKCH,14.02148010637397
PRKCI,4.657542434204747
PRKCQ,0.07967228516116924
PRKCSH,274.30900756406294
PRKCZ,0.1629954119068775
PRKD1,0.8827235820442951
PRKD2,27.75199292000651
PRKD3,17.13215984183574
PRKDC,1.459045431977401
PRKG1,1.4414942687396624
PRKG2,0.310611272047512
PRKN,0.21524163632635238
PRKX,3.533832697505115
PRKY,0.0048521565097027495
PRODH,103.79478880336482
PRODH2,0.047452249121563574
PRPF19,403.2224251805289
PRPF4,195.43698945385685
PRPF4B,54.09276781677206
PRPS1,814.2321405822818
PRPS1L1,1.6993128857058533
PRPS2,13.11876309764275
PRRT2,6.747968696551278
PSAP,70.12340326102584
PSAT1,21.107909640146783
PSKH1,13.892936645048104
PSKH2,0.11813839957802594
PSPH,182.59476694490382
PSPHP1,0.3354345050980549
PTDSS1,17.219088261405897
PTDSS2,9.763665623222334
PTEN,24.03110873818532
PTGDS,56.02627765078592
PTGES,40.95821533921965
PTGES2,72.97321394705618
PTGES3,3659.0618110417295
PTGIS,392.9998196844936
PTGR1,260.3314616569456
PTGS1,5.65612590074672
PTGS2,0.2213103897915368
PTK2,2.7196200571611326
PTK2B,9.08794887725893
PTK6,0.16526121112669032
PTK7,0.1476813532701368
PTP4A2,4.207561782345674
PTP4A3,53.15719037280487
PTPDC1,2.5659498115352157
PTPMT1,15.90322249601973
PTPN1,35.601967359232944
PTPN11,45.921020239728776
PTPN12,17.911841242260873
PTPN13,10.889546466554927
PTPN14,3.3420907137358884
PTPN18,34.33262875505028
PTPN2,12.077316195573392
PTPN21,10.60527828607198
PTPN22,0.3062665679431882
PTPN23,16.049101569288748
PTPN3,1.0087106064594056
PTPN4,1.061744952916493
PTPN5,0.06225824641988792
PTPN6,13.700665011865153
PTPN7,0.22969553254555994
PTPN9,1.2272218237104497
PTPRA,0.8146083253302826
PTPRB,18.940244586614973
PTPRC,2.40328311920112
PTPRD,0.7643902837103822
PTPRE,5.6709308784473
PTPRF,46.543916937157626
PTPRG,29.260307399009903
PTPRH,0.15050482009369978
PTPRJ,0.8695350272544394
PTPRK,10.81183694010558
PTPRM,79.61090181631543
PTPRN,0.0063617386571282976
PTPRN2,1.4742909185570332
PTPRO,0.22710480696759708
PTPRQ,0.04848471582462766
PTPRR,0.018237276650873383
PTPRS,105.23567847895832
PTPRT,0.0027086308561384614
PTPRU,8.07702833819525
PTPRZ1,0.06410220411092195
PTRH1,0.17671833275074977
PTRH2,314.0310457520749
PTS,11.876614374788176
PUS1,7.51210802494207
PXDN,4.6702323437396185
PXDNL,0.16953396127983825
PXYLP1,0.3900283303635837
PYCR1,0.21542008834568072
PYCR2,281.92793773194694
PYCR3,18.52640291410028
PYGB,665.4828320176742
PYGL,93.90529602637515
PYGM,1.5581367889082305
PYURF,0.9884537770952221
QARS,365.26610447654554
QDPR,686.3971505384853
QPCT,4.859161812340495
QPRT,1.3842761310627993
QTRT1,51.155844126522624
QTRT2,3.0803803903498332
RAD1,1.1757928806679723
RAD18,2.1415823396950397
RAD9A,9.797338783196885
RAF1,0.5923258348621186
RAG1,0.019187195558314864
RALBP1,25.622537034341114
RARS,382.598376756929
RARS2,24.904827661976228
RBBP6,0.36100756714979826
RBKS,0.5308899668309014
RBP1,34.82020283723158
RBP2,0.017929298305621764
RBP4,3602.1070290180996
RCHY1,6.902177535674013
RCL1,36.83406275369496
RDH10,27.17793317503944
RDH11,170.24857366448552
RDH12,0.048553871089231586
RDH13,2.4414631934942186
RDH14,28.105595521482606
RDH16,0.18266886307248245
RDH5,89.44269226614637
RDH8,0.3354345050980549
REG3A,0.009123174169506287
RENBP,35.10104373781476
RET,0.061426667438574126
REV3L,22.745995383243
RFC5,19.87389112282632
RFK,11.53169164106901
RFWD3,4.891123240693358
RGL1,14.696383083585426
RHAG,0.3012257575781964
RHBG,0.0021950086288717494
RHCG,0.5214031065252214
RING1,56.54246513708571
RIOK1,1.1389027722693073
RIOK2,0.28459583014201834
RIOK3,65.75779625995634
RIPK1,12.875254552519156
RIPK2,3.537378529334411
RIPK3,20.184701972615862
RIPK4,0.03212790186650925
RIPOR1,1.8350848174091228
RNF103,30.14352874312747
RNF115,35.066548460585956
RNF123,5.295258045575269
RNF125,7.646058080113804
RNF126,54.356696393086935
RNF128,0.08357187288371676
RNF13,60.594744502277436
RNF130,23.39994942576189
RNF133,0.017335139343637253
RNF138,10.55379096867604
RNF139,42.20934741029811
RNF14,28.93075970937153
RNF144A,14.399582346376326
RNF144B,6.97184799253759
RNF146,108.207599168976
RNF149,31.077757845896247
RNF152,5.008035786103425
RNF167,70.08090100743698
RNF180,1.5339890347428113
RNF182,0.06853038693593981
RNF185,30.077065227590822
RNF187,57.51341983120475
RNF19A,46.10092099515882
RNF19B,10.81183694010558
RNF2,5.683966366636781
RNF20,2.328124729263011
RNF216,12.947204736820861
RNF217,6.079752080388973
RNF25,31.200611101185736
RNF31,28.187176398926567
RNF40,2.164923560704259
RNF41,24.205320727353733
RNF5,57.3966924326296
RNF8,3.2981166160672473
RNGTT,3.347319924488953
RNMT,67.17661180515404
ROCK1,11.780684738003014
ROCK2,48.87114423255965
ROR1,0.7039932995455386
ROR2,0.032154083873721755
RORA,8.972367173496448
ROS1,0.0030545366008979443
RPAP2,1.057340938240506
RPE,100.05157632829473
RPE65,0.05630407897975382
RPIA,41.343833321789376
RPL14,3281.622661219935
RPN1,514.7963009807564
RPN2,341.73855628077825
RPP14,19.536887322258693
RPS6KA1,6.611180221171333
RPS6KA2,32.50268805946289
RPS6KA3,2.5720450962588517
RPS6KA4,0.9677372269632104
RPS6KA5,2.2403238108302426
RPS6KA6,0.08076688612353154
RPS6KB1,2.9285225187765596
RPS6KB2,33.284304812196446
RPS6KC1,0.3880135173008534
RPUSD4,1.8849856473773234
RRM1,25.006033046398446
RRM2,0.05908636627889744
RRM2B,8.2784876435893
RTCA,20.994150116698314
RWDD2A,1.7867326018652971
RXRA,38.74476894596738
RYK,36.38315302558511
SACM1L,19.925686025919045
SAE1,213.84440639974352
SAP130,0.9046023748843834
SARDH,0.149818420460229
SARS,285.37661580877904
SARS2,4.786905862471828
SAT1,959.1185696818317
SAT2,206.6125676418762
SBK1,0.004280018377855114
SC5D,13.29087087153461
SCARB1,57.915923360022326
SCARF2,17.354523333355985
SCD,2446.987309368785
SCD5,2.925808403043073
SCLY,2.0244311989684602
SCP2,166.13575527462362
SDC1,0.2421847646866144
SDHA,322.7602755151475
SDHB,244.85052125108515
SDHC,22.367607899428307
SDHD,4.299453982589216
SDR16C5,0.14665757684104724
SDR42E1,0.08420422484442137
SDR42E2,0.018001648519418306
SDR9C7,0.009903680603736031
SDS,0.11667621591758773
SDSL,0.5946134858863772
SEC11A,441.38583998899327
SEC11C,1.71204474417464
SELENOI,0.1784505883933933
SEPHS1,502.3264304545978
SEPHS2,42.34172028900243
SERPINA1,1.1682580854228384
SERPINA3,145.02042345982522
SETD1A,0.35097912309261176
SETD1B,20.41790500854566
SETD2,0.05730774183258781
SETD5,25.94250208276258
SETD7,8.022541707100538
SETDB1,0.3530030198479164
SETDB2,3.8778847028696384
SETMAR,25.229253337671896
SFXN3,2211.4630868760582
SGK1,19.436417523689688
SGK2,1.9389123395673105
SGK3,2.2098262802646556
SGMS1,4.915305750471504
SGMS2,2.6623316674913085
SGPL1,33.06286096272486
SGPP1,15.482442628903204
SGPP2,0.07806314007875496
SGSH,31.100085999270895
SH3RF1,18.979822951216022
SH3RF2,1.414652076828713
SH3RF3,13.481730062448063
SHMT1,272.8525323440121
SHMT2,350.40906079160357
SHPK,9.08794887725893
SHPRH,0.9425328214902212
SI,0.18373547314711697
SIAE,15.181813822196238
SIAH1,4.184339844451649
SIAH2,18.33918754580059
SIK2,18.04533093503238
SIK3,2.7541383662864964
SIN3A,5.690990821825129
SIN3B,0.2543741255339562
SIRT1,20.02590046326597
SIRT2,37.349128392126744
SIRT3,8.221957030869367
SIRT5,4.914594084801663
SIRT6,10.898189238008383
SIRT7,17.53874133761698
SLC10A1,0.00555643456808507
SLC10A2,0.0014466702606393377
SLC10A6,1.844774133159794
SLC11A1,54.94606076336732
SLC11A2,11.419793813511177
SLC12A1,0.0020938139793521523
SLC12A2,2.2712110954805573
SLC12A3,0.3836436624241189
SLC12A4,0.7046527455876543
SLC12A5,0.011786685879421202
SLC12A6,0.08519503525547295
SLC12A7,2.1461505609113702
SLC13A1,0.0029447012268257328
SLC13A2,0.0007127093728855049
SLC13A3,0.4359875268879182
SLC13A4,0.08157713781443324
SLC13A5,0.008971716072331524
SLC14A1,0.020896114111895667
SLC14A2,0.06233175190765725
SLC15A1,0.017875082360164777
SLC15A2,0.1650125321735512
SLC15A3,11.700396971093854
SLC15A4,19.38665953973373
SLC16A1,9.829923945938084
SLC16A10,0.1317226744055905
SLC16A2,5.140722724784737
SLC16A3,12.284337416017268
SLC16A7,1.1283356031303362
SLC16A8,0.4879245471038784
SLC17A1,0.06505057075080632
SLC17A2,0.014797084619435076
SLC17A3,0.000689763933363594
SLC17A4,0.0004413956789336042
SLC17A5,12.722313369907729
SLC17A6,0.03561924497624714
SLC17A7,2.4824841500071355
SLC17A8,0.023326127399307364
SLC18A1,0.0006030207459076968
SLC18A2,8.424284698515969
SLC18A3,0.06214561646399096
SLC19A1,1.061255397352308
SLC19A2,71.09010863501568
SLC19A3,75.28644646377676
SLC1A1,1.197916432861351
SLC1A2,0.022067514750162623
SLC1A3,21.10580447871143
SLC1A4,0.879040843506464
SLC1A5,115.31697393419564
SLC1A6,0.0010274712301152613
SLC1A7,2.0755948864521625
SLC20A1,30.021706334426433
SLC20A2,12.569938636736772
SLC22A1,0.2633145464878916
SLC22A10,0.0007775781127517865
SLC22A11,0.0005566323783263901
SLC22A12,0.0016788002402050705
SLC22A13,0.002426313648684535
SLC22A16,0.00901143297725043
SLC22A18,3.8081857040924794
SLC22A2,0.0025401239418121487
SLC22A3,5.319912899033495
SLC22A4,0.26140034349934665
SLC22A5,2.2080699246215567
SLC22A6,0.0010500207016467733
SLC22A7,0.3754031874781076
SLC22A8,0.0011027909553325823
SLC22A9,0.0010763268806171288
SLC23A1,0.11331834364846392
SLC23A2,8.86536567486728
SLC24A1,1.6474576678901762
SLC24A2,0.00036266505768134226
SLC24A3,6.434526201127065
SLC24A4,0.07394794091931851
SLC25A1,2820.0604605405515
SLC25A10,18.466884322408614
SLC25A11,784.2751449474126
SLC25A12,338.6354817848534
SLC25A13,177.80237756346148
SLC25A14,2.613422304442528
SLC25A15,0.8453709431288308
SLC25A16,6.655853396961771
SLC25A17,6.251185079566057
SLC25A18,12.204301650335383
SLC25A19,2.4140462743561906
SLC25A2,0.02263986968511272
SLC25A20,13.028400503035222
SLC25A21,0.3537365939377324
SLC25A22,7.25222487755743
SLC25A26,7.432756562290031
SLC25A27,20.19654612915306
SLC25A28,89.06719977153688
SLC25A29,18.801879354899345
SLC25A3,3185.4351732662285
SLC25A37,11.920769003999386
SLC25A4,201.94903701399315
SLC25A5,3761.882435759414
SLC25A6,1098.6296825356867
SLC26A1,1.0101613536360987
SLC26A11,8.07702833819525
SLC26A2,3.70820508829294
SLC26A3,0.008836087204071107
SLC26A4,0.10737437219977353
SLC26A6,3.7901413448843537
SLC26A7,0.06976194335667389
SLC26A8,0.06898217296414848
SLC26A9,0.042138669833107135
SLC27A1,3.9621671155608063
SLC27A2,0.08860955060067814
SLC27A3,34.92865020541367
SLC27A4,2.136346413555561
SLC27A5,0.650042951720842
SLC27A6,0.015635033089496174
SLC28A1,0.010891181741784273
SLC28A2,0.00312043396163351
SLC28A3,0.05411542233427614
SLC29A1,140.00175621743293
SLC29A2,11.647657393038912
SLC29A3,2.6758204556677465
SLC29A4,22.147970506834785
SLC2A1,27.773910023539866
SLC2A10,6.9486055340919926
SLC2A11,1.788400516441136
SLC2A12,0.2176451857572989
SLC2A13,4.270771480047178
SLC2A14,0.009730445899727049
SLC2A2,0.7271472329221568
SLC2A3,150.08185306820994
SLC2A4,20.761159253401903
SLC2A5,1.3493882638658072
SLC2A6,1.4235857825113245
SLC2A7,0.0047460056937711145
SLC2A8,12.257644640716359
SLC2A9,0.10765430504996201
SLC30A1,11.92960472732813
SLC30A6,8.62780561335247
SLC30A7,23.2013004157949
SLC31A1,9.966127711825171
SLC32A1,1.4740945089441455
SLC33A1,494.35796961489973
SLC34A1,0.052920680058348275
SLC34A2,0.14268481746148517
SLC34A3,0.011909234424380228
SLC35A1,26.456453397016627
SLC35A2,6.824966798658092
SLC35A3,8.964125173367691
SLC35B2,0.7600051806787286
SLC35B4,2.773799068185236
SLC35C1,39.5715327424601
SLC35D1,4.64740340143957
SLC35D2,17.364207170689298
SLC36A1,4.536810519708385
SLC36A2,0.02052159545519206
SLC36A4,4.8598715103135905
SLC37A1,0.9131616021395268
SLC37A4,4.208990548471849
SLC38A1,5.833624876707719
SLC38A2,439.2534169226848
SLC38A3,0.061109433590117765
SLC38A4,0.10021434805608635
SLC38A5,0.2936805555868787
SLC39A7,28.72984750208582
SLC3A1,0.15093040975805222
SLC3A2,113.27607775534555
SLC40A1,18.466884322408614
SLC41A1,10.829093979544348
SLC41A2,2.723777960077337
SLC43A1,35.3657822047204
SLC43A2,2.260319525540915
SLC46A1,1.2807844114804896
SLC47A1,0.5835892318756535
SLC47A2,0.007285494059629837
SLC4A1,0.002663135360410717
SLC4A10,0.0015522232732001135
SLC4A2,15.955036181955352
SLC4A3,0.33440110929235556
SLC4A4,0.5616930286979769
SLC4A5,0.9616017094332121
SLC4A7,1.9286569106141294
SLC4A8,0.03841640120773802
SLC4A9,0.04314380179374537
SLC51A,0.9009125245407282
SLC51B,0.3870502966030735
SLC52A1,0.001475098367985648
SLC52A2,24.77406783865546
SLC52A3,0.3277703740860332
SLC5A1,0.007939597483290258
SLC5A10,0.056782663212586224
SLC5A11,0.12727008862891423
SLC5A12,0.008725218822007911
SLC5A2,0.03420756149591668
SLC5A3,0.1255683507315296
SLC5A5,0.005227462583297816
SLC5A6,29.955308541483454
SLC5A7,0.06755401061694287
SLC5A8,0.3418527760399266
SLC5A9,0.15080878278027
SLC6A1,1.2613449293952173
SLC6A10P,0.3354345050980549
SLC6A11,0.0007201234402289916
SLC6A12,0.05267601891583183
SLC6A13,0.004206259380879183
SLC6A14,0.0038335516257584335
SLC6A18,0.020564936803086797
SLC6A19,0.1185497404542115
SLC6A2,0.009502181832076255
SLC6A20,0.11599132270549702
SLC6A3,0.03800322630281408
SLC6A4,0.021460973250767706
SLC6A5,0.10319845039380167
SLC6A6,0.40866193488947394
SLC6A7,0.016126457453049147
SLC6A8,48.22672570246615
SLC6A9,0.2780433987253729
SLC7A1,5.612049096826867
SLC7A10,6.93312109422689
SLC7A11,0.01633819877465068
SLC7A2,65.12853900345044
SLC7A3,0.001137703770577032
SLC7A5,0.7251521029906527
SLC7A6,90.94850590835242
SLC7A7,2.7669930541834464
SLC7A8,123.48773731530997
SLC7A9,0.059238701030743364
SLC8A1,0.3164273480473043
SLC8A2,0.003013525817961366
SLC8A3,0.2006219128534584
SLC8B1,14.640620476769634
SLC9A1,9.890085614650852
SLC9A2,0.0044812319429487525
SLC9A3,0.11334669938604203
SLC9A4,0.314551529377227
SLC9A5,0.9193012483877858
SLC9A7,0.1803467054499267
SLC9A8,6.94086226011506
SLCO1A2,0.00045240785100762195
SLCO1B1,0.5745214485775751
SLCO1B3,0.04767210311424515
SLCO1C1,0.2081862076927335
SLCO2A1,7.606446825999099
SLCO2B1,38.88619689793773
SLCO3A1,8.947646722184782
SLCO4A1,181.30883493650646
SLK,32.04421371798687
SMARCD3,20.801633782199307
SMG1,1.3510714507901795
SMPD1,32.58232950885133
SMPD2,5.479060118039745
SMPD3,0.6422366222111983
SMPD4,7.975915457002399
SMS,125.50889586346374
SMURF1,16.67036460341237
SMURF2,9.20389053067479
SMYD3,1.8842826440202105
SNRK,31.122418066380604
SOAT1,7.809937899783345
SOAT2,0.19461361787968334
SOD1,2315.6403688418527
SOD2,313.2431320617031
SOD3,842.5900013378717
SORD,0.31825025922809697
SPCS1,228.14642102674014
SPCS2,296.8219261933923
SPCS3,376.21481241560264
SPEG,5.265564425624321
SPHK1,13.55461268014254
SPHK2,1.918130168997344
SPR,295.3373995578251
SPRYD3,59.48042823030804
SPTLC1,29.25779391784265
SPTLC2,3.2171440677537344
SPTLC3,0.7639384688437892
SQLE,0.19195671337582826
SRC,4.474563911738334
SRD5A1,0.7297928334066718
SRD5A2,0.010491216386281492
SRD5A3,3.857747575635154
SREBF1,58.68386614914672
SRM,657.9391908186716
SRMS,0.0019347897233970121
SRPK1,2.7563128644602863
SRPK2,11.088752390930816
SRPK3,0.48428332623292153
SSH1,5.553317735378982
SSH2,22.745995383243
SSH3,16.249776199039907
SSR4,213.4257169578814
SSU72,204.84183302472198
ST3GAL1,12.543095565673283
ST3GAL2,3.1045572994825923
ST3GAL3,8.873585424491162
ST3GAL4,5.715190445420017
ST3GAL5,12.58784179618822
ST3GAL6,16.41196511980091
ST6GAL1,8.857147785160313
ST6GALNAC1,0.7585217831509762
ST6GALNAC2,6.625217111443127
ST6GALNAC3,2.904508461145557
ST6GALNAC4,10.613865448985495
ST6GALNAC5,0.006465830681461916
ST6GALNAC6,255.96257040535065
ST8SIA1,0.10400136512135393
ST8SIA4,0.4762156446980121
ST8SIA5,0.008490952888089263
STAMBP,11.08787674977346
STAMBPL1,0.7938972097488542
STARD3,47.792257814928426
STK10,0.5502586973135386
STK11,25.292928105211153
STK16,1.477635086062186
STK17A,9.41181719680308
STK17B,33.454684803907995
STK19,11.111958464212027
STK24,103.33053926374703
STK25,3.1928921103494514
STK26,0.629690691282171
STK3,13.23625556482251
STK31,0.1120158555288805
STK32A,0.3687884135410008
STK32B,1.7479228534035964
STK32C,3.052498680760627
STK33,0.0749972653053707
STK35,5.1062145633670974
STK36,5.833624876707719
STK38,27.207732073072545
STK38L,30.5875315728729
STK39,46.27373393846856
STK4,1.2773950966260676
STRA6,0.004630035740261626
STS,13.746384608586277
STT3A,5.226440904659068
STT3B,51.98956831901271
STUB1,104.33217693945798
STYK1,0.0490386304151622
STYXL1,4.403300508215407
SUCLA2,209.04911704663
SUCLG1,433.58620053860557
SUCLG2,1030.6567871681807
SULT1A1,11.419793813511177
SULT1A2,1.7263908820531955
SULT1A3,0.10692685004863137
SULT1B1,0.4693842284888287
SULT1C2,0.008629813406028903
SULT1C4,1.7540077330679755
SULT1E1,1.3273511575593253
SULT2A1,0.0033837915421668268
SULT2B1,0.01570500885978006
SULT4A1,0.09242097408713176
SUOX,14.371833216748966
SUV39H1,4.385988250142462
SUV39H2,0.8527883241195909
SYK,2.2732810004673514
SYNJ1,0.08459909342418144
SYNJ2,0.016966729109742524
SYVN1,1.3024920105997144
TAF1,13.19116277655345
TALDO1,314.4209406408537
TAOK1,4.461582358863248
TAOK2,21.156604211250702
TAOK3,16.354677084920905
TARS,119.87490178456859
TARS2,1.428799299231982
TARSL2,12.991483592948699
TAT,0.006693715373251259
TBCB,100.72977085708787
TBK1,1.281850309201037
TBL1X,6.94275811271597
TBL1XR1,9.139846627276519
TBXAS1,2.631126359385449
TCIRG1,69.38995066322879
TDO2,0.036270215787805926
TECR,109.67831878946069
TECRL,0.0008275450430864394
TENT2,0.15316461371698084
TENT4A,0.45357387630786017
TESK1,79.00754861457501
TESK2,2.159613119383736
TFRC,27.121852966433742
TGDS,14.381081474780073
TGFBR1,16.497988748067893
TGFBR2,513.1241454352823
TGM1,0.14391592679416387
TGM2,18.703198897066336
TGM3,0.31278921289478984
TGM4,0.010208231004684185
TGM5,0.597164679643252
TGM6,0.018105422639918517
TGM7,0.0011064534540491337
TGS1,11.60375221817406
TH,0.3942180720015461
THNSL1,0.6973580688449245
THTPA,6.043959515601381
TIAM2,0.08911725331618596
TICRR,0.28087093866086565
TIPARP,70.44871715567757
TK1,1.0246967459883884
TK2,29.877889834090418
TKFC,17.655218887752373
TKT,133.43117100132318
TKTL1,0.016196962951741813
TKTL2,0.0021593502093223776
TLK1,14.085860036483936
TLK2,0.3963124489514365
TM7SF2,70.16259730211318
TMEM91,9.212185789196788
TMLHE,2.1340320415634872
TMX3,16.920121422929956
TNFRSF21,15.172442399179953
TNIK,0.6245419771566987
TNK1,1.6191771410197926
TNK2,16.574546239732932
TNKS,5.348954353347316
TNKS2,31.513861269752855
TNNI3K,1.4939485648533601
TNS2,1.434061794943761
TOPORS,9.096218514611149
TP53RK,5.34386931367483
TPH1,0.5899432338917039
TPH2,0.004199915525861569
TPI1,7419.298359789471
TPI1P2,0.03061508543928752
TPK1,3.0626395708322782
TPMT,3.7667816907545104
TPO,22.291964826689416
TPP1,60.52905692667552
TPSAB1,306.00392477212637
TPSB2,163.00134456860138
TPSD1,1.9918279924728473
TPST1,15.303770677867616
TPST2,15.898142170761915
TPTE,0.3354345050980549
TPTE2,0.08786265020226076
TRAF7,38.95695801490488
TRDMT1,0.578940329558457
TREH,0.08178655509777406
TREX1,3.6455725589504993
TREX2,0.3325559892306255
TRHDE,0.7535647673621609
TRIB3,2.3413269860688013
TRIM11,2.1928624728966097
TRIM32,1.5149824122807192
TRIM33,6.808110915267363
TRIM63,0.9730876263982928
TRIO,1.6330808215992356
TRIP12,16.76297877516699
TRIT1,9.61248764326196
TRMT1,8.38906631800649
TRMT11,17.54845016181318
TRMT1L,4.897521659447885
TRMU,6.602262561381927
TRPM6,0.2342549521300424
TRPM7,12.893143150264653
TSSK1B,0.20447763106973466
TSSK2,0.0231714118888251
TSSK3,2.231515979731114
TSSK4,0.7716281752442294
TSSK6,0.4758131304301793
TST,45.91664502697781
TSTA3,129.31266265173707
TTC3,21.6969058552865
TTK,0.003893711353960931
TTL,0.7620337137471705
TTLL10,0.17200985579812114
TTN,0.08866295963555366
TUSC3,0.6991923220496051
TUT1,0.5018371018196457
TUT4,0.6950417161591614
TUT7,0.1907089895411479
TXN,1413.4779424330982
TXN2,43.41894516492755
TXNRD1,123.9882750184669
TXNRD2,7.448506051627451
TXNRD3,1.4342702656626827
TYMP,138.8745061638543
TYMS,10.366898474792285
TYR,0.0007792594076961533
TYRO3,12.337765447942637
TYRP1,0.0015661671638669214
UAP1,180.76371337144235
UAP1L1,28.31805306833444
UBA1,382.7711284220466
UBA2,305.8989949715808
UBA3,70.73836478725202
UBA6,54.14278849070636
UBA7,16.910498646588845
UBE2A,63.40559676263595
UBE2B,108.93477218384365
UBE2C,0.1434111131248611
UBE2D1,12.947204736820861
UBE2D2,45.38954398055064
UBE2D3,1639.4392367445794
UBE2D4,8.734103232507746
UBE2E1,63.050594255186795
UBE2E2,6.487405447694707
UBE2E3,12.711352259599343
UBE2F,1.5080973676923828
UBE2G1,15.689486129592835
UBE2G2,11.31614582838354
UBE2H,334.5082072394096
UBE2I,477.936931914939
UBE2J1,11.706024330405054
UBE2J2,15.671063607980527
UBE2K,631.6330318754823
UBE2L3,1583.5520134767244
UBE2L6,31.124404091185973
UBE2M,148.28954638741106
UBE2N,17.19010019051985
UBE2NL,0.0026869970415401884
UBE2O,7.527375320270468
UBE2Q1,5.813270649082745
UBE2Q2,3.9826520891172605
UBE2QL1,0.31278921289478984
UBE2R2,23.637713544263324
UBE2S,11.814865169461523
UBE2T,0.18559859607743354
UBE2U,0.023784263818109993
UBE2W,5.6709308784473
UBE2Z,66.48005422316788
UBE3A,25.832993631131746
UBE3B,8.717729087102915
UBE3C,5.698784031789427
UBE4A,0.9683236469600417
UBE4B,2.7464121015352725
UBLCP1,99.93701462933437
UBR1,0.9284750111180682
UBR2,5.546346420623971
UBR3,0.06299535032031459
UBR4,7.452708651964654
UBR5,1.0029187287921728
UBR7,26.220586917738853
UCK1,18.97055069889288
UCK2,5.429313518090951
UCKL1,31.2564925770648
UCP1,0.058364989262093596
UCP2,12.23096604688139
UCP3,0.21664818347872525
UEVLD,9.112763295283262
UGCG,12.848134048789447
UGDH,168.18937951755572
UGGT2,22.92201294030812
UGP2,4132.412132996112
UGT1A1,0.0018606015665832822
UGT1A10,0.14272264379251745
UGT1A3,1.0114790584917612
UGT1A4,0.0951329295757727
UGT1A5,0.4044927492424471
UGT1A6,0.17846484523713252
UGT1A7,0.817507176308654
UGT1A8,0.1293154038699776
UGT1A9,0.11549856641655931
UGT2A1,0.3354345050980549
UGT2A3,1.2389146853275619
UGT2B10,1.2536713325042186
UGT2B11,0.23720441855058141
UGT2B15,0.6704297803167216
UGT2B17,0.010726610864193077
UGT2B28,0.6936387983112186
UGT2B4,0.032964331389489246
UGT2B7,0.0011413942055275024
UGT3A1,0.12021469926971337
UGT3A2,0.002262386239948891
UGT8,0.007927744644746992
UHMK1,29.53562469781255
UHRF1,0.010951918270724172
UHRF2,16.116504752810453
ULK1,42.96884883150892
ULK3,37.32577938369959
ULK4,0.9918229413633535
UMPS,175.97858924906674
UPB1,0.0411836461538293
UPP1,11.156713016855992
UPP2,0.005003841942112204
UPRT,3.1964169918939955
UQCR10,35.07920951393107
UQCR11,69.99922795365337
UQCRB,134.48419521549428
UQCRC1,1033.6193584285274
UQCRC2,2754.6475176556755
UQCRFS1,481.6392473973075
UQCRH,67.16036640474637
UQCRQ,108.84699199580643
UROC1,0.3822824415744883
UROD,64.2293889200982
UROS,10.186599994882439
USP1,15.172442399179953
USP10,5.19406883571861
USP11,39.263951857665006
USP12,25.229253337671896
USP13,8.685003315173914
USP14,108.46493506150117
USP15,11.485889493370289
USP16,41.72884627434301
USP17L2,0.006097769719789369
USP17L22,0.04998256910149056
USP17L30,0.050968258904732194
USP17L5,0.050968258904732194
USP17L9P,0.3354345050980549
USP18,8.004800644450363
USP19,1.79239605781673
USP2,1.9428831109184173
USP20,11.028031242228153
USP21,12.893143150264653
USP22,55.51124846931594
USP24,6.09783281580848
USP25,0.24067091855159656
USP26,0.08118014005684498
USP28,3.0392012347813675
USP29,0.08228852752006045
USP3,0.768650983013745
USP30,0.24939178578841834
USP31,4.419242474920987
USP32,0.6352770405258121
USP33,55.49838762788481
USP34,13.700665011865153
USP35,2.8221766049174564
USP36,16.593699123187132
USP37,0.78024473938594
USP38,3.7314757526090885
USP4,3.16295945710441
USP40,0.46472336582679746
USP41,0.004538025338299555
USP42,2.334797094446693
USP43,0.013184966382654234
USP44,1.1223765682867715
USP45,2.9691511689126746
USP46,1.615921709086148
USP47,6.41903336510096
USP48,0.4404429606810263
USP49,1.0116126095767692
USP51,0.578096050619343
USP6,0.07923027110609421
USP7,43.34611549438709
USP8,1.0248948665010982
USP9X,6.701870693771525
USP9Y,0.00034202171960624706
UST,4.937379852844343
UXS1,4.6607462279026715
VARS,138.9643409521786
VARS2,85.16266030143586
VKORC1,61.9649736588682
VNN1,0.6120995384041713
VNN2,1.1913659719163734
VNN3,0.019076990689328017
VRK1,30.696714562765063
VRK2,3.239068474234566
VRK3,7.464263674127712
WARS,422.6809108299728
WARS2,10.137496488376636
WDYHV1,4.560554022100264
WEE1,8.939410272873003
WEE2,0.002428532937116007
WNK1,6.082133473052906
WNK2,0.320075722773678
WNK3,0.10544770064585164
WNK4,0.03075937542313001
WWOX,2.1741808999574217
WWP1,22.890926961590566
WWP2,0.17796432785828445
XDH,0.04169342485898261
XPO6,0.5049381860680427
XPO7,19.70564725369914
XYLB,0.22650021871936746
XYLT1,6.034817427847261
XYLT2,4.988027448895436
YARS,1211.942481699203
YARS2,19.489194575086017
YES1,24.75294573765726
ZADH2,11.140863785801294
ZAP70,0.3924169987254517
ZC3HAV1,1.3212213809208337
ZNRD1,8.936195434617334
ZNRF1,3.336909917615749
ZNRF2,2.0848878749777744
ZSWIM2,0.019279151164329232
