A4GALT,3.7698400831480288
A4GNT,0.004724575018908054
AACS,45.48154689485873
AADAC,0.1928827681946058
AADAT,3.0547492605561817
AAK1,28.082382243907414
AANAT,0.0032092941227006397
AARS,450.2465270817397
AARS2,4.7906818083321125
AASDH,0.9699437161251295
AASDHPPT,9.655319590356726
AASS,1.4210552879645324
AATK,0.003948253816962171
ABAT,0.04250043155748251
ABCA1,0.9421069725614684
ABCA3,0.4777243897138362
ABCA4,0.01405388223537452
ABCA8,0.14090359248074621
ABCB1,0.0963795222999103
ABCB11,0.04664320692677182
ABCB4,0.0032092941227006397
ABCB6,0.7445674247901699
ABCC1,1.164092915309054
ABCC11,0.015113379484699888
ABCC2,0.061543628702865213
ABCC3,19.518847122358302
ABCC4,2.877022093496902
ABCC5,14.136339124961573
ABCC8,0.005535110574197037
ABCC9,0.01405388223537452
ABCD1,4.983269126542457
ABCD2,0.0032092941227006397
ABCD3,54.98769501643354
ABCG2,0.07090782961916314
ABCG5,0.0002886374789506314
ABCG8,0.026673876708283938
ABHD12,10.727025057637883
ABHD5,5.460998662540818
ABHD6,1.3937352396523552
ABL1,19.995812306367526
ABL2,19.975599282971757
ABO,0.3354345050980549
ACAA1,12.893043535124331
ACAA2,35.61906674956854
ACACA,0.3354345050980549
ACACB,0.9637398564517701
ACAD10,1.9126202565678194
ACAD11,2.0160419993598273
ACAD8,20.119198684067435
ACAD9,184.20586314595334
ACADL,0.043899731302303714
ACADM,21.170203147612952
ACADS,0.01099902463340596
ACADSB,24.36944446014147
ACADVL,336.5473632437637
ACAT1,34.76236887449995
ACAT2,8.913745854408551
ACE,0.008148534894563943
ACE2,0.0018607701920200568
ACER1,0.0002886374789506314
ACER2,0.13901271486773636
ACER3,4.576946739911433
ACHE,0.041112833754590496
ACLY,100.36077167875965
ACMSD,0.10436447862188088
ACO1,6.95758709775789
ACO2,19.038193891848493
ACOT1,4.576946739911433
ACOT11,0.4520106808139073
ACOT12,0.002511697801378982
ACOT13,9.750766453393476
ACOT2,19.23142103640178
ACOT4,0.03702220339368573
ACOT6,0.009586111032012986
ACOT7,75.40035347325902
ACOT8,10.807600640256657
ACOX1,1.8966082105327327
ACOX2,1.1153804000806937
ACOX3,2.3374441847270715
ACP1,9555.621188398467
ACP2,4.9235811643165235
ACP4,0.0007328628910861509
ACP5,0.061543628702865213
ACP6,11.278894230176686
ACP7,0.8209613003320602
ACPP,0.004724575018908054
ACSBG1,0.020689478243287752
ACSBG2,0.004724575018908054
ACSF2,7.128405684070539
ACSF3,3.6647334831107137
ACSL1,3.0881137872961073
ACSL3,12.756952118010512
ACSL4,4.30185330861749
ACSL5,0.0781041510827454
ACSL6,0.0018607701920200568
ACSM1,0.03932377947094474
ACSM2A,0.0585122933778039
ACSM2B,0.06320048198640206
ACSM3,0.025453357754656725
ACSM4,0.24076687484729298
ACSM5,0.38590455571506443
ACSS1,0.5704947421591101
ACSS2,9.52717267387248
ACSS3,2.0580639113055152
ACVR1,9.683548942850102
ACVR1B,3.9600399848914374
ACVR1C,0.017289874987294895
ACVR2A,1.4968787246124273
ACVR2B,0.21513616802526445
ACVRL1,0.00907422818965296
ACY1,232.63482157893347
ACY3,0.8020881205405999
ACYP1,23.379762244092436
ACYP2,1.6741388152227608
ADA,10.037762376641197
ADCY1,0.27174565585861926
ADCY10,0.005535110574197037
ADCY2,0.12882048009940458
ADCY3,66.00676795137107
ADCY4,0.10631598126848664
ADCY5,0.008148534894563943
ADCY6,6.656495669300377
ADCY7,0.08556366306575879
ADCY8,0.0002886374789506314
ADCY9,4.242968362671612
ADH1A,15.260920881477592
ADH1B,6.10177814305556
ADH1C,0.3354345050980549
ADH4,3.1026068878428408
ADH5,870.6730592198164
ADH6,0.013014465813748854
ADH7,0.11332845673771044
ADHFE1,0.03568340744745251
ADI1,40.09472272323577
ADK,48.11083287302282
ADO,12.132301491976957
ADPGK,50.9296730727001
ADPRH,0.217179610739005
ADSL,581.1761865101859
ADSS,129.16678906047548
ADSSL1,0.6814519075933394
AFMID,9.840574661978298
AGA,86.2091498825158
AGK,7.89391851573324
AGL,0.22660872552804046
AGMAT,0.05699190005957432
AGPAT1,9.55516585962098
AGPAT2,10.20757442453966
AGPAT3,32.996193395136196
AGPAT4,0.07893123082106095
AGPAT5,4.022479524460008
AGPS,33.077008667446364
AGT,0.0012639779910462107
AGXT,0.0002886374789506314
AGXT2,0.07273189725255508
AHCY,8883.045327777514
AHCYL1,28.309854065123513
AHCYL2,2.381736527404674
AICDA,0.0002886374789506314
AK1,190.90813876090755
AK2,2310.752011621417
AK3,11.282225161555736
AK4,629.828642306828
AK5,0.019539011099900527
AK7,0.2989746660934213
AKR1A1,226.75961564414757
AKR1B1,115.13857771548723
AKR1B10,0.16409112762791558
AKR1B15,0.0032092941227006397
AKR1C1,1.3092457680698846
AKR1C2,0.05253146921725052
AKR1C3,0.2214928669087315
AKR1C4,5.522781755496033
AKR1C8P,0.3354345050980549
AKR1D1,3.5763124860476507
AKR7A2,175.25915218506776
AKR7A3,0.02668283281743689
AKT1,7.155523970345464
AKT2,2.418262430284063
AKT3,8.332482372211853
ALAD,114.20188952197927
ALAS1,27.719005545333786
ALAS2,0.0002886374789506314
ALB,0.010024785130332076
ALDH18A1,157.284124359388
ALDH1A1,0.017289874987294895
ALDH1A2,0.7243303432771219
ALDH1A3,0.9761577550950994
ALDH1B1,9.65557682939759
ALDH1L1,0.0018607701920200568
ALDH1L2,0.002511697801378982
ALDH2,158.6258088127605
ALDH3A1,0.540886799546269
ALDH3A2,219.61102822674516
ALDH3B1,8.662627819301292
ALDH3B2,0.011995897830380452
ALDH4A1,1.3428790260323453
ALDH5A1,0.9699437161251295
ALDH6A1,0.4443681316171366
ALDH7A1,190.94202500986344
ALDH9A1,687.4085727630016
ALDOA,32192.27128828015
ALDOB,0.0002886374789506314
ALDOC,0.05549477017243159
ALG1,12.965361879555246
ALG10,1.154161472794846
ALG11,2.0167656802520755
ALG12,3.8668521608607507
ALG13,21.419650242506723
ALG14,2.244592155329063
ALG1L,0.010024785130332076
ALG1L2,0.002511697801378982
ALG2,32.818929540116415
ALG3,4.531888778398001
ALG5,18.77299219379082
ALG6,3.0881137872961073
ALG8,46.03003171237147
ALG9,7.909856076665782
ALK,0.0032092941227006397
ALLC,0.09874098907430014
ALOX12,0.021856572016869087
ALOX12B,0.1630395711428963
ALOX15,0.418087264859336
ALOX15B,0.0002886374789506314
ALOX5,0.00907422818965296
ALPG,0.004724575018908054
ALPI,0.09522613776587274
ALPL,0.003948253816962171
ALPP,0.002511697801378982
AMACR,108.0494935444044
AMD1,59.29099233981632
AMDHD1,0.6956701463694455
AMDHD2,13.792133777175364
AMFR,0.2641343637933133
AMHR2,0.01619225755837382
AMN,0.010024785130332076
AMPD1,0.11167496795558433
AMPD2,21.567946403417437
AMPD3,4.510424679477413
AMT,1.1476744307337812
AMY1A,2.6438139326066277
AMY1B,2.6438139326066277
AMY1C,2.6438139326066277
AMY2A,0.0889939016823485
AMY2B,0.17401363325313618
ANAPC11,127.6170351643695
ANGPTL4,2.028007555665755
ANKRD1,11.42796111791811
ANPEP,4.954964467747197
ANXA3,249.58638108003603
AOAH,0.010024785130332076
AOC1,0.0018607701920200568
AOC2,0.7445674247901699
AOC3,0.13901271486773636
AOX1,3.2859843138298195
APOA1,0.0018607701920200568
APOA2,180.33762034675766
APOA5,0.11645175048604357
APOB,1.4927272133171663
APOC1,5.030535133998344
APOC2,0.003948253816962171
APOC3,46.87519708233557
APOE,84.65521814079973
APRT,459.1017289153253
AQP1,0.020689478243287752
AQP10,0.0037868645526527175
AQP2,2.053743019254548
AQP3,0.015113379484699888
AQP4,0.12071685379157386
AQP5,0.0012639779910462107
AQP7,0.0018607701920200568
AQP8,0.002511697801378982
AQP9,0.6662584988824668
ARAF,1.150596790682882
ARCN1,228.4617170095836
ARG1,0.004724575018908054
ARG2,1.1965540547347324
ARSA,10.91039571485192
ARSB,2.1019816581698776
ART1,12.508037072622695
ART3,0.22017281728277502
ART4,0.6605953935056178
ART5,0.025214165732571663
AS3MT,0.04961038398650471
ASAH1,28.87450307001944
ASAH2,0.0757144274240943
ASH1L,0.013356797500502953
ASL,153.02210125552074
ASMT,0.0566304971118221
ASNS,480.63672234300805
ASPA,4.1554543647675315
ASPG,0.2264884518135772
ASPH,1782.0934252337374
ASRGL1,3.6124669442376045
ASS1,39.79654476930608
ATE1,5.229878066651656
ATIC,1627.8993181074618
ATM,1.2539618881541577
ATP10A,0.061543628702865213
ATP11A,4.969111635669317
ATP11C,6.10333306218839
ATP1A1,66.98862765739638
ATP1A2,0.008148534894563943
ATP1A3,0.12965768153505186
ATP1A4,8.854064531433167
ATP1B1,43.4543686451893
ATP1B2,0.4175201743671344
ATP1B3,63.43058671549333
ATP1B4,0.020317090524169256
ATP2B1,23.418156775466738
ATP2B2,3.4358832706211615
ATP2B3,3.8082211325943556
ATP2B4,17.82397897955972
ATP4A,0.0002886374789506314
ATP4B,0.2703572249398832
ATP5F1A,535.433762759564
ATP5F1B,900.0071386158547
ATP5F1C,152.013278362317
ATP5F1D,30.155872886386437
ATP5F1E,55.37283906333855
ATP5MC1,372.0824588340438
ATP5MC2,524.0324298397119
ATP5MC3,516.3942870396575
ATP5ME,496.36680577454484
ATP5MF,525.137050066452
ATP5MG,179.63061215055208
ATP5MGL,0.0032092941227006397
ATP5PB,198.12012346198313
ATP5PD,356.7768341123573
ATP5PF,62.11181472795993
ATP5PO,160.53569322106918
ATP5S,0.3354345050980549
ATP6V0A1,0.891918844571284
ATP6V0A2,0.6443516038812614
ATP6V0A4,0.0018607701920200568
ATP6V0B,74.13456132911212
ATP6V0C,149.6051590644432
ATP6V0D1,145.79763479536066
ATP6V0D2,0.013014465813748854
ATP6V0E1,215.51288033965383
ATP6V1A,101.41947560254212
ATP6V1B1,0.007249047516512722
ATP6V1B2,98.96247475213686
ATP6V1C1,15.012617882732668
ATP6V1C2,0.345788979830339
ATP6V1D,70.93612026596827
ATP6V1E1,186.94396642170537
ATP6V1E2,0.9267322685739283
ATP6V1F,23.65404093079065
ATP6V1G1,26.13487657729011
ATP6V1G2,0.8961785457595081
ATP6V1G3,0.2330917175245828
ATP6V1H,8.864721810137336
ATP7A,1.8244917236602634
ATP7B,0.319825145619937
ATP8A1,0.09060169608194928
ATP8B1,4.175152294597816
ATP8B2,22.32686058501834
ATR,0.08694962781977844
AUH,1.3830885163198339
AURKA,0.5276577956576615
AURKB,10.25166394015873
AURKC,0.10614508268286293
AWAT1,0.0633604788899994
AWAT2,0.6905945531355334
AXL,0.41467580454813113
AZIN2,1.2525752750071295
B3GALNT1,5.689345547318332
B3GALNT2,8.284051653435963
B3GALT1,0.021856572016869087
B3GALT2,0.0018607701920200568
B3GALT4,0.3992268378838255
B3GALT5,0.08556366306575879
B3GALT6,8.01098471628702
B3GAT1,0.15193154024453412
B3GAT2,0.021856572016869087
B3GAT3,16.78504785006336
B3GLCT,1.9237108257137616
B3GNT2,6.15809318982688
B3GNT3,0.0032092941227006397
B3GNT4,0.20882721575611646
B3GNT5,9.365901719364166
B3GNT6,0.3354345050980549
B3GNT7,0.015113379484699888
B3GNT8,0.0018607701920200568
B3GNT9,1.3530114677261544
B3GNTL1,2.0430215775591987
B4GALNT1,8.809800498719536
B4GALNT2,0.0002886374789506314
B4GALNT3,0.01619225755837382
B4GALNT4,0.46225240490047564
B4GALT1,12.533013634130478
B4GALT2,23.45694716505897
B4GALT3,24.757612626467147
B4GALT4,19.720021812004518
B4GALT5,22.382330697387616
B4GALT6,16.9592431760315
B4GALT7,19.740168309028398
B4GAT1,20.509614581843103
BAAT,0.0002886374789506314
BARD1,3.911156428731827
BBOX1,0.21317434517705625
BCAP31,1682.759462328023
BCAT1,3.388226198929543
BCAT2,29.417075422344745
BCHE,7.824951035730299
BCKDHA,4.897855433172598
BCKDHB,3.9422461589016793
BCKDK,24.594049627661036
BCO1,0.013014465813748854
BCR,1.0395180749241308
BDH1,8.284051653435963
BDH2,5.757824384970427
BHMT,0.029185516777358648
BHMT2,40.29515112373506
BIRC6,6.303828332522942
BLK,0.0032092941227006397
BLVRA,746.8570106243044
BLVRB,1600.5936718132853
BMP1,1.3835253363437174
BMP2K,0.48574519974511166
BMPR1A,4.655644480411306
BMPR1B,0.0032092941227006397
BMPR2,4.166131330987395
BMX,0.0002886374789506314
BPGM,3.9547971096853285
BPNT1,17.968073864119273
BRAF,3.4181972847615607
BRAP,0.13673125723941312
BRPF1,5.460998662540818
BRSK1,2.1527137102343588
BRSK2,3.0214778045704316
BSCL2,5.441675931514071
BSG,81.41472376127847
BTD,2.4233975121822144
BUB1,32.011753591807626
BUB1B,2.0746417598464726
C1GALT1,19.65290489727163
CA1,0.3354345050980549
CA12,0.0839008507811628
CA13,8.36637958968932
CA14,0.025453357754656725
CA2,0.003948253816962171
CA3,0.00907422818965296
CA4,0.0018607701920200568
CA5A,0.08417582761312976
CA5B,0.23798659485706672
CA6,0.0012639779910462107
CA7,0.1495136882661207
CA8,2.1451017408869992
CA9,35.587820683124335
CAD,154.55231176627385
CALM1,336.8231727772598
CAMK1,7.0599076408737504
CAMK1D,0.05849917132134593
CAMK1G,0.005535110574197037
CAMK2A,2.664755225509474
CAMK2B,0.007249047516512722
CAMK2D,290.37132411256323
CAMK2G,6.419018789940383
CAMK4,0.3918250853493203
CAMKK1,0.49855467585184776
CAMKK2,8.744312037537576
CANT1,37.93468176076417
CARM1,9.411099323464994
CARNS1,0.004724575018908054
CARS,37.585759051237545
CARS2,8.541916948416466
CASK,27.979233828597774
CAT,45.84577276623147
CBLC,0.0002886374789506314
CBLL1,5.679580006949239
CBLL2,0.027434690025870352
CBR1,148.54556077564095
CBR3,115.41619810164137
CBR4,36.90774505687665
CBS,13.007595375669437
CBSL,13.007595375669437
CBX1,265.92570359664137
CCNB1IP1,45.23923195790812
CD36,0.01405388223537452
CD38,0.018405641359835537
CDA,48.150865649319336
CDC14A,1.2393348697449895
CDC14B,2.6216556357290015
CDC25A,4.220331926670631
CDC25B,78.75134272910984
CDC25C,3.8050441211156554
CDC34,4.218397703874282
CDC42BPA,1.8270135979939965
CDC42BPB,2.092041968040244
CDC42BPG,0.33156251993556823
CDC7,6.7736950145157016
CDIPT,93.07760590477858
CDK1,23.73816761726569
CDK10,16.534248222563676
CDK11A,22.181419472143805
CDK11B,49.66123764652353
CDK12,18.9450909708664
CDK13,5.553020462023942
CDK14,0.7503755879721515
CDK15,0.003948253816962171
CDK16,103.36684077202706
CDK17,5.944746710338023
CDK18,0.7185746445738435
CDK19,2.3335561639700373
CDK2,52.27292550800787
CDK20,1.9200121448552527
CDK3,0.7707947285993381
CDK4,41.8748530965296
CDK5,29.51693704990075
CDK6,10.32815357613848
CDK7,97.0565310163185
CDK8,6.14314619021238
CDK9,37.33960539067088
CDKL1,4.720711448179424
CDKL2,0.16409112762791558
CDKL3,0.09060169608194928
CDKL4,0.0032092941227006397
CDKL5,0.45712419681556105
CDKN3,44.41061955118852
CDO1,1.224218340422044
CDS1,0.027926993477324552
CDS2,16.894672694286132
CDY1,0.256335927830294
CDY1B,0.256335927830294
CDY2A,0.04923577690024244
CDY2B,0.04923577690024244
CEL,0.017289874987294895
CEPT1,2.5721708139061636
CERCAM,6.610778024696675
CERK,2.7263074543428614
CERS1,0.34340729771076245
CERS2,119.30402055641146
CERS3,0.204503049429499
CERS4,2.0055398310335875
CERS5,23.295634882451726
CERS6,7.867374221963738
CES1,0.043899731302303714
CES2,5.326109301568918
CES3,0.345788979830339
CES5A,0.0007328628910861509
CFTR,0.0018607701920200568
CH25H,0.2890978683874621
CHAT,0.014545141103376102
CHD9,4.641731698091549
CHDH,0.004724575018908054
CHEK1,5.564475938998478
CHEK2,52.64387324924081
CHFR,2.5061791894867786
CHI3L1,0.01405388223537452
CHIA,0.34819723870797287
CHIT1,0.059357261020967375
CHKA,2.7097232310882418
CHKB,8.12849070357058
CHMP4A,56.091279214722285
CHPF,54.944662063384975
CHPF2,6.368322446544443
CHPT1,20.496050781030483
CHST1,0.0032092941227006397
CHST10,7.180195656986089
CHST11,3.337004968916816
CHST12,8.257176972079863
CHST13,0.025453357754656725
CHST14,1.313544634896633
CHST2,0.051065576904018514
CHST3,1.9459411173087988
CHST4,0.6281185549061606
CHST5,0.0002886374789506314
CHST6,0.3529592223646367
CHST7,3.2267157409529923
CHST8,0.0018607701920200568
CHST9,0.0018607701920200568
CHSY1,10.974857972866145
CHSY3,0.25176960392256265
CHUK,0.8049846326303419
CHURC1-FNTB,9.69474358845364
CIDEA,0.0012639779910462107
CINP,1.9102826927922751
CIT,5.689345547318332
CKB,50.761667221770104
CKM,0.0002886374789506314
CKMT1A,0.18408324552268363
CKMT1B,0.5977575246662288
CKMT2,0.019539011099900527
CLC,1.416608020365395
CLCF1,1.2592089676392764
CLK1,0.987979156351882
CLK2,16.804380125330344
CLK3,1.9644255522500227
CLK4,0.34381201640850945
CLOCK,2.6738504131944794
CLPS,9.828993754263943
CLTRN,0.00907422818965296
CLYBL,1.18020290104443
CMA1,0.0018607701920200568
CMAHP,0.061543628702865213
CMAS,19.298166798248495
CMPK1,388.2507391083565
CMPK2,24.750495420759933
CMTR1,23.0437197664578
CNDP1,0.0002886374789506314
CNDP2,78.20618487079405
CNOT4,2.2638566887044727
CNP,42.21763146497219
COASY,657.8442634541346
COL4A3BP,2.570324441078281
COLGALT1,23.963760430523735
COLGALT2,0.05699190005957432
COMT,209.55143761591594
COMTD1,160.38123083490646
COP1,12.688705870635353
COPA,236.52020023091774
COPB1,204.83431046476917
COPB2,85.35546452382552
COPE,390.3854271116189
COPG1,152.89343212384702
COPG2,106.47127370907086
COQ2,6.748172367207466
COQ3,6.860656150632167
COQ5,1.360910090766416
COQ6,12.1815483333663
COQ7,0.1982670397505327
COX1,4695.545270078959
COX17,32.11061401615789
COX2,51399.516818642514
COX3,18357.060116645716
COX4I1,863.7824907107822
COX4I2,0.3485321525399708
COX5A,321.91865868547546
COX5B,297.06689636022213
COX6A1,13.871604585009374
COX6A2,2.1594511708694366
COX6B1,84.51426299362147
COX6B2,0.005535110574197037
COX6C,107.00524217746322
COX7A1,19.927286415175438
COX7A2,95.76777063251623
COX7A2L,89.58641586924325
COX7B,63.72053280870039
COX7B2,61.49105450917066
COX7C,502.73383487633697
COX8A,445.95686241076316
COX8C,0.7410518340738615
CP,0.16224787999853685
CPA1,0.002511697801378982
CPA2,0.3260077156250784
CPA5,0.0012639779910462107
CPA6,0.021856572016869087
CPOX,66.90281174355634
CPS1,0.9854978305431205
CPT1A,0.28776156216876947
CPT1B,3.15092142227064
CPT1C,0.015113379484699888
CPT2,26.397674938587304
CRAT,3.583286424455945
CREBBP,0.2925321500696948
CRLS1,14.01315933518286
CROT,5.5278303871550865
CS,3870.849795425425
CSAD,3.774236002233914
CSF1R,0.003948253816962171
CSGALNACT1,0.01405388223537452
CSGALNACT2,1.5246993397561526
CSK,39.66748666377572
CSNK1A1,83.11077518847371
CSNK1A1L,0.0032092941227006397
CSNK1D,130.70291287613946
CSNK1E,4.198348471959895
CSNK1G1,4.053792871895045
CSNK1G2,16.47650895525484
CSNK1G3,10.071666371687265
CSNK2A1,488.5597492105243
CSNK2A2,268.35144178839687
CSNK2B,371.0820013620065
CTBP1,119.81696373071384
CTDP1,1.3306652495098255
CTDSP1,37.00869198709094
CTDSP2,53.70865133062734
CTDSPL,8.316330766845677
CTDSPL2,5.528556707249054
CTGF,0.3354345050980549
CTH,2.6738504131944794
CTPS1,76.07325253969671
CTPS2,3.5777297023621126
CTSA,360.7732283035603
CTSB,938.7510157996456
CTSC,135.59785665901623
CTSD,397.61909591561397
CTSE,0.002511697801378982
CTSF,10.486494082408088
CTSG,0.002511697801378982
CTSH,6.004091220269905
CTSK,0.21936870417017368
CTSL,8.097802105716017
CTSO,1.2891711645394686
CTSS,17.465046921908534
CTSV,2.279298619267079
CTSW,0.007249047516512722
CTSZ,9.157217385825314
CUBN,0.003948253816962171
CWC27,9.705941545668283
CYB5D1,6.348222916091648
CYB5R1,29.350145296316313
CYB5R2,0.22362225980291717
CYB5R3,1004.9922567265863
CYBB,0.04816604243545983
CYBRD1,14.253615137319985
CYC1,230.038949544233
CYLD,2.8995390900773854
CYP11A1,0.240339116538787
CYP11B1,0.8426372984421979
CYP11B2,0.08105018928386314
CYP17A1,0.6378404877857153
CYP19A1,0.0012639779910462107
CYP1A1,0.2214928669087315
CYP1A2,0.0018607701920200568
CYP1B1,17.627965999071584
CYP21A2,0.1014757002698907
CYP24A1,0.007249047516512722
CYP26A1,0.0012639779910462107
CYP26B1,0.6616735157413833
CYP27A1,6.631087014957904
CYP27B1,0.21724979622974966
CYP2A13,0.04638837469548625
CYP2A6,0.0007328628910861509
CYP2A7,0.05996477628878289
CYP2B6,0.02889595120271605
CYP2C18,0.2259625918283721
CYP2C19,0.0002886374789506314
CYP2C8,0.0007328628910861509
CYP2C9,0.13627582512980346
CYP2D6,0.06308057004763051
CYP2E1,0.0002886374789506314
CYP2F1,0.013929970839435852
CYP2J2,1.3193127858950275
CYP2S1,0.09915926244390068
CYP2U1,1.3733346934256374
CYP39A1,0.7329858848623011
CYP3A4,0.16992399508159514
CYP3A43,1.2489318499587934
CYP3A5,0.003948253816962171
CYP3A7,0.0018607701920200568
CYP46A1,0.004724575018908054
CYP4A11,0.0007328628910861509
CYP4B1,0.002511697801378982
CYP4F11,17.961517654142433
CYP4F12,0.19224216612716832
CYP4F2,0.0032092941227006397
CYP4F22,0.0002886374789506314
CYP4F3,1.1411967658995055
CYP4F8,0.3354345050980549
CYP4V2,6.443840299104507
CYP4X1,0.0002886374789506314
CYP4Z1,0.002511697801378982
CYP51A1,81.48454870945022
CYP7A1,0.015615087844251259
CYP7B1,0.05253146921725052
CYP8B1,1.3996596795653906
CYTB,6201.248532457087
DAD1,549.7029042868517
DAGLA,0.3221639379757427
DAGLB,15.20065672777176
DAO,1.8577966562707513
DAPK1,0.48550904310719145
DAPK2,0.2830100641884711
DAPK3,3.61270907193897
DARS,2972.412090491259
DARS2,15.547145984610237
DBH,0.20718482274233008
DBI,228.98487288650168
DBT,1.7194426239662717
DCK,7.941672303519329
DCLK1,4.41135556634398
DCLK2,1.8684229089762732
DCT,0.006377308029939412
DCTD,29.17564961831289
DCTPP1,62.274014479119586
DCXR,25.278579355827596
DDAH1,69.14042365837051
DDAH2,60.64637615321001
DDC,0.010024785130332076
DDO,2.133696749861537
DDOST,2363.8628219590064
DDR1,22.202181863864286
DDR2,0.1504549622231623
DECR1,10.589436167244987
DECR2,13.383191507209972
DEGS1,14.302237953277059
DEGS2,0.0002886374789506314
DERA,35.7550179715882
DGAT1,5.635688320748155
DGAT2,1.3937352396523552
DGKA,9.232971334886118
DGKB,0.0002886374789506314
DGKD,8.902789544211439
DGKE,0.7358769076999421
DGKG,7.195751354738011
DGKH,0.82393735817262
DGKI,0.041112833754590496
DGKQ,2.1451017408869992
DGKZ,19.505454278529488
DGUOK,30.053694145159305
DHCR24,5.457159359500763
DHCR7,46.17191276337299
DHDH,0.3410298385421469
DHFR,669.2569837560485
DHODH,3.256315492172192
DHRS2,1.2824973207955446
DHRS3,0.3722622168932832
DHRS4,263.83958559846576
DHRS9,0.011995897830380452
DIO1,0.001633948583974148
DIO2,0.039737128938179996
DIO3,0.005535110574197037
DLAT,579.7786207828634
DLD,663.2816240886834
DLST,189.47643158934906
DMGDH,2.0430215775591987
DMPK,12.748718350686701
DNAJC6,0.8328820459815369
DNMT1,43.56594313505434
DNMT3A,1.7122569881791536
DNMT3B,5.37899846287825
DNMT3L,0.03798289307998578
DOLPP1,3.0630816861839176
DOT1L,2.823831955700565
DPAGT1,44.29492747374647
DPEP1,0.0018607701920200568
DPEP2,0.5881516948146499
DPEP3,0.05168794657761144
DPH5,98.19764889090168
DPM1,1213.6859911208078
DPM2,65.31234534523968
DPM3,83.50979018589533
DPYD,16.150300349229344
DPYS,0.010024785130332076
DPYSL2,658.6749876343151
DPYSL3,46.29057920420141
DSTYK,4.188693103241974
DTYMK,41.88538373891832
DUOX1,1.9237108257137616
DUOX2,0.020689478243287752
DUPD1,0.11783200419515537
DUSP1,190.33986962113426
DUSP10,0.4443681316171366
DUSP11,12.288503390085706
DUSP12,15.302911256107576
DUSP13,0.004724575018908054
DUSP14,0.3354345050980549
DUSP15,0.008148534894563943
DUSP16,4.94082763714224
DUSP18,2.5101388834787683
DUSP19,0.36741184548518285
DUSP2,0.04531054950910551
DUSP21,0.08186674790155296
DUSP22,11.47469762494227
DUSP23,35.392692037141586
DUSP27,0.005535110574197037
DUSP28,0.5623798523595648
DUSP3,109.43424212846423
DUSP4,0.4520106808139073
DUSP5,24.289004667715794
DUSP6,96.1263200837532
DUSP7,7.872681248535778
DUSP8,0.10968316805894532
DUSP9,0.36136961279499946
DUT,541.5026270364499
DYRK1A,13.201109549865388
DYRK1B,0.23650710628976165
DYRK2,5.826512447022538
DYRK3,7.95239644592734
DYRK4,9.89681169859576
DZIP3,3.4740366171774797
EARS2,0.8376705404410456
EBP,867.7188615628016
ECH1,143.75670426124213
ECHDC2,22.264498872846307
ECHS1,39.40269782368835
ECI1,43.14227664042818
ECI2,49.04974042705358
EGFR,4.615607408636709
EHHADH,2.141298347316061
EHMT1,0.7635033136915077
EHMT2,1.7350515452387099
EIF2AK1,41.46050721666514
EIF2AK2,141.08193533726984
EIF2AK3,1.9831363862608165
EIF2AK4,0.5393820781591742
EIF4EBP3,0.41663438383741397
ELOVL1,10.081958491073454
ELOVL2,0.40915072079254794
ELOVL3,0.028889764644596173
ELOVL4,2.0092799973937425
ELOVL5,2.244076055747841
ELOVL6,31.25390967349061
ELOVL7,2.1223073504422403
ELP3,0.9236701094752972
ENGASE,1.531674949130255
ENO1,11209.654683745126
ENO2,30.193310116203065
ENO3,40.311884741125155
ENOPH1,219.26867059236437
ENPP1,0.8031630952154792
ENPP2,0.03702220339368573
ENPP3,0.008148534894563943
ENPP6,0.00907422818965296
ENPP7,0.2621620114119895
ENTPD1,0.5704947421591101
ENTPD2,0.0012639779910462107
ENTPD3,0.0002886374789506314
ENTPD4,3.9600399848914374
ENTPD5,3.6778301098431188
ENTPD6,15.1315994972865
ENTPD8,0.020689478243287752
EP300,0.541900033783067
EPHA1,0.011995897830380452
EPHA10,0.6814519075933394
EPHA2,5.8841985251037014
EPHA3,2.6738504131944794
EPHA4,0.13712840168559357
EPHA5,0.002511697801378982
EPHA6,0.0757144274240943
EPHA7,0.002511697801378982
EPHA8,0.11945315526060056
EPHB1,0.021856572016869087
EPHB2,0.10992626600590794
EPHB3,0.043899731302303714
EPHB4,0.6785905515052376
EPHB6,0.024238910238641775
EPHX1,66.22644953446044
EPHX2,1.4657381387289954
EPM2A,0.30357690361647144
EPRS,50.35148381616649
EPX,0.0002886374789506314
ERBB2,0.37626331252845024
ERBB3,0.8061225164069052
ERBB4,0.0002886374789506314
ERN1,1.5003491179304005
ERN2,0.01099902463340596
ESD,823.5105901144299
ETFA,4809.688751698896
ETFB,1788.7850367891465
ETFDH,9.261645420708154
ETNK1,3.556062656386694
ETNK2,5.465832084935124
ETNPPL,0.00907422818965296
EXT1,28.83831543556899
EXT2,79.07698584600831
EXTL1,0.0007328628910861509
EXTL2,15.642253979362922
EXTL3,3.366859740203365
EYA1,0.007249047516512722
EYA2,0.005535110574197037
EYA3,1.0618043988982049
EYA4,5.964511434549031
EZH1,4.7533314691699475
EZH2,0.27103701768944205
F13A1,0.002511697801378982
F13B,0.952082265681838
F2,37.171748814504454
FAAH,0.043899731302303714
FAAH2,1.096117875321479
FABP1,53.54695633547291
FABP12,0.07361943011456162
FABP2,2.0423800119197857
FABP3,0.003948253816962171
FABP4,0.0018607701920200568
FABP5,3717.171891866194
FABP6,0.039737128938179996
FABP7,0.003948253816962171
FABP9,1.0553661478381027
FADS1,34.27413062212857
FADS2,0.9292340908933294
FADS3,0.35743161358704656
FADS6,0.0007328628910861509
FAH,31.09535488753519
FAM20B,9.555049146536257
FANCL,16.425228624234407
FAR1,26.960680643324345
FAR2,3.392503641748784
FARS2,1.1185220642316087
FARSA,1617.8789391177886
FARSB,2.749515516281606
FAS,3.60812009070062
FASN,174.8232202876617
FASTK,20.83583343371556
FAXDC2,0.15821000108977581
FBP1,0.005535110574197037
FBP2,0.0007328628910861509
FDFT1,61.859719533041215
FDPS,300.06939816171763
FDXR,11.179747130893174
FECH,32.85071967311119
FER,3.0131745411507893
FES,0.09571253909740605
FGA,0.0007328628910861509
FGFR1,34.436680112325504
FGFR2,0.0018607701920200568
FGFR3,0.020689478243287752
FGFR4,7.78258667290085
FGGY,0.5435616731953301
FGR,0.0002886374789506314
FH,938.7331863509417
FHIT,0.5462399223046097
FHL2,25.014670630165746
FIG4,3.712812838329124
FITM1,0.003948253816962171
FITM2,2.0055398310335875
FKBP10,94.19983680050596
FKBP11,2.3530128245267896
FKBP14,4.7093617608226275
FKBP1A,743.0756443111304
FKBP1B,0.5462399223046097
FKBP2,509.3366406207704
FKBP3,868.9018979676632
FKBP4,358.55813291775473
FKBP5,6.378843627391956
FKBP6,0.0345624960497994
FKBP7,21.12296094469611
FKBP8,19.742880794230373
FKBP9,60.87785874738499
FKBP9P1,0.07896313076189539
FLAD1,11.483289688204893
FLT1,0.0002886374789506314
FLT3,0.0002886374789506314
FLT4,0.041112833754590496
FLVCR1,3.192972425592701
FMO1,2.1539946509259087
FMO2,0.0002886374789506314
FMO3,0.0032092941227006397
FMO4,0.2214928669087315
FMO5,0.28074782754477356
FMO6P,0.3354345050980549
FN3K,3.556062656386694
FN3KRP,25.92466925532678
FNTA,36.99226651300563
FNTB,9.172207913997005
FOLR1,0.0007328628910861509
FOLR2,7.232030010907365
FOLR3,0.3354345050980549
FOSL1,346.847203481119
FPGS,1.3236424757678542
FPGT,3.5733935973052557
FRK,0.5302212229433838
FRMPD2,0.014371669987526408
FTCD,0.0002886374789506314
FTMT,0.3764543508002139
FUCA1,14.383524077748717
FUCA2,69.2473587467773
FUK,1.3530114677261544
FUT1,0.003948253816962171
FUT10,1.1769395955623907
FUT11,7.03542635615826
FUT2,0.09571253909740605
FUT3,0.0002886374789506314
FUT4,0.5786393031260809
FUT5,0.0032092941227006397
FUT6,0.0002886374789506314
FUT7,0.0002886374789506314
FUT8,0.9714589678211185
FUT9,0.20256670845144373
FYN,4.892390978781585
G0S2,11.317158078773181
G6PC,0.2573661812362027
G6PC2,0.018216384410824384
G6PC3,68.08142241942708
G6PD,4898.599325407295
GAA,24.700689660250337
GAD1,2.0731344557776143
GAD2,0.0002886374789506314
GAK,1.3837306181653422
GAL3ST1,0.02668283281743689
GAL3ST2,0.0007328628910861509
GAL3ST3,0.10515018051485577
GAL3ST4,0.002511697801378982
GALC,2.84425960683053
GALE,85.57313360960998
GALK1,136.0522342765205
GALK2,77.22346983850609
GALM,12.419550632216
GALNS,9.321537539107139
GALNT1,17.621441802685393
GALNT10,0.8530359817239385
GALNT11,11.107976607103826
GALNT12,2.8319984904101
GALNT13,4.130097528189858
GALNT14,0.36983499470921094
GALNT15,0.0032092941227006397
GALNT2,33.149501278476045
GALNT3,0.03568340744745251
GALNT4,0.917538637163593
GALNT5,0.0032092941227006397
GALNT6,2.909880412382949
GALNT7,0.7726576147667933
GALNT8,0.0018607701920200568
GALNT9,0.0007328628910861509
GALNTL5,0.43999999999999995
GALT,7.59267918654471
GAMT,23.292888410135287
GANC,5.006887845695646
GAPDH,36006.1904208123
GAPDHS,0.0002886374789506314
GARS,348.4169596011137
GART,338.73982360658437
GATM,0.3221639379757427
GBA,36.06215067508919
GBA2,11.067418744227147
GBA3,0.09915926244390068
GBE1,35.60731000265316
GBGT1,0.0012639779910462107
GC,0.0002886374789506314
GCAT,137.20722807849336
GCDH,10.681155980653674
GCH1,4.247499369080308
GCK,0.05340602314821246
GCLC,136.1778833523905
GCLM,64.84494300916408
GCNT1,3.2309400363902756
GCNT2,10.429415508546068
GCNT2P,0.3354345050980549
GCNT3,1.8794474125533027
GCNT4,0.008148534894563943
GCNT7,0.0012639779910462107
GCSH,16.25246034938714
GDA,0.002511697801378982
GDE1,21.264603465832607
GDPD2,0.0007328628910861509
GFPT1,119.33343434600799
GFPT2,3.9689445884192094
GGCT,44.70018745137081
GGH,33.08815628613451
GGPS1,483.51473761679387
GGT1,0.3577602414117768
GGT2,0.0007328628910861509
GGT3P,0.007249047516512722
GGT5,0.0018607701920200568
GGT6,0.0007328628910861509
GGT7,2.653744324600505
GGTLC1,0.5642767148917974
GGTLC2,1.7831684152107201
GIF,0.3354345050980549
GK,7.625693446602966
GK2,0.9456388863331135
GK3P,0.00907422818965296
GLA,127.16227978554375
GLB1,42.904489350799125
GLB1L,3.4396465190105014
GLCE,0.3233901123091962
GLDC,0.6504389083046446
GLIPR1,4.623197925090156
GLO1,1554.329155397291
GLRX,414.3815287826756
GLRX2,14.051144866604849
GLS,357.054170071367
GLS2,0.09915926244390068
GLT6D1,0.06930364432416915
GLT8D1,2.879563361699349
GLT8D2,1.7554859760498827
GLTP,9.017015824504838
GLUD1,480.20993115007064
GLUD2,1.285833133737391
GLUL,8.222927177377583
GLYAT,26.66571856032572
GLYCTK,2.625661250178386
GM2A,7.713870444981092
GMDS,92.41516153231335
GMPPA,16.997130010180655
GMPPB,217.03169121000278
GMPR,0.5196103133339163
GMPR2,142.61480110117375
GMPS,529.462636416152
GNE,3.737172417742106
GNMT,0.013014465813748854
GNPAT,7.957718098764195
GNPDA1,62.210923925067085
GNPDA2,6.886286934693996
GNPNAT1,88.04998541330653
GNPTAB,6.283012042792664
GNS,17.029641670978094
GOT1,1517.1208029205693
GOT2,1121.9126282376594
GPAA1,74.46464877905132
GPAM,0.0824131773292618
GPAT2,0.0002886374789506314
GPAT3,1.3189074433049286
GPAT4,27.660409963288497
GPCPD1,2.3569091169734544
GPD1,0.005535110574197037
GPD2,186.45402316724753
GPHN,19.29172971729657
GPI,4552.47340563329
GPIHBP1,0.3354345050980549
GPLD1,0.14853189536081854
GPT,0.011995897830380452
GPT2,4.94082763714224
GPX1,70.40958425417038
GPX2,0.05549477017243159
GPX3,0.0677488525469691
GPX4,66.78001504970354
GPX5,0.793289329058847
GPX6,2.01032323162201
GPX7,0.002511697801378982
GPX8,38.83454494125529
GRHL1,0.0677488525469691
GRHPR,50.54792367244937
GRK1,0.11699235770509935
GRK2,1.5576880291964716
GRK3,1.29585386852115
GRK7,0.0007328628910861509
GSR,282.2185841555075
GSS,330.76190500448405
GSTA1,0.0007328628910861509
GSTA2,5.619549002346362
GSTA3,3.8201241689736465
GSTA4,5.7529260864577845
GSTA5,0.58469847618054
GSTK1,34.07315213957378
GSTM1,1.2891711645394686
GSTM2,12.700702563586985
GSTM3,233.31499275512937
GSTM4,20.09020891691569
GSTM5,2.031019804349251
GSTO1,1283.9312275340908
GSTO2,0.11684731152247338
GSTP1,5892.512478256112
GSTT1,0.3354345050980549
GSTT2,0.11146329339168844
GSTZ1,8.790721855345918
GTF2F1,8.474535666749688
GTF3C4,1.4459538575439999
GUCA1A,0.0002886374789506314
GUCY1A1,0.0018607701920200568
GUCY1A2,0.004724575018908054
GUCY1B1,0.17802405464345952
GUCY1B2,0.3354345050980549
GUCY2C,0.0002886374789506314
GUCY2D,0.034069209862766736
GUCY2F,0.0007328628910861509
GUK1,204.2617988236634
GUSB,5.873260916079486
GYG1,20.48926974251722
GYG2,0.05549477017243159
GYS1,42.43704595043201
GYS2,0.0007328628910861509
H6PD,6.987500404611292
HAAO,0.0018607701920200568
HACD1,12.217173406393592
HACD2,17.562751884856834
HACD3,35.98673318335487
HACD4,0.7913533622832661
HACE1,3.8624288515879743
HACL1,10.105599621859598
HADH,515.4078337302743
HADHA,689.7844749948393
HADHB,25.121283384617154
HAGH,41.011113040284386
HAGHL,1.817195953171572
HAL,0.008148534894563943
HAO1,0.19763453007540133
HAO2,0.0018607701920200568
HARS,248.45136640701273
HARS2,35.568475619812745
HAS1,0.0018607701920200568
HAS2,0.0007328628910861509
HAS3,17.915641349995866
HAT1,131.0025241402579
HCCS,64.26516321557726
HCK,0.0007328628910861509
HCST,0.0757144274240943
HDAC3,1.0463842819349785
HDC,0.0012639779910462107
HDLBP,187.681791073499
HECTD1,8.500781909827493
HECTD2,0.7013784330658348
HECTD3,1.7369367165439786
HECW1,2.4037929736832644
HECW2,0.07896313076189539
HELZ2,46.89137307178912
HEPH,0.33156251993556823
HERC1,0.6727655874125051
HERC2,0.4970791675611038
HERC3,44.080276014139265
HERC4,13.942075984504307
HEXA,99.35365823046438
HEXB,8.059931711986097
HEXDC,0.3354345050980549
HGD,0.011995897830380452
HIBADH,46.96682985844295
HIBCH,7.299675788886162
HIF1AN,7.304882016099866
HIGD2A,12.658442364120884
HIPK1,10.270021213154404
HIPK2,7.740281289448127
HIPK3,8.364809642286136
HIRIP3,0.2597336786878641
HK1,212.03870543385094
HK2,101.03702575034882
HK3,1.1217338456564871
HKDC1,12.81481573853533
HLCS,4.669567919058269
HLTF,0.12998605865434507
HMBS,167.71716480424828
HMGCL,70.10118730359254
HMGCLL1,0.031744444797092555
HMGCR,26.126523881707712
HMGCS1,36.69346320038656
HMGCS2,0.0018607701920200568
HMOX1,39.002451605075166
HMOX2,160.76745282422124
HNMT,3.2267157409529923
HPD,0.01099902463340596
HPGD,0.020689478243287752
HPGDS,8.354343280591431
HPRT1,1319.1919316824424
HS2ST1,12.139080712062146
HS3ST1,0.0032092941227006397
HS3ST2,0.018619066883884525
HS3ST3A1,5.708889509007266
HS3ST3B1,0.3795681919686421
HS3ST4,0.012466929075615836
HS3ST5,0.002511697801378982
HS3ST6,0.3354345050980549
HS6ST1,6.983906573561601
HS6ST2,0.03568340744745251
HS6ST3,0.0002886374789506314
HSD11B1,0.8158269454826224
HSD11B1L,2.7465525474161168
HSD11B2,0.01099902463340596
HSD17B1,0.18408324552268363
HSD17B10,196.73921355325535
HSD17B11,67.91119148820103
HSD17B12,189.32871927127746
HSD17B14,1.828142414629207
HSD17B2,1.9024599930670496
HSD17B3,0.023039853069746253
HSD17B4,46.389123404083705
HSD17B6,0.8810005995015244
HSD17B7,5.817678339108773
HSD17B7P2,0.3410298385421469
HSD17B8,0.03449371919419186
HSD3B1,0.0002886374789506314
HSD3B2,0.9278984217862639
HSD3B7,20.97214616031402
HSPG2,0.521245914496564
HTATIP2,101.58104356055033
HUNK,0.0002886374789506314
HUWE1,10.41259871655038
HYAL3,1.4864799103621757
HYALP1,0.3354345050980549
HYI,8.267924160639279
HYKK,1.3395058847131491
IARS,1067.2880563036804
IARS2,89.29960789953348
ICK,1.7194426239662717
ICMT,32.82011461398279
IDH1,50.488116894140845
IDH2,9.60527930588785
IDH3A,1192.78821911117
IDH3B,259.0464098908416
IDH3G,93.02499825720723
IDI1,30.508251651252696
IDI2,0.0012639779910462107
IDO1,0.319825145619937
IDO2,0.0012639779910462107
IDS,51.12127561275205
IDUA,2.302511812717102
IGF1R,8.575714918374416
IKBKB,6.809468127880867
IKBKE,0.3354345050980549
IL4I1,0.48031569191484724
ILK,22.926892202800587
ILKAP,21.872466575516963
IMPA1,191.85079435977266
IMPA2,77.39264181287398
IMPDH1,15.983474135202014
IMPDH2,251.91499941022641
INMT,1.9473881376314532
INPP1,177.92559788537432
INPP4A,5.006887845695646
INPP4B,4.711402018138528
INPP5A,1.5561536116100403
INPP5B,3.774236002233914
INPP5D,0.01099902463340596
INPP5E,5.419130063742958
INPP5F,0.16257371326239556
INPP5J,0.19019395568460148
INPPL1,7.472143475031968
INSL3,0.17394553868855028
INSR,0.5732063091886354
INSRR,0.1005050945541876
IP6K1,20.157704713708178
IP6K2,46.26377770718738
IP6K3,0.0012639779910462107
IPMK,1.1089500139302524
IRAK1,308.8939008528623
IRAK2,6.763482994676084
IRAK3,0.13151529094951545
IRAK4,1.616012538412603
IREB2,7.9311189565561415
ISYNA1,11.466972469932077
ITK,0.003948253816962171
ITPA,537.9809413978261
ITPK1,11.88571326504617
ITPKA,0.42918386777498835
ITPKB,0.5169661908371741
ITPKC,1.7374403623763617
IVD,336.9829801947651
JAK1,27.946362929236447
JAK2,0.6899738305527295
JAK3,0.033044284743899185
JMJD7-PLA2G4B,0.2830100641884711
KALRN,0.004724575018908054
KANSL3,9.53274629940948
KARS,536.1612165315363
KAT2A,22.105333292969874
KAT2B,3.067250077916704
KAT5,19.078130901035145
KAT6A,3.129949577769713
KAT6B,1.5912947080179158
KAT7,8.891836686184389
KAT8,18.013984484376397
KCNJ11,0.2695068999783174
KCNJ8,0.17201723118512058
KDR,0.002511697801378982
KDSR,18.468130768520098
KHK,1.4899441184934108
KIT,0.10263694909292437
KL,0.022851875925749117
KMO,0.0018607701920200568
KMT2A,13.237474802603748
KMT2B,1.5107726310388916
KMT2C,2.5577796920708114
KMT2D,15.97828030165306
KMT2E,7.2009385027210415
KMT5A,17.25058859560145
KMT5B,8.478206918719794
KMT5C,1.8794474125533027
KPNA6,31.946773604078047
KYAT1,0.48550904310719145
KYAT3,3.214051353587432
KYNU,80.83560011772919
L1CAM,0.3722622168932832
L2HGDH,4.411435312178212
LALBA,0.09996023381633702
LAP3,1355.6942319918621
LARS,613.2109007411653
LARS2,8.974067175668248
LATS1,0.5706650347983627
LATS2,4.739344416307224
LBR,102.2850991984263
LCAT,1.2327282038132865
LCK,0.008148534894563943
LCLAT1,4.0448398572086015
LCT,0.0002886374789506314
LDHA,35523.53952278137
LDHAL6A,0.0007328628910861509
LDHAL6B,0.006377308029939412
LDHB,1373.5253604106335
LDHC,13.74100658898184
LDHD,0.10263694909292437
LDLR,4.634967788661408
LGALS13,0.16621830202908744
LGMN,50.12965750478921
LGSN,0.25176960392256265
LHPP,58.03156923494206
LIAS,0.40105822268770636
LIMK1,12.14001945004163
LIMK2,5.621077158702924
LIPA,13.201109549865388
LIPC,1.2398895451585645
LIPE,0.015113379484699888
LIPF,0.0007328628910861509
LIPG,0.004724575018908054
LIPT1,3.2775004774804994
LIPT2,0.30357690361647144
LMTK2,1.9794087529579394
LMTK3,0.02668283281743689
LOC102724197,0.3354345050980549
LOC286297,0.3354345050980549
LOC344967,0.008148534894563943
LOX,11.550748494738308
LOXL2,42.67522142386216
LPCAT1,2.5095446762241305
LPCAT2,2.148906862357468
LPCAT3,8.123140025704538
LPCAT4,2.085650171379715
LPIN1,10.338256055585862
LPIN2,5.880627629209497
LPIN3,2.4666705437967846
LPL,0.0002886374789506314
LPO,0.0002886374789506314
LRAT,0.6032489859509381
LRP1,3.0841920125137783
LRP2,0.1334706329777467
LRRK1,0.3374121496492818
LRRK2,0.3553576553522603
LRSAM1,1.5842504282757939
LRTOMT,3.6778301098431188
LSS,90.39384859758346
LTA4H,406.9644194026188
LTC4S,0.020689478243287752
LTK,0.0002886374789506314
LYN,5.984292946890345
LYPLA1,101.53221893956632
LYPLA2,136.45212596362072
LYZL1,1.4145390562382973
MACROD1,2.1491800238483365
MACROD2,0.24738400371388916
MAGEA2B,0.24519862635826073
MAK,0.025453357754656725
MAN1A1,0.26696888590219686
MAN1A2,2.156810026612289
MAN1B1,2.153193913839629
MAN1C1,0.023039853069746253
MAN2A1,7.647229250961693
MAN2A2,17.935298943746808
MAN2B1,31.208587235255887
MAN2C1,21.389300756035
MANBA,6.0933901474318235
MANSC1,2.605648857834797
MAOA,58.730878870843775
MAOB,0.0012639779910462107
MAP2K1,493.30798370837186
MAP2K2,224.59704325302198
MAP2K3,9.895220725453944
MAP2K4,15.515884844297105
MAP2K5,4.879687844031092
MAP2K6,0.8229677510937462
MAP2K7,0.9192140730713791
MAP3K1,0.3992268378838255
MAP3K10,3.7040592076567695
MAP3K11,26.09766296878539
MAP3K12,17.38698358052132
MAP3K13,18.69297379918998
MAP3K14,8.635443433650572
MAP3K15,0.8931376490474323
MAP3K2,7.061222571279699
MAP3K20,27.92433982468002
MAP3K21,3.092290872607452
MAP3K3,7.8779891914998466
MAP3K4,2.702064082315263
MAP3K5,1.2393348697449895
MAP3K6,7.76671523404961
MAP3K7,0.6245992571338121
MAP3K8,0.6448401336474245
MAP3K9,1.5107726310388916
MAP4K1,0.07896313076189539
MAP4K2,3.358322858510132
MAP4K3,4.466432146081551
MAP4K5,22.050667774575487
MAPK1,1046.8989286693588
MAPK10,0.10142274514034329
MAPK11,2.589667224116862
MAPK12,14.93741801280972
MAPK13,4.7533314691699475
MAPK14,38.48695563725708
MAPK15,0.007249047516512722
MAPK3,70.95011795983021
MAPK4,0.0012639779910462107
MAPK6,22.973868008717204
MAPK7,7.603198024521417
MAPK8,8.267924160639279
MAPK9,13.527601277502544
MAPKAPK2,1.9790606029629951
MAPKAPK3,46.72380265137047
MAPKAPK5,11.626927822095077
MARCH1,0.7503755879721515
MARCH10,0.0002886374789506314
MARCH11,0.006377308029939412
MARCH2,3.4783415341960593
MARCH3,0.28074782754477356
MARCH4,14.148672276498985
MARCH5,9.340065392013251
MARCH6,53.457114563231094
MARCH7,33.74143034072016
MARCH8,6.3532462729440775
MARCH9,2.1832304657764015
MARK1,2.8893327613366213
MARK2,10.197263733655957
MARK3,63.08663455108098
MARK4,10.704117554519131
MARS,375.0413142180089
MARS2,2.71013904268148
MAST1,1.1411967658995055
MAST2,18.20450465942452
MAST3,0.6142703503552469
MAST4,1.2625291763151854
MASTL,0.17546637644427615
MAT1A,0.7272125970135712
MAT2A,311.865311792607
MAT2B,173.366673087429
MATK,0.025453357754656725
MBOAT1,2.0655956634856962
MBOAT2,7.899230121255682
MCAT,13.757724767331519
MCCC1,9.930593276630068
MCCC2,29.029641657956052
MCEE,4.42974819334135
MDH1,5233.031319842412
MDH1B,0.48550904310719145
MDH2,3621.478384832793
MDM2,0.025235441544560623
MDP1,85.61868742547156
ME1,822.9038097432317
ME2,53.8371038227165
ME3,4.067231892812894
MECR,8.782498433013858
MED1,1.2387544046669547
MELK,0.8166400370076103
MERTK,6.088420247407043
MET,6.339354906265481
METTL1,51.85175724841125
METTL3,41.6962230123614
MGAM,0.0002886374789506314
MGAT1,101.33984492104942
MGAT2,6.02810214460075
MGAT3,0.019539011099900527
MGAT4A,0.6616735157413833
MGAT4B,152.67071292941864
MGAT4C,0.3354345050980549
MGAT4D,0.02696149145334556
MGAT5,12.413586221828895
MGAT5B,1.2592089676392764
MGLL,0.11504542109593772
MGMT,4.905130472885183
MGRN1,8.678948948420025
MGST1,434.1738280868738
MGST2,28.070318097856386
MGST3,97.58990757374819
MIA3,21.231765933257623
MIB1,6.666666095527166
MIB2,7.123231971493924
MID1,12.923163587618545
MIF,5608.9174745689315
MINK1,0.10288319866484756
MINPP1,10.951748920200789
MIOX,0.0012639779910462107
MIP,0.004724575018908054
MKNK1,11.17759265428299
MKNK2,27.528686124865423
MKRN1,30.433189687755565
MKRN2,9.756373284399645
MKRN3,6.570207967600714
MLKL,5.321229913467438
MLYCD,0.5895445200215187
MMAA,0.8992220873965469
MOCS1,1.3395058847131491
MOCS2,24.381124689551815
MOGAT1,0.05476426140032141
MOGAT2,0.06171353466959499
MOGAT3,0.0007328628910861509
MOGS,152.7317542729096
MOK,4.0358919149725425
MOS,0.09191795284698573
MOXD1,0.6115102217286189
MPC1,3.3327455661310696
MPC2,17.107994271608852
MPI,36.669848903697456
MPO,0.046732709793280314
MPST,972.6611204871202
MRPL58,18.165044595653537
MSMO1,41.736898236136895
MSRA,1.150916781224269
MST1R,12.616786748159344
MT1A,0.17802405464345952
MT2A,1197.610112707842
MT3,0.3354345050980549
MT4,0.3354345050980549
MTAP,809.2985386810668
MTFMT,5.748028855852268
MTHFD1,573.0571742334381
MTHFD1L,33.54125829752971
MTHFD2,38.26079516437751
MTHFD2L,3.6647334831107137
MTHFD2P1,0.06932373249234339
MTHFR,1.5772141612992767
MTHFS,90.02202210921915
MTMR1,2.460657643104264
MTMR14,9.941860351080724
MTMR2,1.0751261128995018
MTMR3,0.13312999955203028
MTMR6,2.508707930692858
MTMR7,0.007249047516512722
MTMR8,0.31749072533360934
MTPAP,3.7654454764834617
MTR,0.4300799024969198
MTRR,28.845716768021376
MTTP,0.003948253816962171
MUL1,17.010944944996123
MUSK,0.02328751946053523
MUT,0.3354345050980549
MVD,60.25583021381252
MVK,4.7906818083321125
MYBBP1A,137.94965899335205
MYCBP2,0.23127466590383763
MYLIP,2.959346420090098
MYLK,0.05353149922724067
MYLK2,0.027926993477324552
MYLK3,0.0032092941227006397
MYLK4,0.024238910238641775
MYO3A,0.09229731811761172
MYO3B,0.0007328628910861509
MYO5B,6.4287184989972
NAA10,181.64350988316826
NAAA,0.10791041155453385
NADK,40.14202615420889
NADSYN1,9.454791611449222
NAGA,8.798877068176813
NAGK,24.92145284575578
NAGLU,10.22459569096695
NAGPA,9.482613748681032
NAGS,0.3893657380424409
NAMPT,368.07760501180496
NANP,1.9459411173087988
NANS,936.6284228255021
NAPRT,18.40873031325486
NAPSA,0.006377308029939412
NARS,5278.888152203464
NARS2,5.9249988014602195
NAT1,2.202005269014973
NAT2,0.08061323551450535
NCOA1,4.655644480411306
NCOA2,0.17005175898660027
NCOA3,1.4501701833315779
NCOA6,8.235693341116793
NCOR1,0.10289916241050831
NCOR2,0.8891402416260838
ND1,15.492938640702505
ND2,8318.089574643278
ND3,8745.203878622333
ND4,21807.460699262647
ND4L,19925.896211703886
ND5,2639.2596295374124
ND6,4068.966088279726
NDST1,13.19505116605728
NDST2,2.730353403018466
NDST3,0.0007328628910861509
NDST4,0.0002886374789506314
NDUFA1,187.5371109107494
NDUFA10,83.26448632529957
NDUFA11,220.18804307799203
NDUFA12,21.883013418221918
NDUFA13,707.0987789789829
NDUFA2,16.810731659503936
NDUFA3,21.7772656163143
NDUFA4,11.713046074237878
NDUFA5,19.68282055357308
NDUFA6,32.00845714184568
NDUFA7,2.213778572425672
NDUFA8,46.133017048237434
NDUFA9,29.876309523254793
NDUFAB1,187.58856626593746
NDUFB1,443.03416523091624
NDUFB10,147.743256397415
NDUFB2,136.04913314916345
NDUFB3,112.83342848910942
NDUFB4,134.45488057959435
NDUFB5,171.6466786365234
NDUFB6,11.064174685475466
NDUFB7,118.52442464905322
NDUFB8,53.18056338859206
NDUFB9,23.757447213659294
NDUFC1,109.04036575346595
NDUFC2,126.48514115901125
NDUFS1,109.16267626951839
NDUFS2,59.39096315365582
NDUFS3,275.4334765400539
NDUFS4,41.94857298758431
NDUFS5,880.0775812210989
NDUFS6,16.884106323170442
NDUFS7,14.227643940112337
NDUFS8,104.47001228184051
NDUFV1,43.93330878147867
NDUFV2,108.85951010449699
NDUFV3,17.706304564566974
NEDD4,13.266937508966912
NEDD4L,19.554711646865496
NEK1,1.1965540547347324
NEK11,1.612475451092686
NEK2,15.90833352662845
NEK3,3.8447485915506068
NEK4,10.167886403551865
NEK5,0.004724575018908054
NEK6,0.5009658649456142
NEK7,17.236922387524274
NEK8,0.5922789536085707
NEK9,1.2062246704765156
NEU1,25.593923763467615
NEU2,0.0018607701920200568
NEU3,5.699115382535298
NEU4,0.35251219145172996
NEURL1,0.006377308029939412
NEURL1B,0.041112833754590496
NGLY1,14.544780875628165
NHLRC1,0.07090782961916314
NIT2,680.9857228175156
NKTR,7.55064116883174
NLK,1.623092662598853
NLN,226.01771891457543
NME1,23471.86705622165
NME2,6153.603010674559
NME3,33.67210550283712
NME4,195.79147610982628
NME6,1.0930754750505067
NME7,3.802273057058584
NMNAT1,1.0262327735565708
NMNAT2,0.3795681919686421
NMNAT3,2.5379014837788603
NMRK1,3.046422651818107
NMT1,144.1982469328157
NMT2,2.9466732755387586
NNMT,12.911113406687516
NNT,24.736262581774877
NOL9,1.9052356776432358
NOS1,0.09333363066032216
NOS2,0.05066256265132688
NOS2P1,0.3354345050980549
NOS2P2,0.3354345050980549
NOS3,0.6842895337218431
NOX1,0.0007328628910861509
NOX3,0.09198887034239282
NOX4,0.0007328628910861509
NOX5,0.0007328628910861509
NPAS2,0.0757144274240943
NPC1,67.27248275846576
NPC1L1,0.0002886374789506314
NPR1,0.10968316805894532
NPR2,1.019938419562169
NQO1,6272.375512802144
NQO2,172.9534387682434
NR1D1,3.3839501386644533
NRF1,0.9575009633162157
NSD1,11.544893861944358
NSD2,0.3667470892575864
NSD3,19.138076575601296
NSDHL,717.1901564874859
NSF,101.5986086979007
NT5C,115.22159512393658
NT5C1A,0.058725969276404735
NT5C1B,0.025453357754656725
NT5C1B-RDH14,0.037698419756150243
NT5C2,143.95476717533876
NT5C3A,17.44552269166579
NT5DC3,1.2528747010500418
NT5E,55.154275046263
NT5M,0.5596815185438677
NTAN1,1.34921062233509
NTRK1,0.003948253816962171
NTRK2,0.0012639779910462107
NTRK3,0.004724575018908054
NUAK2,3.1131979639015213
NUDT10,0.394288392467422
NUDT11,7.830250720291889
NUDT12,1.6514921781748022
NUDT2,7.740281289448127
NUDT3,5.427324086477011
NUDT4,10.218921128509596
NUDT5,265.4130547029481
NUDT9,6.62353934510146
OARD1,15.686299857025858
OAT,223.97944857962267
OBSL1,1.123743302577021
OCRL,9.43254898577079
ODC1,22.4694784800731
OGA,13.890256237204424
OGDH,204.95064864212722
OGT,30.925234491932187
OLAH,0.0032092941227006397
OPLAH,0.6476379714785686
OTC,2.3305572451444374
OTUD5,32.69776748579311
OXCT1,127.55045095149273
OXCT2,0.027926993477324552
OXSM,5.153959045755575
OXSR1,27.587210170774476
P4HA1,9.43254898577079
P4HA2,50.14285821264822
P4HA3,0.1660636594545455
P4HB,1249.0148592896812
PADI1,0.013014465813748854
PADI2,0.08723479314846166
PADI3,0.002511697801378982
PADI4,0.0002886374789506314
PADI6,0.3354345050980549
PAFAH1B2,617.9207575487591
PAFAH1B3,689.8106848242265
PAFAH2,2.5657420843398437
PAH,0.0002886374789506314
PAICS,638.2675166220706
PAK1,38.32611822832699
PAK2,251.3282968315703
PAK3,0.4668481054777909
PAK4,0.8004987037932372
PAK5,0.005535110574197037
PAK6,0.007249047516512722
PAM,1.6644263146774525
PAN2,4.7533314691699475
PANK1,1.6979088766976356
PANK2,26.39387394364691
PANK3,9.095021547130688
PANK4,6.133186694434121
PAOX,0.22785767543813115
PAPOLA,6.784352715394442
PAPOLB,0.9302190557291492
PAPOLG,1.2459505679514533
PAPSS1,68.88443498993554
PAPSS2,10.139562079199871
PARP1,175.60244597599282
PARP10,2.6946584884658655
PARP11,0.26504366597902174
PARP12,2.57520604850544
PARP14,42.04636145185999
PARP15,0.0012639779910462107
PARP16,2.474559400272518
PARP2,19.43576832168651
PARP3,23.101086413475986
PARP4,2.048966041391502
PARP6,16.739961383395503
PARP8,7.4510410691034075
PARP9,45.14789278711179
PARS2,1.0897161771528368
PASK,3.6516488322251486
PBK,4.408262592709079
PC,34.67599396626603
PCBD1,22.48643208106725
PCBD2,7.272816160619272
PCCA,1.6550509728166403
PCCB,9.533304775116981
PCK1,0.0018607701920200568
PCK2,9.560626943373958
PCMT1,740.4461204757159
PCYOX1,29.660845005926777
PCYT1A,24.937552025427017
PCYT1B,0.0007328628910861509
PCYT2,19.445215632380293
PDE10A,0.005535110574197037
PDE11A,0.021856572016869087
PDE1A,0.7099632044649108
PDE1B,0.0002886374789506314
PDE1C,0.013014465813748854
PDE2A,0.05253146921725052
PDE3A,0.0007328628910861509
PDE3B,1.8904885031705296
PDE4A,0.7272125970135712
PDE4B,0.5623798523595648
PDE4C,0.008148534894563943
PDE4D,1.4485105247183958
PDE5A,0.4116414132798935
PDE6A,0.025453357754656725
PDE6B,0.029185516777358648
PDE6C,0.0002886374789506314
PDE6H,1.0083333333333333
PDE7A,2.8852277097538033
PDE7B,0.006377308029939412
PDE8A,7.819652270283068
PDE8B,0.038373516230488326
PDE9A,0.06147420370327074
PDF,5.655184969632946
PDGFRA,0.005535110574197037
PDGFRB,0.006377308029939412
PDHA1,770.3605830366546
PDHA2,8.963593332760542
PDHB,61.60788718048589
PDHX,18.859818281343106
PDIA2,0.0018607701920200568
PDIA3,4004.8848418258103
PDIA4,1351.8831822460488
PDIA5,67.23050415066318
PDIA6,1950.2134234870243
PDK1,0.8387363253350548
PDK2,0.041112833754590496
PDK3,9.354995777143158
PDK4,0.003948253816962171
PDP1,6.93248394455826
PDP2,1.6835917512491978
PDPK1,1.2472764196015365
PDPR,11.07321039787075
PDXK,67.84313590071642
PDXP,30.180705066703833
PDZD4,0.09915926244390068
PEAK1,3.7962352579159995
PECR,97.27444110794895
PEMT,21.980973236303697
PEPD,36.4008428030694
PEX11A,1.5701859245049936
PFAS,191.1990601723761
PFKFB1,0.01405388223537452
PFKFB2,1.9052356776432358
PFKFB3,9.465917953766331
PFKFB4,5.37899846287825
PFKL,108.44771177415038
PFKM,26.422818365459772
PFKP,1371.3449557295207
PGAM1,812.0467876193917
PGAM2,0.005535110574197037
PGAM5,97.12625701510851
PGAP1,0.5196103133339163
PGD,7359.653816300341
PGGHG,2.229210942170727
PGK1,2643.9670994582057
PGK2,23.296392096478
PGLS,269.11532231722606
PGLYRP1,0.32538737203659523
PGLYRP2,0.0002886374789506314
PGLYRP3,0.01572942767765221
PGLYRP4,0.2601296063498426
PGM1,391.2440532289798
PGM2,188.7087342637025
PGM2L1,0.14470486922904602
PGM3,92.06436971598791
PGP,35.402178634775645
PGS1,11.509782037864296
PHEX,0.027926993477324552
PHGDH,1253.058599997747
PHKA1,0.6541620093655
PHKA2,6.829931553973775
PHKB,10.480782635926113
PHKG1,0.051065576904018514
PHKG2,14.364947186135508
PHLPP1,3.2267157409529923
PHLPP2,1.322672842591361
PHOSPHO1,0.0032092941227006397
PHPT1,63.620812794044824
PHYH,5.316507486212558
PHYKPL,8.080367117146157
PI4K2A,0.7800025555484427
PI4KA,2.3677820835588217
PI4KB,0.8447621517995132
PIGA,4.125598944593564
PIGB,9.24956099564253
PIGC,17.471556241363995
PIGF,8.548600729391206
PIGG,17.504112153870416
PIGH,6.580344483954744
PIGK,15.364202365763301
PIGL,4.134597367061344
PIGM,4.926701158271189
PIGN,11.986088059229484
PIGO,6.43879868812145
PIGP,6.433758087956943
PIGQ,11.644525865870316
PIGS,18.098215859731937
PIGT,13.22949853751157
PIGU,2.094554636069211
PIGV,2.6778762909613882
PIGW,0.3354345050980549
PIGX,3.058124080493938
PIGY,0.3354345050980549
PIGZ,0.45712419681556105
PIK3C2A,0.8515121076522573
PIK3C2B,1.2891711645394686
PIK3C2G,0.08873409730034958
PIK3C3,0.32681540370326034
PIK3CA,6.570207967600714
PIK3CB,0.5606273835917622
PIK3CD,0.8328820459815369
PIK3CG,0.0002886374789506314
PIK3R1,0.5839179511305601
PIK3R2,4.004614141982267
PIK3R3,7.76671523404961
PIK3R4,43.1358553466917
PIK3R5,0.36380950858454103
PIKFYVE,2.8075170275548857
PIM1,5.058949498919992
PIM2,0.15432000473816998
PIM3,12.128160729043708
PIN1,661.2668976660607
PIN4,10.905568272750928
PINK1,19.78047710236269
PIP4K2A,5.762723750946953
PIP4K2B,0.3354345050980549
PIP4K2C,23.65371139137968
PIP5K1A,0.8971862883079257
PIP5K1B,0.0006238041288426391
PIP5K1C,2.2407443133369402
PIP5KL1,1.7014930046080181
PIPOX,0.021856572016869087
PISD,1.3064106437823395
PJA1,6.448882920520283
PJA2,15.787701780517393
PKLR,0.0002886374789506314
PKM,13764.15787841327
PKMYT1,26.763522600204347
PKN1,53.301140530788224
PKN2,4.877347265809408
PKN3,4.215808363210469
PLA2G10,0.0007328628910861509
PLA2G12A,2.667872220277057
PLA2G12B,0.0007328628910861509
PLA2G15,2.95521610571812
PLA2G16,16.791491308546206
PLA2G1B,0.002511697801378982
PLA2G2A,0.0012639779910462107
PLA2G2C,0.3354345050980549
PLA2G2D,0.02500478423298345
PLA2G2E,0.10480083352838437
PLA2G2F,0.0002886374789506314
PLA2G3,0.019881840717782588
PLA2G4A,9.472431639579117
PLA2G4B,0.36016696691518096
PLA2G4C,0.7503755879721515
PLA2G4D,0.0002886374789506314
PLA2G4E,0.0012639779910462107
PLA2G4F,0.3354345050980549
PLA2G5,0.08450148530759376
PLA2G6,0.4959384713186442
PLA2G7,0.9399122888957062
PLB1,0.023039853069746253
PLCB1,1.623092662598853
PLCB2,0.002511697801378982
PLCB3,1.334598855375414
PLCB4,1.8135508773099627
PLCD1,1.9311136523034238
PLCD3,12.873560021515404
PLCD4,0.44182804955870275
PLCE1,0.4829105795161446
PLCG1,1.917878245827029
PLCG2,0.1562619027268765
PLCH1,0.031744444797092555
PLCH2,0.013014465813748854
PLCL1,0.0002886374789506314
PLCL2,0.6336799038284912
PLCXD2,1.6693057400878677
PLCZ1,0.07175189323406331
PLD1,1.410794359036667
PLD2,3.9466926910066626
PLD3,12.355499009124005
PLD4,0.008148534894563943
PLD6,1.2129626362483972
PLG,3.615722070737719
PLIN1,0.007249047516512722
PLIN2,62.12983157156137
PLIN3,59.50472669699584
PLIN4,0.01099902463340596
PLK1,12.043306649931322
PLK2,105.4350137831114
PLK3,5.115900914537547
PLK4,6.999352323093898
PLOD1,29.561283338374967
PLOD2,286.1542727858839
PLOD3,38.69056075025957
PLPBP,13.541511030026097
PLPP1,3.995689093835978
PLPP2,29.171856070953844
PLPP3,4.94082763714224
PLPP4,0.018405641359835537
PLPP5,2.840171060856515
PLPP6,1.451951871870596
PLPP7,0.007249047516512722
PLPPR2,3.117383708466846
PLPPR3,0.021856572016869087
PLPPR4,0.0012639779910462107
PLPPR5,0.0002886374789506314
PLTP,0.017289874987294895
PLXNB3,0.5222578863098004
PMM1,5.424584310229396
PMM2,126.71771347558848
PMPCA,39.80766990870007
PMVK,180.64517602813308
PNCK,0.27036578576179454
PNKP,26.49032038158716
PNLIP,0.01735944451270558
PNLIPRP1,0.0002886374789506314
PNLIPRP2,0.3354345050980549
PNLIPRP3,0.002511697801378982
PNMT,2.440112339582005
PNP,1715.4285236191415
PNPLA2,25.550863337946154
PNPLA3,0.029185516777358648
PNPLA4,5.120654228433249
PNPLA6,1.135422342689851
PNPLA7,0.021856572016869087
PNPLA8,2.341333862503235
PNPO,11.726740085263113
PNPT1,11.903506066642764
POLA1,8.92797176589723
POLA2,5.07079161277887
POLB,8.640455213333471
POLD1,4.830220901465239
POLD2,24.93131145186481
POLD3,1.177468056524899
POLD4,25.007044451579265
POLE,0.1495154161900905
POLE2,7.824951035730299
POLE3,52.10524152295664
POLE4,11.71076902355538
POLG,16.457274033862237
POLG2,7.6453106350632165
POLH,5.723558736977559
POLI,3.071419920977503
POLK,4.25656509594262
POLL,6.108306076094695
POLM,2.872921530901563
POLN,0.027926993477324552
POLQ,2.5339306127697294
POLR1A,2.6033953032492256
POLR1B,2.2310040627751806
POLR1C,25.479336530616763
POLR1D,94.21712789409132
POLR1E,27.56006587823889
POLR2A,3.0942695077218287
POLR2B,10.6173527806874
POLR2C,72.14524137476992
POLR2D,47.513479202382165
POLR2E,98.18203557306192
POLR2F,83.50654131608822
POLR2G,23.94860992977489
POLR2H,908.6877927565724
POLR2I,35.299738046830356
POLR2J,17.710024923656366
POLR2K,57.499908330895174
POLR2L,648.0833245068054
POLR3A,0.187208215045139
POLR3B,0.8301618833986347
POLR3C,1.6264961191673537
POLR3D,5.196860626345517
POLR3E,22.994817832825433
POLR3F,3.8359162579381008
POLR3G,6.345427203570033
POLR3GL,17.63449081392896
POLR3K,18.461528298194455
POLRMT,5.233129259463806
POMGNT1,53.31846521362909
POMT1,5.679580006949239
POMT2,7.9790138231624645
PON3,0.20673496198277957
POR,90.09827141552356
PPA1,941.1502748295819
PPA2,273.7118188592889
PPARA,1.1153804000806937
PPAT,14.288140533434126
PPCDC,9.133593848343795
PPCS,83.991863931908
PPEF1,0.008923708128476081
PPEF2,0.0002886374789506314
PPIA,7875.341291017729
PPIAL4A,0.3354345050980549
PPIAL4C,0.3354345050980549
PPIAL4E,0.3354345050980549
PPIAL4G,0.0018607701920200568
PPIB,3973.130783047142
PPIC,41.7655897447068
PPID,550.3997450027922
PPIE,36.700804689228
PPIF,189.9761458296608
PPIG,12.118975434896901
PPIH,3155.7891428794514
PPIL1,132.98568115239888
PPIL2,3.847062661085567
PPIL3,45.79928733538562
PPIL4,3.917206206552486
PPIL6,0.08891416291615895
PPIP5K1,3.155120092100975
PPIP5K2,9.354805617688463
PPM1A,3.7235969087944736
PPM1B,17.373981735258514
PPM1D,2.1832304657764015
PPM1E,0.013014465813748854
PPM1F,44.70463820260795
PPM1G,44.53962272042179
PPM1K,2.730353403018466
PPM1M,3.337004968916816
PPOX,5.134920949930182
PPP1CA,202.8644099021434
PPP1CB,183.57458075837513
PPP1CC,65.43099473007366
PPP1R1A,0.0002886374789506314
PPP1R1B,0.017289874987294895
PPP1R2,69.96756018760735
PPP1R3A,0.06646892507772041
PPP1R3B,0.7157012110483207
PPP1R3C,0.5677864718961708
PPP2CA,264.1538645012842
PPP2CB,20.618207645664317
PPP2R1A,324.5995544445673
PPP2R1B,22.20220805337128
PPP2R2A,56.36124380259114
PPP2R2B,0.0002886374789506314
PPP2R2C,9.941860351080724
PPP2R3A,1.58777156763597
PPP2R3B,6.74307080011716
PPP3CA,280.91747242375465
PPP3CB,3.4568306152684376
PPP3CC,2.4116298945028225
PPP3R1,190.03752987369396
PPP3R2,2.4370537589271226
PPP4C,103.55579288605223
PPP5C,45.30341902257811
PPP6C,102.53448999412876
PPT1,12.398905287825787
PPT2,10.618076841266946
PPWD1,13.05411380856365
PRAG1,0.3354345050980549
PRDX1,51238.53013888153
PRDX2,917.869194495718
PRDX3,111.99503124946636
PRDX6,898.309168352644
PREP,106.76955592399364
PRKAA1,28.404612155872275
PRKAA2,1.3733346934256374
PRKAB2,3.1845508101667157
PRKACA,254.73978836287952
PRKACB,24.6297480974456
PRKACG,5.25292276820224
PRKAG2,3.560393368121955
PRKAR1A,19.350252445297713
PRKAR1B,9.538320759682268
PRKAR2A,24.127039399237937
PRKAR2B,15.74672170121518
PRKCA,3.0547492605561817
PRKCB,0.004724575018908054
PRKCD,1.0262121659737764
PRKCE,1.3293995158085743
PRKCG,0.01619225755837382
PRKCH,8.251804720643122
PRKCI,7.400285079600778
PRKCQ,0.7825255539687616
PRKCSH,397.08447373988577
PRKCZ,8.678948948420025
PRKD1,0.3012599844212448
PRKD2,17.19870104783898
PRKD3,11.527334526056663
PRKDC,6.408900342763993
PRKG1,0.01619225755837382
PRKG2,0.17601591865313998
PRKN,0.025453357754656725
PRKX,1.9831363862608165
PRKY,0.33156251993556823
PRODH,0.31749072533360934
PRODH2,0.047452249121563574
PRPF19,498.684213749009
PRPF4,260.6413032076758
PRPF4B,31.095355957388026
PRPS1,1953.213185872506
PRPS1L1,0.004724575018908054
PRPS2,36.795836786880365
PRRT2,0.6170336589777023
PSAP,15.464177865127947
PSAT1,263.4870844046002
PSKH1,3.5994304067924223
PSKH2,0.11813839957802594
PSPH,1752.4741259096663
PSPHP1,0.3354345050980549
PTDSS1,35.127758755629564
PTDSS2,5.601610732187437
PTEN,5.782670013893404
PTGDS,29.254029592942036
PTGES,24.37281361680949
PTGES2,86.40956465387016
PTGES3,6768.966917536302
PTGIS,0.6263480847774251
PTGR1,693.2628245346435
PTGS1,0.005208822654448294
PTGS2,0.5840853933060691
PTK2,2.4652888857479565
PTK2B,0.30819708005305185
PTK6,0.013014465813748854
PTK7,2.534738896628365
PTP4A2,5.895406887556633
PTP4A3,0.20882721575611646
PTPDC1,0.9206005719126051
PTPMT1,51.7459743867749
PTPN1,29.351774623697846
PTPN11,11.662590075155428
PTPN12,4.532505930541488
PTPN13,2.5379014837788603
PTPN14,6.590485000923639
PTPN18,10.326875548252973
PTPN2,26.94435002424862
PTPN21,3.8668521608607507
PTPN22,0.011995897830380452
PTPN23,8.87289649255763
PTPN3,1.7230383299704513
PTPN4,4.116605545897345
PTPN5,0.10542850184070834
PTPN6,2.3141409626821963
PTPN7,0.0032092941227006397
PTPN9,0.5206917189832957
PTPRA,0.3624859809958539
PTPRB,0.27174565585861926
PTPRC,0.004724575018908054
PTPRD,0.21936870417017368
PTPRE,0.6673092456217844
PTPRF,48.33034000712847
PTPRG,0.5435616731953301
PTPRH,1.521214595401694
PTPRJ,2.840171060856515
PTPRK,8.273299097194096
PTPRM,31.314365782701927
PTPRN,0.006377308029939412
PTPRN2,0.0012639779910462107
PTPRO,0.49332579664134074
PTPRQ,0.0002886374789506314
PTPRR,0.2762373496772789
PTPRS,2.770897191662597
PTPRT,0.028356430289326568
PTPRU,0.11684731152247338
PTPRZ1,0.0018607701920200568
PTRH1,5.3512125809606275
PTRH2,1737.1615229479091
PTS,17.850155938567752
PUS1,7.1232355645948635
PXDN,0.5141334789291546
PXDNL,0.0007328628910861509
PXYLP1,0.7099632044649108
PYCR1,41.2413557438694
PYCR2,518.9576642562494
PYCR3,2.3998769644492564
PYGB,162.86626716104854
PYGL,158.00195802334082
PYGM,0.00907422818965296
PYURF,20.407942135008533
QARS,318.98940281434346
QDPR,566.4423858292354
QPCT,3.5994304067924223
QPRT,52.877136826567856
QTRT1,13.58421687031168
QTRT2,11.183399016663847
RAD1,3.403404577279737
RAD18,4.406860129269113
RAD9A,7.268458404024461
RAF1,0.3499364261603493
RAG1,0.021856572016869087
RALBP1,18.276905019356658
RARS,543.4059697721335
RARS2,14.797371668877364
RBBP6,0.5078634843514702
RBKS,0.5011744011934915
RBP1,4.120558279202811
RBP2,0.44262896504099397
RBP4,0.005535110574197037
RCHY1,19.03153980795358
RCL1,7.315533128346927
RDH10,1.538658704270973
RDH11,288.520225780912
RDH12,0.039737128938179996
RDH13,5.0101652170982005
RDH14,16.832879121913933
RDH16,0.004724575018908054
RDH5,0.2695068999783174
RDH8,0.3354345050980549
REG3A,0.0018607701920200568
RENBP,0.008148534894563943
RET,0.0018607701920200568
REV3L,3.4396465190105014
RFC5,66.79370492556089
RFK,9.482963624890514
RFWD3,15.876565536852672
RGL1,0.7099632044649108
RHAG,0.0007328628910861509
RHBG,0.0012639779910462107
RHCG,0.010024785130332076
RING1,28.97161378928597
RIOK1,0.8527746633000916
RIOK2,0.22123492572427952
RIOK3,22.77160555684619
RIPK1,6.368953802058555
RIPK2,2.7504650021751296
RIPK3,1.3679290428211677
RIPK4,1.1639095619162798
RIPOR1,6.393469722532829
RNF103,3.8138582102538674
RNF115,0.3354345050980549
RNF123,11.00376182151381
RNF125,0.077334409898681
RNF126,17.915641349995866
RNF128,7.414431839770842
RNF13,13.383191507209972
RNF130,32.08779314359659
RNF133,0.0018607701920200568
RNF138,14.893659613303772
RNF139,4.379434593238006
RNF14,20.958504647664537
RNF144A,1.275832359749555
RNF144B,4.851535366486466
RNF146,7.273658921460652
RNF149,8.165970694297135
RNF152,0.007249047516512722
RNF167,97.31694866591761
RNF180,0.36499278230194027
RNF182,0.077334409898681
RNF185,7.237275319673332
RNF187,171.23971659878785
RNF19A,2.909880412382949
RNF19B,11.56831695298236
RNF2,10.727161674866588
RNF20,2.4202286934177644
RNF216,12.021566011826167
RNF217,4.907881980820078
RNF25,33.48741798220501
RNF31,55.56535836458413
RNF40,3.2820095236676576
RNF41,23.239593153237063
RNF5,36.9140508577122
RNF8,14.67536209197878
RNGTT,4.491826046257281
RNMT,50.447130779819965
ROCK1,3.8923964592276383
ROCK2,12.977447731811827
ROR1,3.9823110910876505
ROR2,0.03611381501414322
RORA,0.8931376490474323
ROS1,0.021856572016869087
RPAP2,3.3114694756091607
RPE,212.50508604392704
RPE65,0.011728131313476612
RPIA,32.8950339106512
RPL14,1835.1677873353874
RPN1,755.8319125249726
RPN2,549.6846115673573
RPP14,70.64451978918423
RPS6KA1,21.658232563199494
RPS6KA2,0.05319235445398096
RPS6KA3,3.1584349777857477
RPS6KA4,1.0096557758233902
RPS6KA5,0.7972526283005624
RPS6KA6,1.665739114062782
RPS6KB1,2.5472151682010042
RPS6KB2,27.178211804131866
RPS6KC1,0.5357010769032274
RPUSD4,1.1726691376335276
RRM1,73.31672397797894
RRM2,99.63503400326319
RRM2B,2.035511021274629
RTCA,15.62300873219419
RWDD2A,0.4443681316171366
RXRA,5.499696672749288
RYK,29.625551842765425
SACM1L,11.544893861944358
SAE1,694.9154403421088
SAP130,0.7321253189515532
SARDH,0.0036611573460260107
SARS,377.577372193589
SARS2,9.566205573759182
SAT1,369.83304558836267
SAT2,12.868960459618807
SBK1,0.0839008507811628
SC5D,24.828813493907383
SCARB1,13.957818629514753
SCARF2,0.07090782961916314
SCD,130.38694133172478
SCD5,4.590809585926655
SCLY,15.77501739230773
SCP2,201.81967203263977
SDC1,10.50979213639053
SDHA,141.66234946025438
SDHB,286.0340865604739
SDHC,39.72426352779761
SDHD,4.640586337675912
SDR16C5,0.004724575018908054
SDR42E1,0.0018607701920200568
SDR42E2,0.0002886374789506314
SDR9C7,0.6181733836443202
SDS,0.0012639779910462107
SDSL,2.0467795107254743
SEC11A,363.262111472548
SEC11C,5.726576339095
SELENOI,5.748028855852268
SEPHS1,1389.6425091498777
SEPHS2,55.00577806501493
SERPINA1,1.1900066804091698
SERPINA3,0.02668283281743689
SETD1A,0.1879942589074156
SETD1B,2.2407443133369402
SETD2,0.03280233497771643
SETD5,35.17447462736014
SETD7,4.473569973217153
SETDB1,0.274574825757481
SETDB2,0.9637398564517701
SETMAR,4.049315730837598
SFXN3,942.3322684715425
SGK1,0.38691036272720974
SGK2,0.007249047516512722
SGK3,1.099322322302222
SGMS1,5.557874607459898
SGMS2,6.727772030147173
SGPL1,16.13371058965197
SGPP1,5.451335104370364
SGPP2,0.033044284743899185
SGSH,17.732437177541165
SH3RF1,4.374867936573058
SH3RF2,2.0655956634856962
SH3RF3,0.023039853069746253
SHMT1,93.36187731664882
SHMT2,899.2826117607453
SHPK,3.1048307982359797
SHPRH,1.3530114677261544
SI,0.18373547314711697
SIAE,2.6658033142807938
SIAH1,4.0627509535642865
SIAH2,21.61584873201171
SIK2,4.17966464970646
SIK3,1.9074178062000253
SIN3A,11.048069405294887
SIN3B,0.07249232913484227
SIRT1,4.112110732135043
SIRT2,8.591993981270836
SIRT3,13.68195935734127
SIRT5,1.9089270525738722
SIRT6,9.76758942222356
SIRT7,13.080077397701235
SLC10A1,0.7013693927428878
SLC10A2,0.058748703153154044
SLC10A6,0.11880179429376408
SLC11A1,0.030458097115830134
SLC11A2,13.16476993507674
SLC12A1,0.12604246262781418
SLC12A2,1.203976739421902
SLC12A3,0.3836436624241189
SLC12A4,0.26677404853027253
SLC12A5,1.3733346934256374
SLC12A6,0.0932956785351638
SLC12A7,0.9502724784161422
SLC13A1,1.3898493503991496
SLC13A2,0.9791894450655247
SLC13A3,0.0002886374789506314
SLC13A4,0.030458097115830134
SLC13A5,0.11163659041069766
SLC14A1,3.239547626858463
SLC14A2,0.052867346971752514
SLC15A1,0.09490302837853704
SLC15A2,0.03702220339368573
SLC15A3,11.00954492695284
SLC15A4,3.551733294982387
SLC16A1,66.6729350367997
SLC16A10,0.47255257946941387
SLC16A2,18.540797821436197
SLC16A3,433.2435859402583
SLC16A7,2.5220275629131743
SLC16A8,0.2300415773077169
SLC17A1,0.06505057075080632
SLC17A2,0.014797084619435076
SLC17A3,0.002511697801378982
SLC17A4,0.016758172785412122
SLC17A5,5.239853104940989
SLC17A6,0.03561924497624714
SLC17A7,0.005535110574197037
SLC17A8,0.023326127399307364
SLC18A1,0.0002886374789506314
SLC18A2,0.10614508268286293
SLC18A3,0.06214561646399096
SLC19A1,23.717046334352183
SLC19A2,2.1451017408869992
SLC19A3,0.04816604243545983
SLC1A1,0.2672728969062377
SLC1A2,11.643276508283519
SLC1A3,1.4622884450904452
SLC1A4,1.2770323278100368
SLC1A5,157.56733510435956
SLC1A6,0.07694788869193199
SLC1A7,0.04144035482118045
SLC20A1,70.22166682211187
SLC20A2,18.706221536761817
SLC22A1,0.08891416291615895
SLC22A10,0.10034501076203277
SLC22A11,0.20377100608576706
SLC22A12,1.368484858340572
SLC22A13,0.0032092941227006397
SLC22A16,0.1415176491516722
SLC22A18,5.728450621382546
SLC22A2,0.6215418871526734
SLC22A3,0.0032092941227006397
SLC22A4,0.6448401336474245
SLC22A5,1.9607975745455717
SLC22A6,0.3332262579895881
SLC22A7,0.3754031874781076
SLC22A8,0.6796964855365107
SLC22A9,0.11807453767167743
SLC23A1,0.0032092941227006397
SLC23A2,8.946635477331826
SLC24A1,1.5456505871227944
SLC24A2,0.11485961790308995
SLC24A3,0.26971900266131565
SLC24A4,0.0002886374789506314
SLC25A1,984.7153543268287
SLC25A10,12.080755548427913
SLC25A11,396.79569525902104
SLC25A12,241.6343374988157
SLC25A13,177.76072921105217
SLC25A14,8.826192149933348
SLC25A15,5.130164246640834
SLC25A16,1.3125992459057179
SLC25A17,7.61768495580091
SLC25A18,0.01405388223537452
SLC25A19,11.241505078165698
SLC25A2,0.7617097541989009
SLC25A20,7.149110149741102
SLC25A21,0.3746934990618831
SLC25A22,26.538677236092468
SLC25A26,19.411770348169025
SLC25A27,3.009025104911947
SLC25A28,8.930186787994934
SLC25A29,8.733409470596195
SLC25A3,2242.096990120924
SLC25A37,13.93324077353396
SLC25A4,157.28964738927766
SLC25A5,6542.164086745055
SLC25A6,521.778367502919
SLC26A1,0.21092485208628137
SLC26A11,4.139098460541456
SLC26A2,8.924705614705323
SLC26A3,0.16226921407916228
SLC26A4,0.03568340744745251
SLC26A6,4.202245132001063
SLC26A7,0.01099902463340596
SLC26A8,0.0002886374789506314
SLC26A9,0.0007328628910861509
SLC27A1,0.5445900721074474
SLC27A2,1.0388511610486175
SLC27A3,0.6308976599494368
SLC27A4,2.0696862713150885
SLC27A5,9.970042344759301
SLC27A6,0.8061225164069052
SLC28A1,0.05797266048828553
SLC28A2,0.002511697801378982
SLC28A3,0.0012639779910462107
SLC29A1,39.97295665349172
SLC29A2,6.590485000923639
SLC29A3,0.16409112762791558
SLC29A4,0.21724979622974966
SLC2A1,54.22943458880854
SLC2A10,0.00907422818965296
SLC2A11,2.454849367924813
SLC2A12,0.23219165011340107
SLC2A13,0.8150174709708969
SLC2A14,0.0002886374789506314
SLC2A2,0.0002886374789506314
SLC2A3,10.25298059924325
SLC2A4,0.00907422818965296
SLC2A5,0.005535110574197037
SLC2A6,0.6336799038284912
SLC2A7,0.02769435809366143
SLC2A8,4.637096474746788
SLC2A9,0.043899731302303714
SLC30A1,8.380985291856312
SLC30A6,8.777040625185256
SLC30A7,13.32371739092519
SLC31A1,9.65557682939759
SLC32A1,1.4740945089441455
SLC33A1,1360.6063304083636
SLC34A1,0.0007328628910861509
SLC34A2,0.0012639779910462107
SLC34A3,0.0018607701920200568
SLC35A1,5.374184830163747
SLC35A2,36.55970035957509
SLC35A3,5.621077158702924
SLC35B2,1.2696911323372138
SLC35B4,5.480338919684766
SLC35C1,3.530106771059321
SLC35D1,3.1593201934008768
SLC35D2,6.681929187561601
SLC36A1,3.214051353587432
SLC36A2,0.07419499914014951
SLC36A4,17.010944944996123
SLC37A1,2.0844558170981893
SLC37A4,10.790335760921124
SLC38A1,24.52302197499468
SLC38A2,79.80613615421892
SLC38A3,0.038373516230488326
SLC38A4,0.0007328628910861509
SLC38A5,0.031744444797092555
SLC39A7,34.165702110535754
SLC3A1,0.002511697801378982
SLC3A2,178.16908159221668
SLC40A1,0.5542948418067732
SLC41A1,24.41657923513883
SLC41A2,1.990597037276749
SLC43A1,0.04961038398650471
SLC43A2,0.48031569191484724
SLC46A1,1.6621744428124878
SLC47A1,4.4022861625423415
SLC47A2,0.018405641359835537
SLC4A1,13.592771879362395
SLC4A10,0.051065576904018514
SLC4A2,75.84562243004923
SLC4A3,0.15821000108977581
SLC4A4,0.03435735534901282
SLC4A5,0.07896313076189539
SLC4A7,0.9931916850300945
SLC4A8,0.9359493183080831
SLC4A9,0.0018607701920200568
SLC51A,0.36016696691518096
SLC51B,0.1317954273752661
SLC52A1,0.0007328628910861509
SLC52A2,26.09766296878539
SLC52A3,0.9730494651826128
SLC5A1,0.03392241896355308
SLC5A10,0.2452712501917088
SLC5A11,0.041112833754590496
SLC5A12,0.020689478243287752
SLC5A2,0.021856572016869087
SLC5A3,1.2261305937363134
SLC5A5,0.0002886374789506314
SLC5A6,35.03437474006733
SLC5A7,0.07302190367296232
SLC5A8,0.3418527760399266
SLC5A9,0.0012639779910462107
SLC6A1,0.47048010012030994
SLC6A10P,0.015113379484699888
SLC6A11,0.0012639779910462107
SLC6A12,0.027926993477324552
SLC6A13,0.03435735534901282
SLC6A14,0.3354345050980549
SLC6A18,0.020564936803086797
SLC6A19,0.1185497404542115
SLC6A2,0.05126577654728052
SLC6A20,0.043270739804743864
SLC6A3,0.11152113387915114
SLC6A4,0.0012639779910462107
SLC6A5,0.10319845039380167
SLC6A6,3.300023774239248
SLC6A7,0.22971773402178103
SLC6A8,0.6644898504782045
SLC6A9,0.5222578863098004
SLC7A1,11.679742390378996
SLC7A10,0.44725159747283744
SLC7A11,41.574258318629006
SLC7A2,0.18408324552268363
SLC7A3,0.0007328628910861509
SLC7A5,9.002722652729355
SLC7A6,6.217974051871111
SLC7A7,0.025453357754656725
SLC7A8,0.00907422818965296
SLC7A9,0.017101116863452274
SLC8A1,0.1259628845443961
SLC8A2,0.008148534894563943
SLC8A3,0.23722842177089118
SLC8B1,4.049315730837598
SLC9A1,8.575714918374416
SLC9A2,0.10089426814207571
SLC9A3,0.0002886374789506314
SLC9A4,0.0018607701920200568
SLC9A5,0.11146329339168844
SLC9A7,10.412307505715065
SLC9A8,1.029383666035553
SLCO1A2,0.020689478243287752
SLCO1B1,0.005535110574197037
SLCO1B3,0.97926858191292
SLCO1C1,0.3354345050980549
SLCO2A1,0.0540079142176219
SLCO2B1,12.128160729043708
SLCO3A1,0.08556366306575879
SLCO4A1,4.88438397699368
SLK,9.485007544195998
SMARCD3,0.8931376490474323
SMG1,1.111546888859229
SMPD1,8.554021807669605
SMPD2,3.003848131704256
SMPD3,0.04250043155748251
SMPD4,11.661067618052847
SMS,506.0608441869801
SMURF1,3.17613489474727
SMURF2,32.331429759036524
SMYD3,11.493772800721993
SNRK,2.0655956634856962
SOAT1,19.578330142958016
SOAT2,0.0002886374789506314
SOD1,3178.3203295209573
SOD2,261.48909999974256
SOD3,0.0018607701920200568
SORD,24.89293901984609
SPCS1,202.19232010196117
SPCS2,1285.5087826506303
SPCS3,459.21922052675825
SPEG,5.335715552233277
SPHK1,3.51714711223124
SPHK2,1.041863775138341
SPR,329.97909372687354
SPRYD3,6.504418334672826
SPTLC1,31.47650538492387
SPTLC2,1.7996899218891793
SPTLC3,0.4191366392406838
SQLE,0.4216923726864653
SRC,6.173196645265793
SRD5A1,2.8524412149955416
SRD5A2,0.3354345050980549
SRD5A3,3.534429368745322
SREBF1,56.43380700062417
SRM,717.2168874331085
SRMS,0.0002886374789506314
SRPK1,10.81058505239349
SRPK2,8.091054921154099
SRPK3,0.003948253816962171
SSH1,6.443840299104507
SSH2,10.87096561352827
SSH3,6.318104163132281
SSR4,891.5322870059643
SSU72,94.55805145701626
ST3GAL1,0.5435616731953301
ST3GAL2,2.2407443133369402
ST3GAL3,6.881158820004508
ST3GAL4,23.07167566987297
ST3GAL5,0.8810005995015244
ST3GAL6,0.6336799038284912
ST6GAL1,0.44691193773691584
ST6GALNAC1,0.005535110574197037
ST6GALNAC2,0.18611446543230084
ST6GALNAC3,0.42164272642161
ST6GALNAC4,8.375592519446762
ST6GALNAC5,0.024238910238641775
ST6GALNAC6,8.516092755627797
ST8SIA1,0.011995897830380452
ST8SIA4,0.5786393031260809
ST8SIA5,0.20464811726948057
STAMBP,38.878817196361226
STAMBPL1,2.4509122100382834
STARD3,54.30834847701857
STK10,0.5092072159117548
STK11,27.054361765878046
STK16,2.2582267223521617
STK17A,13.816647685609242
STK17B,1.975682916655049
STK19,8.554647852734725
STK24,27.843626504895845
STK25,4.672417485392642
STK26,8.749764627096074
STK3,5.216903383441301
STK31,0.003948253816962171
STK32A,1.6586117283807253
STK32B,0.0007328628910861509
STK32C,5.553020462023942
STK33,0.019539011099900527
STK35,4.688149053629295
STK36,7.388310691622555
STK38,6.52058411838032
STK38L,3.6037745779561003
STK39,14.994311695475728
STK4,2.640093220500814
STRA6,0.006377308029939412
STS,0.809084722745243
STT3A,34.597521159015294
STT3B,30.2532344166338
STUB1,105.9966183108871
STYK1,1.0801316709229607
STYXL1,14.750113925105428
SUCLA2,79.0078340348606
SUCLG1,200.01755051602058
SUCLG2,929.2042274022737
SULT1A1,1.8099076768164784
SULT1A2,0.00907422818965296
SULT1A3,2.4785062465069627
SULT1B1,11.156590094172376
SULT1C2,0.0018607701920200568
SULT1C4,0.5329401024743777
SULT1E1,1.3273511575593253
SULT2A1,3.553854432798619
SULT2B1,0.10614508268286293
SULT4A1,0.2966803162546008
SUOX,5.230291384153161
SUV39H1,8.521508547997293
SUV39H2,5.490015611109116
SYK,0.7532839986309918
SYNJ1,0.04055905238170731
SYNJ2,0.06323428503074245
SYVN1,0.3185522907964854
TAF1,13.261732530752576
TALDO1,264.6702212664908
TAOK1,1.919255111630537
TAOK2,14.495114375559208
TAOK3,7.050901183826784
TARS,708.9683164476616
TARS2,1.4912825168911645
TARSL2,2.6816335309648607
TAT,0.0007328628910861509
TBCB,183.97497024187064
TBK1,0.5707726028928605
TBL1X,5.664995133920726
TBL1XR1,8.631797762175726
TBXAS1,0.8598636187950129
TCIRG1,42.5416129317038
TDO2,1.1769395955623907
TECR,40.957713912401836
TECRL,0.11400593534832566
TENT2,14.395912087300385
TENT4A,14.818721787690029
TESK1,8.203494794243158
TESK2,0.3992268378838255
TFRC,343.4974572820002
TGDS,3.616815137779844
TGFBR1,2.2677146502195695
TGFBR2,14.868669582864413
TGM1,0.30819708005305185
TGM2,0.258384802451391
TGM3,0.0007328628910861509
TGM4,0.0002886374789506314
TGM5,0.3587832992254833
TGM6,0.018105422639918517
TGM7,0.01438308791538765
TGS1,4.130097528189858
TH,0.3942180720015461
THNSL1,0.4777243897138362
THTPA,6.944543139049406
TIAM2,0.9022682695880854
TICRR,4.4389119150533665
TIPARP,14.228904836756954
TK1,84.09984703521143
TK2,2.233053705338221
TKFC,11.357948076985133
TKT,870.176517261659
TKTL1,0.0007328628910861509
TKTL2,0.0007328628910861509
TLK1,12.24093824916642
TLK2,0.6635607784127556
TM7SF2,3.5864059506878294
TMEM91,2.836084021696773
TMLHE,4.69744670334752
TMX3,15.502936427837117
TNFRSF21,2.028007555665755
TNIK,0.6059995324746374
TNK1,0.4116414132798935
TNK2,12.1815483333663
TNKS,1.3733346934256374
TNKS2,8.809800498719536
TNNI3K,0.020689478243287752
TNS2,9.454791611449222
TOPORS,2.9469599117133143
TP53RK,2.345225195955184
TPH1,0.015113379484699888
TPH2,0.08567194949607831
TPI1,15115.867123391854
TPI1P2,0.3722622168932832
TPK1,0.7157012110483207
TPMT,6.509473051320195
TPO,0.0002886374789506314
TPP1,31.201035133488443
TPSAB1,2.5897220236973384
TPSB2,0.0018607701920200568
TPSD1,5.340733439554472
TPST1,6.018950908500486
TPST2,14.968694130437278
TPTE,0.3354345050980549
TPTE2,0.3354345050980549
TRAF7,27.72633222551557
TRDMT1,0.5868133308017424
TREH,0.0012639779910462107
TREX1,4.478610463268874
TREX2,0.08723479314846166
TRHDE,0.16409112762791558
TRIB3,20.428266269397398
TRIM11,9.588528426034989
TRIM32,1.1495712139370167
TRIM33,4.295368121713308
TRIM63,0.0002886374789506314
TRIO,2.983950842555959
TRIP12,33.34166813627483
TRIT1,12.110378214714578
TRMT1,5.598536884602534
TRMT11,10.287069071596909
TRMT1L,5.533614749812767
TRMU,13.608635661527536
TRPM6,0.5090546124657925
TRPM7,5.611341783511732
TSSK1B,0.20447763106973466
TSSK2,0.015113379484699888
TSSK3,0.24301822608462695
TSSK4,0.2561748575183127
TSSK6,0.10968316805894532
TST,3.560393368121955
TSTA3,141.63302601601328
TTC3,19.191402025236705
TTK,0.33198945265064983
TTL,3.872379186409182
TTLL10,0.015657737481541003
TTN,0.010024785130332076
TUSC3,3.14725572204151
TUT1,0.21821352834460872
TUT4,20.80859822691494
TUT7,2.549823642948921
TXN,5691.54743858222
TXN2,34.50728862845442
TXNRD1,2768.665512543366
TXNRD2,15.22578840190263
TXNRD3,0.9101229159967732
TYMP,49.083661544488926
TYMS,506.5274723878537
TYR,0.002511697801378982
TYRO3,2.779024285332463
TYRP1,0.01619225755837382
UAP1,186.26132748108807
UAP1L1,0.7329858848623011
UBA1,518.7937813388734
UBA2,231.37266345407403
UBA3,68.05543166515379
UBA6,163.53749247917736
UBA7,9.44366862147557
UBE2A,74.4062295755682
UBE2B,47.445443136132944
UBE2C,45.85532612144125
UBE2D1,3.075591214404873
UBE2D2,34.06763349807221
UBE2D3,1941.4470843240529
UBE2D4,5.321307839233348
UBE2E1,79.23993637657824
UBE2E2,4.49547789462758
UBE2E3,10.897564772245477
UBE2F,1.436565885263771
UBE2G1,14.9423652206483
UBE2G2,19.93187879461911
UBE2H,168.70789698879616
UBE2I,1700.486769194155
UBE2J1,6.116100537661341
UBE2J2,60.30798047717776
UBE2K,1323.1628594464707
UBE2L3,3235.6685441022937
UBE2L6,55.486072239398936
UBE2M,177.7214461271404
UBE2N,150.70059294973237
UBE2NL,0.3354345050980549
UBE2O,8.602851080978493
UBE2Q1,10.716972400777614
UBE2Q2,1.430852996766447
UBE2QL1,0.02621204836689679
UBE2R2,7.209942008678151
UBE2S,309.8180091650317
UBE2T,11.75976829726311
UBE2U,0.023784263818109993
UBE2W,3.1090136601760436
UBE2Z,79.76639729862306
UBE3A,16.331810773495583
UBE3B,4.987990581680166
UBE3C,3.0624276249186306
UBE4A,0.6796992985088033
UBE4B,4.638665596741253
UBLCP1,54.05059475707907
UBR1,0.6275908021300393
UBR2,1.7851075605199584
UBR3,0.0159588823416283
UBR4,23.820312984172283
UBR5,0.6977123420293228
UBR7,24.76473035621953
UCK1,6.24234634641195
UCK2,30.647144768426696
UCKL1,14.451691907105058
UCP1,0.058364989262093596
UCP2,4.6000574450637775
UCP3,0.30819708005305185
UEVLD,5.69422992829556
UGCG,14.191859986550128
UGDH,480.41709053878253
UGGT2,3.669097695735266
UGP2,950.858541697347
UGT1A1,0.5818457107151666
UGT1A10,0.0032092941227006397
UGT1A3,1.0114790584917612
UGT1A4,0.0951329295757727
UGT1A5,0.4044927492424471
UGT1A6,0.13464451638093317
UGT1A7,0.817507176308654
UGT1A8,0.1293154038699776
UGT1A9,0.11549856641655931
UGT2A1,0.3354345050980549
UGT2A3,1.2389146853275619
UGT2B10,1.2536713325042186
UGT2B11,0.23720441855058141
UGT2B15,0.6704297803167216
UGT2B17,0.0002886374789506314
UGT2B28,0.6936387983112186
UGT2B4,0.0007328628910861509
UGT2B7,0.0012639779910462107
UGT3A1,0.12021469926971337
UGT3A2,0.008148534894563943
UGT8,6.681929187561601
UHMK1,17.491087926273224
UHRF1,0.3354345050980549
UHRF2,7.9311189565561415
ULK1,3.7962352579159995
ULK3,25.996714156077307
ULK4,3.9422461589016793
UMPS,407.1693988051723
UPB1,0.0007328628910861509
UPP1,37.0200678229577
UPP2,0.3354345050980549
UPRT,4.152811880114239
UQCR10,24.94479614805746
UQCR11,47.992742804796514
UQCRB,276.3024933832953
UQCRC1,1998.6867402478208
UQCRC2,1661.6933396111547
UQCRFS1,224.00278945151803
UQCRH,310.5490556938338
UQCRQ,165.97411710157957
UROC1,0.0002886374789506314
UROD,79.55287642349985
UROS,16.99155205856926
USP1,35.10440678381618
USP10,7.21890796993732
USP11,58.99742957069268
USP12,6.0834513861689485
USP13,5.611341783511732
USP14,135.02241903755683
USP15,8.006215522537536
USP16,9.970042344759301
USP17L2,0.7544524097088302
USP17L22,0.04998256910149056
USP17L30,0.050968258904732194
USP17L5,0.050968258904732194
USP17L9P,0.3354345050980549
USP18,64.87473367516888
USP19,2.3268363928977243
USP2,0.6899738305527295
USP20,1.616012538412603
USP21,14.495114375559208
USP22,59.104136486113255
USP24,1.8289075350254826
USP25,0.03725306179193529
USP26,0.08118014005684498
USP28,12.086678595097577
USP29,0.08228852752006045
USP3,1.1809136378581992
USP30,0.10704359017098077
USP31,2.8075170275548857
USP32,1.0024325048982483
USP33,14.290701165567967
USP34,16.77860502501137
USP35,1.630180705436596
USP36,12.995525073488823
USP37,2.4312507332175533
USP38,6.575275725512918
USP4,2.4131407564324774
USP40,0.45743452572432863
USP41,286.35691995305774
USP42,1.3801263119045262
USP43,0.2695068999783174
USP44,2.7546613139485605
USP45,2.5418739466206812
USP46,2.5617600959133964
USP47,3.747093369177558
USP48,0.44555971777368303
USP49,1.8099076768164784
USP51,0.7766544688687551
USP6,0.0007328628910861509
USP7,30.65259368450006
USP8,0.7728892395626874
USP9X,7.9806740204870605
USP9Y,2.6778762909613882
UST,1.326035086798299
UXS1,27.221958149635398
VARS,302.5127761922301
VARS2,57.30478019937165
VKORC1,238.52176594090298
VNN1,0.18611446543230084
VNN2,0.020689478243287752
VNN3,0.3354345050980549
VRK1,76.76640435221888
VRK2,6.412389769308473
VRK3,10.111258004433022
WARS,1853.7866519226793
WARS2,8.754915933309858
WDYHV1,4.646368107201971
WEE1,11.873918690499828
WEE2,0.017169555008959787
WNK1,5.253617272783885
WNK2,0.13712840168559357
WNK3,0.07250104289762906
WNK4,0.1504549622231623
WWOX,3.9823110910876505
WWP1,4.053792871895045
WWP2,0.05314162718582243
XDH,0.18839068830458794
XPO6,0.8942032782620961
XPO7,7.273658921460652
XYLB,3.1131979639015213
XYLT1,0.0018607701920200568
XYLT2,10.469362134207296
YARS,4135.423435154655
YARS2,17.098522610805283
YES1,20.61141627803326
ZADH2,9.806871876377071
ZAP70,0.010024785130332076
ZC3HAV1,3.9225158851350566
ZNRD1,5.009891154856897
ZNRF1,17.15981167384087
ZNRF2,2.3073961465865356
ZSWIM2,0.015679988656711358
