A4GALT,3.4010892689989385
A4GNT,0.0012085398280794622
AACS,105.28819046005823
AADAC,0.0012085398280794622
AADAT,1.4922768759600116
AAK1,30.952013551755073
AANAT,0.007115518866598108
AARS,485.75202696167867
AARS2,4.366898834576843
AASDH,1.688339961971332
AASDHPPT,9.691006743363996
AASS,3.8976589934890704
AATK,0.09962730297865598
ABAT,1.448630326506745
ABCA1,1.0186399882572734
ABCA3,0.43648056541199864
ABCA4,1.2840018002023177
ABCA8,0.0004980674539427328
ABCB1,0.047947178135294546
ABCB11,0.04664320692677182
ABCB4,0.002029811091378691
ABCB6,16.36264655942628
ABCC1,0.8894808970107393
ABCC11,0.010692401367522855
ABCC2,0.27913947935582734
ABCC3,0.06663605771804156
ABCC4,8.619922053650086
ABCC5,44.318744252927885
ABCC8,0.002029811091378691
ABCC9,0.0004980674539427328
ABCD1,1.1410381642196277
ABCD2,0.508865677064286
ABCD3,80.29538047462421
ABCG2,0.0049252516461166795
ABCG5,0.002029811091378691
ABCG8,0.026673876708283938
ABHD12,10.23715202128649
ABHD5,5.536887660002659
ABHD6,0.1505380148252468
ABL1,11.968489870884111
ABL2,3.776609967209443
ABO,0.00946542537209432
ACAA1,81.84352865698735
ACAA2,11.181414775304738
ACACA,0.3354345050980549
ACACB,1.1548224466678045
ACAD10,6.921380299047929
ACAD11,4.84815177739213
ACAD8,30.703716037669206
ACAD9,273.7917448629818
ACADL,0.10165412001952459
ACADM,13.382019929613225
ACADS,5.199231187834776
ACADSB,38.98295481358039
ACADVL,541.2311554631864
ACAT1,40.630963704962426
ACAT2,20.456260818543573
ACE,0.1461266276461624
ACE2,0.11817932072336204
ACER1,0.16791837461055348
ACER2,0.4281252295058405
ACER3,2.447273568242158
ACHE,0.39233305752275904
ACLY,81.46800706516822
ACMSD,0.0029324713038211695
ACO1,19.850747505699832
ACO2,50.24033661932052
ACOT1,0.022967458446311456
ACOT11,2.119062341397375
ACOT12,0.0049252516461166795
ACOT13,4.975155088864981
ACOT2,0.10165412001952459
ACOT4,1.0896716860628735
ACOT6,0.009586111032012986
ACOT7,72.21366186074985
ACOT8,7.100335595530894
ACOX1,2.8820853815358407
ACOX2,0.0779475418139304
ACOX3,1.970552258846571
ACP1,11674.062267680565
ACP2,5.758429372636486
ACP4,0.0012085398280794622
ACP5,1.6100251376398211
ACP6,5.068575332488868
ACP7,0.44999467512671487
ACPP,0.002029811091378691
ACSBG1,0.06478914474890479
ACSBG2,0.07224349592480882
ACSF2,35.50039344837949
ACSF3,6.85516594863112
ACSL1,17.84060962863724
ACSL3,12.213053772080674
ACSL4,1.1596535734840083
ACSL5,0.17547641020686033
ACSL6,0.003900922589415884
ACSM1,0.00946542537209432
ACSM2A,0.0585122933778039
ACSM2B,0.06320048198640206
ACSM3,1.598903894181721
ACSM4,0.24076687484729298
ACSM5,0.38590455571506443
ACSS1,0.04870445475918264
ACSS2,3.2490010360091377
ACSS3,2.0850951717161395
ACVR1,0.5190012738770744
ACVR1B,6.804326491410412
ACVR1C,0.0049252516461166795
ACVR2A,0.8281226861093917
ACVR2B,0.6015003588691171
ACVRL1,0.08962961495729922
ACY1,155.08713631138366
ACY3,1.0260649022957022
ACYP1,8.96370795335115
ACYP2,2.0094295624615652
ADA,4.645482434584132
ADCY1,0.011950916950157407
ADCY10,0.002029811091378691
ADCY2,0.12882048009940458
ADCY3,11.619141448876213
ADCY4,0.00599851098850304
ADCY5,0.9387667923217132
ADCY6,16.338046945716297
ADCY7,8.152070644094033
ADCY8,0.10844658669179806
ADCY9,2.6978990195358046
ADH1A,15.260920881477592
ADH1B,0.003900922589415884
ADH1C,0.0049252516461166795
ADH4,3.1026068878428408
ADH5,600.5025851239291
ADH6,0.04189403407695107
ADH7,0.11332845673771044
ADHFE1,0.4281252295058405
ADI1,76.26735109141495
ADK,20.33364303176954
ADO,6.594781237231462
ADPGK,59.58893614730049
ADPRH,0.15253153955334897
ADSL,556.5251770615766
ADSS,106.9627573707035
ADSSL1,6.977515965647324
AFMID,9.85775024533156
AGA,30.38168739618149
AGK,14.319130814355963
AGL,0.3684303549741108
AGMAT,0.0049252516461166795
AGPAT1,5.306081410368735
AGPAT2,34.093745007443644
AGPAT3,18.91303081938622
AGPAT4,0.22243141284084766
AGPAT5,7.936058337482226
AGPS,71.92908464497467
AGT,0.003900922589415884
AGXT,1.1981950333722313
AGXT2,0.0012085398280794622
AHCY,9376.91678076233
AHCYL1,42.55569550517585
AHCYL2,1.6909448441052757
AICDA,0.02007224190213457
AK1,301.04733576376714
AK2,1699.9224266903727
AK3,0.36259168122420316
AK4,395.5785612718016
AK5,0.2842129781799699
AK7,1.771242190341063
AKR1A1,168.35063581728014
AKR1B1,163.05364960438246
AKR1B10,0.0936009802006908
AKR1B15,2.0793115605776
AKR1C1,6.5161311640969055
AKR1C2,11.345842254195585
AKR1C3,14.003245380222888
AKR1C4,5.522781755496033
AKR1C8P,0.3354345050980549
AKR1D1,3.5763124860476507
AKR7A2,276.00789099138933
AKR7A3,0.6285688089288927
AKT1,5.584699053646285
AKT2,3.640826092885241
AKT3,0.022967458446311456
ALAD,193.08532582098323
ALAS1,23.992943013940746
ALAS2,0.00599851098850304
ALB,0.1527543770579238
ALDH18A1,619.2733465850667
ALDH1A1,3.6830408454667087
ALDH1A2,0.27913947935582734
ALDH1A3,0.478775245527085
ALDH1B1,17.909586594186322
ALDH1L1,0.2515989292091477
ALDH1L2,1.6995936226305572
ALDH2,176.10204051073936
ALDH3A1,0.021509223287277134
ALDH3A2,60.784264407190676
ALDH3B1,1.6137359499858184
ALDH3B2,0.2198830393536684
ALDH4A1,3.107010671954625
ALDH5A1,1.733451991596495
ALDH6A1,12.93624620955961
ALDH7A1,277.0637627003763
ALDH9A1,653.3588954205186
ALDOA,8403.083183216557
ALDOB,0.0029324713038211695
ALDOC,4.146778394136564
ALG1,14.46866452754389
ALG10,3.4054568377125918
ALG11,4.519655260258167
ALG12,4.7063332331064265
ALG13,13.536350667273666
ALG14,1.2769434668348245
ALG1L,0.028998399718757426
ALG1L2,0.033712467140230656
ALG2,61.507416695919424
ALG3,3.0435674429540844
ALG5,31.60847899993059
ALG6,5.113160749844451
ALG8,20.8704666814373
ALG9,8.759231279353111
ALK,18.6278297617661
ALLC,0.0029324713038211695
ALOX12,0.04698104008338073
ALOX12B,0.0539540778160224
ALOX15,0.011950916950157407
ALOX15B,0.0012085398280794622
ALOX5,0.5452281770012783
ALPG,0.018657360077442585
ALPI,0.09522613776587274
ALPL,0.25655962807742044
ALPP,0.007115518866598108
AMACR,208.5608289002501
AMD1,46.246263869754195
AMDHD1,0.018657360077442585
AMDHD2,10.590502650791048
AMFR,0.24986764235380599
AMHR2,0.007115518866598108
AMN,0.5423002053999039
AMPD1,0.11167496795558433
AMPD2,19.356473855957415
AMPD3,1.3221610149352758
AMT,1.7523248777014084
AMY1A,2.6438139326066277
AMY1B,2.6438139326066277
AMY1C,2.6438139326066277
AMY2A,0.0889939016823485
AMY2B,0.13522548458518147
ANAPC11,206.0082165330707
ANGPTL4,0.04189403407695107
ANKRD1,0.17073385212953424
ANPEP,0.03693845505331104
ANXA3,299.42062509860364
AOAH,0.3354345050980549
AOC1,0.0684942014398121
AOC2,0.4532959317377386
AOC3,0.3841712504895681
AOX1,0.0012085398280794622
APOA1,0.057517497100471764
APOA2,0.09560062771124699
APOA5,0.0004980674539427328
APOB,0.0029324713038211695
APOC1,12.825319777407842
APOC2,0.0029324713038211695
APOC3,46.87519708233557
APOE,14.396846073155775
APRT,718.2097701412591
AQP1,0.16619831265270407
AQP10,0.0037868645526527175
AQP2,0.0004980674539427328
AQP3,0.44767542835741264
AQP4,0.12071685379157386
AQP5,1.113535437868504
AQP7,0.15720814768446947
AQP8,0.0797973813681842
AQP9,0.6662584988824668
ARAF,0.793569366571444
ARCN1,283.59436358128045
ARG1,0.007115518866598108
ARG2,6.190851496885405
ARSA,5.373131873016461
ARSB,1.3638287556164752
ART1,0.0012085398280794622
ART3,0.0012085398280794622
ART4,0.6605953935056178
ART5,0.1373909079528972
AS3MT,5.406100712848545
ASAH1,55.55820580782225
ASAH2,0.14174409209830027
ASH1L,0.01448570896021312
ASL,238.27632631730836
ASMT,0.0566304971118221
ASNS,383.59067401482525
ASPA,0.011950916950157407
ASPG,0.11191903311682831
ASPH,631.5149121060547
ASRGL1,216.90496563405895
ASS1,1014.0675165920071
ATE1,2.360805834198137
ATIC,864.0152517705184
ATM,1.4636763606190804
ATP10A,0.0029324713038211695
ATP11A,40.21891332989797
ATP11C,25.98961767721621
ATP1A1,222.06927254090016
ATP1A2,0.0004980674539427328
ATP1A3,0.06663605771804156
ATP1A4,8.854064531433167
ATP1B1,551.2954578870769
ATP1B2,0.007115518866598108
ATP1B3,55.10020017607249
ATP1B4,0.0004980674539427328
ATP2B1,11.164945958829955
ATP2B2,0.002029811091378691
ATP2B3,0.0004980674539427328
ATP2B4,7.930805588341237
ATP4A,0.043575533228408944
ATP4B,0.0012085398280794622
ATP5F1A,489.1096548223103
ATP5F1B,1512.8330555566206
ATP5F1C,334.94421350810217
ATP5F1D,62.4031031802069
ATP5F1E,48.61222655451033
ATP5MC1,305.9897558863856
ATP5MC2,340.09697041748353
ATP5MC3,412.37489499245305
ATP5ME,321.8258913904157
ATP5MF,1267.757566638125
ATP5MG,239.85232890201746
ATP5MGL,0.011950916950157407
ATP5PB,228.56713943332866
ATP5PD,410.7222370634378
ATP5PF,164.78189343747786
ATP5PO,203.72426655273884
ATP5S,0.3354345050980549
ATP6V0A1,1.5024646135916369
ATP6V0A2,1.0725276286031817
ATP6V0A4,0.3360072467056482
ATP6V0B,63.82314154793678
ATP6V0C,177.2270397213626
ATP6V0D1,249.65685428818858
ATP6V0D2,0.1314675993445951
ATP6V0E1,254.89789287306655
ATP6V1A,103.35543108584748
ATP6V1B1,1.3836962266426134
ATP6V1B2,404.3295905730362
ATP6V1C1,23.30179127036018
ATP6V1C2,4.998890329459995
ATP6V1D,69.72303655658105
ATP6V1E1,99.0274655816665
ATP6V1E2,2.4148044188599633
ATP6V1F,29.714901342396104
ATP6V1G1,53.57189864608455
ATP6V1G2,0.22954209535110467
ATP6V1G3,0.011950916950157407
ATP6V1H,12.092798177957926
ATP7A,0.36259168122420316
ATP7B,1.6026091073082451
ATP8A1,0.030552482255475324
ATP8B1,2.487992400304541
ATP8B2,10.512246350566521
ATR,0.07676464201804771
AUH,2.274336601993245
AURKA,0.4657415832076082
AURKB,29.22569800334266
AURKC,0.6015003588691171
AWAT1,0.0633604788899994
AWAT2,0.6905945531355334
AXL,0.004882324056455085
AZIN2,0.6865487073722579
B3GALNT1,4.645482434584132
B3GALNT2,11.842235403137657
B3GALT1,0.3354345050980549
B3GALT2,0.02885067557006111
B3GALT4,0.19146530352637295
B3GALT5,0.0004980674539427328
B3GALT6,4.4223140078106935
B3GAT1,0.003900922589415884
B3GAT2,0.014555135818233497
B3GAT3,30.048559743855314
B3GLCT,2.793758374755338
B3GNT2,4.932493856659793
B3GNT3,0.30212506826240565
B3GNT4,0.6896308945074459
B3GNT5,0.840981242995453
B3GNT6,0.00599851098850304
B3GNT7,1.4558850965748698
B3GNT8,0.1309173113235762
B3GNT9,0.08180189032482629
B3GNTL1,1.9280063879716514
B4GALNT1,1.5804059468068716
B4GALNT2,0.007115518866598108
B4GALNT3,4.5801446629674665
B4GALNT4,2.7728574217610453
B4GALT1,45.76848289889325
B4GALT2,27.19306170959511
B4GALT3,18.79883704045154
B4GALT4,16.000623945651547
B4GALT5,27.537101321776436
B4GALT6,1.1341595881260575
B4GALT7,16.720244026329457
B4GAT1,4.151338799431392
BAAT,0.00599851098850304
BARD1,4.889912928822968
BBOX1,0.0012085398280794622
BCAP31,1341.2269068768892
BCAT1,0.16394057888249813
BCAT2,43.502532896906246
BCHE,0.007115518866598108
BCKDHA,4.791167661005278
BCKDHB,3.8303066972581714
BCKDK,13.146991638163795
BCO1,3.283630000477657
BCR,1.0511538173338968
BDH1,22.47915633647783
BDH2,23.37288293776001
BHMT,0.1077872833352114
BHMT2,18.91303081938622
BIRC6,8.067550903433869
BLK,0.002029811091378691
BLVRA,196.68365177661963
BLVRB,830.0454253032239
BMP1,2.1704024081541435
BMP2K,0.31707625816932483
BMPR1A,10.462005665331818
BMPR1B,0.04698104008338073
BMPR2,11.379926952744736
BMX,0.014555135818233497
BPGM,6.8183174404775215
BPNT1,20.643723489340402
BRAF,4.491796359994568
BRAP,0.17189212359575337
BRPF1,10.708123736140529
BRSK1,0.48447826897047275
BRSK2,0.4087678209563241
BSCL2,24.556019214114773
BSG,112.33339708247878
BTD,2.9198763004121635
BUB1,27.413138447315493
BUB1B,1.8044842248472286
C1GALT1,17.017454742182842
CA1,0.00827223909948085
CA12,95.00945834185994
CA13,1.0923242315503894
CA14,0.0684942014398121
CA2,1.9434541719394236
CA3,8.255151240888905
CA4,0.014555135818233497
CA5A,0.08417582761312976
CA5B,0.4880570604699654
CA6,10.425839500790367
CA7,0.1495136882661207
CA8,32.799819975055975
CA9,0.01589771802177715
CAD,123.09437252420399
CALM1,59.41299030013667
CAMK1,5.78997079095131
CAMK1D,0.00599851098850304
CAMK1G,0.0029324713038211695
CAMK2A,0.002029811091378691
CAMK2B,0.530622854594488
CAMK2D,997.8469092830841
CAMK2G,11.000802355584703
CAMK4,0.0004980674539427328
CAMKK1,0.15497777370772747
CAMKK2,9.968033590884904
CANT1,26.309827253133392
CARM1,12.409458357814422
CARNS1,0.05931762030724974
CARS,24.026379582347612
CARS2,19.58283626310793
CASK,12.514084141917298
CAT,46.5462294463049
CBLC,5.223195106014796
CBLL1,10.012221697565968
CBLL2,0.027434690025870352
CBR1,82.69201505647499
CBR3,59.81000162628029
CBR4,15.248716947987143
CBS,41.38248216533184
CBSL,41.38248216533184
CBX1,300.8824426741579
CCNB1IP1,20.546713482521657
CD36,0.05219122993874148
CD38,0.00946542537209432
CDA,1.8184239988478719
CDC14A,0.4617552234554963
CDC14B,6.012275475002766
CDC25A,9.621552053571047
CDC25B,19.052805378870527
CDC25C,3.4623460895328915
CDC34,4.877740045707018
CDC42BPA,0.7199369749610105
CDC42BPB,3.863804446578046
CDC42BPG,6.8857091711066944
CDC7,8.364024383667482
CDIPT,73.42859931428559
CDK1,109.1165698939986
CDK10,14.378903643893953
CDK11A,33.65402682526524
CDK11B,31.71575754885879
CDK12,19.040089332716818
CDK13,10.961117614162807
CDK14,0.021509223287277134
CDK15,0.0004980674539427328
CDK16,72.28168621396685
CDK17,13.77178779920365
CDK18,10.797929438656912
CDK19,3.9742994239409466
CDK2,67.14381377160915
CDK20,11.062674437458677
CDK3,2.3179693960463794
CDK4,36.01199491542032
CDK5,27.95169621869337
CDK6,0.1407693501424668
CDK7,137.70225307802636
CDK8,3.6830408454667087
CDK9,34.446590738623534
CDKL1,3.094171401280839
CDKL2,0.9785256569958328
CDKL3,1.2382752338557608
CDKL4,0.013239049821824455
CDKL5,1.1894399983457296
CDKN3,63.36830237104239
CDO1,0.0004980674539427328
CDS1,4.753258676125716
CDS2,6.270582553856415
CDY1,0.256335927830294
CDY1B,0.256335927830294
CDY2A,0.04923577690024244
CDY2B,0.04923577690024244
CEL,0.378750927416989
CEPT1,2.8394425465934083
CERCAM,11.436784265032184
CERK,6.240657344455861
CERS1,2.366278893117848
CERS2,74.76550402190014
CERS3,0.0049252516461166795
CERS4,19.614133923480797
CERS5,27.668083153970226
CERS6,5.314476327947068
CES1,0.013239049821824455
CES2,10.056452369272428
CES3,1.9589287764817271
CES5A,0.03703753789261324
CFTR,0.3176653757782216
CH25H,0.00946542537209432
CHAT,0.0004980674539427328
CHD9,8.780706607068025
CHDH,1.347904876456998
CHEK1,4.8650237355804045
CHEK2,7.141379032700448
CHFR,17.029863257148033
CHI3L1,0.0004980674539427328
CHIA,0.00946542537209432
CHIT1,0.0004980674539427328
CHKA,15.44692450182025
CHKB,10.932943678308426
CHMP4A,72.62201725993624
CHPF,12.609905303446574
CHPF2,13.517570910937305
CHPT1,0.9885212333463583
CHST1,0.002029811091378691
CHST10,3.1713801792325538
CHST11,1.5509073088519343
CHST12,5.692770559690685
CHST13,0.011950916950157407
CHST14,0.3655281095162941
CHST2,0.9818550538101137
CHST3,11.073971122163652
CHST4,0.002029811091378691
CHST5,0.12028245339723916
CHST6,2.7686813420590406
CHST7,0.9851869141608479
CHST8,0.04870445475918264
CHST9,0.3354345050980549
CHSY1,8.791448568927484
CHSY3,0.10984892226756482
CHUK,2.037110970565488
CHURC1-FNTB,6.190851496885405
CIDEA,0.025944664338474258
CINP,1.0664055568699071
CIT,9.64895267233393
CKB,59.10354108943065
CKM,0.00599851098850304
CKMT1A,0.01589771802177715
CKMT1B,0.22954209535110467
CKMT2,1.1824986823400265
CLC,1.416608020365395
CLCF1,7.383543860055188
CLK1,1.4283291299925092
CLK2,38.34280039588612
CLK3,1.3499029666918752
CLK4,0.35061126914148905
CLOCK,1.6026091073082451
CLPS,9.828993754263943
CLTRN,0.2640399881004618
CLYBL,1.1582741471194467
CMA1,0.00599851098850304
CMAHP,0.02007224190213457
CMAS,13.807341848338407
CMPK1,346.4933034678272
CMPK2,0.3098739785223136
CMTR1,22.13037649113767
CNDP1,0.00946542537209432
CNDP2,273.4429041734278
CNOT4,3.2230819788070444
CNP,34.86804396017909
COASY,401.8138949840447
COL4A3BP,13.44968144316195
COLGALT1,119.40519443827685
COLGALT2,0.007115518866598108
COMT,156.12888901347952
COMTD1,339.2649923307359
COP1,12.048985286632025
COPA,329.5750292567268
COPB1,292.3399073972559
COPB2,147.67511715607645
COPE,657.851672619919
COPG1,330.1261786546913
COPG2,141.31174915834924
COQ2,13.759940893186085
COQ3,5.65859065542241
COQ5,3.4551860275976467
COQ6,11.556385252796966
COQ7,0.2931092931937656
COX1,7976.542584024478
COX17,41.804639545446804
COX2,67535.550363463
COX3,42792.711766535765
COX4I1,1228.629508912853
COX4I2,0.3485321525399708
COX5A,364.2041227048702
COX5B,347.1965200622741
COX6A1,31.67246076474834
COX6A2,2.1594511708694366
COX6B1,112.08623381972888
COX6B2,0.03693845505331104
COX6C,534.0477586301864
COX7A1,0.06663605771804156
COX7A2,89.17233798254566
COX7A2L,71.99267922654866
COX7B,59.771739401488496
COX7B2,0.3354345050980549
COX7C,383.9009558851465
COX8A,972.8985895522368
COX8C,0.7410518340738615
CP,0.13344220201623264
CPA1,0.0029324713038211695
CPA2,0.02007224190213457
CPA5,0.002029811091378691
CPA6,0.05651024032218487
CPOX,58.72747007803906
CPS1,6.784013842898175
CPT1A,0.349778826004053
CPT1B,13.955698389558247
CPT1C,0.2344053052225795
CPT2,70.48764827666584
CRAT,6.3479886553373
CREBBP,0.167690904793101
CRLS1,9.918372981756907
CROT,8.184702188633985
CS,4293.470482926722
CSAD,5.319290137806425
CSF1R,0.00827223909948085
CSGALNACT1,6.834820264893313
CSGALNACT2,3.620947373379333
CSK,23.46599858451827
CSNK1A1,71.07343110613813
CSNK1A1L,0.003900922589415884
CSNK1D,135.59012204540312
CSNK1E,5.719981932074837
CSNK1G1,2.789575447427094
CSNK1G2,42.39419582128113
CSNK1G3,2.6854496501088803
CSNK2A1,263.84419745680276
CSNK2A2,264.59577539302717
CSNK2B,329.919669856601
CTBP1,78.75630415146857
CTDP1,1.2448875001528514
CTDSP1,25.000423145194684
CTDSP2,19.352163769383193
CTDSPL,9.294078865727796
CTDSPL2,3.9846350435547975
CTGF,0.3354345050980549
CTH,98.51654336592188
CTPS1,56.69719090875836
CTPS2,7.841625133109704
CTSA,167.47539714917022
CTSB,64.95917623787305
CTSC,136.5760715013788
CTSD,189.44603399340772
CTSE,0.017265508676909843
CTSF,0.8603496151061557
CTSG,11.536222620817302
CTSH,9.348485652803284
CTSK,0.6497997933652796
CTSL,4.08208427763755
CTSO,0.12451278809806555
CTSS,1.5288632166424254
CTSV,18.419284986115365
CTSW,0.018657360077442585
CTSZ,10.057089915694814
CUBN,0.013239049821824455
CWC27,13.617951775024236
CYB5D1,13.458599104328995
CYB5R1,14.558546998731204
CYB5R2,0.07603571789573972
CYB5R3,1609.7404414841544
CYBB,0.11191903311682831
CYBRD1,0.014555135818233497
CYC1,573.1011951088193
CYLD,1.0687694870628004
CYP11A1,0.0012085398280794622
CYP11B1,0.8426372984421979
CYP11B2,0.08105018928386314
CYP17A1,0.0029324713038211695
CYP19A1,0.00599851098850304
CYP1A1,0.6406819785131467
CYP1A2,0.002029811091378691
CYP1B1,0.024446174990627654
CYP21A2,0.00827223909948085
CYP24A1,0.0539540778160224
CYP26A1,0.011950916950157407
CYP26B1,0.4032732486541676
CYP27A1,3.034408708896061
CYP27B1,6.235672846131373
CYP2A13,0.04638837469548625
CYP2A6,0.027462273759854706
CYP2A7,0.00599851098850304
CYP2B6,0.17301155676253274
CYP2C18,0.1395637990539281
CYP2C19,0.08962961495729922
CYP2C8,0.0012085398280794622
CYP2C9,0.9619157920447067
CYP2D6,0.25655962807742044
CYP2E1,0.08962961495729922
CYP2F1,0.04189403407695107
CYP2J2,0.3098739785223136
CYP2S1,1.4558850965748698
CYP2U1,0.246659467024904
CYP39A1,0.14647438830950268
CYP3A4,0.16992399508159514
CYP3A43,1.2489318499587934
CYP3A5,0.0684942014398121
CYP3A7,0.0004980674539427328
CYP46A1,0.13522548458518147
CYP4A11,1.6372931884537043
CYP4B1,0.02007224190213457
CYP4F11,1.4776966661129363
CYP4F12,0.00599851098850304
CYP4F2,1.3721447209835187
CYP4F22,0.0029324713038211695
CYP4F3,0.003900922589415884
CYP4F8,0.3354345050980549
CYP4V2,0.5776601703262744
CYP4X1,0.05572957651097384
CYP4Z1,0.08130083947706235
CYP51A1,133.97753381254125
CYP7A1,0.015615087844251259
CYP7B1,0.0004980674539427328
CYP8B1,0.07036340305567562
CYTB,8182.034838197062
DAD1,674.1684047049038
DAGLA,0.8377625566441103
DAGLB,11.090920861254805
DAO,0.0012085398280794622
DAPK1,23.499273724240542
DAPK2,0.20084224088954605
DAPK3,6.2365682291305555
DARS,3150.8755675099274
DARS2,4.913559062434341
DBH,0.007115518866598108
DBI,523.5984458942073
DBT,3.4798917163365055
DCK,7.121681581771788
DCLK1,222.9560567225978
DCLK2,0.3281189778590266
DCT,0.00827223909948085
DCTD,9.047526668352189
DCTPP1,53.5470425406327
DCXR,65.78281562047798
DDAH1,129.01030542694568
DDAH2,73.56760360216373
DDC,0.003900922589415884
DDO,0.014555135818233497
DDOST,1249.0671662449124
DDR1,10.006695854282096
DDR2,0.10165412001952459
DECR1,159.89219956636433
DECR2,18.697458254452453
DEGS1,6.950349653120513
DEGS2,0.08765812672529273
DERA,52.189297759771186
DGAT1,16.338046945716297
DGAT2,0.06478914474890479
DGKA,4.927758669648821
DGKB,0.003900922589415884
DGKD,8.587843082118136
DGKE,1.6472167435595615
DGKG,0.0004980674539427328
DGKH,2.492072326661186
DGKI,0.0004980674539427328
DGKQ,1.0794606753776639
DGKZ,23.92610035723916
DGUOK,41.88322258042044
DHCR24,7.905980594949308
DHCR7,58.96521746795927
DHDH,0.11608431783634358
DHFR,1885.8677255257653
DHODH,3.9472127231684984
DHRS2,25.887603448655664
DHRS3,5.17050625066805
DHRS4,587.1920343628302
DHRS9,0.3354345050980549
DIO1,0.04172690138711559
DIO2,0.12028245339723916
DIO3,0.11155151189974315
DLAT,645.9996496539858
DLD,1355.2677265591838
DLST,236.5374659964314
DMGDH,2.154576946680296
DMPK,24.751073507829478
DNAJC6,0.7898088954532596
DNMT1,56.36615643007791
DNMT3A,1.7296827694359251
DNMT3B,6.551376643661751
DNMT3L,0.03798289307998578
DOLPP1,12.627341662740529
DOT1L,13.517570910937305
DPAGT1,13.411462180921735
DPEP1,0.017265508676909843
DPEP2,0.5881516948146499
DPEP3,0.003900922589415884
DPH5,83.96335887481052
DPM1,1119.3260203320797
DPM2,32.78550457633368
DPM3,20.09722169121654
DPYD,0.38960830091372756
DPYS,0.002029811091378691
DPYSL2,296.2908772036508
DPYSL3,0.7497441137372496
DSTYK,1.3872865772529295
DTYMK,54.59749771470948
DUOX1,0.014555135818233497
DUOX2,0.0012085398280794622
DUPD1,0.11783200419515537
DUSP1,26.132584364387057
DUSP10,3.4623460895328915
DUSP11,23.29313384420601
DUSP12,10.58587485779609
DUSP13,0.011950916950157407
DUSP14,0.3354345050980549
DUSP15,0.024446174990627654
DUSP16,9.973554772817975
DUSP18,1.196390158361804
DUSP19,0.043575533228408944
DUSP2,4.033125368376878
DUSP21,0.08186674790155296
DUSP22,1.2840018002023177
DUSP23,12.377924334431565
DUSP27,0.1527543770579238
DUSP28,0.7993501616758983
DUSP3,121.64285006864404
DUSP4,29.22239763007209
DUSP5,4.72978326524516
DUSP6,11.659115750865244
DUSP7,2.142724451456184
DUSP8,1.931865812941399
DUSP9,6.890295227649927
DUT,404.9569165681515
DYRK1A,24.49555362615706
DYRK1B,4.440819525192373
DYRK2,17.571531069277214
DYRK3,0.7424820563738175
DYRK4,20.63725305692334
DZIP3,7.4508349959936755
EARS2,1.8080127139844338
EBP,931.3385557862092
ECH1,526.1797167924481
ECHDC2,7.52864356117449
ECHS1,198.78072555821265
ECI1,58.4857023468857
ECI2,30.625611687315004
EGFR,2.136947083872996
EHHADH,1.7674551866194952
EHMT1,1.799917543837958
EHMT2,1.4265357839071466
EIF2AK1,51.39007868021389
EIF2AK2,80.64813106099855
EIF2AK3,8.004412969929563
EIF2AK4,0.3218050185124323
EIF4EBP3,0.7581866877982985
ELOVL1,13.213802726659804
ELOVL2,0.027462273759854706
ELOVL3,0.19614155303694183
ELOVL4,0.28675717479420265
ELOVL5,2.333765421887938
ELOVL6,0.9851869141608479
ELOVL7,6.839905449432996
ELP3,4.766444970407176
ENGASE,9.786209881285565
ENO1,2286.3555517285467
ENO2,9.5996438003764
ENO3,28.249225224024844
ENOPH1,245.99184135340064
ENPP1,0.1891364473573002
ENPP2,2.7269962545145434
ENPP3,0.018657360077442585
ENPP6,0.0012085398280794622
ENPP7,0.2621620114119895
ENTPD1,0.8603496151061557
ENTPD2,0.1373909079528972
ENTPD3,0.024446174990627654
ENTPD4,9.413865030006416
ENTPD5,5.027405083115672
ENTPD6,27.17931976756061
ENTPD8,0.033712467140230656
EP300,2.164502716130807
EPHA1,3.7721427127844334
EPHA10,0.10368978760514509
EPHA2,1.6647711557187923
EPHA3,0.23489660743607307
EPHA4,0.0936009802006908
EPHA5,0.11374458455259583
EPHA6,0.028998399718757426
EPHA7,0.014555135818233497
EPHA8,0.007115518866598108
EPHB1,0.018657360077442585
EPHB2,0.1662310245079452
EPHB3,0.5746949984626913
EPHB4,1.7134746843090138
EPHB6,0.00946542537209432
EPHX1,44.51757429557404
EPHX2,4.748561567053358
EPM2A,0.17073385212953424
EPRS,85.55750886298934
EPX,0.003900922589415884
ERBB2,0.416493970681701
ERBB3,4.946705363991773
ERBB4,7.435294462666965
ERN1,1.2033491333794841
ERN2,0.025944664338474258
ESD,892.9122469100232
ETFA,3537.1360434128037
ETFB,3113.0314393441254
ETFDH,10.267691211265648
ETNK1,10.764233138768313
ETNK2,5.551461507922488
ETNPPL,0.003900922589415884
EXT1,10.71373179795193
EXT2,45.60689954769282
EXTL1,0.0049252516461166795
EXTL2,1.2093864668116436
EXTL3,7.53903133722293
EYA1,0.06563712501926798
EYA2,0.002029811091378691
EYA3,2.5259567190322936
EYA4,0.4514011680877855
EZH1,5.10361674358631
EZH2,0.3235924973779906
F13A1,7.9714666557984115
F13B,0.0004980674539427328
F2,0.011950916950157407
FAAH,6.076629693736244
FAAH2,0.487335290339317
FABP1,0.00599851098850304
FABP12,0.00599851098850304
FABP2,0.0004980674539427328
FABP3,0.7929865406777151
FABP4,1.129190566817725
FABP5,12.27322609428173
FABP6,18.91303081938622
FABP7,2.482310752887457
FABP9,1.0553661478381027
FADS1,16.209031591022406
FADS2,0.8838867715675618
FADS3,1.2000107817111625
FADS6,0.3354345050980549
FAH,2.582196967524644
FAM20B,7.254513530788091
FANCL,5.884017502904571
FAR1,50.67705629618126
FAR2,4.114886207964528
FARS2,1.0647967131216305
FARSA,1678.0280827731556
FARSB,2.970491828235215
FAS,0.4253479664454893
FASN,203.8415303633526
FASTK,64.71003614072643
FAXDC2,0.4589316723333498
FBP1,0.018657360077442585
FBP2,0.013239049821824455
FDFT1,145.4990118291033
FDPS,128.5589692154869
FDXR,8.980636443790722
FECH,20.11462396754795
FER,4.320836285910648
FES,0.040227126094991815
FGA,0.002029811091378691
FGFR1,39.52426593096064
FGFR2,48.916604656637595
FGFR3,42.81857366694275
FGFR4,52.18083008869814
FGGY,3.081343737016348
FGR,0.007115518866598108
FH,841.576170788425
FHIT,0.27156684897018646
FHL2,16.539454245901094
FIG4,1.6472167435595615
FITM1,0.06663605771804156
FITM2,0.8863225354612311
FKBP10,0.9382989855891706
FKBP11,3.162780972708185
FKBP14,7.160863408472564
FKBP1A,295.59494145655253
FKBP1B,4.852130949280741
FKBP2,687.8065006724539
FKBP3,758.5555516116214
FKBP4,838.5043861632447
FKBP5,2.873723121331727
FKBP6,0.008340435427459292
FKBP7,16.50413547720719
FKBP8,20.701399813873333
FKBP9,98.63029616575963
FKBP9P1,0.07603571789573972
FLAD1,18.09850864668443
FLT1,0.002029811091378691
FLT3,0.0004980674539427328
FLT4,1.6920893704959947
FLVCR1,7.095208795296511
FMO1,2.1539946509259087
FMO2,0.0004980674539427328
FMO3,0.011950916950157407
FMO4,0.03857514730746377
FMO5,0.12239363538725856
FMO6P,0.3354345050980549
FN3K,9.473883242764996
FN3KRP,34.95511706517906
FNTA,50.960669704370694
FNTB,5.928346206399434
FOLR1,6.6472512454637185
FOLR2,0.002029811091378691
FOLR3,0.0029324713038211695
FOSL1,18.299446518583757
FPGS,1.7411712006717692
FPGT,4.123992780975917
FRK,0.7739625750796594
FRMPD2,0.0684942014398121
FTCD,0.10573420732362762
FTMT,0.3764543508002139
FUCA1,6.061765466887688
FUCA2,40.496010073097686
FUK,1.632317887011482
FUT1,0.3176653757782216
FUT10,1.3052275194340515
FUT11,6.496009523681387
FUT2,0.20084224088954605
FUT3,0.1077872833352114
FUT4,0.2344053052225795
FUT5,0.12663983474148993
FUT6,0.00827223909948085
FUT7,0.0012085398280794622
FUT8,1.229022690092064
FUT9,0.539375676805279
FYN,53.26456175959815
G0S2,0.00599851098850304
G6PC,0.2573661812362027
G6PC2,0.002029811091378691
G6PC3,84.68860099552474
G6PD,229.5224063590654
GAA,29.739912492930348
GAD1,0.1984888626774388
GAD2,0.03730519390911924
GAK,1.896979290148368
GAL3ST1,0.017265508676909843
GAL3ST2,0.0012085398280794622
GAL3ST3,0.0012085398280794622
GAL3ST4,0.05219122993874148
GALC,1.617448623891795
GALE,41.09655151858769
GALK1,149.9407598108319
GALK2,33.47125424262576
GALM,7.862588975014002
GALNS,15.90275372624033
GALNT1,49.93417689463222
GALNT10,1.1977419105678981
GALNT11,37.780851826175436
GALNT12,0.0798696460453723
GALNT13,0.13507794190168348
GALNT14,0.10984892226756482
GALNT15,0.0004980674539427328
GALNT2,28.12412202440676
GALNT3,3.25332527540023
GALNT4,1.8664858970416283
GALNT5,0.00827223909948085
GALNT6,9.780711486269235
GALNT7,0.4750938394318113
GALNT8,0.0004980674539427328
GALNT9,0.0029324713038211695
GALNTL5,0.43999999999999995
GALT,7.502687795144398
GAMT,29.56420787273525
GANC,2.253897156908166
GAPDH,6530.888798251966
GAPDHS,8.042317062334442
GARS,419.9348333586278
GART,190.06220498862726
GATM,0.0012085398280794622
GBA,17.308607488643947
GBA2,32.49948324076944
GBA3,0.21508774206888404
GBE1,9.117426862255128
GBGT1,0.011490841417590877
GC,0.1128901827185453
GCAT,268.2791236263396
GCDH,15.994503222947374
GCH1,2.573975049096391
GCK,0.025944664338474258
GCLC,6.083442011745054
GCLM,48.05078377605497
GCNT1,1.3052275194340515
GCNT2,4.39920583897587
GCNT2P,0.3354345050980549
GCNT3,0.00599851098850304
GCNT4,6.556415094215009
GCNT7,0.002029811091378691
GCSH,87.69831090637541
GDA,14.396846073155775
GDE1,15.280959477930237
GDPD2,0.03693845505331104
GFPT1,144.39075093284382
GFPT2,0.2174825088325837
GGCT,118.48567982074334
GGH,31.80816193039185
GGPS1,474.9742281087845
GGT1,6.170953556716392
GGT2,1.2557625587889092
GGT3P,0.0012085398280794622
GGT5,0.0004980674539427328
GGT6,0.0012085398280794622
GGT7,5.2952305990922826
GGTLC1,0.5642767148917974
GGTLC2,1.7831684152107201
GIF,0.3354345050980549
GK,5.486438675155934
GK2,0.9456388863331135
GK3P,0.007115518866598108
GLA,82.77959625370306
GLB1,31.95043685133598
GLB1L,1.0523343755720806
GLCE,0.13815906880711223
GLDC,6.962196436081891
GLIPR1,0.03693845505331104
GLO1,2070.0901784775397
GLRX,457.17283325937285
GLRX2,7.445221653624589
GLS,107.47868069534428
GLS2,0.6074930670344709
GLT6D1,0.06930364432416915
GLT8D1,1.59714512014132
GLT8D2,1.1410381642196277
GLTP,14.932512402231268
GLUD1,877.121699068739
GLUD2,0.1527543770579238
GLUL,24.054201488206903
GLYAT,26.66571856032572
GLYCTK,0.8249148117047902
GM2A,4.5661700165790275
GMDS,109.57766270254164
GMPPA,16.327096033974886
GMPPB,309.6964360713927
GMPR,1.5362035983441193
GMPR2,55.55451495563104
GMPS,281.06817456747376
GNE,1.2469651116346792
GNMT,0.16394057888249813
GNPAT,9.714783372257964
GNPDA1,37.08097262162802
GNPDA2,0.44767542835741264
GNPNAT1,96.76883258713745
GNPTAB,8.417197502581274
GNS,16.545971274869313
GOT1,2198.6366357908264
GOT2,1352.7527997844163
GPAA1,51.22435607596869
GPAM,0.19442660350351848
GPAT2,0.0049252516461166795
GPAT3,7.011838759105326
GPAT4,87.60075198024492
GPCPD1,1.6958405914696932
GPD1,0.12877470027171337
GPD2,72.34748856644585
GPHN,7.025983099523855
GPI,7390.631857608189
GPIHBP1,0.3354345050980549
GPLD1,0.09760943757742926
GPT,0.1505380148252468
GPT2,22.36715407514318
GPX1,91.85157366546773
GPX2,0.2944192561616541
GPX3,85.19595737534132
GPX4,152.4618780736304
GPX5,0.793289329058847
GPX6,2.01032323162201
GPX7,0.014555135818233497
GPX8,11.567789956280741
GRHL1,0.40053205811225506
GRHPR,119.74685146823401
GRK1,0.011950916950157407
GRK2,2.1313987280398554
GRK3,0.18449748664802637
GRK7,0.018657360077442585
GSR,465.6807025648029
GSS,126.77990487614947
GSTA1,0.00827223909948085
GSTA2,5.619549002346362
GSTA3,3.8201241689736465
GSTA4,4.015005015113404
GSTA5,0.58469847618054
GSTK1,58.82696456423683
GSTM1,0.018657360077442585
GSTM2,21.638863802197605
GSTM3,444.45372654265446
GSTM4,11.962744703567138
GSTM5,0.09486739093759967
GSTO1,943.4117912073295
GSTO2,6.190851496885405
GSTP1,8704.135407877278
GSTT1,0.3354345050980549
GSTT2,0.002029811091378691
GSTZ1,13.281088953517374
GTF2F1,10.232362991591907
GTF3C4,0.9689198286045249
GUCA1A,0.003900922589415884
GUCY1A1,0.0779475418139304
GUCY1A2,0.033712467140230656
GUCY1B1,2.578085293628892
GUCY1B2,0.07413431927772267
GUCY2C,0.00946542537209432
GUCY2D,0.0539540778160224
GUCY2F,0.13808747592085474
GUK1,233.2572696305027
GUSB,6.244553085778484
GYG1,2.9749015795247615
GYG2,2.1230020449554345
GYS1,73.74953132643611
GYS2,0.0004980674539427328
H6PD,11.09751234322513
HAAO,0.9519797411676745
HACD1,1.3372075113076343
HACD2,19.915382168579683
HACD3,49.581423696453975
HACD4,3.6298037588536194
HACE1,0.840981242995453
HACL1,12.959625654177565
HADH,950.1138521134944
HADHA,843.1251293962382
HADHB,55.05709786512983
HAGH,41.665604494015135
HAGHL,1.0287231699781458
HAL,0.05572957651097384
HAO1,0.19763453007540133
HAO2,2.123937704953015
HARS,253.5074549340053
HARS2,35.006174157340276
HAS1,0.011950916950157407
HAS2,0.00946542537209432
HAS3,7.013290053910737
HAT1,162.56639220935543
HCCS,32.799819975055975
HCK,0.01589771802177715
HCST,0.025944664338474258
HDAC3,1.991085069356206
HDC,0.05235759415630438
HDLBP,232.2474768475166
HECTD1,13.517955815990966
HECTD2,2.8188845855596556
HECTD3,1.9002140337917377
HECW1,0.22470124991115223
HECW2,4.348461036897985
HELZ2,22.78283106745151
HEPH,0.013239049821824455
HERC1,0.4701106075642071
HERC2,0.4009266612978355
HERC3,11.807853113569873
HERC4,10.293875120648096
HEXA,32.363814851021196
HEXB,12.46905648974066
HEXDC,0.3354345050980549
HGD,12.216098850590907
HIBADH,6.475901464549225
HIBCH,7.7840375986901025
HIF1AN,11.374244621763998
HIGD2A,5.934868234090616
HIPK1,8.68951579268324
HIPK2,17.334485827182185
HIPK3,16.998845668531892
HIRIP3,0.2212327865412898
HK1,211.21361810156804
HK2,37.82104213450416
HK3,0.013239049821824455
HKDC1,13.748096210812605
HLCS,5.590365877676617
HLTF,0.07110905501746645
HMBS,195.96112674054763
HMGCL,139.80483933967497
HMGCLL1,2.9108746089659068
HMGCR,270.58189530829145
HMGCS1,92.97430902236917
HMGCS2,0.05931762030724974
HMOX1,68.32000476775634
HMOX2,127.75879302261495
HNMT,13.329059465792474
HPD,0.024446174990627654
HPGD,0.025944664338474258
HPGDS,0.025944664338474258
HPRT1,966.2932580681653
HS2ST1,11.75337507879136
HS3ST1,0.17529581877651965
HS3ST2,0.018619066883884525
HS3ST3A1,0.5045537944187904
HS3ST3B1,0.0049252516461166795
HS3ST4,0.012466929075615836
HS3ST5,0.0004980674539427328
HS3ST6,0.014555135818233497
HS6ST1,21.90725919679925
HS6ST2,0.030552482255475324
HS6ST3,0.002029811091378691
HSD11B1,0.8158269454826224
HSD11B1L,1.0489542043225877
HSD11B2,0.6376489639406443
HSD17B1,0.35190502570943477
HSD17B10,170.8515327200664
HSD17B11,4.456259660696607
HSD17B12,264.12994008854014
HSD17B14,3.5238401492552427
HSD17B2,0.19380035281634808
HSD17B3,0.025944664338474258
HSD17B4,24.656867354487698
HSD17B6,0.11817932072336204
HSD17B7,4.367006033078544
HSD17B7P2,1.7636699513523533
HSD17B8,0.5782933623029527
HSD3B1,0.8561440324619417
HSD3B2,0.9278984217862639
HSD3B7,0.9552892578150798
HSPG2,0.16182500612712336
HTATIP2,22.572886176697843
HUNK,0.02007224190213457
HUWE1,10.630605535968272
HYAL3,2.71867581680707
HYALP1,0.3354345050980549
HYI,4.856850200253163
HYKK,0.5335369907719896
IARS,1606.7419764547176
IARS2,79.2575344767962
ICK,1.1410381642196277
ICMT,39.82271551257731
IDH1,88.17757957909447
IDH2,8.26849843874473
IDH3A,654.0849563979607
IDH3B,132.3778957613327
IDH3G,72.58439748388604
IDI1,48.48747345514403
IDI2,2.1272734354694633
IDO1,3.009139787559683
IDO2,0.0650322570798734
IDS,14.1282236675136
IDUA,0.5895539874784105
IGF1R,11.323131515427066
IKBKB,11.442473392688653
IKBKE,0.3354345050980549
IL4I1,0.2174825088325837
ILK,14.397615980383957
ILKAP,27.558807582544954
IMPA1,188.90964456381514
IMPA2,306.30075764334396
IMPDH1,47.183167618283754
IMPDH2,322.07323429757423
INMT,0.002029811091378691
INPP1,63.96337106953874
INPP4A,10.753006144513979
INPP4B,0.5103221082808445
INPP5A,5.977685214482086
INPP5B,4.133103740858677
INPP5D,0.007115518866598108
INPP5E,11.433508244086045
INPP5F,0.09805132617482341
INPP5J,2.64817710393918
INPPL1,9.31182153518408
INSL3,0.014555135818233497
INSR,1.1755662395823443
INSRR,0.0004980674539427328
IP6K1,10.809166639331476
IP6K2,100.50422805036331
IP6K3,0.002029811091378691
IPMK,0.9685522951121326
IRAK1,16.46112561357511
IRAK2,0.19614155303694183
IRAK3,0.0029324713038211695
IRAK4,4.17872415295526
IREB2,15.914980340174997
ISYNA1,69.8496144792415
ITK,0.0004980674539427328
ITPA,191.79267733514934
ITPK1,40.23388091996363
ITPKA,0.9026406124589771
ITPKB,1.5068882146257339
ITPKC,2.7645066353721868
IVD,574.9683028749969
JAK1,21.28647289578321
JAK2,0.26154133107855404
JAK3,0.04527130323797802
JMJD7-PLA2G4B,1.5509073088519343
KALRN,0.3176653757782216
KANSL3,11.647691467445279
KARS,382.72726102959626
KAT2A,22.72334658484921
KAT2B,0.8057248484719998
KAT5,16.615256489224006
KAT6A,6.101421027419042
KAT6B,1.2734174848621294
KAT7,12.947934781250039
KAT8,18.05399835199744
KCNJ11,0.03857514730746377
KCNJ8,0.0004980674539427328
KDR,0.31075566081520295
KDSR,8.786077230036792
KHK,0.4674136220403833
KIT,0.11303643264750331
KL,0.003900922589415884
KMO,0.36449445000297004
KMT2A,11.807853113569873
KMT2B,2.2898896215478017
KMT2C,12.604094351390941
KMT2D,29.096815896143326
KMT2E,15.750094256078963
KMT5A,33.898962139276726
KMT5B,13.311416160328005
KMT5C,10.311599498429652
KPNA6,34.68690733058817
KYAT1,0.4702484437004358
KYAT3,12.031726368154875
KYNU,0.040227126094991815
L1CAM,15.245583530104009
L2HGDH,13.783636927786427
LALBA,0.09996023381633702
LAP3,547.7797853730485
LARS,450.58747279402843
LARS2,13.529372014806984
LATS1,0.45951389559808575
LATS2,3.283630000477657
LBR,112.23256253986996
LCAT,2.6647286544018884
LCK,0.23197092133573446
LCLAT1,5.223195106014796
LCT,0.0029324713038211695
LDHA,18445.4415282353
LDHAL6A,0.0012085398280794622
LDHAL6B,0.003900922589415884
LDHB,1414.1947527381844
LDHC,0.032124000211109595
LDHD,1.8626553596938247
LDLR,4.126560786820442
LGALS13,0.16621830202908744
LGMN,75.76928047768087
LGSN,0.0004980674539427328
LHPP,56.8541052924087
LIAS,0.4497109919742244
LIMK1,20.224068850915643
LIMK2,27.26866944905104
LIPA,8.141504179004226
LIPC,1.340771234110781
LIPE,2.20610168091153
LIPF,1.3406968406403874
LIPG,1.25933486586847
LIPT1,2.214052060602016
LIPT2,1.2277745505362707
LMTK2,3.102729627136439
LMTK3,0.8089163260688216
LOC102724197,0.3354345050980549
LOC286297,0.17758658984759743
LOC344967,0.013239049821824455
LOX,0.739349754824846
LOXL2,1.1170029611438936
LPCAT1,8.473294747516627
LPCAT2,0.0004980674539427328
LPCAT3,22.446201834423224
LPCAT4,0.6226231368957877
LPIN1,7.208184383421608
LPIN2,18.412973448375837
LPIN3,5.266390591173727
LPL,0.013239049821824455
LPO,0.1697122996292287
LRAT,0.018657360077442585
LRP1,0.3759743039149082
LRP2,0.0004980674539427328
LRRK1,0.21196692601131945
LRRK2,0.0004980674539427328
LRSAM1,2.3864717513353644
LRTOMT,8.8236916228317
LSS,62.157968550714955
LTA4H,166.42795720591852
LTC4S,0.04698104008338073
LTK,0.31246641974975325
LYN,23.074130935431256
LYPLA1,197.96927684353278
LYPLA2,108.15350652638287
LYZL1,1.4145390562382973
MACROD1,1.5015698419115093
MACROD2,2.182288048148739
MAGEA2B,0.003900922589415884
MAK,0.6074930670344709
MAN1A1,0.005543478011194411
MAN1A2,5.3133126778886135
MAN1B1,2.981955029236276
MAN1C1,0.010692401367522855
MAN2A1,17.16715806651187
MAN2A2,13.352591796063185
MAN2B1,9.951474046350997
MAN2C1,35.87222902666652
MANBA,2.8566655697439303
MANSC1,4.270290891753143
MAOA,0.4501943975168796
MAOB,0.03857514730746377
MAP2K1,237.62148888822
MAP2K2,285.33804437574076
MAP2K3,26.54644556540593
MAP2K4,27.043915837177135
MAP2K5,1.29106860417708
MAP2K6,5.167816084182832
MAP2K7,1.4491784222562993
MAP3K1,11.068322465555095
MAP3K10,3.8976589934890704
MAP3K11,42.871685628540085
MAP3K12,3.038669030864285
MAP3K13,7.653502385606788
MAP3K14,6.992842832772801
MAP3K15,0.10368978760514509
MAP3K2,4.123992780975917
MAP3K20,4.918291271997953
MAP3K21,8.486432169048431
MAP3K3,4.440819525192373
MAP3K4,5.6244557101967265
MAP3K5,1.0523343755720806
MAP3K6,7.125981699658826
MAP3K7,0.4240468578016393
MAP3K8,6.220724564535786
MAP3K9,3.102729627136439
MAP4K1,0.36259168122420316
MAP4K2,11.2947570544674
MAP4K3,16.141541263833286
MAP4K5,40.120387008459545
MAPK1,633.6576000802958
MAPK10,2.269160641084018
MAPK11,0.3150635594617222
MAPK12,3.776609967209443
MAPK13,1.2242786617288923
MAPK14,51.106200960594066
MAPK15,25.527855924319084
MAPK3,56.35064234116296
MAPK4,0.002029811091378691
MAPK6,13.979467477119524
MAPK7,6.420674524795636
MAPK8,28.262635777858844
MAPK9,9.262102809040053
MAPKAPK2,0.8547409834769573
MAPKAPK3,12.598283983442748
MAPKAPK5,25.568526902269447
MARCH1,0.378750927416989
MARCH10,2.5002365489611327
MARCH11,0.007982758707868126
MARCH2,9.408412955927894
MARCH3,0.09962730297865598
MARCH4,0.0029324713038211695
MARCH5,22.178396430015262
MARCH6,93.90064092623867
MARCH7,41.94808344414756
MARCH8,7.161920074117211
MARCH9,2.134830717761587
MARK1,0.09760943757742926
MARK2,22.926053466862697
MARK3,47.83366965795457
MARK4,5.160938989516196
MARS,221.1329374992179
MARS2,3.9066586014483216
MAST1,0.677320261985379
MAST2,12.49959724431482
MAST3,1.3123195789374649
MAST4,0.027462273759854706
MASTL,0.38596963155429065
MAT1A,0.007115518866598108
MAT2A,250.0746957462166
MAT2B,204.5376629820401
MATK,1.055716915913399
MBOAT1,0.487335290339317
MBOAT2,1.0219986418228235
MCAT,24.936359334592225
MCCC1,14.158016047879903
MCCC2,83.30915661501368
MCEE,4.073961064048585
MDH1,3944.623127259759
MDH1B,0.9420662519771931
MDH2,5701.614727113191
MDM2,0.04435532218824322
MDP1,7.2992587463936704
ME1,159.31905111373288
ME2,18.798622144721524
ME3,0.00599851098850304
MECR,22.347401641186025
MED1,1.00337669829929
MELK,1.4609173367690318
MERTK,3.763211664544151
MET,18.66516229199896
METTL1,55.783262179015004
METTL3,25.175967118429607
MGAM,0.022967458446311456
MGAT1,68.3511971206534
MGAT2,3.5973390278634234
MGAT3,0.032124000211109595
MGAT4A,1.488628898459273
MGAT4B,58.39639574791723
MGAT4C,0.0029324713038211695
MGAT4D,0.02696149145334556
MGAT5,13.229148197796123
MGAT5B,1.6397636256028323
MGLL,0.38145898968360353
MGMT,8.445310680578995
MGRN1,20.404612686255216
MGST1,523.3255123722454
MGST2,30.344557101257863
MGST3,51.4453454725707
MIA3,32.749722042581
MIB1,6.581620005834596
MIB2,17.897041011831913
MID1,16.442650979653703
MIF,3259.27676906661
MINK1,0.2706854615964165
MINPP1,6.637144895120696
MIOX,0.03693845505331104
MIP,0.0049252516461166795
MKNK1,14.187822104305953
MKNK2,81.65135428563133
MKRN1,41.55575515153527
MKRN2,9.940437686467913
MKRN3,2.017195386031875
MLKL,2.9362597216509436
MLYCD,1.6546772220347143
MMAA,1.4558850965748698
MOCS1,2.936783281384926
MOCS2,41.7593637427396
MOGAT1,0.06663605771804156
MOGAT2,0.06171353466959499
MOGAT3,0.06832763191888709
MOGS,68.37798269247757
MOK,16.541234580673052
MOS,0.09191795284698573
MOXD1,0.03693845505331104
MPC1,26.200723785716466
MPC2,41.525609381907984
MPI,15.052035158662957
MPO,0.0029324713038211695
MPST,1399.6598781665268
MRPL58,27.82682116135967
MSMO1,18.14202476889502
MSRA,0.043575533228408944
MST1R,1.2734174848621294
MT1A,0.3354345050980549
MT2A,153.9811250286976
MT3,0.3354345050980549
MT4,0.3354345050980549
MTAP,1578.104506132287
MTFMT,5.309663468659898
MTHFD1,608.3154278401752
MTHFD1L,21.547382144403738
MTHFD2,39.07546641095277
MTHFD2L,2.4839139322715322
MTHFD2P1,0.3354345050980549
MTHFR,1.820633205782636
MTHFS,16.912062088977017
MTMR1,2.0138330499787283
MTMR14,7.331872226810511
MTMR2,1.348325321335581
MTMR3,0.2534014232027721
MTMR6,2.4563848833289077
MTMR7,0.3333732870169973
MTMR8,0.5364546017320904
MTPAP,7.778806961590664
MTR,0.34341831934955525
MTRR,33.661225273526725
MTTP,0.007115518866598108
MUL1,12.743718066420811
MUSK,0.02328751946053523
MUT,0.3354345050980549
MVD,142.07086242582687
MVK,8.925963997793193
MYBBP1A,138.27399609053728
MYCBP2,0.3594785613517403
MYLIP,9.824717497951989
MYLK,1.4480943012021879
MYLK2,0.27156684897018646
MYLK3,0.04698104008338073
MYLK4,0.04698104008338073
MYO3A,0.07299247231635841
MYO3B,0.027462273759854706
MYO5B,13.100095201024134
NAA10,106.6018543722964
NAAA,3.875179799797782
NADK,53.10138461073166
NADSYN1,22.518715647815203
NAGA,10.272682990203311
NAGK,46.16141738079628
NAGLU,6.880616578535409
NAGPA,3.870687365753651
NAGS,2.099387804240275
NAMPT,276.7224967244524
NANP,0.9785256569958328
NANS,312.52103633335605
NAPRT,29.571852915508757
NAPSA,0.490195968580651
NARS,2717.905461529772
NARS2,9.479343565183777
NAT1,8.322652808421962
NAT2,0.07672456450553738
NCOA1,0.7330938312992562
NCOA2,1.3834486957719974
NCOA3,3.260749350315125
NCOA6,5.454460792338756
NCOR1,0.20032572360868248
NCOR2,0.9026235648067824
ND1,33.56295767948601
ND2,14809.727671530596
ND3,12073.29574100273
ND4,23208.535032495893
ND4L,23978.22434166499
ND5,4843.518914294383
ND6,7002.894754163084
NDST1,13.8844441048598
NDST2,6.496009523681387
NDST3,0.019462942544334894
NDST4,0.024005586560330774
NDUFA1,214.41182741149362
NDUFA10,174.2810607637835
NDUFA11,546.4459102020829
NDUFA12,23.735475561285778
NDUFA13,980.8621340143583
NDUFA2,21.94193228673196
NDUFA3,27.559046194483233
NDUFA4,21.19931881784648
NDUFA5,37.74055031167428
NDUFA6,44.53485116522089
NDUFA7,5.882998285541978
NDUFA8,86.61897587072987
NDUFA9,35.99478938080517
NDUFAB1,160.94006184302532
NDUFB1,441.2058175606621
NDUFB10,113.88007386809724
NDUFB2,292.97009345977784
NDUFB3,116.28754304710166
NDUFB4,266.9131310390804
NDUFB5,131.4272284007498
NDUFB6,19.86594188471738
NDUFB7,147.52816468658625
NDUFB8,95.48987148118802
NDUFB9,33.5994753480042
NDUFC1,113.97728302329195
NDUFC2,156.67139200292036
NDUFS1,96.23750775305949
NDUFS2,47.384598872175495
NDUFS3,335.34174521267954
NDUFS4,40.54098373801863
NDUFS5,868.6896115393884
NDUFS6,19.82650896574947
NDUFS7,27.632285446838512
NDUFS8,99.61045119458736
NDUFV1,63.8959149021081
NDUFV2,224.39230671160556
NDUFV3,26.535164747467565
NEDD4,0.3842453545758581
NEDD4L,0.48853092123790914
NEK1,0.9885212333463583
NEK11,6.255616047328994
NEK2,32.73541141518256
NEK3,6.561454389179124
NEK4,13.311416160328005
NEK5,0.15497777370772747
NEK6,1.2490530746182364
NEK7,11.029760285338325
NEK8,2.2858843258907
NEK9,1.9342799649548237
NEU1,28.553996501506553
NEU2,0.07868648115252536
NEU3,4.542899657273691
NEU4,0.002029811091378691
NEURL1,24.818411534749096
NEURL1B,1.0320890356772552
NGLY1,12.4184531269614
NHLRC1,0.3706521016914206
NIT2,692.327774434155
NKTR,43.06148828739708
NLK,2.154576946680296
NLN,304.09559016492193
NME1,21722.558326112634
NME2,5458.265822534386
NME3,6.6219916600348645
NME4,5.314404495071524
NME6,0.7516030170994086
NME7,1.8239011385112234
NMNAT1,4.160462887258222
NMNAT2,0.12451278809806555
NMNAT3,0.7676437226316128
NMRK1,4.284063131163264
NMT1,155.31375650565286
NMT2,3.6957982852732774
NNMT,0.10573420732362762
NNT,11.2947570544674
NOL9,9.736748604856102
NOS1,3.4623460895328915
NOS2,0.0012085398280794622
NOS2P1,0.3354345050980549
NOS2P2,0.3354345050980549
NOS3,0.025944664338474258
NOX1,0.0012085398280794622
NOX3,0.09198887034239282
NOX4,0.06663605771804156
NOX5,0.044440084639368736
NPAS2,27.702574567148165
NPC1,6.819569661695383
NPC1L1,0.00946542537209432
NPR1,0.9851869141608479
NPR2,0.08765812672529273
NQO1,269.11680504314563
NQO2,45.48500984956383
NR1D1,0.4702484437004358
NRF1,1.4460172369847795
NSD1,2.3461235390571296
NSD2,0.25452110811363865
NSD3,49.104119895929585
NSDHL,885.7791019956074
NSF,104.72785760473859
NT5C,58.49799409503932
NT5C1A,0.002029811091378691
NT5C1B,0.02007224190213457
NT5C1B-RDH14,0.037698419756150243
NT5C2,236.09126155727452
NT5C3A,13.382019929613225
NT5DC3,5.252392584762339
NT5E,0.3176653757782216
NT5M,0.5481595811708007
NTAN1,0.5781498517164463
NTRK1,0.017265508676909843
NTRK2,0.46458254434257873
NTRK3,0.0004980674539427328
NUAK2,8.57715589045217
NUDT10,0.002029811091378691
NUDT11,0.017265508676909843
NUDT12,2.1704024081541435
NUDT2,6.566494528188335
NUDT3,7.8828644488625095
NUDT4,18.97018419328274
NUDT5,310.85444530514104
NUDT9,10.909145696187704
OARD1,7.7422139887932415
OAT,508.90838516373384
OBSL1,0.26338375502043126
OCRL,7.038867368910413
ODC1,14.46871825366342
OGA,52.482004229110395
OGDH,187.27060251014436
OGT,68.91395047273109
OLAH,0.002029811091378691
OPLAH,3.322682965617764
OTC,0.011950916950157407
OTUD5,11.425407860929079
OXCT1,3.476941731831481
OXCT2,0.18218747004928987
OXSM,5.933276092238685
OXSR1,26.41220143689867
P4HA1,25.88080561193092
P4HA2,52.50209423253995
P4HA3,0.2271188603558476
P4HB,1059.406756015909
PADI1,0.5806286647163438
PADI2,4.201575223450408
PADI3,0.043575533228408944
PADI4,0.0029324713038211695
PADI6,0.3354345050980549
PAFAH1B2,622.1538467216487
PAFAH1B3,356.6030544596162
PAFAH2,1.398069780753533
PAH,0.0012085398280794622
PAICS,662.0918280425863
PAK1,22.30932481832733
PAK2,102.09849519908808
PAK3,1.5979742121081586
PAK4,1.120139936870944
PAK5,0.1843105272396382
PAK6,6.430708111321002
PAM,0.1304723700936373
PAN2,16.52274037108578
PANK1,1.9280063879716514
PANK2,4.051263490998182
PANK3,9.33759875765744
PANK4,12.389501041260782
PAOX,0.8428302182123437
PAPOLA,14.429832350554685
PAPOLB,0.003379747593524929
PAPOLG,1.759886486678934
PAPSS1,17.190040928755987
PAPSS2,25.446556353109795
PARP1,222.9278898623937
PARP10,2.825379685556198
PARP11,1.1824986823400265
PARP12,1.8654181421982328
PARP14,12.406870524549833
PARP15,0.003900922589415884
PARP16,1.1307237048496068
PARP2,25.097735561073996
PARP3,15.69670906344864
PARP4,1.678355357216005
PARP6,19.697357677691564
PARP8,1.4052686800639012
PARP9,16.29501705295957
PARS2,1.6026091073082451
PASK,7.643080401651035
PBK,14.566090255433442
PC,43.71879642724009
PCBD1,105.47395913757802
PCBD2,10.141306791599115
PCCA,8.996087525994204
PCCB,14.23176231870442
PCK1,0.31657172263754174
PCK2,6.890802585074208
PCMT1,542.4711512388136
PCYOX1,41.14460136957967
PCYT1A,20.173647548193852
PCYT1B,0.01589771802177715
PCYT2,21.508201609100382
PDE10A,1.0186399882572734
PDE11A,0.0049252516461166795
PDE1A,0.0004980674539427328
PDE1B,0.0004980674539427328
PDE1C,0.00599851098850304
PDE2A,0.11399752715400595
PDE3A,0.0004980674539427328
PDE3B,0.998538897214247
PDE4A,0.10573420732362762
PDE4B,4.376124107280979
PDE4C,0.6376489639406443
PDE4D,3.188593846125274
PDE5A,0.4617552234554963
PDE6A,0.007115518866598108
PDE6B,0.002029811091378691
PDE6C,0.08374413887012784
PDE6H,0.003900922589415884
PDE7A,4.800285351555263
PDE7B,0.003900922589415884
PDE8A,26.044061009725617
PDE8B,0.05572957651097384
PDE9A,6.265592851923941
PDF,8.263198465592613
PDGFRA,0.04698104008338073
PDGFRB,0.03693845505331104
PDHA1,756.0049748022057
PDHA2,8.963593332760542
PDHB,59.29079720765415
PDHX,15.951937728096004
PDIA2,0.5510944075450858
PDIA3,3444.416894150462
PDIA4,1844.3585199732597
PDIA5,55.762238964158456
PDIA6,1410.3762943557529
PDK1,0.3499951392278357
PDK2,10.730559823584553
PDK3,2.4753258990962705
PDK4,0.39233305752275904
PDP1,1.8626553596938247
PDP2,1.5767119982307451
PDPK1,0.9294380070010412
PDPR,5.3674804114204
PDXK,134.90770609165207
PDXP,31.729492601298784
PDZD4,0.2222892980630671
PEAK1,7.867831841678341
PECR,323.5448991200385
PEMT,14.714630061820902
PEPD,33.95731229479072
PEX11A,0.5452281770012783
PFAS,350.62895499407574
PFKFB1,0.040227126094991815
PFKFB2,2.1506245311753096
PFKFB3,8.550450615570842
PFKFB4,1.632317887011482
PFKL,73.72195195628896
PFKM,10.848516896319852
PFKP,715.8489760864634
PGAM1,686.9745908173688
PGAM2,0.018657360077442585
PGAM5,143.59414155746796
PGAP1,0.04698104008338073
PGD,3475.7799730411316
PGGHG,2.138776790531023
PGK1,713.7506836010433
PGK2,23.296392096478
PGLS,525.039506523864
PGLYRP1,0.03693845505331104
PGLYRP2,13.13342928945454
PGLYRP3,0.01572942767765221
PGLYRP4,0.0004980674539427328
PGM1,233.85817527244413
PGM2,108.03997477318116
PGM2L1,0.45048376871396806
PGM3,206.30336970202427
PGP,72.25489337864319
PGS1,11.482314548108466
PHEX,0.1527543770579238
PHGDH,1030.1298264144043
PHKA1,0.1901983900579448
PHKA2,11.836503508055458
PHKB,13.77771208574176
PHKG1,0.3150635594617222
PHKG2,18.583550236878143
PHLPP1,0.0936009802006908
PHLPP2,1.5178670442196458
PHOSPHO1,0.6165063283409479
PHPT1,72.85193757086397
PHYH,8.051810144783481
PHYKPL,6.126234345167335
PI4K2A,0.7592960677637781
PI4KA,1.6962612776212957
PI4KB,0.8078518526542251
PIGA,3.340072087906532
PIGB,3.047193582261734
PIGC,10.506661461421054
PIGF,6.596753066755466
PIGG,13.505772053107304
PIGH,10.139499237355727
PIGK,13.535273408661359
PIGL,14.331081035848094
PIGM,0.8345465644744644
PIGN,8.753864239701421
PIGO,16.57823652658493
PIGP,5.918489116383127
PIGQ,21.508201609100382
PIGS,30.777952187824447
PIGT,4.558850445938994
PIGU,0.7869086545768131
PIGV,1.2946051744544482
PIGW,0.3354345050980549
PIGX,1.5640044907933899
PIGY,0.3354345050980549
PIGZ,0.6988954654711736
PIK3C2A,1.8379675286379695
PIK3C2B,2.627519353114145
PIK3C2G,0.0029324713038211695
PIK3C3,0.3308531753579863
PIK3CA,1.4595154422216081
PIK3CB,0.9852679553895644
PIK3CD,0.7237317493831227
PIK3CG,0.0004980674539427328
PIK3R1,0.9245252420663503
PIK3R2,11.43109575438795
PIK3R3,7.146513086846575
PIK3R4,29.970061948513813
PIK3R5,0.011950916950157407
PIKFYVE,3.5458593596754793
PIM1,0.8249148117047902
PIM2,3.9923796305462167
PIM3,14.158016047879903
PIN1,1201.798292990338
PIN4,14.720640496691468
PINK1,5.141816068263927
PIP4K2A,7.716099210708233
PIP4K2B,0.3354345050980549
PIP4K2C,21.619253477096027
PIP5K1A,0.7728817884472646
PIP5K1B,0.0032584857573564655
PIP5K1C,6.804326491410412
PIP5KL1,0.5865755827836081
PIPOX,0.09560062771124699
PISD,1.4528883682482334
PJA1,8.979894557420513
PJA2,25.317947822848698
PKLR,11.218886523856392
PKM,1121.891666891486
PKMYT1,46.493282965542605
PKN1,14.552551059779324
PKN2,6.368102327712113
PKN3,8.31623150364059
PLA2G10,0.05572957651097384
PLA2G12A,1.6865241681664953
PLA2G12B,1.1304561412675453
PLA2G15,5.17529132960838
PLA2G16,2.7686813420590406
PLA2G1B,0.00599851098850304
PLA2G2A,7.81967631805218
PLA2G2C,0.3354345050980549
PLA2G2D,0.02500478423298345
PLA2G2E,0.10480083352838437
PLA2G2F,0.017105401618544066
PLA2G3,0.1077872833352114
PLA2G4A,0.07194464315057654
PLA2G4B,1.816823404064917
PLA2G4C,0.2417414803170202
PLA2G4D,0.0004980674539427328
PLA2G4E,0.002029811091378691
PLA2G4F,0.04527130323797802
PLA2G5,0.08450148530759376
PLA2G6,6.900991875828535
PLA2G7,0.9399122888957062
PLB1,0.9059119987291454
PLCB1,0.4532959317377386
PLCB2,0.4032732486541676
PLCB3,1.6764185791743722
PLCB4,3.794490502335296
PLCD1,1.7485467377069421
PLCD3,17.009992607066724
PLCD4,0.598508871665251
PLCE1,0.2271188603558476
PLCG1,2.6680073065989434
PLCG2,7.804967809348103
PLCH1,0.09161060492390276
PLCH2,0.018657360077442585
PLCL1,0.002029811091378691
PLCL2,0.022967458446311456
PLCXD2,0.6681191527543565
PLCZ1,0.07175189323406331
PLD1,0.4589316723333498
PLD2,9.484804573511274
PLD3,22.85267108645459
PLD4,0.0049252516461166795
PLD6,2.4350865594491875
PLG,0.0029324713038211695
PLIN1,0.003900922589415884
PLIN2,0.03693845505331104
PLIN3,28.56788705729079
PLIN4,0.11608431783634358
PLK1,14.357038162719823
PLK2,51.57171818174892
PLK3,2.710360927900153
PLK4,10.21714371434439
PLOD1,47.004053662892346
PLOD2,8.126287889220656
PLOD3,16.666254554976582
PLPBP,49.127570295365615
PLPP1,2.487992400304541
PLPP2,27.330564350626243
PLPP3,48.230391215465005
PLPP4,0.03693845505331104
PLPP5,14.546555659456416
PLPP6,0.9951972295216414
PLPP7,0.003900922589415884
PLPPR2,7.606627868828013
PLPPR3,0.013239049821824455
PLPPR4,0.0012085398280794622
PLPPR5,0.012456429933028047
PLTP,0.2271188603558476
PLXNB3,1.858826539249382
PMM1,3.570042724932846
PMM2,195.12649163377213
PMPCA,78.85098073881534
PMVK,149.0588125611658
PNCK,0.6650582275162272
PNKP,33.2680869628383
PNLIP,0.01735944451270558
PNLIPRP1,0.04876262171622993
PNLIPRP2,0.3354345050980549
PNLIPRP3,0.0004980674539427328
PNMT,0.00946542537209432
PNP,7373.823006387922
PNPLA2,18.186072954448633
PNPLA3,1.2558195550738156
PNPLA4,14.907228804520742
PNPLA6,1.032442854839314
PNPLA7,0.04189403407695107
PNPLA8,5.391611025830064
PNPO,18.230144415569892
PNPT1,6.548415177730201
POLA1,4.108268737815695
POLA2,6.763982579129318
POLB,17.48745030543176
POLD1,4.933285406789395
POLD2,21.857081417213234
POLD3,0.9953986698297748
POLD4,13.783636927786427
POLE,0.954524258769748
POLE2,6.723155505592731
POLE3,75.16211421442848
POLE4,9.672066858326284
POLG,20.967807351669055
POLG2,8.23670972208428
POLH,7.218474154477801
POLI,3.0642582861502006
POLK,7.951821132982682
POLL,7.378373137962009
POLM,4.037658234913683
POLN,0.4336915432654978
POLQ,6.662417054214818
POLR1A,2.7795725534030846
POLR1B,1.6022647113453152
POLR1C,48.829165129329986
POLR1D,83.89363149729228
POLR1E,23.949189253507708
POLR2A,4.413759945308419
POLR2B,20.396836348687184
POLR2C,106.16026134898577
POLR2D,31.748128734649498
POLR2E,230.9618060612437
POLR2F,148.0992391661625
POLR2G,46.04547943488246
POLR2H,584.5665773396232
POLR2I,52.16485934968944
POLR2J,29.329845185596728
POLR2K,58.355811679323274
POLR2L,286.24860306675237
POLR3A,0.4378698857059757
POLR3B,1.8160562003289742
POLR3C,0.6713023333132868
POLR3D,7.653502385606788
POLR3E,21.540850975537108
POLR3F,2.0601593105042313
POLR3G,2.3457041621546044
POLR3GL,12.842820621545878
POLR3K,23.912736707065385
POLRMT,14.052924813657924
POMGNT1,28.762509304934763
POMT1,11.277739832991267
POMT2,8.337465410573904
PON3,9.564900186546879
POR,452.99908989078193
PPA1,1387.5716599514549
PPA2,274.2329569615363
PPARA,1.816823404064917
PPAT,24.334062211562387
PPCDC,8.786077230036792
PPCS,71.71547258992112
PPEF1,0.025156563074480973
PPEF2,0.0004980674539427328
PPIA,4129.317180633511
PPIAL4A,0.3354345050980549
PPIAL4C,0.3354345050980549
PPIAL4E,0.3354345050980549
PPIAL4G,14.599809906673197
PPIB,2621.516671229374
PPIC,52.319926618702404
PPID,917.199987452552
PPIE,18.688236047043425
PPIF,316.19997179211987
PPIG,20.6212556866466
PPIH,3576.8280182629796
PPIL1,124.79879076020048
PPIL2,1.3690143017760814
PPIL3,60.2734037783255
PPIL4,4.25972276707695
PPIL6,2.983386843330224
PPIP5K1,3.776609967209443
PPIP5K2,14.360966095219402
PPM1A,2.8097137384768285
PPM1B,98.58023333404545
PPM1D,3.414195639479601
PPM1E,0.021509223287277134
PPM1F,18.858813611397167
PPM1G,30.687743288458513
PPM1K,0.530622854594488
PPM1M,2.9198763004121635
PPOX,1.9357269198535372
PPP1CA,354.04671241858983
PPP1CB,312.67008087366276
PPP1CC,118.94050363587476
PPP1R1A,0.0049252516461166795
PPP1R1B,0.002029811091378691
PPP1R2,37.66693043106525
PPP1R3A,0.06646892507772041
PPP1R3B,15.112461075708548
PPP1R3C,0.00599851098850304
PPP2CA,329.6157564572228
PPP2CB,37.684910574731944
PPP2R1A,553.7533708485836
PPP2R1B,64.70491897020777
PPP2R2A,197.19064563230506
PPP2R2B,0.0029324713038211695
PPP2R2C,2.7311585511815415
PPP2R3A,3.9336845390639326
PPP2R3B,4.650157128487426
PPP3CA,147.7544967145858
PPP3CB,14.702610798029028
PPP3CC,12.129598132802915
PPP3R1,116.31058104395642
PPP3R2,0.0004980674539427328
PPP4C,99.64624130833997
PPP5C,86.43189174204893
PPP6C,119.85819678333402
PPT1,4.275270547112457
PPT2,11.170094272147916
PPWD1,21.56222022119123
PRAG1,0.3354345050980549
PRDX1,26901.05797319127
PRDX2,7354.477835047361
PRDX3,217.66170068292342
PRDX6,856.440863661111
PREP,57.98542842503178
PRKAA1,40.770035654601855
PRKAA2,0.38688769309381726
PRKAB2,2.7311585511815415
PRKACA,533.5771358463533
PRKACB,17.90647696592427
PRKACG,5.25292276820224
PRKAG2,9.023089932747437
PRKAR1A,23.752359993959654
PRKAR1B,6.161009827609456
PRKAR2A,33.48955508823137
PRKAR2B,0.6080975331977467
PRKCA,2.6978990195358046
PRKCB,0.17758658984759743
PRKCD,1.6521096451282336
PRKCE,1.011929924525019
PRKCG,0.00827223909948085
PRKCH,0.16619831265270407
PRKCI,10.402223592300833
PRKCQ,0.04189403407695107
PRKCSH,517.4820379580658
PRKCZ,14.648550633579664
PRKD1,0.2468985214816446
PRKD2,18.286841872480654
PRKD3,29.690873669111035
PRKDC,4.201938986647449
PRKG1,0.0012085398280794622
PRKG2,0.021509223287277134
PRKN,0.022967458446311456
PRKX,7.695221252149935
PRKY,0.002029811091378691
PRODH,55.83563684585757
PRODH2,0.007115518866598108
PRPF19,486.93498057978155
PRPF4,308.9101256390059
PRPF4B,46.32989920552618
PRPS1,1162.8118991752501
PRPS1L1,0.0049252516461166795
PRPS2,28.096437091549777
PRRT2,0.10984892226756482
PSAP,38.64283272148724
PSAT1,3400.585654869527
PSKH1,11.136147775038097
PSKH2,0.11813839957802594
PSPH,1339.4046283074292
PSPHP1,0.3354345050980549
PTDSS1,60.28622095207999
PTDSS2,18.74813270575449
PTEN,8.831597076942982
PTGDS,0.6467574015433551
PTGES,365.0123249146497
PTGES2,177.5340215064493
PTGES3,5569.529824591609
PTGIS,0.12463902073335643
PTGR1,267.35849208525053
PTGS1,5.8874357582040195
PTGS2,0.0004980674539427328
PTK2,8.325280506698945
PTK2B,1.0794606753776639
PTK6,0.04698104008338073
PTK7,2.8809995045428445
PTP4A2,1.8799247166023683
PTP4A3,1.993844081561922
PTPDC1,3.0258919775764324
PTPMT1,76.12603666014566
PTPN1,22.957485957950116
PTPN11,24.47505721335941
PTPN12,2.0889122615295475
PTPN13,22.13037649113767
PTPN14,20.417522049961715
PTPN18,19.915382168579683
PTPN2,30.82547786946612
PTPN21,1.2138040611329894
PTPN22,0.022967458446311456
PTPN23,7.219159897045785
PTPN3,6.017220490849887
PTPN4,3.1972082909886796
PTPN5,1.7447703769255343
PTPN6,20.443346116740035
PTPN7,0.00599851098850304
PTPN9,0.3415338439940418
PTPRA,0.14282154804643143
PTPRB,0.395061946648146
PTPRC,0.014555135818233497
PTPRD,0.0029324713038211695
PTPRE,0.3098739785223136
PTPRF,89.84165276249834
PTPRG,6.13119964237749
PTPRH,0.4170399265017012
PTPRJ,28.12412202440676
PTPRK,31.297122571830876
PTPRM,2.0797533895545754
PTPRN,0.061853468928307634
PTPRN2,0.12451278809806555
PTPRO,0.0012085398280794622
PTPRQ,0.0004980674539427328
PTPRR,0.007115518866598108
PTPRS,30.922098441019944
PTPRT,0.0049252516461166795
PTPRU,14.576538046109974
PTPRZ1,0.5806286647163438
PTRH1,4.992747543668277
PTRH2,1142.9120645161006
PTS,21.999071310521554
PUS1,17.89391052436008
PXDN,0.012243021492274915
PXDNL,0.0012085398280794622
PXYLP1,2.722835342658741
PYCR1,68.39320428982346
PYCR2,326.1752687991189
PYCR3,13.41735232377484
PYGB,130.13037797915717
PYGL,217.03465082068652
PYGM,0.12028245339723916
PYURF,19.94106646950835
QARS,415.3025755719235
QDPR,451.33595991274393
QPCT,0.010692401367522855
QPRT,77.17254714939226
QTRT1,42.280679915276494
QTRT2,15.914980340174997
RAD1,4.778268805431429
RAD18,5.2904215469576
RAD9A,14.068680000025855
RAF1,0.5111554553642959
RAG1,0.01589771802177715
RALBP1,20.095323616281643
RARS,396.8273428360868
RARS2,9.44554340881921
RBBP6,0.7961928947269187
RBKS,7.679570882873474
RBP1,1966.6500790119353
RBP2,1.269893630445755
RBP4,0.12877470027171337
RCHY1,24.764537921333698
RCL1,10.194325959358771
RDH10,9.386611550065707
RDH11,250.57011494274806
RDH12,0.2816737379848696
RDH13,14.564252187208254
RDH14,14.131772769825394
RDH16,0.017265508676909843
RDH5,0.530622854594488
RDH8,0.3354345050980549
REG3A,15.598236131061894
RENBP,1.931865812941399
RET,0.027462273759854706
REV3L,7.7422139887932415
RFC5,112.05453909226212
RFK,26.2120054267296
RFWD3,27.323685628530363
RGL1,0.027462273759854706
RHAG,0.12239363538725856
RHBG,0.17073385212953424
RHCG,0.587640410203488
RING1,24.408271880321674
RIOK1,1.0585521034080878
RIOK2,0.32636914917559035
RIOK3,12.644783273542203
RIPK1,2.773288794856374
RIPK2,10.748876442268058
RIPK3,0.06407122421607248
RIPK4,52.712101579875366
RIPOR1,3.107010671954625
RNF103,3.5018508994941193
RNF115,0.3354345050980549
RNF123,9.610596565752626
RNF125,0.07036340305567562
RNF126,33.71882494059127
RNF128,0.22536477082930026
RNF13,8.279100607354682
RNF130,4.197002836179
RNF133,0.017265508676909843
RNF138,19.460692310034315
RNF139,12.580856385762232
RNF14,23.87265552810584
RNF144A,4.033125368376878
RNF144B,0.17988382249322488
RNF146,8.812941078778787
RNF149,14.015137634963294
RNF152,0.003900922589415884
RNF167,72.45180816393635
RNF180,9.720273666218882
RNF182,0.8217096550640427
RNF185,14.810861169136093
RNF187,154.2118175301752
RNF19A,12.854490741017162
RNF19B,7.430115857653972
RNF2,6.9168192000665405
RNF20,1.8330214312186839
RNF216,12.88951495863592
RNF217,3.2101394508600363
RNF25,16.301162665301867
RNF31,23.46599858451827
RNF40,4.047070764808899
RNF41,14.907228804520742
RNF5,21.143268944579063
RNF8,10.612884813363488
RNGTT,2.9477074138984496
RNMT,68.18901288490109
ROCK1,4.056748167116193
ROCK2,9.617532980254643
ROR1,0.02007224190213457
ROR2,0.00033659973067052347
RORA,0.11191903311682831
ROS1,0.00946542537209432
RPAP2,5.933276092238685
RPE,112.28075451197284
RPE65,0.0012085398280794622
RPIA,39.0882463982241
RPL14,1041.0704287086305
RPN1,1005.087470716703
RPN2,512.0402159902529
RPP14,52.39094706674145
RPS6KA1,14.771225426583788
RPS6KA2,0.3763526316450964
RPS6KA3,1.1688027494212283
RPS6KA4,1.4636571267621328
RPS6KA5,0.9685522951121326
RPS6KA6,0.8069282616085469
RPS6KB1,3.8920296827922463
RPS6KB2,30.357899836032843
RPS6KC1,0.21097480565766513
RPUSD4,1.4434711463998604
RRM1,77.9089070327406
RRM2,50.460890610776424
RRM2B,12.831152813913821
RTCA,13.376133172922101
RWDD2A,1.2068319175105777
RXRA,17.928408560977452
RYK,25.338244983385415
SACM1L,14.003245380222888
SAE1,854.1423029409309
SAP130,0.7032829774117436
SARDH,0.7030463886439712
SARS,229.45649362972893
SARS2,23.107284179982795
SAT1,34.47680236672469
SAT2,23.82591269252001
SBK1,0.3360072467056482
SC5D,27.868263615132815
SCARB1,24.347885883871804
SCARF2,0.27913947935582734
SCD,208.84413904666602
SCD5,2.126943343312885
SCLY,3.714173635480436
SCP2,265.8555153189694
SDC1,10.831758205416648
SDHA,438.32928415065805
SDHB,312.78469959597976
SDHC,40.07956322835805
SDHD,4.514373919481575
SDR16C5,0.0004980674539427328
SDR42E1,2.797942668135355
SDR42E2,0.011950916950157407
SDR9C7,0.0012085398280794622
SDS,0.028998399718757426
SDSL,12.129598132802915
SEC11A,354.8337705234506
SEC11C,3.596704219120316
SELENOI,8.491763030362725
SEPHS1,1899.6236314278212
SEPHS2,73.86717298079493
SERPINA1,0.025944664338474258
SERPINA3,0.011950916950157407
SETD1A,0.17519872334211592
SETD1B,4.975155088864981
SETD2,0.04144197572140887
SETD5,49.636260584964546
SETD7,0.36243148192495955
SETDB1,0.4886362625658944
SETDB2,0.43090642655866107
SETMAR,6.900991875828535
SFXN3,1700.7780957752134
SGK1,14.038928745552948
SGK2,23.186894281378564
SGK3,0.6437181271621518
SGMS1,7.105463203066794
SGMS2,5.319290137806425
SGPL1,41.70609478185899
SGPP1,16.301162665301867
SGPP2,12.072005565047181
SGSH,17.65278631238215
SH3RF1,0.3412886760034868
SH3RF2,2.9749015795247615
SH3RF3,0.00946542537209432
SHMT1,175.17357743238858
SHMT2,1263.1003758696936
SHPK,4.804993565239164
SHPRH,1.5288632166424254
SI,0.18373547314711697
SIAE,16.012866922669886
SIAH1,6.445764892768503
SIAH2,7.414584765230192
SIK2,4.650157128487426
SIK3,2.3623378316207653
SIN3A,5.26820911470472
SIN3B,0.2096747807956021
SIRT1,5.726995270581903
SIRT2,13.623861570868787
SIRT3,14.564543476186953
SIRT5,1.2382752338557608
SIRT6,12.580856385762232
SIRT7,16.44880868831491
SLC10A1,0.007115518866598108
SLC10A2,0.058748703153154044
SLC10A6,0.013239049821824455
SLC11A1,0.04527130323797802
SLC11A2,7.347365406412987
SLC12A1,0.0004980674539427328
SLC12A2,2.020192436969183
SLC12A3,124.95452924522228
SLC12A4,0.2961236112042715
SLC12A5,0.6406819785131467
SLC12A6,0.011335898442633724
SLC12A7,2.6941916710538867
SLC13A1,1.3898493503991496
SLC13A2,0.9791894450655247
SLC13A3,0.4890168548538468
SLC13A4,0.057517497100471764
SLC13A5,0.00946542537209432
SLC14A1,0.00827223909948085
SLC14A2,1.481338790835333
SLC15A1,0.2417414803170202
SLC15A2,0.02007224190213457
SLC15A3,0.7143960007991212
SLC15A4,4.998890329459995
SLC16A1,33.98149723603068
SLC16A10,0.4253479664454893
SLC16A2,0.08962961495729922
SLC16A3,16.23972929559106
SLC16A7,0.003900922589415884
SLC16A8,1.0624890867564496
SLC17A1,0.0012085398280794622
SLC17A2,0.014797084619435076
SLC17A3,0.0480606884147512
SLC17A4,0.0004980674539427328
SLC17A5,0.8830667283291624
SLC17A6,0.03561924497624714
SLC17A7,0.19146530352637295
SLC17A8,0.00599851098850304
SLC18A1,0.058656845323138175
SLC18A2,0.6376489639406443
SLC18A3,0.0029324713038211695
SLC19A1,9.55039009342139
SLC19A2,1.2487953698266026
SLC19A3,0.0004980674539427328
SLC1A1,0.0798696460453723
SLC1A2,0.0029324713038211695
SLC1A3,0.0049252516461166795
SLC1A4,0.21470037515279827
SLC1A5,34.49127561287178
SLC1A6,0.022967458446311456
SLC1A7,0.0004980674539427328
SLC20A1,29.264284397109204
SLC20A2,10.289357564629736
SLC22A1,0.013239049821824455
SLC22A10,0.10034501076203277
SLC22A11,0.20377100608576706
SLC22A12,1.368484858340572
SLC22A13,0.025944664338474258
SLC22A16,0.00946542537209432
SLC22A18,2.459473824667206
SLC22A2,0.06112973587260771
SLC22A3,0.1395637990539281
SLC22A4,0.027462273759854706
SLC22A5,8.162640096407905
SLC22A6,0.3332262579895881
SLC22A7,0.3754031874781076
SLC22A8,0.6796964855365107
SLC22A9,0.11807453767167743
SLC23A1,0.2055670428487376
SLC23A2,0.30728625790531827
SLC24A1,3.6874848864485577
SLC24A2,0.003900922589415884
SLC24A3,0.0049252516461166795
SLC24A4,0.011950916950157407
SLC25A1,657.6495432572278
SLC25A10,36.735775388336464
SLC25A11,746.5568739640481
SLC25A12,176.14269887517062
SLC25A13,504.5836040248317
SLC25A14,8.829067966279926
SLC25A15,14.325105653384574
SLC25A16,5.771064065423889
SLC25A17,10.113101239737738
SLC25A18,0.16168960469301139
SLC25A19,6.340529124772274
SLC25A2,0.0029324713038211695
SLC25A20,2.25789017250523
SLC25A21,2.7145145045801033
SLC25A22,11.830772218147773
SLC25A26,9.654434834208129
SLC25A27,0.033712467140230656
SLC25A28,23.406129257687088
SLC25A29,346.93000572217
SLC25A3,2388.598082606606
SLC25A37,16.47960476971929
SLC25A4,187.23052504031074
SLC25A5,4552.990349519868
SLC25A6,165.98382854972496
SLC26A1,0.7112899698042007
SLC26A11,11.425407860929079
SLC26A2,14.816880151695122
SLC26A3,0.0004980674539427328
SLC26A4,0.003900922589415884
SLC26A6,12.615716839457836
SLC26A7,0.0012085398280794622
SLC26A8,0.0029324713038211695
SLC26A9,0.0012085398280794622
SLC27A1,0.7160670218324373
SLC27A2,0.028998399718757426
SLC27A3,4.918291271997953
SLC27A4,3.3690806839740635
SLC27A5,6.921380299047929
SLC27A6,0.0049252516461166795
SLC28A1,0.030552482255475324
SLC28A2,0.028998399718757426
SLC28A3,0.0012085398280794622
SLC29A1,9.370267736958008
SLC29A2,1.901037667629503
SLC29A3,16.135408825699823
SLC29A4,2.7728574217610453
SLC2A1,35.256095454964274
SLC2A10,0.08374413887012784
SLC2A11,2.9918773726936525
SLC2A12,0.5865755827836081
SLC2A13,0.16168960469301139
SLC2A14,0.013239049821824455
SLC2A2,0.7271472329221568
SLC2A3,0.0049252516461166795
SLC2A4,0.010692401367522855
SLC2A5,0.007115518866598108
SLC2A6,3.8213457731629106
SLC2A7,0.02769435809366143
SLC2A8,11.997224725246635
SLC2A9,0.0029324713038211695
SLC30A1,9.20174662886731
SLC30A6,4.636136123846195
SLC30A7,13.339242901975405
SLC31A1,23.326355409926027
SLC32A1,0.0004980674539427328
SLC33A1,1181.359950730915
SLC34A1,0.0004980674539427328
SLC34A2,13.059090821427194
SLC34A3,0.01589771802177715
SLC35A1,2.71867581680707
SLC35A2,28.151812900933848
SLC35A3,8.571813383047527
SLC35B2,0.4996921431731485
SLC35B4,3.3967229229106333
SLC35C1,2.3905148076649594
SLC35D1,2.370314470195357
SLC35D2,5.79067380782313
SLC36A1,1.2875341450043631
SLC36A2,0.07419499914014951
SLC36A4,2.7062055672430914
SLC37A1,2.001621259984068
SLC37A4,9.83572572718417
SLC38A1,154.59312655244068
SLC38A2,89.43167999808139
SLC38A3,0.41152117178349495
SLC38A4,1.4088711500410152
SLC38A5,0.10984892226756482
SLC39A7,49.05823097477862
SLC3A1,5.5757697978125
SLC3A2,157.07155265608378
SLC40A1,0.00599851098850304
SLC41A1,7.789269002305777
SLC41A2,2.9791435527045134
SLC43A1,37.48581814721305
SLC43A2,11.607725720992926
SLC46A1,2.281880559920724
SLC47A1,0.2944192561616541
SLC47A2,0.025944664338474258
SLC4A1,0.027462273759854706
SLC4A10,0.010692401367522855
SLC4A2,46.841138105522795
SLC4A3,1.4849828691857327
SLC4A4,0.002029811091378691
SLC4A5,0.10165412001952459
SLC4A7,2.9363160319826327
SLC4A8,0.6958042810927874
SLC4A9,0.017265508676909843
SLC51A,1.0052295487234815
SLC51B,0.00599851098850304
SLC52A1,0.8345465644744644
SLC52A2,31.3042079630041
SLC52A3,0.36259168122420316
SLC5A1,0.0004980674539427328
SLC5A10,0.2452712501917088
SLC5A11,0.00946542537209432
SLC5A12,0.032124000211109595
SLC5A2,0.043575533228408944
SLC5A3,1.1341595881260575
SLC5A5,0.1077872833352114
SLC5A6,40.06182700744277
SLC5A7,0.07302190367296232
SLC5A8,0.3418527760399266
SLC5A9,0.011950916950157407
SLC6A1,0.47048010012030994
SLC6A10P,0.3354345050980549
SLC6A11,0.16250422749413002
SLC6A12,0.057517497100471764
SLC6A13,0.00827223909948085
SLC6A14,0.3354345050980549
SLC6A18,0.020564936803086797
SLC6A19,0.1185497404542115
SLC6A2,0.05126577654728052
SLC6A20,0.16394057888249813
SLC6A3,0.002029811091378691
SLC6A4,0.007115518866598108
SLC6A5,0.10319845039380167
SLC6A6,1.114074521384859
SLC6A7,0.22971773402178103
SLC6A8,26.78146416067832
SLC6A9,0.3254986691542134
SLC7A1,77.48322620273393
SLC7A10,0.032124000211109595
SLC7A11,7.049103976127971
SLC7A2,2.22997149714119
SLC7A3,0.04448941571177317
SLC7A5,19.57568472017809
SLC7A6,3.175681690682135
SLC7A7,0.1461266276461624
SLC7A8,2.8608702168992504
SLC7A9,0.20084224088954605
SLC8A1,19.947488672357263
SLC8A2,0.0798696460453723
SLC8A3,0.0004980674539427328
SLC8B1,8.23670972208428
SLC9A1,13.276144845938893
SLC9A2,5.839761500271306
SLC9A3,0.010692401367522855
SLC9A4,2.0249923048982064
SLC9A5,0.07603571789573972
SLC9A7,0.45048376871396806
SLC9A8,3.6076716486514915
SLCO1A2,0.1835430545458555
SLCO1B1,0.5745214485775751
SLCO1B3,0.014555135818233497
SLCO1C1,0.3354345050980549
SLCO2A1,0.03857514730746377
SLCO2B1,0.011950916950157407
SLCO3A1,0.007115518866598108
SLCO4A1,27.771585486170352
SLK,13.405687218427017
SMARCD3,13.117677082424779
SMG1,1.8061791070479436
SMPD1,6.350535284722382
SMPD2,3.2452998783169695
SMPD3,0.032124000211109595
SMPD4,19.02928954926896
SMS,257.392765116139
SMURF1,6.3155287904476145
SMURF2,8.385284813071573
SMYD3,9.910150676968128
SNRK,3.0770704328308645
SOAT1,12.24953435623859
SOAT2,0.3336611291146565
SOD1,5596.102784669297
SOD2,79.6394999537323
SOD3,11.436784265032184
SORD,33.2299139892948
SPCS1,168.4240722089989
SPCS2,1137.8206551253056
SPCS3,150.4194089235188
SPEG,1.2734174848621294
SPHK1,0.9453682333131257
SPHK2,3.400688990471574
SPR,229.95723114458744
SPRYD3,4.533598778792567
SPTLC1,41.79993461422327
SPTLC2,4.436213531777336
SPTLC3,1.4088711500410152
SQLE,0.647284740847968
SRC,4.759766740407116
SRD5A1,6.6270418991926485
SRD5A2,0.3354345050980549
SRD5A3,5.113160749844451
SREBF1,54.84882322691852
SRM,803.7071210208946
SRMS,0.0049252516461166795
SRPK1,12.211398252430968
SRPK2,22.117238309388405
SRPK3,0.15497777370772747
SSH1,3.7676766116391076
SSH2,21.208335518731218
SSH3,28.22106607417922
SSR4,958.2721334961702
SSU72,84.21001056353342
ST3GAL1,0.024446174990627654
ST3GAL2,1.8092090262728682
ST3GAL3,4.028593612423607
ST3GAL4,5.697657064380656
ST3GAL5,0.07413431927772267
ST3GAL6,4.4269388071617675
ST6GAL1,3.8931608874225256
ST6GALNAC1,0.15497777370772747
ST6GALNAC2,1.038827948238031
ST6GALNAC3,0.01589771802177715
ST6GALNAC4,6.728222463155086
ST6GALNAC5,0.0029324713038211695
ST6GALNAC6,11.147460770583429
ST8SIA1,0.00946542537209432
ST8SIA4,0.2776314714515137
ST8SIA5,0.024446174990627654
STAMBP,36.46534500543951
STAMBPL1,0.030552482255475324
STARD3,32.313862975767535
STK10,0.18878517183023164
STK11,48.051389125891745
STK16,1.4635946293160644
STK17A,7.7108785648610905
STK17B,3.427312989757974
STK19,10.0971749640932
STK24,46.555082539113535
STK25,6.216881568865706
STK26,0.6528452943887506
STK3,12.018332517644687
STK31,0.4198053002868817
STK32A,0.002029811091378691
STK32B,2.949477466258365
STK32C,1.6434892633411555
STK33,1.916438223719918
STK35,3.030149690789071
STK36,13.505772053107304
STK38,5.787282120823288
STK38L,8.931353864654671
STK39,1.0813521337514453
STK4,1.3928205649623748
STRA6,1.358620785598004
STS,10.797929438656912
STT3A,27.806998654094258
STT3B,82.6394760436411
STUB1,73.51888584513488
STYK1,1.7447703769255343
STYXL1,20.230510815653492
SUCLA2,249.11859770883999
SUCLG1,269.6308755300083
SUCLG2,680.5543728078994
SULT1A1,7.878319860426914
SULT1A2,0.007115518866598108
SULT1A3,3.2101394508600363
SULT1B1,11.156590094172376
SULT1C2,4.160462887258222
SULT1C4,0.20084224088954605
SULT1E1,1.3273511575593253
SULT2A1,3.553854432798619
SULT2B1,0.18218747004928987
SULT4A1,2.2499056832024946
SUOX,11.556385252796966
SUV39H1,6.809406721714098
SUV39H2,10.961117614162807
SYK,0.07224349592480882
SYNJ1,0.0307002714353545
SYNJ2,0.046563360470743366
SYVN1,0.3219685920579024
TAF1,13.293777952439196
TALDO1,165.75959456150505
TAOK1,2.6444407183527465
TAOK2,26.877381061911418
TAOK3,22.36715407514318
TARS,1203.5604512107914
TARS2,1.2816134664903385
TARSL2,1.4828770574988726
TAT,0.002029811091378691
TBCB,307.69306731982135
TBK1,0.7615014465459349
TBL1X,3.3115726152580476
TBL1XR1,12.383944682077011
TBXAS1,2.3905148076649594
TCIRG1,23.088909513999585
TDO2,0.09962730297865598
TECR,64.12123795742932
TECRL,0.11400593534832566
TENT2,10.882270481265515
TENT4A,24.408271880321674
TESK1,6.718089380567267
TESK2,0.0539540778160224
TFRC,208.06763504955322
TGDS,7.46119928036676
TGFBR1,2.6647286544018884
TGFBR2,13.006412134862616
TGM1,1.0455764064668582
TGM2,0.8153075189967908
TGM3,0.0004980674539427328
TGM4,0.03531742779054116
TGM5,0.00946542537209432
TGM6,0.018105422639918517
TGM7,0.07603571789573972
TGS1,11.357201343057675
TH,0.01589771802177715
THNSL1,0.530622854594488
THTPA,5.480523646832285
TIAM2,0.8345465644744644
TICRR,6.6472512454637185
TIPARP,0.708186893458747
TK1,143.56039781052516
TK2,5.2471830218385005
TKFC,28.783378764575506
TKT,371.9748646003702
TKTL1,0.002029811091378691
TKTL2,0.0004980674539427328
TLK1,7.716099210708233
TLK2,0.5201890241679233
TM7SF2,6.697833212919067
TMEM91,1.8435284664551563
TMLHE,2.504320842219705
TMX3,13.435026135002795
TNFRSF21,27.716373755383117
TNIK,0.2944192561616541
TNK1,2.6027767326121127
TNK2,6.778937750689861
TNKS,3.6919300955667054
TNKS2,6.39059428364468
TNNI3K,0.3354345050980549
TNS2,0.6742501778519971
TOPORS,6.687710133536608
TP53RK,2.4757613765785402
TPH1,0.05044127213664226
TPH2,0.08567194949607831
TPI1,21457.21198219967
TPI1P2,0.5628677304073696
TPK1,8.57715589045217
TPMT,15.555160182713262
TPO,0.6666932893355447
TPP1,20.896414534599252
TPSAB1,2.5897220236973384
TPSB2,0.3354345050980549
TPSD1,5.340733439554472
TPST1,11.130492216701763
TPST2,3.8213457731629106
TPTE,0.3354345050980549
TPTE2,0.0012085398280794622
TRAF7,43.71580106516369
TRDMT1,1.0624890867564496
TREH,0.007115518866598108
TREX1,2.203615968824205
TREX2,0.06112973587260771
TRHDE,0.16805755992133736
TRIB3,1.3872865772529295
TRIM11,11.023155854337482
TRIM32,1.705587468989702
TRIM33,8.756440706587213
TRIM63,0.5828185949801588
TRIO,3.012456289799042
TRIP12,14.01528159130402
TRIT1,18.318357037631095
TRMT1,8.737542620651121
TRMT11,5.08930802940568
TRMT1L,1.1824986823400265
TRMU,50.657052518383075
TRPM6,0.00599851098850304
TRPM7,6.170953556716392
TSSK1B,0.0004980674539427328
TSSK2,0.03857514730746377
TSSK3,0.43648056541199864
TSSK4,0.8506534090937441
TSSK6,0.30470328027499816
TST,9.370267736958008
TSTA3,318.8451580123185
TTC3,45.176621095680346
TTK,0.36829909070574146
TTL,2.212501948514034
TTLL10,0.0856962601597675
TTN,0.010692401367522855
TUSC3,8.001079015779625
TUT1,0.36156894767910586
TUT4,18.887641396393395
TUT7,5.08930802940568
TXN,3948.3238517735463
TXN2,39.20966615052257
TXNRD1,362.9785468465964
TXNRD2,12.720424171581893
TXNRD3,1.491647785024254
TYMP,0.322882951908742
TYMS,683.99420245562
TYR,0.0049252516461166795
TYRO3,6.161009827609456
TYRP1,0.017265508676909843
UAP1,20.5768550738866
UAP1L1,3.9381928084060065
UBA1,878.3172417955379
UBA2,132.65362913437704
UBA3,51.05293871522025
UBA6,156.97325338110738
UBA7,0.8765629655480731
UBE2A,53.4223454003897
UBE2B,25.67026605652985
UBE2C,104.02483009657224
UBE2D1,8.10454510716875
UBE2D2,163.2846315452508
UBE2D3,1175.4081657371746
UBE2D4,6.45078552552638
UBE2E1,50.28747430652679
UBE2E2,0.5706688100358351
UBE2E3,7.499812042116836
UBE2F,1.4078845741033859
UBE2G1,37.957888510098684
UBE2G2,9.44410727187631
UBE2H,266.2390298193384
UBE2I,1877.1278183215575
UBE2J1,5.7941257283000684
UBE2J2,45.9455979642046
UBE2K,777.0935289687922
UBE2L3,1918.3329075385896
UBE2L6,14.205325428775406
UBE2M,166.39020145840183
UBE2N,89.64552782133003
UBE2NL,0.3354345050980549
UBE2O,17.815541494357184
UBE2Q1,7.743717644901521
UBE2Q2,1.3337153165429145
UBE2QL1,0.0029324713038211695
UBE2R2,5.565588478151259
UBE2S,492.3247341105554
UBE2T,9.562215001278462
UBE2U,0.023784263818109993
UBE2W,4.72509122624555
UBE2Z,60.34889304452867
UBE3A,14.150737511349236
UBE3B,9.294078865727796
UBE3C,6.653464260160318
UBE4A,0.8417095876052058
UBE4B,4.181013479888761
UBLCP1,57.860082225290576
UBR1,0.33753057583224916
UBR2,1.7057468613075826
UBR3,0.030010278643989294
UBR4,35.57054781290961
UBR5,1.1958289208229778
UBR7,18.944778051594362
UCK1,13.918043241839797
UCK2,15.57808679674965
UCKL1,17.359404865408035
UCP1,0.01589771802177715
UCP2,104.52376180320925
UCP3,0.539375676805279
UEVLD,6.738358874476369
UGCG,30.16799559478935
UGDH,41.493245895990704
UGGT2,10.272682990203311
UGP2,765.2621226556704
UGT1A1,0.00946542537209432
UGT1A10,0.00599851098850304
UGT1A3,1.0114790584917612
UGT1A4,0.0951329295757727
UGT1A5,0.4044927492424471
UGT1A6,4.17529634791317
UGT1A7,0.0004980674539427328
UGT1A8,0.1293154038699776
UGT1A9,0.11549856641655931
UGT2A1,0.3354345050980549
UGT2A3,0.0012085398280794622
UGT2B10,0.0004980674539427328
UGT2B11,0.23720441855058141
UGT2B15,0.6704297803167216
UGT2B17,0.6033232516115735
UGT2B28,0.0012085398280794622
UGT2B4,0.002029811091378691
UGT2B7,9.539452332851313
UGT3A1,0.12021469926971337
UGT3A2,0.19380035281634808
UGT8,1.055716915913399
UHMK1,16.812999640514462
UHRF1,0.3354345050980549
UHRF2,8.68415809872573
ULK1,5.232787396103458
ULK3,4.183292192544886
ULK4,1.9628016042788632
UMPS,418.32219783690647
UPB1,0.14652210009264197
UPP1,4.061719087786829
UPP2,0.00946542537209432
UPRT,1.487804763679263
UQCR10,44.82192910894502
UQCR11,129.46597157138018
UQCRB,555.5148534541203
UQCRC1,1875.8496802354184
UQCRC2,1944.0627417986882
UQCRFS1,353.0319114184273
UQCRH,1.630264699700855
UQCRQ,153.2675012053912
UROC1,0.0012085398280794622
UROD,54.89660136693508
UROS,31.353815490412895
USP1,113.38593751419901
USP10,12.948437503484682
USP11,51.02721960151547
USP12,4.786166753013769
USP13,2.119062341397375
USP14,221.44811825782045
USP15,8.687808132446197
USP16,16.516576637239474
USP17L2,0.002029811091378691
USP17L22,0.04998256910149056
USP17L30,0.050968258904732194
USP17L5,0.050968258904732194
USP17L9P,0.3354345050980549
USP18,0.9486727313590122
USP19,1.6238955609527645
USP2,0.18449748664802637
USP20,6.677590394243488
USP21,16.15994162612887
USP22,101.63868502398105
USP24,2.44377350825562
USP25,0.09467340999622241
USP26,0.08118014005684498
USP28,15.281933780141912
USP29,0.08228852752006045
USP3,1.3627218045400877
USP30,0.14183398511342551
USP31,1.419690606447308
USP32,0.2552766870126246
USP33,34.51298796522539
USP34,36.127897998643896
USP35,1.7485467377069421
USP36,20.166111310716566
USP37,3.357480972955
USP38,3.0984498699109784
USP4,2.7569356091928516
USP40,0.6413875653709543
USP41,2.710360927900153
USP42,2.338071939148781
USP43,0.9685522951121326
USP44,0.5074361641164326
USP45,2.2698784552806615
USP46,6.415659012992279
USP47,10.538445916028927
USP48,0.9280916728542191
USP49,1.2875341450043631
USP51,0.013239049821824455
USP6,0.011950916950157407
USP7,42.76409854171611
USP8,0.8230496018075449
USP9X,10.419668746402785
USP9Y,0.002029811091378691
UST,0.028998399718757426
UXS1,44.1048369166146
VARS,237.4104173880709
VARS2,96.98985311041668
VKORC1,56.01254368402751
VNN1,0.0004980674539427328
VNN2,0.0029324713038211695
VNN3,0.3354345050980549
VRK1,131.2621915006468
VRK2,7.1682099998028805
VRK3,16.794439569315315
WARS,2960.254535216325
WARS2,14.288006254718548
WDYHV1,6.096461000344214
WEE1,18.255338545672366
WEE2,0.0004980674539427328
WNK1,6.283550678173592
WNK2,6.637144895120696
WNK3,0.02007224190213457
WNK4,0.5776601703262744
WWOX,9.03929984177982
WWP1,8.099268234655352
WWP2,0.1487467906210227
XDH,0.4385443570697627
XPO6,0.6914770678413934
XPO7,26.856821146936504
XYLB,10.568130797801556
XYLT1,0.0029324713038211695
XYLT2,5.73678196800735
YARS,3402.5427252114446
YARS2,27.918166312228735
YES1,26.28254212009643
ZADH2,14.283293199482435
ZAP70,0.007115518866598108
ZC3HAV1,4.002409977838524
ZNRD1,2.819154604238438
ZNRF1,12.977166275827518
ZNRF2,14.682594745570638
ZSWIM2,0.015679988656711358
