A4GALT,3.23546230240091
A4GNT,0.0037483297676075044
AACS,35.04822634926477
AADAC,0.0003490600853319943
AADAT,4.7842922159613
AAK1,22.123884686838394
AANAT,0.005487360668542739
AARS,521.4300466580353
AARS2,3.538478442582064
AASDH,1.9098382739456818
AASDHPPT,10.740064587976839
AASS,1.8414482658828817
AATK,0.005487360668542739
ABAT,0.013746261812233363
ABCA1,2.7791557205023896
ABCA3,2.6254127003549423
ABCA4,0.0003490600853319943
ABCA8,0.0003490600853319943
ABCB1,3.674543726975736
ABCB11,0.0037483297676075044
ABCB4,0.0003490600853319943
ABCB6,0.27608831729538696
ABCC1,0.6125464887614344
ABCC11,0.006414062433126673
ABCC2,10.390031748397705
ABCC3,0.079194099711973
ABCC4,14.111779736587216
ABCC5,3.560692327620131
ABCC8,0.05536502372092665
ABCC9,0.004597614810889984
ABCD1,2.013555940044235
ABCD2,0.008367477090583941
ABCD3,75.46997944000437
ABCG2,0.5723686660178937
ABCG5,0.0003490600853319943
ABCG8,0.026673876708283938
ABHD12,48.62376081517448
ABHD5,5.1120201264815615
ABHD6,1.1027332337764548
ABL1,13.485814081183165
ABL2,6.9044103399708785
ABO,0.0021904956793324473
ACAA1,8.603768462254457
ACAA2,33.36678432432216
ACACA,0.3354345050980549
ACACB,0.578055756485627
ACAD10,4.196123354177044
ACAD11,0.8431520326582157
ACAD8,22.003775346177036
ACAD9,146.66916130923315
ACADL,2.0884998888909356
ACADM,24.897079900247316
ACADS,2.05619373883467
ACADSB,39.94342659005691
ACADVL,514.7364644383213
ACAT1,74.50725602350725
ACAT2,62.75518437096257
ACE,0.0037483297676075044
ACE2,0.0003490600853319943
ACER1,0.16791837461055348
ACER2,0.18967397697167523
ACER3,4.746088452857029
ACHE,0.011517379796921452
ACLY,216.84789273341863
ACMSD,0.0014962931464896627
ACO1,18.61103353367721
ACO2,13.313519350321371
ACOT1,1.7065319704256887
ACOT11,0.5301610112448638
ACOT12,0.09846384054416166
ACOT13,4.81299424071418
ACOT2,10.837513737599155
ACOT4,0.016067721225472995
ACOT6,0.009586111032012986
ACOT7,71.72742862431619
ACOT8,14.280289779222997
ACOX1,2.81539616238683
ACOX2,0.04628043528796174
ACOX3,5.4993270566349
ACP1,7874.882519439058
ACP2,5.423635053626273
ACP4,0.0036202735317779565
ACP5,0.08805369348656993
ACP6,5.551547221161236
ACP7,0.0014962931464896627
ACPP,0.0037483297676075044
ACSBG1,0.012619746052946397
ACSBG2,0.0021904956793324473
ACSF2,6.075235064962706
ACSF3,3.6230719185176894
ACSL1,0.38516660856299695
ACSL3,14.622476807212188
ACSL4,6.238057560702824
ACSL5,1.5763915131923274
ACSL6,0.0014962931464896627
ACSM1,0.03932377947094474
ACSM2A,0.0585122933778039
ACSM2B,0.06320048198640206
ACSM3,1.1027332337764548
ACSM4,0.0003490600853319943
ACSM5,0.38590455571506443
ACSS1,0.020961175643950797
ACSS2,9.076074667736574
ACSS3,0.06385326876256489
ACVR1,3.278963383379999
ACVR1B,4.509032391224666
ACVR1C,0.0029439750121451245
ACVR2A,0.35454865298193056
ACVR2B,0.1746605981042422
ACVRL1,0.4832010043910329
ACY1,101.4101227405184
ACY3,0.08521334504856215
ACYP1,16.923675257808885
ACYP2,1.4667916837429191
ADA,51.05056564396721
ADCY1,0.0003490600853319943
ADCY10,0.0014962931464896627
ADCY2,0.12882048009940458
ADCY3,14.581068701021806
ADCY4,0.10631598126848664
ADCY5,0.0014962931464896627
ADCY6,2.2805753941471454
ADCY7,0.028851924931235527
ADCY8,0.0008744224429571487
ADCY9,2.356617118477091
ADH1A,15.260920881477592
ADH1B,6.10177814305556
ADH1C,0.3354345050980549
ADH4,3.1026068878428408
ADH5,711.2820713590066
ADH6,0.037315369246428046
ADH7,0.11332845673771044
ADHFE1,0.16203831581261935
ADI1,26.449584614690266
ADK,59.87838293055867
ADO,7.511148843890775
ADPGK,46.72949222540831
ADPRH,0.025335088807086226
ADSL,793.1146209010283
ADSS,116.24030922725008
ADSSL1,0.047819496834788436
AFMID,13.993493322922763
AGA,106.01338715251065
AGK,6.4376873961740735
AGL,0.21229340317922094
AGMAT,0.0021904956793324473
AGPAT1,6.711505279827391
AGPAT2,6.592370087169104
AGPAT3,9.611165067902173
AGPAT4,0.3305629823157715
AGPAT5,10.384250838387164
AGPS,21.527963436634565
AGT,0.0029439750121451245
AGXT,0.0008744224429571487
AGXT2,0.07273189725255508
AHCY,12637.807087975305
AHCYL1,22.431659864579267
AHCYL2,0.776144159601202
AICDA,0.02482950424965265
AK1,264.1176343364177
AK2,2565.2505066482595
AK3,5.69804404674237
AK4,1135.6900556029307
AK5,0.17254083264712658
AK7,0.14965275777628956
AKR1A1,195.18620082570592
AKR1B1,0.3697799146167589
AKR1B10,0.02482950424965265
AKR1B15,0.0003490600853319943
AKR1C1,0.15788303003093254
AKR1C2,0.04628043528796174
AKR1C3,0.06551727998229585
AKR1C4,0.0008744224429571487
AKR1C8P,0.3354345050980549
AKR1D1,0.0008744224429571487
AKR7A2,178.50106404681293
AKR7A3,0.08094749433161152
AKT1,3.770198178981251
AKT2,2.2058387736528067
AKT3,9.092856817909665
ALAD,73.00294267137772
ALAS1,34.16177776981198
ALAS2,0.0014962931464896627
ALB,0.013746261812233363
ALDH18A1,204.9741212078548
ALDH1A1,350.5017343157931
ALDH1A2,0.013746261812233363
ALDH1A3,0.04173881733376911
ALDH1B1,6.76875870151584
ALDH1L1,0.08805369348656993
ALDH1L2,0.0029439750121451245
ALDH2,0.8041802954845384
ALDH3A1,0.014895896232150296
ALDH3A2,107.60845469203626
ALDH3B1,4.386950792298418
ALDH3B2,0.0014962931464896627
ALDH4A1,3.8842937142736735
ALDH5A1,0.21609659648194224
ALDH6A1,0.27608831729538696
ALDH7A1,178.7912286356766
ALDH9A1,491.7376276531377
ALDOA,19927.632235603014
ALDOB,21.84377346574432
ALDOC,0.108319225615368
ALG1,18.225740957799637
ALG10,3.542918491729345
ALG11,1.5778237899074394
ALG12,3.5118668574634566
ALG13,22.794646910398413
ALG14,0.7095287613946514
ALG1L,0.5320291266410132
ALG1L2,0.3354345050980549
ALG2,43.02261886140758
ALG3,1.9021583576895509
ALG5,26.844776748869528
ALG6,3.123030935010404
ALG8,32.46169395677171
ALG9,10.21694857821491
ALK,0.0014962931464896627
ALLC,0.09874098907430014
ALOX12,0.017260896012321055
ALOX12B,0.1630395711428963
ALOX15,0.418087264859336
ALOX15B,0.0008744224429571487
ALOX5,0.010440316115259286
ALPG,0.050934153993808726
ALPI,0.09522613776587274
ALPL,0.2205812953282662
ALPP,0.3025136371194755
AMACR,82.21460316904837
AMD1,46.790623870143094
AMDHD1,0.06551727998229585
AMDHD2,10.558020354662494
AMFR,0.33345734661202936
AMHR2,0.013746261812233363
AMN,0.012619746052946397
AMPD1,0.11167496795558433
AMPD2,32.966138731837944
AMPD3,3.211759367081247
AMT,0.22508846451332892
AMY1A,2.6438139326066277
AMY1B,2.6438139326066277
AMY1C,2.6438139326066277
AMY2A,0.0037483297676075044
AMY2B,0.016067721225472995
ANAPC11,121.11525977151538
ANGPTL4,42.75459011547196
ANKRD1,80.64948805421109
ANPEP,0.012619746052946397
ANXA3,4.8957815386728765
AOAH,0.004597614810889984
AOC1,0.0008744224429571487
AOC2,0.1121117805286681
AOC3,0.028851924931235527
AOX1,23.227921465544846
APOA1,12.952897432165507
APOA2,180.33762034675766
APOA5,0.11645175048604357
APOB,1.4927272133171663
APOC1,2.3928491826788774
APOC2,0.005487360668542739
APOC3,46.87519708233557
APOE,0.06385326876256489
APRT,683.0757126612293
AQP1,0.006414062433126673
AQP10,0.0037868645526527175
AQP2,2.053743019254548
AQP3,0.006414062433126673
AQP4,0.01970829613815915
AQP5,0.0014962931464896627
AQP7,0.0003490600853319943
AQP8,0.0797973813681842
AQP9,0.6662584988824668
ARAF,0.7426405734616337
ARCN1,369.9169763779231
ARG1,0.007374884526474344
ARG2,8.405614334358864
ARSA,7.379146257062885
ARSB,3.296648441242629
ART1,0.0029439750121451245
ART3,0.22017281728277502
ART4,0.008367477090583941
ART5,0.025214165732571663
AS3MT,0.007374884526474344
ASAH1,47.238444824874485
ASAH2,0.058925205727645744
ASH1L,0.00955403178235371
ASL,317.08786778186857
ASMT,0.0566304971118221
ASNS,795.4323066799861
ASPA,4.1554543647675315
ASPG,0.2264884518135772
ASPH,598.120496927013
ASRGL1,13.714319161084168
ASS1,1.2729342727677508
ATE1,5.077885376493175
ATIC,1818.2948448348948
ATM,1.5395046046150525
ATP10A,9.025773878287888
ATP11A,4.452584960319515
ATP11C,3.3226064381993172
ATP1A1,66.82980841241658
ATP1A2,0.007374884526474344
ATP1A3,0.0261537973156312
ATP1A4,8.854064531433167
ATP1B1,61.87613770000462
ATP1B2,0.0008744224429571487
ATP1B3,66.48987374852888
ATP1B4,0.020317090524169256
ATP2B1,5.196586857481435
ATP2B2,0.0003490600853319943
ATP2B3,3.8082211325943556
ATP2B4,25.486127387011198
ATP4A,3.7675709576044514
ATP4B,0.2703572249398832
ATP5F1A,429.2357230193596
ATP5F1B,961.998186174216
ATP5F1C,351.58441767678164
ATP5F1D,50.232164556064035
ATP5F1E,34.81350220931871
ATP5MC1,283.715735542617
ATP5MC2,645.6672155774661
ATP5MC3,267.0844087480588
ATP5ME,656.0632177816943
ATP5MF,805.8935629078827
ATP5MG,253.7490045213085
ATP5MGL,0.010440316115259286
ATP5PB,327.9162629643027
ATP5PD,406.523065581274
ATP5PF,278.7316094900811
ATP5PO,262.9781325563371
ATP5S,0.3354345050980549
ATP6V0A1,1.204795528412383
ATP6V0A2,0.4828950378447355
ATP6V0A4,0.03301704778851662
ATP6V0B,97.80254693454627
ATP6V0C,176.49166018403764
ATP6V0D1,204.60384473276852
ATP6V0D2,0.0003490600853319943
ATP6V0E1,114.69684849762726
ATP6V1A,48.12667730763657
ATP6V1B1,0.0029439750121451245
ATP6V1B2,188.03863904778882
ATP6V1C1,24.44377343416717
ATP6V1C2,0.2928360646586215
ATP6V1D,53.93321303473788
ATP6V1E1,147.5333691881522
ATP6V1E2,2.6543341912046996
ATP6V1F,30.156828860098088
ATP6V1G1,32.45145665443928
ATP6V1G2,0.0302249464409665
ATP6V1G3,0.2330917175245828
ATP6V1H,9.518089320424503
ATP7A,0.8504140514574523
ATP7B,2.9350135992790203
ATP8A1,0.012619746052946397
ATP8B1,22.024507130399883
ATP8B2,8.664540648145172
ATR,0.07109737133163357
AUH,0.9170987089381413
AURKA,1.2748909905994044
AURKB,26.826380971045214
AURKC,0.09713765552790904
AWAT1,0.0633604788899994
AWAT2,0.007374884526474344
AXL,0.38744576174972906
AZIN2,1.069502280521637
B3GALNT1,0.09166099886353585
B3GALNT2,5.3366981320404925
B3GALT1,0.07571582262125927
B3GALT2,0.0003490600853319943
B3GALT4,0.007374884526474344
B3GALT5,0.8379180863314429
B3GALT6,5.180149196079045
B3GAT1,0.15193154024453412
B3GAT2,0.02223269802331203
B3GAT3,23.601881781208768
B3GLCT,1.262172324781761
B3GNT2,7.570985293452849
B3GNT3,0.0029439750121451245
B3GNT4,0.26427553358308353
B3GNT5,0.2856288692079083
B3GNT6,0.0014962931464896627
B3GNT7,0.0029439750121451245
B3GNT8,0.0003490600853319943
B3GNT9,0.079194099711973
B3GNTL1,3.0243920197075704
B4GALNT1,14.518279788005778
B4GALNT2,0.047819496834788436
B4GALNT3,0.0037483297676075044
B4GALNT4,0.0316134374476553
B4GALT1,19.747044773900573
B4GALT2,38.18822716588477
B4GALT3,14.776135453326987
B4GALT4,22.981771970561937
B4GALT5,47.88908737821531
B4GALT6,6.8104273261178685
B4GALT7,11.401813762656078
B4GAT1,24.25447702695213
BAAT,0.0014962931464896627
BARD1,2.2805753941471454
BBOX1,0.0008744224429571487
BCAP31,1463.8146220349283
BCAT1,27.43452108642585
BCAT2,15.613782993877619
BCHE,0.0037483297676075044
BCKDHA,1.694284694553542
BCKDHB,4.340216017336746
BCKDK,58.43483493278765
BCO1,1.3350810014909658
BCR,0.20101112590051207
BDH1,0.2808486593960278
BDH2,2.4738468020486217
BHMT,9.628605885429819
BHMT2,0.141990334656717
BIRC6,5.361445644152118
BLK,0.06541959940621507
BLVRA,878.9469531162018
BLVRB,1069.5573100290137
BMP1,2.7082507589536964
BMP2K,0.2237246183567649
BMPR1A,4.598762512134059
BMPR1B,0.09898038376578468
BMPR2,6.930572682968759
BMX,0.0003490600853319943
BPGM,4.578381789320343
BPNT1,18.033561944606575
BRAF,2.232866139573024
BRAP,0.16083562124428694
BRPF1,2.9689849567836157
BRSK1,1.0266783195332037
BRSK2,0.011517379796921452
BSCL2,38.46690108998669
BSG,55.78873279265412
BTD,6.044842639450139
BUB1,32.44640616610144
BUB1B,1.0620318310761032
C1GALT1,41.442864769130814
CA1,0.3354345050980549
CA12,0.012619746052946397
CA13,10.322866037675977
CA14,0.0316134374476553
CA2,0.009389855243067902
CA3,0.6327595504976118
CA4,0.5954040821098942
CA5A,0.08417582761312976
CA5B,0.14515303331579052
CA6,0.05250936209565334
CA7,0.1495136882661207
CA8,0.0037483297676075044
CA9,0.44286429875319383
CAD,95.38029547680412
CALM1,389.9989503382973
CAMK1,0.02617407500594605
CAMK1D,2.453535503532136
CAMK1G,0.2849623897949523
CAMK2A,2.664755225509474
CAMK2B,0.0003490600853319943
CAMK2D,117.53911158788775
CAMK2G,9.362079421767662
CAMK4,5.034430152539407
CAMKK1,2.7499051653349347
CAMKK2,8.056161250636736
CANT1,45.225208256307226
CARM1,5.7465641613910705
CARNS1,0.0037483297676075044
CARS,32.08002997268501
CARS2,10.267409067672734
CASK,21.021808570362573
CAT,56.83184072175847
CBLC,0.0014962931464896627
CBLL1,4.856126045856993
CBLL2,0.0003490600853319943
CBR1,108.75589875680897
CBR3,178.96613451253953
CBR4,44.10002847086442
CBS,22.066221352792763
CBSL,22.066221352792763
CBX1,234.80002371294097
CCNB1IP1,16.18488337352958
CD36,0.010440316115259286
CD38,0.0003490600853319943
CDA,3.3107732961770644
CDC14A,0.8504140514574523
CDC14B,1.433827665330077
CDC25A,4.860924287601718
CDC25B,49.875136506322
CDC25C,6.941044409598213
CDC34,4.749376240142683
CDC42BPA,1.5801941617985114
CDC42BPB,1.883287142362275
CDC42BPG,0.006414062433126673
CDC7,6.654494404858826
CDIPT,92.68945909953335
CDK1,82.36434240388974
CDK10,14.399164220558571
CDK11A,25.709692776839063
CDK11B,45.39941906483717
CDK12,13.135645835905834
CDK13,4.7556323503684945
CDK14,2.6874821687675237
CDK15,1.4982075488294437
CDK16,64.62187840698306
CDK17,5.63824756469129
CDK18,0.03443544633282629
CDK19,2.4819828036141294
CDK2,49.85815075659165
CDK20,0.93913263957797
CDK3,0.5980684268245292
CDK4,24.58408185630353
CDK5,29.561260375139348
CDK6,22.803261235766698
CDK7,197.24731351890028
CDK8,4.200752835328002
CDK9,24.61036246587687
CDKL1,1.4480742656979881
CDKL2,0.0008744224429571487
CDKL3,0.1918433020525984
CDKL4,0.0124926335095224
CDKL5,0.20941219906425249
CDKN3,50.13009283992535
CDO1,0.07057135577660391
CDS1,0.006414062433126673
CDS2,25.176815423941004
CDY1,0.256335927830294
CDY1B,0.256335927830294
CDY2A,0.04923577690024244
CDY2B,0.04923577690024244
CEL,0.008367477090583941
CEPT1,1.9831183729649644
CERCAM,5.7780125170802545
CERK,9.560151298020287
CERS1,0.04173881733376911
CERS2,164.62032794247193
CERS3,0.204503049429499
CERS4,0.02223269802331203
CERS5,15.99181615331928
CERS6,3.123030935010404
CES1,0.014895896232150296
CES2,9.311713627399598
CES3,0.5413386455536552
CES5A,0.03703753789261324
CFTR,0.0003490600853319943
CH25H,0.0008744224429571487
CHAT,0.014545141103376102
CHD9,5.618349828813053
CHDH,0.8364869072738399
CHEK1,8.52405519888023
CHEK2,11.248290429797196
CHFR,9.339864263980505
CHI3L1,1.5906732003940298
CHIA,0.34819723870797287
CHIT1,0.059357261020967375
CHKA,3.430561866291734
CHKB,4.532603515134567
CHMP4A,62.9529385575123
CHPF,4.099194564517451
CHPF2,7.20408935777681
CHPT1,19.362241558364897
CHST1,0.0539746197123835
CHST10,1.146302774399936
CHST11,0.9423407199029421
CHST12,5.078038715279603
CHST13,0.023522311790098123
CHST14,0.6584682671603328
CHST2,0.0302249464409665
CHST3,5.6581625335736305
CHST4,0.06385326876256489
CHST5,0.0021904956793324473
CHST6,0.0021904956793324473
CHST7,11.585525184109185
CHST8,0.032071621246462796
CHST9,1.7999574964280036
CHSY1,13.221442563626987
CHSY3,0.007374884526474344
CHUK,1.287413937398951
CHURC1-FNTB,1.792438695181821
CIDEA,0.3261466052049245
CINP,0.8473569713248653
CIT,6.800004292978733
CKB,0.4007055381385696
CKM,7.364096311229185
CKMT1A,0.009389855243067902
CKMT1B,0.02482950424965265
CKMT2,0.012619746052946397
CLC,1.416608020365395
CLCF1,4.316894738710504
CLK1,1.42784732604942
CLK2,12.411959524417677
CLK3,1.1615623018642272
CLK4,0.28990782292401496
CLOCK,4.880128865150537
CLPS,9.828993754263943
CLTRN,0.0029439750121451245
CLYBL,0.606696138493328
CMA1,0.7504889198679588
CMAHP,0.18105770197754162
CMAS,25.19118147205057
CMPK1,413.9819387411871
CMPK2,0.0029439750121451245
CMTR1,10.936928736409266
CNDP1,0.10098650708592134
CNDP2,158.16392441448107
CNOT4,1.8565931096142663
CNP,32.14102178107729
COASY,561.665111160305
COL4A3BP,2.1890505359151575
COLGALT1,71.90389024072573
COLGALT2,0.06385326876256489
COMT,188.52943550853809
COMTD1,256.2131059270341
COP1,11.154068832515646
COPA,179.02282368597304
COPB1,437.98742756475957
COPB2,78.69195492445425
COPE,249.21187039277316
COPG1,140.92468659200276
COPG2,139.21774968628705
COQ2,6.166635924449026
COQ3,10.936928736409266
COQ5,2.248860805762886
COQ6,7.909834292427855
COQ7,0.1900512731606597
COX1,6455.091427302086
COX17,48.90076799165311
COX2,42632.07490554992
COX3,40015.831218843734
COX4I1,1009.0269010744597
COX4I2,0.3485321525399708
COX5A,253.150591179775
COX5B,184.18764588860898
COX6A1,15.947755088572963
COX6A2,2.1594511708694366
COX6B1,60.54490566510401
COX6B2,0.008367477090583941
COX6C,120.80422915036849
COX7A1,0.0021904956793324473
COX7A2,97.81228349328018
COX7A2L,150.801546993453
COX7B,29.327955308735806
COX7B2,12.787751784174608
COX7C,362.55592339014294
COX8A,745.985279222509
COX8C,0.7410518340738615
CP,0.005635016921514156
CPA1,2.3131739981911728
CPA2,0.0008744224429571487
CPA5,0.08094749433161152
CPA6,0.0008744224429571487
CPOX,122.95871655382729
CPS1,0.04937080227680928
CPT1A,0.43417159642079806
CPT1B,1.5851114899726817
CPT1C,1.5054034727112453
CPT2,16.22914386578827
CRAT,3.0601970118148536
CREBBP,0.07975122718140297
CRLS1,35.867201014003726
CROT,5.618609231121973
CS,4614.060016615673
CSAD,2.9053675084103876
CSF1R,0.0316134374476553
CSGALNACT1,3.574037001492323
CSGALNACT2,6.355559727267501
CSK,13.498141608240458
CSNK1A1,66.72228601405956
CSNK1A1L,0.0014962931464896627
CSNK1D,61.80451321083239
CSNK1E,4.9052643768159605
CSNK1G1,1.5018044539741886
CSNK1G2,15.588234078291496
CSNK1G3,12.60557366127995
CSNK2A1,710.3914841717068
CSNK2A2,278.20469965344773
CSNK2B,351.3077066650043
CTBP1,146.56142188892557
CTDP1,1.4770628514319077
CTDSP1,24.66098073184251
CTDSP2,39.94004383484983
CTDSPL,1.5887584255659573
CTDSPL2,1.6168439938115235
CTGF,0.3354345050980549
CTH,1.1902822594084035
CTPS1,212.80193458249292
CTPS2,2.539117459988753
CTSA,297.97550761806457
CTSB,132.970636689816
CTSC,38.09279631104327
CTSD,197.7715353298251
CTSE,0.011517379796921452
CTSF,1.1294963068118982
CTSG,0.1683204415692856
CTSH,0.11593606082783606
CTSK,0.23645319707751972
CTSL,6.04882939120016
CTSO,0.4942340047035228
CTSS,0.08094749433161152
CTSV,6.049905447502906
CTSW,0.0029439750121451245
CTSZ,0.031195479980037452
CUBN,0.020961175643950797
CWC27,17.868292286002863
CYB5D1,7.230525302896077
CYB5R1,16.53382934555835
CYB5R2,0.02223269802331203
CYB5R3,1333.3237392615044
CYBB,0.0008744224429571487
CYBRD1,12.745186262663088
CYC1,253.0346422128826
CYLD,2.0570336707284596
CYP11A1,0.0008744224429571487
CYP11B1,0.8426372984421979
CYP11B2,0.08105018928386314
CYP17A1,0.6378404877857153
CYP19A1,0.3354345050980549
CYP1A1,0.14965275777628956
CYP1A2,4.881250664873969
CYP1B1,104.04128005271525
CYP21A2,0.1014757002698907
CYP24A1,0.14355177285383647
CYP26A1,0.09617622446888627
CYP26B1,0.0014962931464896627
CYP27A1,3.300767224022891
CYP27B1,0.4242927681771391
CYP2A13,0.04638837469548625
CYP2A6,0.0014962931464896627
CYP2A7,0.0003490600853319943
CYP2B6,0.02889595120271605
CYP2C18,0.0014962931464896627
CYP2C19,0.1750227487879086
CYP2C8,0.0021904956793324473
CYP2C9,0.13627582512980346
CYP2D6,0.016067721225472995
CYP2E1,0.6009409626617039
CYP2F1,0.013929970839435852
CYP2J2,0.1008315628171617
CYP2S1,0.010440316115259286
CYP2U1,0.606696138493328
CYP39A1,0.011517379796921452
CYP3A4,0.0029439750121451245
CYP3A43,0.0021904956793324473
CYP3A5,0.0261537973156312
CYP3A7,0.007374884526474344
CYP46A1,0.0008744224429571487
CYP4A11,1.6372931884537043
CYP4B1,0.18924655837091137
CYP4F11,0.0037483297676075044
CYP4F12,0.0003490600853319943
CYP4F2,1.3721447209835187
CYP4F22,0.0003490600853319943
CYP4F3,0.0008744224429571487
CYP4F8,0.3354345050980549
CYP4V2,2.4413684633530868
CYP4X1,0.0003490600853319943
CYP4Z1,0.08130083947706235
CYP51A1,83.29242696776583
CYP7A1,0.015615087844251259
CYP7B1,0.0003490600853319943
CYP8B1,1.3996596795653906
CYTB,8000.915864280361
DAD1,825.0727561033563
DAGLA,0.20941219906425249
DAGLB,34.96133388877001
DAO,0.0021904956793324473
DAPK1,12.430079600439795
DAPK2,0.009389855243067902
DAPK3,9.311757553064377
DARS,3462.700430736321
DARS2,18.538260270072133
DBH,0.20718482274233008
DBI,238.28744193217753
DBT,0.7945430511313525
DCK,9.595398359631693
DCLK1,0.06339358025793548
DCLK2,1.5054034727112453
DCT,0.0021904956793324473
DCTD,35.68209579998576
DCTPP1,35.15608296616713
DCXR,34.34767638604033
DDAH1,76.57023940908326
DDAH2,79.64374855509325
DDC,0.0008744224429571487
DDO,2.3405575955538747
DDOST,950.4945731077561
DDR1,5.019914484041777
DDR2,4.97642924750921
DECR1,12.183001424031602
DECR2,6.504605966565815
DEGS1,14.997248721792724
DEGS2,0.0003490600853319943
DERA,72.82888596272011
DGAT1,4.908970499158267
DGAT2,1.5560102333586656
DGKA,8.62033229014968
DGKB,0.0003490600853319943
DGKD,20.40612279535159
DGKE,0.19838732942516757
DGKG,0.011517379796921452
DGKH,0.6767869077829868
DGKI,0.02223269802331203
DGKQ,2.0834404869985317
DGKZ,16.19132872098804
DGUOK,39.11855904761043
DHCR24,2.550718737893553
DHCR7,37.68786967839185
DHDH,0.06551727998229585
DHFR,1748.9627052238643
DHODH,3.6364734613058824
DHRS2,0.36468539447377885
DHRS3,1.214130574372898
DHRS4,278.63107626102425
DHRS9,2.05619373883467
DIO1,0.005940624787967807
DIO2,0.0316134374476553
DIO3,0.11155151189974315
DLAT,759.723466798555
DLD,946.8637012514986
DLST,164.75688654938446
DMGDH,0.016067721225472995
DMPK,5.121739299197964
DNAJC6,3.045769130960357
DNMT1,33.761027579428685
DNMT3A,0.21833612247787867
DNMT3B,2.9902656271219463
DNMT3L,0.03798289307998578
DOLPP1,5.63824756469129
DOT1L,6.587199516025721
DPAGT1,66.13757362431923
DPEP1,0.057304332117165
DPEP2,0.5881516948146499
DPEP3,0.0003490600853319943
DPH5,153.6038513519432
DPM1,1725.044798640334
DPM2,18.61826076500372
DPM3,12.001196558664615
DPYD,1.9749853695604878
DPYS,5.275394804691691
DPYSL2,1059.7808310795751
DPYSL3,54.82778714768399
DSTYK,1.2107165785766543
DTYMK,72.05487599730586
DUOX1,0.009389855243067902
DUOX2,0.04928740398641207
DUPD1,0.11783200419515537
DUSP1,96.22283539948636
DUSP10,0.7578199992309984
DUSP11,9.59982292312572
DUSP12,14.985581344470273
DUSP13,0.017076971331754013
DUSP14,0.3354345050980549
DUSP15,0.0037483297676075044
DUSP16,2.1107748893414975
DUSP18,4.108401908753829
DUSP19,0.3621446484219818
DUSP2,0.006414062433126673
DUSP21,0.08186674790155296
DUSP22,11.230609083741497
DUSP23,0.9648720691878695
DUSP27,0.19340183535026034
DUSP28,0.9551997968714228
DUSP3,241.88639291933248
DUSP4,0.08985290721102922
DUSP5,9.492236662772124
DUSP6,1.433827665330077
DUSP7,4.080795086412047
DUSP8,0.05569462375104499
DUSP9,0.07817942883324085
DUT,492.88882491052743
DYRK1A,10.314941524723663
DYRK1B,0.08094749433161152
DYRK2,4.499612386084709
DYRK3,4.62718816459171
DYRK4,10.45367376890222
DZIP3,2.646062983398877
EARS2,1.2989860633324222
EBP,712.360769036296
ECH1,257.84509064652616
ECHDC2,6.029660454147117
ECHS1,90.52775358763036
ECI1,32.84446144235501
ECI2,132.09639621138098
EGFR,5.585184761934913
EHHADH,0.19838732942516757
EHMT1,0.8007587499251789
EHMT2,1.2052871191983432
EIF2AK1,31.97336271070239
EIF2AK2,47.10357286124472
EIF2AK3,2.465717356211062
EIF2AK4,0.4203567367818735
EIF4EBP3,0.8007047641820616
ELOVL1,20.97518721050529
ELOVL2,6.530388989852472
ELOVL3,0.27134801675112935
ELOVL4,0.37233365807865015
ELOVL5,2.7338840584551507
ELOVL6,7.453519478549288
ELOVL7,3.681232684776378
ELP3,2.440828253830156
ENGASE,1.4409466482675053
ENO1,9025.652659229723
ENO2,79.7525058815502
ENO3,46.04572442047132
ENOPH1,222.53451621960664
ENPP1,1.149671359062014
ENPP2,0.05569462375104499
ENPP3,0.0008744224429571487
ENPP6,0.13300246807337351
ENPP7,0.2621620114119895
ENTPD1,0.5135025486725886
ENTPD2,1.0371452866901727
ENTPD3,0.0014962931464896627
ENTPD4,14.292791493068849
ENTPD5,1.2038956670035748
ENTPD6,35.00026247718926
ENTPD8,0.0008744224429571487
EP300,0.6026248301049127
EPHA1,0.12173079606529714
EPHA10,0.0003490600853319943
EPHA2,5.29421540203377
EPHA3,0.017260896012321055
EPHA4,0.25724916109083745
EPHA5,3.0286644873753055
EPHA6,0.009389855243067902
EPHA7,0.07745017312303418
EPHA8,0.11945315526060056
EPHB1,0.014895896232150296
EPHB2,0.47547837462404946
EPHB3,0.005487360668542739
EPHB4,0.0774925561617407
EPHB6,0.004597614810889984
EPHX1,12.714803638900836
EPHX2,0.0029439750121451245
EPM2A,0.3929172373560246
EPRS,72.76915376870079
EPX,1.2450537380885645
ERBB2,0.182951554515638
ERBB3,1.607023863080475
ERBB4,0.0037483297676075044
ERN1,0.6679235480035793
ERN2,0.0021904956793324473
ESD,1298.1025249864383
ETFA,3016.4818784994286
ETFB,1556.0639140791936
ETFDH,16.03582199664474
ETNK1,4.433807966913021
ETNK2,2.8042878785915315
ETNPPL,1.3663166774328985
EXT1,47.56141104281314
EXT2,60.100547927999244
EXTL1,0.0014962931464896627
EXTL2,13.995005936132891
EXTL3,6.920104834519203
EYA1,0.005487360668542739
EYA2,0.0029439750121451245
EYA3,0.7418436047556879
EYA4,0.9103813015079028
EZH1,6.100590603942618
EZH2,0.2578581563733117
F13A1,0.004597614810889984
F13B,0.0003490600853319943
F2,0.009389855243067902
FAAH,0.005487360668542739
FAAH2,0.0037483297676075044
FABP1,0.016067721225472995
FABP12,0.07361943011456162
FABP2,0.0014962931464896627
FABP3,0.0029439750121451245
FABP4,1.129190566817725
FABP5,3482.2904873474768
FABP6,0.974167366043698
FABP7,0.0008744224429571487
FABP9,1.0553661478381027
FADS1,47.16725350763896
FADS2,0.8304294225373452
FADS3,1.1708320382081934
FADS6,0.3354345050980549
FAH,4.91378148694762
FAM20B,8.499046026709308
FANCL,11.33679931542885
FAR1,38.61864659793976
FAR2,0.1683204415692856
FARS2,1.8726346834607013
FARSA,760.9873014219438
FARSB,3.2597308897319333
FAS,0.7639108395023693
FASN,76.74584732960224
FASTK,28.569831532253485
FAXDC2,0.21833612247787867
FBP1,0.0029439750121451245
FBP2,0.0021904956793324473
FDFT1,51.110367382168654
FDPS,129.73981442243556
FDXR,4.842096865618689
FECH,11.985021098367039
FER,1.3701490173965636
FES,0.03301704778851662
FGA,0.027494743922715066
FGFR1,104.43814074599679
FGFR2,0.005487360668542739
FGFR3,0.08985290721102922
FGFR4,1.2829007311574863
FGGY,11.171720572220543
FGR,0.0003490600853319943
FH,881.5542970292458
FHIT,0.011517379796921452
FHL2,53.78636167288071
FIG4,2.445422495264965
FITM1,0.009389855243067902
FITM2,5.762997628361696
FKBP10,68.73979956848451
FKBP11,2.1696410846471093
FKBP14,6.507443040963144
FKBP1A,1452.693098077652
FKBP1B,3.766643266402365
FKBP2,831.2214769926392
FKBP3,769.6923215959947
FKBP4,407.5348953216581
FKBP5,2.861063256868579
FKBP6,0.0345624960497994
FKBP7,19.48357457186498
FKBP8,18.646228508642334
FKBP9,88.94875543501776
FKBP9P1,0.017260896012321055
FLAD1,7.008013027482467
FLT1,0.0008744224429571487
FLT3,0.0037483297676075044
FLT4,0.0037483297676075044
FLVCR1,2.2289015555872984
FMO1,2.1539946509259087
FMO2,0.21130186154130176
FMO3,0.004597614810889984
FMO4,0.0003490600853319943
FMO5,0.1045589574769731
FMO6P,0.3354345050980549
FN3K,1.106069999026831
FN3KRP,21.049838065713736
FNTA,19.523239655182675
FNTB,1.7586999327951478
FOLR1,0.010440316115259286
FOLR2,7.232030010907365
FOLR3,0.03301704778851662
FOSL1,190.05812550192292
FPGS,0.8736463091721093
FPGT,4.928221379547896
FRK,0.26192825496822053
FRMPD2,0.016067721225472995
FTCD,0.050934153993808726
FTMT,0.3764543508002139
FUCA1,4.817782001290037
FUCA2,72.85302346820094
FUK,0.8881717283508888
FUT1,0.0021904956793324473
FUT10,1.5596406510852012
FUT11,26.645119595984937
FUT2,0.027494743922715066
FUT3,0.31059055128822666
FUT4,1.0037982865681467
FUT5,0.014895896232150296
FUT6,0.33433562982165704
FUT7,0.0003490600853319943
FUT8,0.6608413434149917
FUT9,0.01847465469457241
FYN,52.00044781944217
G0S2,3.3357268965902143
G6PC,0.2573661812362027
G6PC2,0.018216384410824384
G6PC3,65.95214046935496
G6PD,683.473906565231
GAA,7.490846088208122
GAD1,0.43222809691822467
GAD2,0.03730519390911924
GAK,2.7882689314164506
GAL3ST1,1.3176309667693908
GAL3ST2,0.0008744224429571487
GAL3ST3,0.02223269802331203
GAL3ST4,0.008367477090583941
GALC,3.432328992493445
GALE,76.81193357748555
GALK1,196.29348485603091
GALK2,29.99063021328566
GALM,3.690200617233576
GALNS,8.03987026114472
GALNT1,59.15110119368277
GALNT10,0.9783119061841026
GALNT11,5.783019608024613
GALNT12,0.0008744224429571487
GALNT13,0.6502832644342271
GALNT14,1.8263339024777523
GALNT15,0.0116113720313577
GALNT2,248.8122038676271
GALNT3,0.47514794523476905
GALNT4,0.8099691607031863
GALNT5,0.0029439750121451245
GALNT6,0.010440316115259286
GALNT7,1.3710840635143455
GALNT8,0.0003490600853319943
GALNT9,0.0003490600853319943
GALNTL5,0.43999999999999995
GALT,4.57983596740856
GAMT,15.695196834533245
GANC,2.205150402420809
GAPDH,17391.967949985672
GAPDHS,8.042317062334442
GARS,504.3752912068882
GART,343.17608459761254
GATM,0.6124647321733415
GBA,40.483336262105595
GBA2,8.875284149975169
GBA3,0.0021904956793324473
GBE1,9.717276141778342
GBGT1,0.011490841417590877
GC,0.1128901827185453
GCAT,115.40227850342744
GCDH,6.386327295401038
GCH1,0.5553906094014799
GCK,0.0008744224429571487
GCLC,5.025153383728119
GCLM,73.99043209820874
GCNT1,4.131442404695132
GCNT2,5.933724649413485
GCNT2P,0.3354345050980549
GCNT3,5.248498687727141
GCNT4,0.17678669064176705
GCNT7,0.0029439750121451245
GCSH,35.468232147988886
GDA,0.0029439750121451245
GDE1,21.910406382982938
GDPD2,0.005487360668542739
GFPT1,223.5394236241917
GFPT2,5.893443781631545
GGCT,37.82272728911956
GGH,40.794822871157535
GGPS1,359.0551552001024
GGT1,1.1362115880836121
GGT2,0.0008744224429571487
GGT3P,0.3354345050980549
GGT5,4.294230620615294
GGT6,0.0008744224429571487
GGT7,6.335068275580954
GGTLC1,0.0008744224429571487
GGTLC2,1.7831684152107201
GIF,0.3354345050980549
GK,6.281075109248795
GK2,0.9456388863331135
GK3P,0.005487360668542739
GLA,34.6269872840588
GLB1,15.371483552983758
GLB1L,3.1575212362339897
GLCE,0.2355474462827669
GLDC,0.3369798012440515
GLIPR1,150.7792667916442
GLO1,2025.4013874231264
GLRX,394.7957672444505
GLRX2,25.754470352576188
GLS,402.15921974126763
GLS2,0.06385326876256489
GLT6D1,0.06930364432416915
GLT8D1,1.9004062086893967
GLT8D2,0.2904287765800673
GLTP,13.748208673870776
GLUD1,693.6937672426319
GLUD2,0.2784659941045541
GLUL,0.9385964183220598
GLYAT,0.0003490600853319943
GLYCTK,2.2606664908133642
GM2A,6.207365695539609
GMDS,57.64830333402492
GMPPA,22.792520403206595
GMPPB,322.5827805308688
GMPR,0.0037483297676075044
GMPR2,58.95365513612011
GMPS,343.77689554508447
GNE,5.255298081842501
GNMT,0.15788303003093254
GNPAT,11.931164798811734
GNPDA1,29.54438606491837
GNPDA2,5.048956090613899
GNPNAT1,64.84215421587663
GNPTAB,6.396591242316037
GNS,16.200513890774605
GOT1,3116.9745888138236
GOT2,1761.1419900143296
GPAA1,36.36155073882035
GPAM,0.15070416240698253
GPAT2,0.0008744224429571487
GPAT3,1.7851750336285372
GPAT4,28.963151032167758
GPCPD1,2.3405575955538747
GPD1,0.007374884526474344
GPD2,107.91608076380992
GPHN,8.319644283366838
GPI,3411.6109674808254
GPIHBP1,0.3354345050980549
GPLD1,0.0316134374476553
GPT,0.012619746052946397
GPT2,8.631379180166558
GPX1,23.884452763140477
GPX2,0.020961175643950797
GPX3,0.08448227018700404
GPX4,133.8000084713856
GPX5,0.0003490600853319943
GPX6,2.01032323162201
GPX7,0.0261537973156312
GPX8,39.77926370956109
GRHL1,0.15170017473240316
GRHPR,40.72207513197947
GRK1,0.11699235770509935
GRK2,1.0778199655766911
GRK3,0.9519810235227948
GRK7,0.0008744224429571487
GSR,165.61645369242328
GSS,326.3138532686959
GSTA1,6.4167477250739875
GSTA2,0.0008744224429571487
GSTA3,3.8201241689736465
GSTA4,6.857379353352109
GSTA5,0.58469847618054
GSTK1,24.932900570667968
GSTM1,0.007374884526474344
GSTM2,0.05250936209565334
GSTM3,322.29827826756645
GSTM4,3.179124744550529
GSTM5,2.031019804349251
GSTO1,2230.0242452236043
GSTO2,0.13751372333572792
GSTP1,4669.90735466777
GSTT1,0.3354345050980549
GSTT2,0.0037483297676075044
GSTZ1,4.81970200557422
GTF2F1,6.118668445151204
GTF3C4,0.8499588252715519
GUCA1A,0.0803580412103317
GUCY1A1,0.013746261812233363
GUCY1A2,0.016067721225472995
GUCY1B1,0.057304332117165
GUCY1B2,0.0008744224429571487
GUCY2C,0.0003490600853319943
GUCY2D,0.0003490600853319943
GUCY2F,0.0003490600853319943
GUK1,208.61306773454558
GUSB,3.990302971959101
GYG1,16.44965719179356
GYG2,0.08626344968096479
GYS1,76.3915650623701
GYS2,0.0003490600853319943
H6PD,6.138115823432431
HAAO,0.0014962931464896627
HACD1,32.102898571817235
HACD2,12.164970384074168
HACD3,44.158674935798544
HACD4,0.005487360668542739
HACE1,2.1264336790390255
HACL1,8.947664715820778
HADH,336.70361879732263
HADHA,571.046194805126
HADHB,50.087577988090715
HAGH,40.552146473751414
HAGHL,0.22508846451332892
HAL,0.016067721225472995
HAO1,0.19763453007540133
HAO2,0.0014962931464896627
HARS,218.82454700785811
HARS2,26.447806467801474
HAS1,0.07035375375037604
HAS2,0.0008744224429571487
HAS3,7.839615854760491
HAT1,115.95393786495873
HCCS,48.4954736670622
HCK,0.0008744224429571487
HCST,0.12367766854976169
HDAC3,1.2774102843747386
HDC,0.05235759415630438
HDLBP,256.2616512561221
HECTD1,5.801239994865818
HECTD2,2.571908396353898
HECTD3,2.031882761381748
HECW1,0.1746605981042422
HECW2,0.5666953976357322
HELZ2,2.8336786682130364
HEPH,0.0003490600853319943
HERC1,0.3617808394724804
HERC2,0.25311024150361694
HERC3,9.577148490263314
HERC4,45.79760659772206
HEXA,33.551614931253226
HEXB,5.616907667895731
HEXDC,0.3354345050980549
HGD,0.0008744224429571487
HIBADH,13.609213451537647
HIBCH,6.406859229148243
HIF1AN,6.909640867237947
HIGD2A,8.064102842850609
HIPK1,6.36068512447307
HIPK2,7.576335334409539
HIPK3,4.429116760372728
HIRIP3,0.2506500465082871
HK1,158.71426916839235
HK2,59.959862424559006
HK3,0.0037483297676075044
HKDC1,39.44214398302452
HLCS,3.278963383379999
HLTF,0.07709662395294566
HMBS,163.04205730645705
HMGCL,82.41155155470351
HMGCLL1,0.13951932921132584
HMGCR,21.421836400657515
HMGCS1,8.614810146283922
HMGCS2,0.0014962931464896627
HMOX1,72.56989455854472
HMOX2,266.33433133937103
HNMT,2.9902656271219463
HPD,0.005487360668542739
HPGD,0.04475382350173334
HPGDS,8.354343280591431
HPRT1,934.0994201396728
HS2ST1,9.617787136131945
HS3ST1,0.018942168365175392
HS3ST2,0.018619066883884525
HS3ST3A1,8.235893708446092
HS3ST3B1,0.9487649165071519
HS3ST4,0.012466929075615836
HS3ST5,0.037315369246428046
HS3ST6,0.3354345050980549
HS6ST1,2.3928491826788774
HS6ST2,0.016067721225472995
HS6ST3,0.0326273576634013
HSD11B1,0.0029439750121451245
HSD11B1L,0.6797477158507753
HSD11B2,0.0014962931464896627
HSD17B1,0.16203831581261935
HSD17B10,97.67233280938908
HSD17B11,93.1998358274133
HSD17B12,218.3218843605236
HSD17B14,0.5413386455536552
HSD17B2,0.0037483297676075044
HSD17B3,0.013746261812233363
HSD17B4,54.660017318866416
HSD17B6,0.2808486593960278
HSD17B7,3.0853581465864455
HSD17B7P2,0.25724916109083745
HSD17B8,0.9149263093011242
HSD3B1,0.0008744224429571487
HSD3B2,0.9278984217862639
HSD3B7,0.37233365807865015
HSPG2,0.16999596200300157
HTATIP2,44.876439704932636
HUNK,0.09802319712136927
HUWE1,7.4017648762599375
HYAL3,0.4482060769798329
HYALP1,0.3354345050980549
HYI,8.045299692492463
HYKK,0.23189084766542603
IARS,1474.8236914478866
IARS2,71.49540438868809
ICK,2.1421207939552946
ICMT,51.59796233063787
IDH1,52.344367698621625
IDH2,34.696901587352045
IDH3A,647.9958453332397
IDH3B,392.8572538309058
IDH3G,53.554515710587935
IDI1,28.15568660328798
IDI2,2.1272734354694633
IDO1,3.009139787559683
IDO2,0.0650322570798734
IDS,27.104917315932244
IDUA,0.6502832644342271
IGF1R,1.8869737315136041
IKBKB,5.7180105295672465
IKBKE,0.3354345050980549
IL4I1,0.14761218629484424
ILK,81.26980595649627
ILKAP,24.479049457292984
IMPA1,209.29776976515905
IMPA2,48.873329965671594
IMPDH1,5.423915703135212
IMPDH2,245.27902088637953
INMT,1.9473881376314532
INPP1,197.41599080532325
INPP4A,1.6621252908929942
INPP4B,10.966210751722906
INPP5A,3.7531254931604923
INPP5B,2.4575944771071434
INPP5D,0.009389855243067902
INPP5E,4.7258461306634905
INPP5F,0.2109387157085884
INPP5J,0.01970829613815915
INPPL1,7.099200095653718
INSL3,0.17394553868855028
INSR,0.3697799146167589
INSRR,0.1005050945541876
IP6K1,7.807259202615855
IP6K2,22.282052596597723
IP6K3,0.004597614810889984
IPMK,0.7976224487166713
IRAK1,226.23741605083387
IRAK2,3.952570319274802
IRAK3,0.0014962931464896627
IRAK4,1.7028204692136315
IREB2,5.15579200499761
ISYNA1,12.994603217533125
ITK,0.7019041265139184
ITPA,497.4272104121011
ITPK1,5.7280001891620325
ITPKA,0.5923335005115281
ITPKB,0.0003490600853319943
ITPKC,1.491020089662162
IVD,256.29892650903076
JAK1,60.67911924261393
JAK2,0.9295245265138338
JAK3,0.0014962931464896627
JMJD7-PLA2G4B,0.09166099886353585
KALRN,0.159957364386296
KANSL3,6.836502021214063
KARS,698.8337615531901
KAT2A,10.182417668557637
KAT2B,2.1696410846471093
KAT5,21.208086408023195
KAT6A,2.1932982652185284
KAT6B,1.5234301803739292
KAT7,10.674258248355425
KAT8,16.53382934555835
KCNJ11,0.0003490600853319943
KCNJ8,0.1045589574769731
KDR,0.054096243950390435
KDSR,12.327484981156648
KHK,0.42693386967417957
KIT,22.904543698503122
KL,0.022851875925749117
KMO,0.0021904956793324473
KMT2A,12.0509261265475
KMT2B,1.0005400574408483
KMT2C,2.571908396353898
KMT2D,10.46525527631387
KMT2E,5.688067231144016
KMT5A,17.67046250058607
KMT5B,9.2217718741869
KMT5C,1.7886821906017365
KPNA6,38.30320589879893
KYAT1,0.8379180863314429
KYAT3,3.676750725767713
KYNU,0.4216556916745536
L1CAM,0.027494743922715066
L2HGDH,2.465717356211062
LALBA,0.09996023381633702
LAP3,709.8892612805091
LARS,446.3015138602071
LARS2,3.166158304721151
LATS1,0.3397405402839745
LATS2,4.326219552690968
LBR,158.59346812202853
LCAT,2.0058272068477345
LCK,0.0037483297676075044
LCLAT1,2.308519565242437
LCT,0.0003490600853319943
LDHA,59041.73814398697
LDHAL6A,0.0008744224429571487
LDHAL6B,0.005487360668542739
LDHB,581.8493446686721
LDHC,0.009389855243067902
LDHD,0.04628043528796174
LDLR,2.673758722252166
LGALS13,0.16621830202908744
LGMN,21.07733863172044
LGSN,0.0008744224429571487
LHPP,12.314035297653472
LIAS,0.5681090284097734
LIMK1,10.592858943154269
LIMK2,4.33554929753347
LIPA,16.695994325654596
LIPC,0.16203831581261935
LIPE,0.020961175643950797
LIPF,1.3406968406403874
LIPG,0.0037483297676075044
LIPT1,1.5018044539741886
LIPT2,0.3419770927426643
LMTK2,1.5632731420924182
LMTK3,0.007374884526474344
LOC102724197,0.3354345050980549
LOC286297,0.108319225615368
LOC344967,0.3354345050980549
LOX,2.2606664908133642
LOXL2,186.14184405903984
LPCAT1,2.710252133930011
LPCAT2,1.2932958959288192
LPCAT3,16.023954544629266
LPCAT4,0.9991503937465214
LPIN1,4.159132637906937
LPIN2,6.4119947365015575
LPIN3,2.1932982652185284
LPL,0.0008744224429571487
LPO,0.1697122996292287
LRAT,0.007374884526474344
LRP1,0.8421605536215869
LRP2,0.1334706329777467
LRRK1,0.0021385670821897893
LRRK2,0.038776312983063985
LRSAM1,3.5695874169854047
LRTOMT,6.350435343358698
LSS,58.63019879410321
LTA4H,415.4741555177781
LTC4S,1.1193264282750504
LTK,0.0003490600853319943
LYN,3.075758970275726
LYPLA1,198.3300481743456
LYPLA2,80.86066002702036
LYZL1,1.4145390562382973
MACROD1,2.0417408071676264
MACROD2,9.081667873104294
MAGEA2B,81.92280968162787
MAK,0.01847465469457241
MAN1A1,0.24307989118184525
MAN1A2,1.9861008984031328
MAN1B1,1.9217442591740055
MAN1C1,0.0014962931464896627
MAN2A1,10.366619070812714
MAN2A2,4.191495125071904
MAN2B1,14.49318283849015
MAN2C1,11.925184438528182
MANBA,1.5596406510852012
MANSC1,0.6916225344176663
MAOA,16.420833556503695
MAOB,0.0008744224429571487
MAP2K1,280.9608245062794
MAP2K2,186.82886695557139
MAP2K3,35.67502184626118
MAP2K4,12.392671232472676
MAP2K5,1.4802548177184947
MAP2K6,1.9617099788666996
MAP2K7,0.8862163626271786
MAP3K1,0.9295245265138338
MAP3K10,1.3877662621290947
MAP3K11,19.006116002731446
MAP3K12,8.175874913396733
MAP3K13,6.87304758923359
MAP3K14,7.909834292427855
MAP3K15,0.23189084766542603
MAP3K2,4.0165572352168075
MAP3K20,17.17826431154104
MAP3K21,1.0398091611991838
MAP3K3,3.6364734613058824
MAP3K4,4.071602964175252
MAP3K5,0.8161599101492415
MAP3K6,2.0406637500450935
MAP3K7,0.3483359856303051
MAP3K8,1.0037982865681467
MAP3K9,0.5923335005115281
MAP4K1,0.04323987615016966
MAP4K2,8.214056240017117
MAP4K3,7.272872136206828
MAP4K5,17.976834986654012
MAPK1,421.6099870170513
MAPK10,0.5544802871807835
MAPK11,1.5596406510852012
MAPK12,2.6543341912046996
MAPK13,2.530935872689822
MAPK14,33.611490723170576
MAPK15,0.0037483297676075044
MAPK3,61.268433297245004
MAPK4,0.0003490600853319943
MAPK6,21.42874030459191
MAPK7,22.05926763850514
MAPK8,14.405427458377956
MAPK9,9.659916375688747
MAPKAPK2,1.2945232591105822
MAPKAPK3,11.283673569317386
MAPKAPK5,12.33954410903388
MARCH1,0.5190408672873132
MARCH10,0.0014962931464896627
MARCH11,0.007982758707868126
MARCH2,3.23546230240091
MARCH3,8.493543040439418
MARCH4,27.64009975417218
MARCH5,11.300650117369324
MARCH6,36.22799140935496
MARCH7,32.928817724502544
MARCH8,6.181901882979986
MARCH9,2.308519565242437
MARK1,0.0008744224429571487
MARK2,11.038272615371563
MARK3,21.677643417142566
MARK4,3.436736021465041
MARS,266.8898018393286
MARS2,3.278963383379999
MAST1,0.0316134374476553
MAST2,9.7930845277538
MAST3,0.09347787875911263
MAST4,0.0008744224429571487
MASTL,0.2977611980361226
MAT1A,9.605493585024538
MAT2A,220.9052909723822
MAT2B,132.6886614578171
MATK,0.004597614810889984
MBOAT1,1.6954034165841385
MBOAT2,8.121405942678567
MCAT,11.811429902705816
MCCC1,2.658472167475903
MCCC2,28.231026246924316
MCEE,2.951987295627702
MDH1,4643.812442656303
MDH1B,0.6649754733134547
MDH2,3153.947701152028
MDM2,0.01418949645629867
MDP1,88.94786153332127
ME1,331.01106701190645
ME2,27.510681146059426
ME3,16.865056551421933
MECR,8.747580464773625
MED1,0.9027633367726157
MELK,0.864280524576955
MERTK,1.3071880335218873
MET,13.040396201652278
METTL1,37.439156059926
METTL3,28.207373553240597
MGAM,0.0003490600853319943
MGAT1,74.54474483070037
MGAT2,3.1571673044267063
MGAT3,0.0003490600853319943
MGAT4A,0.014895896232150296
MGAT4B,94.07348850969582
MGAT4C,0.0021904956793324473
MGAT4D,0.02696149145334556
MGAT5,4.933036984907386
MGAT5B,3.766643266402365
MGLL,13.541309688896634
MGMT,6.084899208003034
MGRN1,9.890068331505882
MGST1,837.4784227539686
MGST2,2.862125579654396
MGST3,86.05328766226081
MIA3,9.031359468689164
MIB1,6.499452364485015
MIB2,3.058613095578717
MID1,11.177606006037369
MIF,5718.228022936598
MINK1,0.12617178412060492
MINPP1,13.288950224197484
MIOX,0.0029439750121451245
MIP,0.0021904956793324473
MKNK1,10.529009710474533
MKNK2,50.41091246319716
MKRN1,15.136456771911735
MKRN2,7.246398258829327
MKRN3,4.471381389923154
MLKL,18.435250563934954
MLYCD,0.7669607368858524
MMAA,1.6879943117413667
MOCS1,1.4695087087762906
MOCS2,46.96629222858189
MOGAT1,0.05476426140032141
MOGAT2,0.06171353466959499
MOGAT3,0.06832763191888709
MOGS,57.71650178778287
MOK,18.78519925280847
MOS,0.09191795284698573
MOXD1,2.408995726038331
MPC1,5.449919284935267
MPC2,46.431426446709494
MPI,17.927746372825602
MPO,0.06385326876256489
MPST,1730.0694929541373
MRPL58,21.719195703252794
MSMO1,21.92724927931237
MSRA,1.4018996822578922
MST1R,0.005487360668542739
MT1A,0.009389855243067902
MT2A,1167.1597871402694
MT3,0.3354345050980549
MT4,0.3354345050980549
MTAP,661.5903624335825
MTFMT,2.712409177018769
MTHFD1,329.8750790119122
MTHFD1L,37.85447564907893
MTHFD2,18.7549306319066
MTHFD2L,1.3455779770533882
MTHFD2P1,0.1746605981042422
MTHFR,1.5270418268285573
MTHFS,26.615991320280273
MTMR1,2.7441181144555693
MTMR14,4.69843961479193
MTMR2,1.526278893505573
MTMR3,0.21673981846040963
MTMR6,2.6225188583835575
MTMR7,0.1295633104816926
MTMR8,0.017260896012321055
MTPAP,4.391631012750301
MTR,0.3278096408357398
MTRR,13.956190499026858
MTTP,0.0037483297676075044
MUL1,8.38915271024023
MUSK,0.02328751946053523
MUT,0.3354345050980549
MVD,73.72799816854103
MVK,4.856126045856993
MYBBP1A,103.90967302661882
MYCBP2,0.14797310665893587
MYLIP,0.25724916109083745
MYLK,0.8634712909521427
MYLK2,0.04628043528796174
MYLK3,0.004597614810889984
MYLK4,0.004597614810889984
MYO3A,0.008367477090583941
MYO3B,0.0003490600853319943
MYO5B,3.0329384333955005
NAA10,125.38806057311145
NAAA,1.5234301803739292
NADK,27.927067091071486
NADSYN1,6.525230384822622
NAGA,7.214660886484269
NAGK,54.78165685517914
NAGLU,9.577148490263314
NAGPA,4.841738296318239
NAGS,0.011517379796921452
NAMPT,329.3696344015473
NANP,3.1921041648528097
NANS,498.5937868813745
NAPRT,0.5638639686746737
NAPSA,0.01847465469457241
NARS,2830.8867404711095
NARS2,6.6389499360130895
NAT1,4.253448648756202
NAT2,0.02906671583967582
NCOA1,1.9289435004325353
NCOA2,0.09416591420908826
NCOA3,2.3677043172618406
NCOA6,8.24135529612399
NCOR1,0.4445777471886703
NCOR2,2.517318611048022
ND1,13.602025587491772
ND2,7057.735123899125
ND3,11098.989526873549
ND4,21399.143138835705
ND4L,26866.51515425117
ND5,2921.2904722864446
ND6,5832.148082160215
NDST1,47.30972826421309
NDST2,4.4901972140443736
NDST3,0.019462942544334894
NDST4,0.005487360668542739
NDUFA1,110.33187305089874
NDUFA10,104.20532117852964
NDUFA11,209.07757250824451
NDUFA12,31.576707159973896
NDUFA13,354.0497470434487
NDUFA2,13.490483643253658
NDUFA3,17.885724426113082
NDUFA4,14.275663751304611
NDUFA5,18.87300300741741
NDUFA6,24.990139296869543
NDUFA7,2.289612062199575
NDUFA8,50.82320742467042
NDUFA9,47.380693791536686
NDUFAB1,164.94755886123957
NDUFB1,262.2506146227237
NDUFB10,150.57227441070933
NDUFB2,176.15596481733039
NDUFB3,171.03845495860355
NDUFB4,153.71601684724047
NDUFB5,68.27407501184825
NDUFB6,10.481225810494578
NDUFB7,82.93471343485287
NDUFB8,82.89868011790475
NDUFB9,21.294111444209847
NDUFC1,405.24493658662215
NDUFC2,128.67194456124602
NDUFS1,137.70305610832338
NDUFS2,45.76648069773381
NDUFS3,255.69662982553155
NDUFS4,78.48758938626017
NDUFS5,502.5626334393281
NDUFS6,15.75317255509343
NDUFS7,11.489851679200337
NDUFS8,123.01122946290441
NDUFV1,31.31219859755143
NDUFV2,315.4069395363701
NDUFV3,9.042533190744136
NEDD4,6.18304548597471
NEDD4L,15.302056400953722
NEK1,3.226779208100642
NEK11,0.5525731621481261
NEK2,31.783102403739633
NEK3,8.521066707005463
NEK4,4.966778473132403
NEK5,0.005487360668542739
NEK6,1.5133790017867568
NEK7,16.845858982677914
NEK8,0.6124647321733415
NEK9,0.6146250429976913
NEU1,16.017525600811766
NEU2,0.0008744224429571487
NEU3,2.658472167475903
NEU4,0.35251219145172996
NEURL1,0.0021904956793324473
NEURL1B,0.07057135577660391
NGLY1,9.63385920426537
NHLRC1,0.5752104878531293
NIT2,659.5940621941169
NKTR,8.301491278230642
NLK,1.9942477899641984
NLN,353.4047959523114
NME1,21946.532411332344
NME2,5813.456434795755
NME3,31.464093292574592
NME4,201.84789298686943
NME6,1.354132360002211
NME7,3.6543187985685956
NMNAT1,1.534271404370797
NMNAT2,0.014895896232150296
NMNAT3,0.012619746052946397
NMRK1,0.4455332248481926
NMT1,115.17257170526369
NMT2,10.210445139266685
NNMT,334.4824322617882
NNT,0.8504140514574523
NOL9,3.131644798189094
NOS1,0.09333363066032216
NOS2,0.05066256265132688
NOS2P1,0.3354345050980549
NOS2P2,0.3354345050980549
NOS3,0.028851924931235527
NOX1,1.1274912610249705
NOX3,0.09198887034239282
NOX4,0.0547863153655012
NOX5,0.0003490600853319943
NPAS2,0.4969755653463117
NPC1,33.78300467358889
NPC1L1,0.0008744224429571487
NPR1,0.0014962931464896627
NPR2,0.014895896232150296
NQO1,1291.556265196985
NQO2,117.33700675429822
NR1D1,1.0365226168500812
NRF1,1.0959151227283035
NSD1,6.977725950456347
NSD2,0.5780441695092043
NSD3,7.872005285789986
NSDHL,741.1637720909993
NSF,87.386829354755
NT5C,133.0660486312818
NT5C1A,0.058725969276404735
NT5C1B,0.0037483297676075044
NT5C1B-RDH14,0.037698419756150243
NT5C2,99.07378435294466
NT5C3A,14.832886581935561
NT5DC3,1.8239156579568006
NT5E,55.582647396248696
NT5M,0.5951992700108419
NTAN1,1.9240440019116491
NTRK1,0.0008744224429571487
NTRK2,1.200244738083425
NTRK3,0.49258805309077336
NUAK2,6.151379226917136
NUDT10,0.008367477090583941
NUDT11,0.3025136371194755
NUDT12,2.021291954119755
NUDT2,20.919330744923247
NUDT3,3.4973572417389494
NUDT4,7.512196088403631
NUDT5,363.5003288366044
NUDT9,9.798061759219447
OARD1,15.2062368000299
OAT,259.4988208733698
OBSL1,0.6460617993036881
OCRL,8.094204973972055
ODC1,14.663292102430798
OGA,47.67057518148726
OGDH,201.87841058191265
OGT,45.87754545364549
OLAH,6.8417198907159165
OPLAH,0.25724916109083745
OTC,2.3305572451444374
OTUD5,19.57804288489463
OXCT1,66.41375415379972
OXCT2,0.012619746052946397
OXSM,4.242474392017896
OXSR1,13.47965135350306
P4HA1,46.765541572237446
P4HA2,108.49440806117902
P4HA3,0.2737156508155789
P4HB,887.432336263089
PADI1,1.0332386256985049
PADI2,0.6886491057772732
PADI3,1.0529807885039013
PADI4,0.0003490600853319943
PADI6,0.3354345050980549
PAFAH1B2,821.5819872853443
PAFAH1B3,579.2963442219994
PAFAH2,2.608921086574396
PAH,0.0003490600853319943
PAICS,1264.0706198246223
PAK1,29.837015248206633
PAK2,122.46907454169887
PAK3,0.015094938028685854
PAK4,0.5909732163632677
PAK5,0.1843105272396382
PAK6,0.004597614810889984
PAM,1.3630794985252774
PAN2,3.489728229310154
PANK1,0.6886491057772732
PANK2,22.33783449684546
PANK3,7.942294508832833
PANK4,7.866604773897765
PAOX,0.5874343210551463
PAPOLA,6.0097167109716505
PAPOLB,0.0016841016424188455
PAPOLG,1.2794402526014312
PAPSS1,38.21872433296233
PAPSS2,22.219338865195105
PARP1,128.29718158563998
PARP10,0.7503381691990466
PARP11,0.2666279354323516
PARP12,1.6826199653866443
PARP14,3.766643266402365
PARP15,0.0003490600853319943
PARP16,0.8598156973968418
PARP2,24.42874353491655
PARP3,15.458514055124636
PARP4,1.9803931416581895
PARP6,11.024832309896944
PARP8,10.954495641989944
PARP9,1.8641769218756186
PARS2,0.4482060769798329
PASK,3.8389386052026255
PBK,9.680769753467356
PC,52.83146515333004
PCBD1,105.63094069437393
PCBD2,5.820593453913098
PCCA,4.875325980344477
PCCB,3.5760031004874446
PCK1,0.0003490600853319943
PCK2,10.488427719996748
PCMT1,770.0700078923608
PCYOX1,48.630550972022824
PCYT1A,13.494308294726325
PCYT1B,3.722585198742195
PCYT2,7.1249242920596005
PDE10A,0.0014962931464896627
PDE11A,0.41114789330992807
PDE1A,0.004597614810889984
PDE1B,0.0008744224429571487
PDE1C,0.007374884526474344
PDE2A,0.010440316115259286
PDE3A,0.014895896232150296
PDE3B,2.1264336790390255
PDE4A,0.020961175643950797
PDE4B,0.0037483297676075044
PDE4C,0.0003490600853319943
PDE4D,0.578055756485627
PDE5A,0.16203831581261935
PDE6A,0.013746261812233363
PDE6B,3.1618390473343814
PDE6C,0.0003490600853319943
PDE6H,1.0083333333333333
PDE7A,1.5814666106152824
PDE7B,0.0014962931464896627
PDE8A,4.344883967827886
PDE8B,0.010440316115259286
PDE9A,0.0014962931464896627
PDF,9.770298908424138
PDGFRA,0.004597614810889984
PDGFRB,3.131644798189094
PDHA1,824.2592361764113
PDHA2,8.963593332760542
PDHB,52.84342743804473
PDHX,17.666098875226936
PDIA2,0.05921981636037119
PDIA3,2931.6570745476965
PDIA4,1241.0408861243795
PDIA5,35.3199489339154
PDIA6,1467.8380021898713
PDK1,0.774207542539577
PDK2,5.317067133887974
PDK3,5.097073335017407
PDK4,0.007374884526474344
PDP1,6.742747690548908
PDP2,2.1775198196607533
PDPK1,0.9541208395315328
PDPR,7.045974322391371
PDXK,74.87296897994815
PDXP,43.75937483037813
PDZD4,0.0021904956793324473
PEAK1,1.4659309432088965
PECR,253.6761751271967
PEMT,60.75042186017316
PEPD,31.984402628867944
PEX11A,0.7426454190687356
PFAS,217.28527862383422
PFKFB1,0.0029439750121451245
PFKFB2,0.5553906094014799
PFKFB3,83.42253496339815
PFKFB4,6.967240673648837
PFKL,62.52167174324606
PFKM,28.140923173728858
PFKP,5048.355122891344
PGAM1,1735.3117408616245
PGAM2,92.14558842160893
PGAM5,80.87388865880106
PGAP1,1.0201282759607941
PGD,2392.1302379609365
PGGHG,1.574183030269876
PGK1,2190.2196130438424
PGK2,23.296392096478
PGLS,433.79096973715093
PGLYRP1,0.0021904956793324473
PGLYRP2,0.0008744224429571487
PGLYRP3,0.01572942767765221
PGLYRP4,0.2601296063498426
PGM1,458.18126557696985
PGM2,302.1058393395781
PGM2L1,0.703547558629458
PGM3,198.68573773359873
PGP,38.354422786931885
PGS1,14.174133661115494
PHEX,0.038776312983063985
PHGDH,1519.3218206867825
PHKA1,0.19207123504720577
PHKA2,3.054330301679651
PHKB,14.018375428944829
PHKG1,0.05250936209565334
PHKG2,13.770043523122204
PHLPP1,0.9103813015079028
PHLPP2,2.4413684633530868
PHOSPHO1,0.13951932921132584
PHPT1,41.76782234193083
PHYH,10.796642939680806
PHYKPL,3.8706734719792117
PI4K2A,0.7253474399774072
PI4KA,1.5942821078568459
PI4KB,0.7217996389060842
PIGA,4.504321784839309
PIGB,2.551401967560461
PIGC,17.276430812915283
PIGF,8.742038439105986
PIGG,30.798263404170008
PIGH,6.721956577341173
PIGK,14.669084644592523
PIGL,13.2153096860164
PIGM,1.8679716687023538
PIGN,1.8793672484518005
PIGO,13.751462580269536
PIGP,9.272337774666743
PIGQ,12.654091787009099
PIGS,21.315609829910738
PIGT,11.581396363885402
PIGU,2.5207096701769385
PIGV,4.233194201709342
PIGW,0.3354345050980549
PIGX,1.215410019515975
PIGY,0.3354345050980549
PIGZ,0.09347787875911263
PIK3C2A,1.1181547381868266
PIK3C2B,0.3697799146167589
PIK3C2G,0.08873409730034958
PIK3C3,0.23600950816843505
PIK3CA,2.087340048675451
PIK3CB,0.45604542595317205
PIK3CD,4.48549144204907
PIK3CG,0.4562480705560604
PIK3R1,0.27297324251858796
PIK3R2,1.7961971311440783
PIK3R3,1.6842927452856609
PIK3R4,23.390807335680496
PIK3R5,0.36380950858454103
PIKFYVE,3.7531254931604923
PIM1,5.317067133887974
PIM2,0.12759398520991413
PIM3,6.649311924880691
PIN1,782.1428477965219
PIN4,16.133343259619185
PINK1,15.435156418888386
PIP4K2A,10.407379210216897
PIP4K2B,0.3354345050980549
PIP4K2C,10.366912843275523
PIP5K1A,1.0315766436998435
PIP5K1B,0.00046390794949775603
PIP5K1C,1.7251191377017208
PIP5KL1,0.5638639686746737
PIPOX,0.05250936209565334
PISD,0.9101407431210221
PJA1,4.746088452857029
PJA2,19.977457392043334
PKLR,0.0008744224429571487
PKM,3658.5982508107095
PKMYT1,24.29718878772962
PKN1,29.634057624066326
PKN2,4.921698417404251
PKN3,0.19620001259461436
PLA2G10,0.006794940363182381
PLA2G12A,0.7684122779615937
PLA2G12B,0.0008744224429571487
PLA2G15,10.482633431022169
PLA2G16,122.28850612264138
PLA2G1B,0.03449129925337993
PLA2G2A,0.0021904956793324473
PLA2G2C,0.0003490600853319943
PLA2G2D,0.02500478423298345
PLA2G2E,0.10480083352838437
PLA2G2F,0.017105401618544066
PLA2G3,0.019881840717782588
PLA2G4A,2.2656852274045223
PLA2G4B,0.12759398520991413
PLA2G4C,0.1683204415692856
PLA2G4D,0.027693545090981313
PLA2G4E,0.008146921125803865
PLA2G4F,0.3354345050980549
PLA2G5,0.08450148530759376
PLA2G6,0.923132604804251
PLA2G7,0.0003490600853319943
PLB1,0.07057135577660391
PLCB1,4.099194564517451
PLCB2,0.02482950424965265
PLCB3,1.570401919002568
PLCB4,29.96342221579762
PLCD1,0.32703967391941563
PLCD3,11.591110934390562
PLCD4,0.395509170548154
PLCE1,2.001965575039829
PLCG1,2.6243796204186536
PLCG2,0.01970829613815915
PLCH1,0.006414062433126673
PLCH2,0.0003490600853319943
PLCL1,0.0008744224429571487
PLCL2,0.47514794523476905
PLCXD2,10.500018652726821
PLCZ1,0.07175189323406331
PLD1,2.724893809230925
PLD2,4.419738002061077
PLD3,12.056108903373813
PLD4,0.0021904956793324473
PLD6,0.005487360668542739
PLG,3.615722070737719
PLIN1,0.0014962931464896627
PLIN2,87.69786471315295
PLIN3,152.4301779875136
PLIN4,0.0021904956793324473
PLK1,13.781920270766843
PLK2,27.581324602403264
PLK3,2.5227607653405646
PLK4,13.418062096203498
PLOD1,19.493879072932515
PLOD2,79.01663487685413
PLOD3,19.75833709485788
PLPBP,13.025537404809539
PLPP1,6.587199516025721
PLPP2,0.040250881258364055
PLPP3,1.0496840723573266
PLPP4,0.06551727998229585
PLPP5,15.3587567281837
PLPP6,0.7822547551660206
PLPP7,0.01847465469457241
PLPPR2,0.0316134374476553
PLPPR3,0.007374884526474344
PLPPR4,0.11900942508124815
PLPPR5,0.012456429933028047
PLTP,0.08448227018700404
PLXNB3,0.005487360668542739
PMM1,5.431428224507938
PMM2,114.44812923147013
PMPCA,34.43006332715032
PMVK,145.34279077930657
PNCK,0.0008744224429571487
PNKP,17.24536771919404
PNLIP,0.01735944451270558
PNLIPRP1,0.04876262171622993
PNLIPRP2,0.3354345050980549
PNLIPRP3,0.018139233522564087
PNMT,0.0037483297676075044
PNP,1843.7630125663495
PNPLA2,16.949744015424688
PNPLA3,0.2502695369188325
PNPLA4,0.0029439750121451245
PNPLA6,0.7658473175489361
PNPLA7,0.006414062433126673
PNPLA8,3.1618390473343814
PNPO,5.98417015213132
PNPT1,5.3597957088380515
POLA1,5.032571628756965
POLA2,10.408047581262679
POLB,12.960470707173073
POLD1,2.747750415640098
POLD2,13.28068818464208
POLD3,1.024376118724389
POLD4,75.47406310494864
POLE,0.2532224414564629
POLE2,8.631379180166558
POLE3,28.730137362166676
POLE4,12.492249402406696
POLG,13.850631952993504
POLG2,9.020189135326856
POLH,6.3094768008529165
POLI,2.372703521199468
POLK,3.9845322824403016
POLL,6.0904452812920615
POLM,1.3455779770533882
POLN,0.3570762619498185
POLQ,1.2759820674779776
POLR1A,1.072354508568617
POLR1B,0.8593947274208606
POLR1C,34.65166256749628
POLR1D,65.91012551922606
POLR1E,22.589648707453787
POLR2A,2.0207982170083088
POLR2B,22.157393867026563
POLR2C,111.74820056489907
POLR2D,25.952177531486218
POLR2E,115.10910762807427
POLR2F,121.75967353898263
POLR2G,36.07959472675913
POLR2H,329.8112512229311
POLR2I,39.428218117092904
POLR2J,15.841917478922264
POLR2K,50.84566154391018
POLR2L,369.85040894332786
POLR3A,0.22345833888775724
POLR3B,1.5360783168919436
POLR3C,1.1141185393242414
POLR3D,9.622510495606424
POLR3E,11.877368042429298
POLR3F,7.0302102474680614
POLR3G,6.580823144514756
POLR3GL,13.019426938747499
POLR3K,19.591549920638727
POLRMT,4.547617449823637
POMGNT1,27.478541966611715
POMT1,10.361135090625154
POMT2,4.4807868802653825
PON3,9.564900186546879
POR,96.35201386038611
PPA1,1256.7823264401657
PPA2,139.70652917076802
PPARA,0.37233365807865015
PPAT,25.89107320714344
PPCDC,11.937145894195377
PPCS,69.95205298609194
PPEF1,0.04028061782797114
PPEF2,0.0475767992202525
PPIA,8659.862608921096
PPIAL4A,0.3354345050980549
PPIAL4C,0.3354345050980549
PPIAL4E,0.3354345050980549
PPIAL4G,14.599809906673197
PPIB,2727.5890557670054
PPIC,20.246938397803383
PPID,814.0731616552822
PPIE,30.736265737715474
PPIF,156.85750698058763
PPIG,11.554934003868103
PPIH,2198.697370234013
PPIL1,166.29023533453807
PPIL2,0.9380278850278752
PPIL3,55.20883509151144
PPIL4,3.530065711499498
PPIL6,0.11785992906326723
PPIP5K1,2.28855092426473
PPIP5K2,12.170980003104757
PPM1A,2.2876442428578594
PPM1B,16.423779275024806
PPM1D,0.770013611023674
PPM1E,0.0021904956793324473
PPM1F,24.49285050403081
PPM1G,36.58180592844542
PPM1K,0.724535853672218
PPM1M,1.8263339024777523
PPOX,3.542918491729345
PPP1CA,320.2520174014601
PPP1CB,153.7040868715044
PPP1CC,102.96450883617385
PPP1R1A,4.771473722035403
PPP1R1B,0.007374884526474344
PPP1R2,32.1242409283019
PPP1R3A,0.06646892507772041
PPP1R3B,3.8933803885874965
PPP1R3C,104.24475207781495
PPP2CA,226.05617150503485
PPP2CB,58.21419793444018
PPP2R1A,444.8892240109699
PPP2R1B,29.61016030962405
PPP2R2A,113.1462064583245
PPP2R2B,0.0008744224429571487
PPP2R2C,0.0302249464409665
PPP2R3A,0.8566790000839295
PPP2R3B,3.454377989592894
PPP3CA,112.31587792907165
PPP3CB,20.741064926347423
PPP3CC,2.74573271667484
PPP3R1,150.83117636665983
PPP3R2,2.4370537589271226
PPP4C,93.86565788732656
PPP5C,53.9412851394384
PPP6C,130.34326150984663
PPT1,8.13748456226181
PPT2,9.9357887257509
PPWD1,16.744119531768128
PRAG1,0.3354345050980549
PRDX1,35145.55364110827
PRDX2,9.868667034665544
PRDX3,346.2065243599422
PRDX6,760.9206355091824
PREP,89.70163936944039
PRKAA1,24.89332510605968
PRKAA2,1.2449621317396165
PRKAB2,4.7651809465879635
PRKACA,226.28559380269667
PRKACB,28.765579578663484
PRKACG,5.25292276820224
PRKAG2,30.376379141707325
PRKAR1A,28.27526224831408
PRKAR1B,0.9359272441134451
PRKAR2A,23.470276461935732
PRKAR2B,38.71401135604147
PRKCA,9.947226898609598
PRKCB,0.0029439750121451245
PRKCD,0.3798179118436399
PRKCE,8.554123901465951
PRKCG,0.0037483297676075044
PRKCH,1.2967655167763257
PRKCI,4.807430082665451
PRKCQ,0.010440316115259286
PRKCSH,295.8739696103651
PRKCZ,3.690200617233576
PRKD1,0.12475429430718996
PRKD2,9.458323919788164
PRKD3,9.981560765216829
PRKDC,4.981775992464628
PRKG1,0.038776312983063985
PRKG2,0.057304332117165
PRKN,0.009389855243067902
PRKX,1.9557689055821466
PRKY,0.3354345050980549
PRODH,0.004597614810889984
PRODH2,0.047452249121563574
PRPF19,346.80992513079224
PRPF4,141.80613899173247
PRPF4B,34.41519152534588
PRPS1,2404.4995985656437
PRPS1L1,0.04475382350173334
PRPS2,17.335396480994405
PRRT2,0.8566790000839295
PSAP,32.5108999410075
PSAT1,555.8330959385677
PSKH1,2.650197796093314
PSKH2,0.11813839957802594
PSPH,1479.910844933932
PSPHP1,0.3354345050980549
PTDSS1,74.57286447026299
PTDSS2,9.109646566319881
PTEN,4.893878634528461
PTGDS,0.0021904956793324473
PTGES,0.6937081237398152
PTGES2,60.58408367754774
PTGES3,7000.920428180749
PTGIS,0.2634290312310894
PTGR1,55.48470490213191
PTGS1,0.40802706253549753
PTGS2,0.08271025190121149
PTK2,6.135216851393413
PTK2B,0.08448227018700404
PTK6,0.0014962931464896627
PTK7,0.00954117183211942
PTP4A2,4.582527963183033
PTP4A3,0.0021904956793324473
PTPDC1,1.262172324781761
PTPMT1,48.654520918395335
PTPN1,31.232676873185678
PTPN11,27.019694702454284
PTPN12,4.582995160786962
PTPN13,11.307277457730633
PTPN14,20.699979841009164
PTPN18,0.9263272138037119
PTPN2,19.82200701979178
PTPN21,2.465717356211062
PTPN22,0.016067721225472995
PTPN23,3.987351065984599
PTPN3,0.08448227018700404
PTPN4,2.5227607653405646
PTPN5,0.10542850184070834
PTPN6,0.058925205727645744
PTPN7,0.004597614810889984
PTPN9,0.28084838215727465
PTPRA,0.28714144036687783
PTPRB,0.020961175643950797
PTPRC,0.005487360668542739
PTPRD,1.5632731420924182
PTPRE,3.0201210314561866
PTPRF,147.18057547416464
PTPRG,3.7756617309291673
PTPRH,4.302916774977121
PTPRJ,6.396591242316037
PTPRK,6.972482828767247
PTPRM,32.80613522430759
PTPRN,0.08094749433161152
PTPRN2,0.0003490600853319943
PTPRO,2.256689851858927
PTPRQ,0.3354345050980549
PTPRR,0.0029439750121451245
PTPRS,0.3344879366624492
PTPRT,0.028356430289326568
PTPRU,0.016067721225472995
PTPRZ1,0.0008744224429571487
PTRH1,2.863424161336007
PTRH2,1593.8194980585079
PTS,25.839724293971784
PUS1,9.893484642991957
PXDN,0.0111402284827947
PXDNL,1.2449621317396165
PXYLP1,0.2205812953282662
PYCR1,0.13551526449927956
PYCR2,253.38778570338377
PYCR3,2.8378834791083825
PYGB,547.9481761925665
PYGL,59.762936911827985
PYGM,0.04628043528796174
PYURF,6.268583350428723
QARS,397.4423240759864
QDPR,1228.1434946237866
QPCT,2.951987295627702
QPRT,34.97690404940737
QTRT1,11.195266866377507
QTRT2,4.410364121164392
RAD1,2.1600391200167017
RAD18,5.7280001891620325
RAD9A,6.2175584024444
RAF1,0.24088652051472298
RAG1,0.08094749433161152
RALBP1,59.97611067379271
RARS,532.5072864971382
RARS2,11.267410877034347
RBBP6,0.4821753975075652
RBKS,0.47786321440125423
RBP1,1.7286127200686952
RBP2,0.44262896504099397
RBP4,75.02555780605796
RCHY1,12.599512110273682
RCL1,6.69229048898741
RDH10,0.7547790685361632
RDH11,266.4985808173672
RDH12,0.009389855243067902
RDH13,6.9582944456183045
RDH14,13.244199548753944
RDH16,0.004597614810889984
RDH5,0.2856288692079083
RDH8,0.3354345050980549
REG3A,15.598236131061894
RENBP,0.0014962931464896627
RET,0.0014962931464896627
REV3L,3.0886337810894093
RFC5,79.41218086432522
RFK,9.825758949725133
RFWD3,6.993461111247671
RGL1,1.1160951001309587
RHAG,0.3012257575781964
RHBG,0.3354345050980549
RHCG,0.0029439750121451245
RING1,24.961566196141746
RIOK1,0.6843255323404627
RIOK2,0.30988668250642915
RIOK3,30.143451133543444
RIPK1,5.834086180404639
RIPK2,2.219327234267594
RIPK3,1.3679290428211677
RIPK4,0.08094749433161152
RIPOR1,11.66872703436056
RNF103,3.6186074351187454
RNF115,0.3354345050980549
RNF123,4.2796449001296395
RNF125,0.12367766854976169
RNF126,25.55098413071287
RNF128,0.008367477090583941
RNF13,7.506857191707732
RNF130,13.931335520871475
RNF133,0.0037483297676075044
RNF138,21.483991164454324
RNF139,5.410471946294367
RNF14,22.07317560443443
RNF144A,0.006414062433126673
RNF144B,0.22283208566934776
RNF146,7.785706345815342
RNF149,7.1249242920596005
RNF152,0.005487360668542739
RNF167,62.75518437096257
RNF180,0.017556444376877818
RNF182,8.317910588555227
RNF185,9.452674690613641
RNF187,159.20171427792775
RNF19A,3.454377989592894
RNF19B,4.1176143153853335
RNF2,12.584471952566089
RNF20,1.9378566013676657
RNF216,13.51047189648903
RNF217,4.429116760372728
RNF25,19.33530767900895
RNF31,13.912701419099532
RNF40,2.8325593509617613
RNF41,11.007237797344624
RNF5,37.284007029996175
RNF8,12.30940171199379
RNGTT,4.457341147188577
RNMT,52.701088058899096
ROCK1,6.658879963763555
ROCK2,9.783672013803931
ROR1,1.183489818384818
ROR2,0.002515874973974391
RORA,0.06887645468405572
ROS1,0.012619746052946397
RPAP2,4.990914016321258
RPE,188.44026991656068
RPE65,0.0008744224429571487
RPIA,19.891109181884254
RPL14,1294.6674667208483
RPN1,724.9752554745379
RPN2,807.8539435470489
RPP14,31.14039937423747
RPS6KA1,7.490147384221283
RPS6KA2,0.04395317722120183
RPS6KA3,1.8232213626810845
RPS6KA4,2.0765069004521015
RPS6KA5,1.8187881909349592
RPS6KA6,0.0003490600853319943
RPS6KB1,1.9828972899296684
RPS6KB2,27.691553165260338
RPS6KC1,0.3101249043932863
RPUSD4,1.2329111450004635
RRM1,77.71026929333173
RRM2,101.0513809480699
RRM2B,2.787526940883017
RTCA,33.96066716528523
RWDD2A,0.9455514804265841
RXRA,0.2928360646586215
RYK,15.028769951443774
SACM1L,8.257745383727626
SAE1,495.391490104726
SAP130,0.31523042761782866
SARDH,0.543425856716501
SARS,351.83685720110844
SARS2,14.105548053221497
SAT1,23.474712235293826
SAT2,22.031458156621902
SBK1,0.007374884526474344
SC5D,15.652125592569066
SCARB1,3.2441511143853123
SCARF2,0.058925205727645744
SCD,23.15752745041559
SCD5,13.504306407296143
SCLY,6.391458763662326
SCP2,229.6773012819502
SDC1,2.6302824211770313
SDHA,182.18448387188732
SDHB,465.06178349280805
SDHC,38.35171916165143
SDHD,2.855247509926933
SDR16C5,0.0003490600853319943
SDR42E1,0.12173079606529714
SDR42E2,0.3354345050980549
SDR9C7,0.6181733836443202
SDS,0.0021904956793324473
SDSL,0.26898543743118697
SEC11A,330.91261858362407
SEC11C,4.979421152477182
SELENOI,4.966778473132403
SEPHS1,1821.369725112602
SEPHS2,65.9283142956715
SERPINA1,0.027494743922715066
SERPINA3,0.010440316115259286
SETD1A,0.14690604247328243
SETD1B,1.2346638969440935
SETD2,0.022876870621912654
SETD5,20.809584425345218
SETD7,5.695143128610923
SETDB1,0.32055971453819115
SETDB2,0.29524821493192965
SETMAR,2.650197796093314
SFXN3,2274.441885793249
SGK1,164.56341837992724
SGK2,1.4409466482675053
SGK3,0.4562480705560604
SGMS1,9.526179140195277
SGMS2,6.582029939861326
SGPL1,24.877606436030128
SGPP1,3.596305287796682
SGPP2,0.17891907136762017
SGSH,6.009432114340496
SH3RF1,12.726954554660564
SH3RF2,4.722249297538993
SH3RF3,0.0021904956793324473
SHMT1,146.23862470793205
SHMT2,1013.0874811331821
SHPK,2.025162687042651
SHPRH,0.8254676498457457
SI,0.18373547314711697
SIAE,1.9174747680053172
SIAH1,5.7180105295672465
SIAH2,4.196123354177044
SIK2,2.510510277623857
SIK3,2.0192498862004333
SIN3A,3.7207954769684144
SIN3B,0.07246036773743957
SIRT1,6.582029939861326
SIRT2,6.20227088020282
SIRT3,5.51417068239444
SIRT5,1.4838411159787093
SIRT6,6.024601806812326
SIRT7,6.458259646774806
SLC10A1,0.0008744224429571487
SLC10A2,0.058748703153154044
SLC10A6,0.11880179429376408
SLC11A1,0.006414062433126673
SLC11A2,11.443234004275592
SLC12A1,0.12604246262781418
SLC12A2,0.7963116612506697
SLC12A3,0.3836436624241189
SLC12A4,0.3630017781281969
SLC12A5,0.2205812953282662
SLC12A6,0.06234763364797275
SLC12A7,0.004501238955566484
SLC13A1,1.3898493503991496
SLC13A2,0.9791894450655247
SLC13A3,0.0021904956793324473
SLC13A4,0.02482950424965265
SLC13A5,0.0003490600853319943
SLC14A1,0.016067721225472995
SLC14A2,0.052867346971752514
SLC15A1,0.09490302837853704
SLC15A2,0.004597614810889984
SLC15A3,0.07227629781386181
SLC15A4,9.810182278827368
SLC16A1,29.879200990942515
SLC16A10,0.23416929789967977
SLC16A2,5.42525646277043
SLC16A3,149.91096916916808
SLC16A7,0.5301610112448638
SLC16A8,0.014895896232150296
SLC17A1,0.06505057075080632
SLC17A2,0.014797084619435076
SLC17A3,0.0014962931464896627
SLC17A4,0.016758172785412122
SLC17A5,2.704093905928108
SLC17A6,0.03561924497624714
SLC17A7,0.03301704778851662
SLC17A8,0.028851924931235527
SLC18A1,0.058656845323138175
SLC18A2,1.0661929406494006
SLC18A3,0.006414062433126673
SLC19A1,7.30997528742302
SLC19A2,1.7362950886514905
SLC19A3,0.012619746052946397
SLC1A1,1.7512238280713788
SLC1A2,0.0003490600853319943
SLC1A3,0.012619746052946397
SLC1A4,1.7795508141753724
SLC1A5,250.65282936895537
SLC1A6,0.07694788869193199
SLC1A7,0.04144035482118045
SLC20A1,56.956103491656805
SLC20A2,15.99181615331928
SLC22A1,0.06385326876256489
SLC22A10,0.10034501076203277
SLC22A11,0.0003490600853319943
SLC22A12,1.368484858340572
SLC22A13,0.0021904956793324473
SLC22A16,0.014895896232150296
SLC22A18,1.0794453609366548
SLC22A2,0.0008744224429571487
SLC22A3,0.054096243950390435
SLC22A4,2.205150402420809
SLC22A5,2.875795407835977
SLC22A6,0.3332262579895881
SLC22A7,0.3754031874781076
SLC22A8,0.6796964855365107
SLC22A9,0.11807453767167743
SLC23A1,0.17254083264712658
SLC23A2,4.071602964175252
SLC24A1,0.638587736575473
SLC24A2,0.11485961790308995
SLC24A3,0.26971900266131565
SLC24A4,0.0003490600853319943
SLC25A1,311.8296442444893
SLC25A10,12.00897630839645
SLC25A11,493.96682342063616
SLC25A12,154.27505743444198
SLC25A13,271.5444443650692
SLC25A14,7.235815339842976
SLC25A15,4.044057134870837
SLC25A16,3.0714702988303992
SLC25A17,7.906589377846268
SLC25A18,0.0316134374476553
SLC25A19,7.533560977177545
SLC25A2,0.0014962931464896627
SLC25A20,5.504273841711694
SLC25A21,10.314941524723663
SLC25A22,19.241111566130645
SLC25A26,3.6677908263461694
SLC25A27,0.4085311359582843
SLC25A28,7.909834292427855
SLC25A29,0.8254676498457457
SLC25A3,3368.67072077281
SLC25A37,24.461087684263312
SLC25A4,194.09923919092842
SLC25A5,4685.131110685857
SLC25A6,206.95484816120268
SLC26A1,0.3697799146167589
SLC26A11,2.8252736356170933
SLC26A2,3.6141443018974253
SLC26A3,0.0003490600853319943
SLC26A4,0.0037483297676075044
SLC26A6,2.6999386191675585
SLC26A7,0.006414062433126673
SLC26A8,0.006414062433126673
SLC26A9,0.0003490600853319943
SLC27A1,0.539997844380907
SLC27A2,0.011517379796921452
SLC27A3,0.4455332248481926
SLC27A4,1.5677881857221978
SLC27A5,3.054330301679651
SLC27A6,0.0003490600853319943
SLC28A1,0.05797266048828553
SLC28A2,0.014895896232150296
SLC28A3,0.010440316115259286
SLC29A1,45.62364542851611
SLC29A2,0.12367766854976169
SLC29A3,0.013746261812233363
SLC29A4,1.574183030269876
SLC2A1,61.135256424457886
SLC2A10,0.23645319707751972
SLC2A11,4.196123354177044
SLC2A12,0.13951932921132584
SLC2A13,0.3394761922685604
SLC2A14,0.0003490600853319943
SLC2A2,0.014895896232150296
SLC2A3,8.559636483829726
SLC2A4,0.0029439750121451245
SLC2A5,0.012619746052946397
SLC2A6,1.7288424881370732
SLC2A7,0.0003490600853319943
SLC2A8,2.5883424694108426
SLC2A9,0.02223269802331203
SLC30A1,3.7306223878569122
SLC30A6,6.227755208134545
SLC30A7,10.934017203390244
SLC31A1,9.730455418779336
SLC32A1,1.4740945089441455
SLC33A1,485.4852421834678
SLC34A1,0.052920680058348275
SLC34A2,0.0037483297676075044
SLC34A3,0.0008744224429571487
SLC35A1,4.191495125071904
SLC35A2,18.68499230691393
SLC35A3,6.248161102192785
SLC35B2,1.247289115221111
SLC35B4,2.986006512730805
SLC35C1,2.2289015555872984
SLC35D1,1.906022830874443
SLC35D2,8.001889428120739
SLC36A1,2.875795407835977
SLC36A2,0.07419499914014951
SLC36A4,11.85944904582329
SLC37A1,0.05569462375104499
SLC37A4,8.625855301538266
SLC38A1,21.166776222280383
SLC38A2,116.2202367637922
SLC38A3,0.0003490600853319943
SLC38A4,0.0029439750121451245
SLC38A5,0.09898038376578468
SLC39A7,46.363126023167034
SLC3A1,0.6738292723866388
SLC3A2,123.5683229357415
SLC40A1,0.15170017473240316
SLC41A1,21.45636137385202
SLC41A2,2.712409177018769
SLC43A1,0.01847465469457241
SLC43A2,0.1256320849439087
SLC46A1,1.9826848357112323
SLC47A1,0.14355177285383647
SLC47A2,0.0014962931464896627
SLC4A1,13.592771879362395
SLC4A10,0.013746261812233363
SLC4A2,173.85663746839748
SLC4A3,0.004597614810889984
SLC4A4,2.3968833216330476
SLC4A5,0.15170017473240316
SLC4A7,1.5430913980282848
SLC4A8,0.21163460443557872
SLC4A9,0.0008744224429571487
SLC51A,0.13551526449927956
SLC51B,0.0014962931464896627
SLC52A1,0.11277172956640528
SLC52A2,23.517083362586302
SLC52A3,0.0029439750121451245
SLC5A1,0.0014962931464896627
SLC5A10,0.0014962931464896627
SLC5A11,0.014895896232150296
SLC5A12,0.04628043528796174
SLC5A2,0.0302249464409665
SLC5A3,1.096067128766886
SLC5A5,0.5616045239532865
SLC5A6,30.911509961204658
SLC5A7,0.07302190367296232
SLC5A8,0.3418527760399266
SLC5A9,0.004597614810889984
SLC6A1,0.47048010012030994
SLC6A10P,0.0003490600853319943
SLC6A11,0.16250422749413002
SLC6A12,0.0003490600853319943
SLC6A13,0.0008744224429571487
SLC6A14,0.3354345050980549
SLC6A18,0.020564936803086797
SLC6A19,0.0003490600853319943
SLC6A2,0.05126577654728052
SLC6A20,0.043270739804743864
SLC6A3,0.11152113387915114
SLC6A4,0.004597614810889984
SLC6A5,0.10319845039380167
SLC6A6,1.280537614387603
SLC6A7,0.0008744224429571487
SLC6A8,0.8881717283508888
SLC6A9,0.0302249464409665
SLC7A1,21.45636137385202
SLC7A10,0.44725159747283744
SLC7A11,2.16176935870409
SLC7A2,0.12759398520991413
SLC7A3,0.0008744224429571487
SLC7A5,10.432761050853957
SLC7A6,11.330893434099586
SLC7A7,0.07057135577660391
SLC7A8,0.0003490600853319943
SLC7A9,0.0029439750121451245
SLC8A1,2.8042878785915315
SLC8A2,0.03041151320175179
SLC8A3,0.23722842177089118
SLC8B1,3.476461549679245
SLC9A1,3.8797523301754144
SLC9A2,0.017260896012321055
SLC9A3,0.0003490600853319943
SLC9A4,0.314551529377227
SLC9A5,0.13951932921132584
SLC9A7,2.0058272068477345
SLC9A8,2.947741622093668
SLCO1A2,0.0037483297676075044
SLCO1B1,0.005487360668542739
SLCO1B3,0.9713334989024185
SLCO1C1,0.3354345050980549
SLCO2A1,0.006414062433126673
SLCO2B1,5.737994122471257
SLCO3A1,0.7547790685361632
SLCO4A1,4.071602964175252
SLK,14.568329890962524
SMARCD3,0.11401998915057515
SMG1,1.0357528053957339
SMPD1,7.36837360657056
SMPD2,3.959839923784731
SMPD3,0.020961175643950797
SMPD4,10.845820308782994
SMS,1596.4899627100094
SMURF1,4.808207647659791
SMURF2,48.664245776297044
SMYD3,9.98317611930955
SNRK,0.9072002829421812
SOAT1,17.4824850344986
SOAT2,0.0003490600853319943
SOD1,3848.299512552059
SOD2,74.95742659367549
SOD3,0.0014962931464896627
SORD,7.235815339842976
SPCS1,155.11666495804178
SPCS2,978.7285170960625
SPCS3,1056.8297019371166
SPEG,0.19620001259461436
SPHK1,3.6409433369475352
SPHK2,1.0779947609006886
SPR,349.333899890176
SPRYD3,6.120893661679238
SPTLC1,30.347824621596786
SPTLC2,2.7560016710645137
SPTLC3,0.008367477090583941
SQLE,0.3947790331104578
SRC,2.2018061745725177
SRD5A1,6.207365695539609
SRD5A2,0.3354345050980549
SRD5A3,5.858253298876831
SREBF1,27.765098716701008
SRM,712.481891496565
SRMS,0.15573239593730395
SRPK1,9.631170160999579
SRPK2,8.050730022426112
SRPK3,0.0014962931464896627
SSH1,12.593451274230851
SSH2,13.080563211963025
SSH3,0.05569462375104499
SSR4,541.7081254472955
SSU72,116.58616374199477
ST3GAL1,2.4373160814473964
ST3GAL2,13.55364963120921
ST3GAL3,2.7582547201955894
ST3GAL4,10.015923614283297
ST3GAL5,14.049493295574017
ST3GAL6,0.5329500541289269
ST6GAL1,0.22508846451332892
ST6GALNAC1,0.0008744224429571487
ST6GALNAC2,0.028851924931235527
ST6GALNAC3,1.4089795379552414
ST6GALNAC4,11.931164798811734
ST6GALNAC5,0.35202545473005187
ST6GALNAC6,11.835567374302075
ST8SIA1,0.9455514804265841
ST8SIA4,0.09347787875911263
ST8SIA5,0.0014962931464896627
STAMBP,27.2991258312909
STAMBPL1,6.263476256653526
STARD3,21.180544089678495
STK10,0.6055954790945705
STK11,10.41894812568548
STK16,2.0666106023147592
STK17A,10.884269537434783
STK17B,2.320521134639417
STK19,7.060354170996288
STK24,28.318209510789508
STK25,9.635152905472768
STK26,1.3106667468679938
STK3,7.368083793755598
STK31,0.0029439750121451245
STK32A,0.0014962931464896627
STK32B,0.6327595504976118
STK32C,7.098583675809606
STK33,0.3122677303045737
STK35,4.817782001290037
STK36,5.833148918260065
STK38,6.565326101155916
STK38L,2.947741622093668
STK39,14.00956083445259
STK4,2.7522967202794653
STRA6,0.0014962931464896627
STS,0.20498472437610363
STT3A,55.16158120562988
STT3B,44.70356347965549
STUB1,68.66716742801334
STYK1,1.2175469256616511
STYXL1,11.33679931542885
SUCLA2,72.43989432638826
SUCLG1,252.9097908007425
SUCLG2,390.4411399572973
SULT1A1,0.037315369246428046
SULT1A2,0.0021904956793324473
SULT1A3,1.1970842181473578
SULT1B1,11.156590094172376
SULT1C2,0.0029439750121451245
SULT1C4,11.024832309896944
SULT1E1,1.3273511575593253
SULT2A1,3.553854432798619
SULT2B1,0.1875107185943256
SULT4A1,0.06887645468405572
SUOX,7.072267004132125
SUV39H1,9.987285895429451
SUV39H2,13.074446425393853
SYK,0.0021904956793324473
SYNJ1,0.03329500235119242
SYNJ2,0.2744667772415038
SYVN1,0.2388798291737777
TAF1,4.415050451606193
TALDO1,174.84940759097813
TAOK1,2.401763648502613
TAOK2,13.956190499026858
TAOK3,9.74183519865897
TARS,547.4298397688009
TARS2,1.0265677479045145
TARSL2,1.2696694204031747
TAT,0.28571233464989304
TBCB,347.74539171147387
TBK1,0.8784479768563913
TBL1X,12.850674502709072
TBL1XR1,3.2445473464071477
TBXAS1,0.8566790000839295
TCIRG1,46.00030861175685
TDO2,0.10643501964469933
TECR,51.72646523223238
TECRL,0.11400593534832566
TENT2,6.355559727267501
TENT4A,13.436531610608407
TESK1,5.469669271395236
TESK2,0.08626344968096479
TFRC,224.66156311968751
TGDS,2.284562305816051
TGFBR1,2.091241397493207
TGFBR2,6.019544200769044
TGM1,0.06219982368578808
TGM2,9.199319922943072
TGM3,0.0003490600853319943
TGM4,0.017260896012321055
TGM5,0.0008744224429571487
TGM6,0.018105422639918517
TGM7,0.01438308791538765
TGS1,4.509032391224666
TH,0.0008744224429571487
THNSL1,0.4085311359582843
THTPA,6.192246479363313
TIAM2,1.4054385169849648
TICRR,1.7213977566957879
TIPARP,22.414590405339453
TK1,231.58092165211747
TK2,2.2130605190291672
TKFC,14.512004552552447
TKT,188.1268877253133
TKTL1,0.0008744224429571487
TKTL2,0.3040568295727089
TLK1,3.9708265701679024
TLK2,0.36172979440135467
TM7SF2,0.3570762619498185
TMEM91,0.5079788381348057
TMLHE,4.386950792298418
TMX3,27.03180488964905
TNFRSF21,33.8833945294966
TNIK,3.596305287796682
TNK1,0.010440316115259286
TNK2,3.179124744550529
TNKS,1.444509379029556
TNKS2,7.834220801228355
TNNI3K,0.3354345050980549
TNS2,5.568681087782292
TOPORS,3.7171364705314183
TP53RK,4.476083529340674
TPH1,0.01847465469457241
TPH2,0.0014962931464896627
TPI1,29728.82221458541
TPI1P2,0.14965275777628956
TPK1,0.108319225615368
TPMT,6.085374173056414
TPO,0.0029439750121451245
TPP1,29.873507019671283
TPSAB1,2.5897220236973384
TPSB2,0.3354345050980549
TPSD1,0.0014962931464896627
TPST1,4.270344822130298
TPST2,3.2746068705890834
TPTE,0.3354345050980549
TPTE2,0.3354345050980549
TRAF7,28.755195284244955
TRDMT1,2.875795407835977
TREH,0.005487360668542739
TREX1,0.5809598348988896
TREX2,0.040250881258364055
TRHDE,0.07057135577660391
TRIB3,31.638691026396028
TRIM11,6.571693774062523
TRIM32,1.205497203650728
TRIM33,2.8741377271829003
TRIM63,0.5828185949801588
TRIO,5.324213313278442
TRIP12,25.88971662357478
TRIT1,14.324057508217779
TRMT1,4.03872277630944
TRMT11,3.857064971369302
TRMT1L,3.7846854804934495
TRMU,19.362241558364897
TRPM6,0.0021904956793324473
TRPM7,3.7216304455796414
TSSK1B,0.20447763106973466
TSSK2,0.023522311790098123
TSSK3,0.25259084378527846
TSSK4,0.09347787875911263
TSSK6,0.1832025447410306
TST,5.029590454563792
TSTA3,161.0612921150324
TTC3,28.67359902243963
TTK,0.5231973967359326
TTL,2.2114874994060263
TTLL10,0.015657737481541003
TTN,0.013746261812233363
TUSC3,4.052574038906346
TUT1,0.17973421579672078
TUT4,20.727367678570072
TUT7,1.5162131847497873
TXN,2325.976717395528
TXN2,41.351215083287585
TXNRD1,791.1803314083303
TXNRD2,23.941821802829864
TXNRD3,1.2591641564358098
TYMP,0.07745017312303418
TYMS,1034.5160497560485
TYR,0.0008744224429571487
TYRO3,0.7547790685361632
TYRP1,0.0037483297676075044
UAP1,278.16797777645667
UAP1L1,0.7578199992309984
UBA1,520.4097072561523
UBA2,339.8657508923387
UBA3,45.150969682794795
UBA6,116.30892748313843
UBA7,0.7976224487166713
UBE2A,77.90718866023524
UBE2B,79.92407789356871
UBE2C,114.46127501249337
UBE2D1,4.265696644149488
UBE2D2,47.43062087069047
UBE2D3,1415.154791211331
UBE2D4,7.442863136190141
UBE2E1,75.9162408883783
UBE2E2,3.430754645715869
UBE2E3,13.490425047560704
UBE2F,1.6238365475279315
UBE2G1,19.189476483462414
UBE2G2,7.540260034327809
UBE2H,69.7712515739362
UBE2I,1947.324645572805
UBE2J1,9.239427136651846
UBE2J2,59.638671556376714
UBE2K,2535.8309030142746
UBE2L3,2306.7442235435346
UBE2L6,25.599745347599
UBE2M,156.70688387992868
UBE2N,181.7790161865652
UBE2NL,0.3354345050980549
UBE2O,6.8626011243451
UBE2Q1,6.2944740038578555
UBE2Q2,1.3641208628813224
UBE2QL1,0.0003490600853319943
UBE2R2,5.975925991152728
UBE2S,661.1163809938394
UBE2T,17.677108504830123
UBE2U,0.023784263818109993
UBE2W,2.5842315455342018
UBE2Z,91.11857379043299
UBE3A,11.625399635139335
UBE3B,9.463973976426614
UBE3C,3.9916225754091927
UBE4A,0.5677343088463401
UBE4B,4.825119470735529
UBLCP1,45.02642474358636
UBR1,0.3754568317511608
UBR2,1.5229150155468427
UBR3,0.011524414902267844
UBR4,27.037821496303327
UBR5,0.6162080324167438
UBR7,8.59273025171931
UCK1,8.125342480293773
UCK2,28.60690355106611
UCKL1,8.532082284254118
UCP1,0.058364989262093596
UCP2,0.010440316115259286
UCP3,0.22508846451332892
UEVLD,7.416238647771988
UGCG,100.28466214497469
UGDH,136.34297063274443
UGGT2,2.8336786682130364
UGP2,1211.2836544521383
UGT1A1,0.5818457107151666
UGT1A10,0.0037483297676075044
UGT1A3,1.0114790584917612
UGT1A4,0.0951329295757727
UGT1A5,0.4044927492424471
UGT1A6,0.33377283358311216
UGT1A7,0.0029439750121451245
UGT1A8,0.1293154038699776
UGT1A9,0.11549856641655931
UGT2A1,0.0003490600853319943
UGT2A3,1.2389146853275619
UGT2B10,1.2536713325042186
UGT2B11,0.23720441855058141
UGT2B15,0.6704297803167216
UGT2B17,0.6033232516115735
UGT2B28,0.0003490600853319943
UGT2B4,0.7544150219594951
UGT2B7,3.0800491084946886
UGT3A1,0.12021469926971337
UGT3A2,0.0014962931464896627
UGT8,0.8913362774387021
UHMK1,12.648024522594467
UHRF1,0.3354345050980549
UHRF2,4.386950792298418
ULK1,5.533977431920662
ULK3,3.9936758526998695
ULK4,0.4007055381385696
UMPS,204.3451388025677
UPB1,0.02482950424965265
UPP1,8.27761632944098
UPP2,0.0014962931464896627
UPRT,3.4623295862166867
UQCR10,37.055233020868265
UQCR11,35.0392016851501
UQCRB,379.3132666890598
UQCRC1,1409.221420754334
UQCRC2,1562.8719901347238
UQCRFS1,517.0261851070427
UQCRH,228.05585072150515
UQCRQ,131.1491420042472
UROC1,0.3822824415744883
UROD,58.88756851083487
UROS,23.495895456980875
USP1,32.85979500131825
USP10,10.897138451310946
USP11,15.562695426191395
USP12,9.053710299357268
USP13,2.5883424694108426
USP14,261.74509207066865
USP15,8.438307268529034
USP16,22.946660308925864
USP17L2,0.0008744224429571487
USP17L22,0.04998256910149056
USP17L30,0.050968258904732194
USP17L5,0.050968258904732194
USP17L9P,0.3354345050980549
USP18,3.6991738967509527
USP19,0.3573895600515008
USP2,0.1662198968051953
USP20,0.9455514804265841
USP21,11.060041992485841
USP22,108.61196999203328
USP24,2.2827759519112325
USP25,0.07832832769997013
USP26,0.01970829613815915
USP28,11.277774487465688
USP29,0.08228852752006045
USP3,0.6899445232540375
USP30,0.09669474950538733
USP31,2.7332247002078502
USP32,1.3710839016234555
USP33,18.25892569523543
USP34,35.87503486071901
USP35,1.5018044539741886
USP36,7.672794183534201
USP37,2.0990494497560412
USP38,4.302916774977121
USP4,1.2173571521905033
USP40,0.43722435329694004
USP41,11.561780066602605
USP42,1.6400300934613787
USP43,1.1294963068118982
USP44,0.004597614810889984
USP45,3.3576224619797213
USP46,6.105664817479579
USP47,6.569794517156879
USP48,0.5723147929142833
USP49,0.4482060769798329
USP51,0.038776312983063985
USP6,0.014895896232150296
USP7,36.71823269810243
USP8,0.4578643565251081
USP9X,5.283909795483377
USP9Y,0.09459012436644046
UST,1.4054385169849648
UXS1,23.404135352304102
VARS,235.28055951678218
VARS2,68.09973865432546
VKORC1,145.28989634988912
VNN1,0.0029439750121451245
VNN2,4.168372784919563
VNN3,0.004597614810889984
VRK1,68.6987318135765
VRK2,5.468367601513235
VRK3,11.042433710143012
WARS,669.2817742779782
WARS2,11.519443478795631
WDYHV1,3.560692327620131
WEE1,12.345574756962723
WEE2,0.0003490600853319943
WNK1,4.250555328657432
WNK2,0.0008744224429571487
WNK3,0.03301704778851662
WNK4,0.1121117805286681
WWOX,2.063969545501675
WWP1,4.750859813973757
WWP2,0.07818445861005473
XDH,0.2361460427657046
XPO6,0.7474586697269736
XPO7,16.210668537923638
XYLB,0.7487062167437352
XYLT1,0.0014962931464896627
XYLT2,9.844399704010643
YARS,3806.493304908638
YARS2,33.26867442084731
YES1,48.20046888163889
ZADH2,3.538478442582064
ZAP70,0.325801167368718
ZC3HAV1,2.229721766285088
ZNRD1,4.279291321384074
ZNRF1,6.888724588162633
ZNRF2,0.9330833186322016
ZSWIM2,0.015679988656711358
