A4GALT,0.021432518547075684
A4GNT,0.004757922196902658
AACS,56.09011178884157
AADAC,0.002802129233255834
AADAT,0.5247435517400726
AAK1,6.85451135171749
AANAT,0.00045851665854502506
AARS,140.83541243417244
AARS2,2.0857219508094698
AASDH,1.198046826398345
AASDHPPT,4.849911070703442
AASS,0.027505267922313437
AATK,0.1154546890191359
ABAT,0.03556029814361912
ABCA1,0.18498361500879856
ABCA3,1.9958337033391191
ABCA4,0.07980077834710374
ABCA8,0.014384635861382335
ABCB1,0.0574566647617203
ABCB11,0.0037499658886838046
ABCB4,0.002802129233255834
ABCB6,4.918121767257948
ABCC1,0.3202872626031502
ABCC11,0.0037499658886838046
ABCC2,0.010498853362829852
ABCC3,15.560948833895386
ABCC4,3.031946051431124
ABCC5,6.272340607389082
ABCC8,0.05536502372092665
ABCC9,0.024424633042249264
ABCD1,4.636051918010054
ABCD2,0.001133500301210281
ABCD3,34.561985959337235
ABCG2,0.001133500301210281
ABCG5,1.2713802635918894
ABCG8,0.00045851665854502506
ABHD12,12.269865400330755
ABHD5,11.313551343972359
ABHD6,4.205203273375868
ABL1,2.0086179582038635
ABL2,1.0491876986553665
ABO,0.3354345050980549
ACAA1,69.45310256725094
ACAA2,4.0839357055695995
ACACA,0.3354345050980549
ACACB,1.308780848974255
ACAD10,5.973388363925952
ACAD11,0.3216566071280356
ACAD8,13.159469641567256
ACAD9,76.82225023699479
ACADL,0.00045851665854502506
ACADM,13.734568212893517
ACADS,2.167839726831713
ACADSB,7.879687393791511
ACADVL,371.961519823625
ACAT1,45.947809643723936
ACAT2,13.962440797990835
ACE,0.5123205429250998
ACE2,0.0037499658886838046
ACER1,0.0019246457941049057
ACER2,0.07581690238213759
ACER3,1.5931872328070225
ACHE,0.06607219115035223
ACLY,24.927355287278875
ACMSD,0.01574066272443498
ACO1,5.969316736641598
ACO2,23.83325830627622
ACOT1,1.0272637520314607
ACOT11,0.23780587329135497
ACOT12,0.00045851665854502506
ACOT13,4.205203273375868
ACOT2,7.327387655213074
ACOT4,0.3017259027611821
ACOT6,0.009586111032012986
ACOT7,91.00397838629233
ACOT8,13.654352738594788
ACOX1,2.0284218623300823
ACOX2,0.7901605824000221
ACOX3,1.73601225975061
ACP1,6092.360507724593
ACP2,2.997394647771695
ACP4,0.001133500301210281
ACP5,0.06607219115035223
ACP6,35.67329212233765
ACP7,0.5061352850255368
ACPP,0.07980077834710374
ACSBG1,0.0080787935699439
ACSBG2,0.017124630247421842
ACSF2,22.79597955751158
ACSF3,4.008567881401289
ACSL1,3.202103627990743
ACSL3,18.399789953503742
ACSL4,1.755386748039645
ACSL5,0.09011961257862387
ACSL6,0.014384635861382335
ACSM1,0.005818785546422526
ACSM2A,0.0585122933778039
ACSM2B,0.06320048198640206
ACSM3,0.3210182239829108
ACSM4,0.24076687484729298
ACSM5,0.38590455571506443
ACSS1,0.29082892092328017
ACSS2,13.049663148862633
ACSS3,2.0850951717161395
ACVR1,3.2497528103048317
ACVR1B,1.3669423559125853
ACVR1C,0.002802129233255834
ACVR2A,0.6592114622780131
ACVR2B,0.06607219115035223
ACVRL1,0.009270301056976704
ACY1,158.3676114418366
ACY3,0.08538659597184704
ACYP1,8.027823572663888
ACYP2,0.8074955304915646
ADA,2.1852218324439865
ADCY1,0.187427174313983
ADCY10,0.001133500301210281
ADCY2,0.12882048009940458
ADCY3,12.268735908412577
ADCY4,0.0019246457941049057
ADCY5,0.009270301056976704
ADCY6,4.322191855541293
ADCY7,1.3903716126321268
ADCY8,0.10844658669179806
ADCY9,0.37762835831365027
ADH1A,15.260920881477592
ADH1B,6.10177814305556
ADH1C,0.002802129233255834
ADH4,0.001133500301210281
ADH5,335.39869473184115
ADH6,0.01574066272443498
ADH7,0.11332845673771044
ADHFE1,0.13549906625349747
ADI1,33.55646417205746
ADK,206.96791504760145
ADO,18.971722568426017
ADPGK,31.820874979217983
ADPRH,4.341108372179604
ADSL,234.25606478550878
ADSS,83.3082074124211
ADSSL1,0.8769213618617618
AFMID,27.29070149961133
AGA,63.59463051625891
AGK,7.962997814601004
AGL,0.12820322938545486
AGMAT,0.374747407627742
AGPAT1,4.497271578958438
AGPAT2,32.82497138759319
AGPAT3,19.823733895021153
AGPAT4,0.12518736983604037
AGPAT5,2.8547317856063334
AGPS,16.04017252654416
AGT,0.014384635861382335
AGXT,0.001133500301210281
AGXT2,0.07273189725255508
AHCY,6368.039326789054
AHCYL1,10.624995393638969
AHCYL2,1.3950580590224892
AICDA,0.02460038993500046
AK1,333.2834667985116
AK2,1445.2958286205267
AK3,4.240728849039349
AK4,223.34925752470335
AK5,0.4214499866268693
AK7,0.005818785546422526
AKR1A1,99.34085714663088
AKR1B1,0.7223135688910067
AKR1B10,0.6690846756996671
AKR1B15,0.0037499658886838046
AKR1C1,2.1634992845665355
AKR1C2,0.13549906625349747
AKR1C3,7.189117557414325
AKR1C4,5.522781755496033
AKR1C8P,0.3354345050980549
AKR1D1,0.002802129233255834
AKR7A2,89.21895636814844
AKR7A3,0.013057922455093825
AKT1,4.366678409436065
AKT2,0.8503922400322961
AKT3,3.2832049872552145
ALAD,54.80317016034942
ALAS1,20.658772456142003
ALAS2,0.02870294262413536
ALB,0.010498853362829852
ALDH18A1,98.36766166864562
ALDH1A1,0.0982945438005946
ALDH1A2,0.022917136912183174
ALDH1A3,492.0110335516369
ALDH1B1,4.063805502690967
ALDH1L1,0.00045851665854502506
ALDH1L2,0.013057922455093825
ALDH2,7.536743185035677
ALDH3A1,2.29458949382842
ALDH3A2,63.142828804569
ALDH3B1,2.2594559945950228
ALDH3B2,0.009270301056976704
ALDH4A1,1.6744504186531433
ALDH5A1,0.7492809942727491
ALDH6A1,0.2560784871328329
ALDH7A1,87.04790586655469
ALDH9A1,387.3191524668164
ALDOA,5188.524635442163
ALDOB,0.0019246457941049057
ALDOC,6.361571028946125
ALG1,11.989353682013663
ALG10,1.4572558124749966
ALG11,2.698322193494443
ALG12,3.350348908650438
ALG13,16.18695145725188
ALG14,3.4129803734474606
ALG1L,0.4096546027765482
ALG1L2,0.3354345050980549
ALG2,33.99828489880463
ALG3,2.5045271594117966
ALG5,26.9903440027217
ALG6,2.004354416629614
ALG8,40.57580187979634
ALG9,9.637806415283437
ALK,0.010498853362829852
ALLC,0.0037499658886838046
ALOX12,0.0037499658886838046
ALOX12B,0.018535312724775776
ALOX15,0.0037499658886838046
ALOX15B,0.06411481665990859
ALOX5,0.0080787935699439
ALPG,0.049371867324545834
ALPI,0.09522613776587274
ALPL,0.05481125944844266
ALPP,19.481827989470197
AMACR,138.8850200612181
AMD1,26.17275667844942
AMDHD1,0.03228052625829714
AMDHD2,4.823665843059427
AMFR,0.15470908090663157
AMHR2,0.001133500301210281
AMN,0.024424633042249264
AMPD1,0.00045851665854502506
AMPD2,8.582241205692114
AMPD3,3.0215103012093656
AMT,0.678992122047658
AMY1A,2.6438139326066277
AMY1B,2.6438139326066277
AMY1C,2.6438139326066277
AMY2A,0.0889939016823485
AMY2B,0.03722758020167583
ANAPC11,173.42530350988955
ANGPTL4,0.9122085359007926
ANKRD1,0.4907496057742092
ANPEP,98.00160881513713
ANXA3,1006.9021832673989
AOAH,0.3354345050980549
AOC1,0.0019246457941049057
AOC2,0.11110451127122002
AOC3,0.04061475400707377
AOX1,21.3978385110634
APOA1,0.017124630247421842
APOA2,0.03228052625829714
APOA5,0.11645175048604357
APOB,0.00045851665854502506
APOC1,1.544888143599974
APOC2,27.211319250515267
APOC3,46.87519708233557
APOE,1.8564851894621175
APRT,524.1872695599693
AQP1,0.04061475400707377
AQP10,0.0037868645526527175
AQP2,2.053743019254548
AQP3,0.4815719027526878
AQP4,0.0037499658886838046
AQP5,0.0019246457941049057
AQP7,0.25786005276138096
AQP8,0.0797973813681842
AQP9,0.002802129233255834
ARAF,0.7750809275591221
ARCN1,129.18239060178013
ARG1,0.00045851665854502506
ARG2,0.3805144646155307
ARSA,4.645881303760696
ARSB,1.0207148679711568
ART1,12.508037072622695
ART3,0.22017281728277502
ART4,0.6605953935056178
ART5,0.002802129233255834
AS3MT,0.5341063035796019
ASAH1,45.91531520237961
ASAH2,0.43034765409856157
ASH1L,0.0051819626905016064
ASL,153.13498389325508
ASMT,0.0566304971118221
ASNS,175.63861392135288
ASPA,4.1554543647675315
ASPG,0.2264884518135772
ASPH,2034.1074495183461
ASRGL1,5.418227515000706
ASS1,60.303861281704926
ATE1,2.071553399422379
ATIC,591.7126095712172
ATM,0.747095381484939
ATP10A,0.11110451127122002
ATP11A,1.7318919904386292
ATP11C,4.98132971085625
ATP1A1,87.51190648577874
ATP1A2,0.006927151436557297
ATP1A3,0.6461008992555167
ATP1A4,0.00045851665854502506
ATP1B1,57.258731211877475
ATP1B2,0.00045851665854502506
ATP1B3,31.543759477778305
ATP1B4,0.020317090524169256
ATP2B1,16.852238230131732
ATP2B2,0.004757922196902658
ATP2B3,3.8082211325943556
ATP2B4,8.50892464561206
ATP4A,3.7675709576044514
ATP4B,0.2703572249398832
ATP5F1A,261.1156150110585
ATP5F1B,807.714735540792
ATP5F1C,138.97927385122696
ATP5F1D,32.202931970659364
ATP5F1E,77.35544738330623
ATP5MC1,396.3223518970434
ATP5MC2,225.20294268132355
ATP5MC3,374.7380154201337
ATP5ME,409.0104437601119
ATP5MF,1386.73690577825
ATP5MG,269.3037497823402
ATP5MGL,0.004757922196902658
ATP5PB,268.64598875568464
ATP5PD,564.3131009720493
ATP5PF,300.8691772035611
ATP5PO,336.3249555802892
ATP5S,0.3354345050980549
ATP6V0A1,0.004294972013437946
ATP6V0A2,0.6939812466864095
ATP6V0A4,0.0982945438005946
ATP6V0B,146.24530087061595
ATP6V0C,93.50115274720395
ATP6V0D1,117.86404395502431
ATP6V0D2,0.0037499658886838046
ATP6V0E1,146.43154977703105
ATP6V1A,56.08491097979244
ATP6V1B1,0.004757922196902658
ATP6V1B2,101.27250342379786
ATP6V1C1,26.234217564054717
ATP6V1C2,0.18011915421128932
ATP6V1D,63.83245485280578
ATP6V1E1,70.62807602053917
ATP6V1E2,1.500922212682098
ATP6V1F,44.017864697764374
ATP6V1G1,31.034419697851344
ATP6V1G2,0.23264390440849456
ATP6V1G3,0.2330917175245828
ATP6V1H,3.535171332980847
ATP7A,0.2719884366707487
ATP7B,0.21985641222220095
ATP8A1,0.13549906625349747
ATP8B1,2.0000929975402824
ATP8B2,4.073867692784308
ATR,0.04669925060811802
AUH,0.5804869475692385
AURKA,0.6251961517181134
AURKB,9.142915081200288
AURKC,0.25344881486243426
AWAT1,0.0633604788899994
AWAT2,0.014384635861382335
AXL,0.17990529354865495
AZIN2,0.6690846756996671
B3GALNT1,23.726764811569367
B3GALNT2,2.521495222712752
B3GALT1,0.03891253590657591
B3GALT2,0.00045851665854502506
B3GALT4,0.5974940703751178
B3GALT5,0.01574066272443498
B3GALT6,15.148981533671229
B3GAT1,0.00045851665854502506
B3GAT2,0.0019246457941049057
B3GAT3,16.67899607638902
B3GLCT,0.7833121195113134
B3GNT2,3.2736390402020943
B3GNT3,5.402092942809215
B3GNT4,0.33777407941582643
B3GNT5,4.26614702648645
B3GNT6,0.3354345050980549
B3GNT7,0.329371201180746
B3GNT8,0.0080787935699439
B3GNT9,0.28541585641534334
B3GNTL1,1.5128834107131892
B4GALNT1,1.3010709384944943
B4GALNT2,0.019971607954235037
B4GALNT3,0.06607219115035223
B4GALNT4,4.944435437426666
B4GALT1,6.277908852789835
B4GALT2,19.707184104656186
B4GALT3,32.292791311680055
B4GALT4,35.37396903549544
B4GALT5,6.205612081466395
B4GALT6,0.29082892092328017
B4GALT7,10.590391568606243
B4GAT1,12.138603270841486
BAAT,0.0037499658886838046
BARD1,1.0345596816898344
BBOX1,0.21317434517705625
BCAP31,2481.6549233951714
BCAT1,0.011762072637530274
BCAT2,5.585607420615323
BCHE,0.10679385987646019
BCKDHA,1.4021107988676913
BCKDHB,1.363046562214661
BCKDK,7.103013150646449
BCO1,0.01574066272443498
BCR,0.2700036166494336
BDH1,1.425689264799667
BDH2,2.919730120296753
BHMT,9.628605885429819
BHMT2,0.00045851665854502506
BIRC6,2.6469589090856
BLK,0.001133500301210281
BLVRA,508.48357920649977
BLVRB,634.6020083210185
BMP1,3.2354407607305933
BMP2K,0.13136632096575765
BMPR1A,1.1716653349659159
BMPR1B,0.4754760608261379
BMPR2,1.5529137709077605
BMX,0.06795304540825457
BPGM,4.821920961048028
BPNT1,15.671242305620428
BRAF,1.601270806194581
BRAP,0.14936064091377915
BRPF1,3.8836906165516982
BRSK1,1.3552627951788996
BRSK2,0.22750861680251996
BSCL2,25.699225545046463
BSG,62.76921914079884
BTD,3.3936802421391272
BUB1,27.039583101870452
BUB1B,0.9600281454020839
C1GALT1,10.34558795129759
CA1,0.00045851665854502506
CA12,2.277006877563141
CA13,10.118169816262773
CA14,0.056653517617585206
CA2,0.017124630247421842
CA3,0.004757922196902658
CA4,0.5954040821098942
CA5A,0.08417582761312976
CA5B,0.21434464240269377
CA6,10.425839500790367
CA7,0.00045851665854502506
CA8,0.004757922196902658
CA9,0.07780286934690683
CAD,68.54014221253642
CALM1,600.7467020379248
CAMK1,4.413337725903866
CAMK1D,0.19233668874668175
CAMK1G,0.011762072637530274
CAMK2A,0.0019246457941049057
CAMK2B,0.03891253590657591
CAMK2D,46.747523459124004
CAMK2G,24.238411522524345
CAMK4,0.010498853362829852
CAMKK1,0.8769213618617618
CAMKK2,5.273423806153486
CANT1,89.32038484673022
CARM1,6.020291695133218
CARNS1,0.009270301056976704
CARS,14.204670299772642
CARS2,15.07343611927128
CASK,9.862195005929536
CAT,41.95791497871595
CBLC,1.2703384650950673
CBLL1,5.450530415116133
CBLL2,0.027434690025870352
CBR1,56.21439971616706
CBR3,196.2775043529199
CBR4,17.209007093374936
CBS,0.34622619467471566
CBSL,0.34622619467471566
CBX1,235.5831944348556
CCNB1IP1,7.327387655213074
CD36,0.005818785546422526
CD38,0.002802129233255834
CDA,352.109458943139
CDC14A,0.21478924232092012
CDC14B,1.1829548416722113
CDC25A,4.42452801433238
CDC25B,22.142931226203988
CDC25C,3.0037993270744185
CDC34,3.2218085683293154
CDC42BPA,0.9915697763053707
CDC42BPB,0.9281608933278181
CDC42BPG,0.8734106475616272
CDC7,4.144465632856957
CDIPT,37.89804214811356
CDK1,87.71646371396317
CDK10,16.532138489467993
CDK11A,19.452794043371146
CDK11B,55.90755561965274
CDK12,2.2375622152648136
CDK13,3.500146529078784
CDK14,1.2703384650950673
CDK15,0.002802129233255834
CDK16,42.10829792487277
CDK17,2.616361243121196
CDK18,1.7442596686324061
CDK19,1.1904952342554374
CDK2,24.673853032808484
CDK20,0.25344881486243426
CDK3,1.5128834107131892
CDK4,16.38244250022774
CDK5,46.00996372985554
CDK6,4.830625108411567
CDK7,54.507412922407745
CDK8,3.824080044240207
CDK9,15.824781738358778
CDKL1,0.7022411371961159
CDKL2,0.011762072637530274
CDKL3,0.14005331777460145
CDKL4,0.0124926335095224
CDKL5,0.1704823892906477
CDKN3,287.2040041035012
CDO1,1.224218340422044
CDS1,2.476611120665349
CDS2,13.447640287906774
CDY1,0.256335927830294
CDY1B,0.256335927830294
CDY2A,0.04923577690024244
CDY2B,0.04923577690024244
CEL,0.07188146159375726
CEPT1,2.621196522131746
CERCAM,3.6367521424078046
CERK,2.0857219508094698
CERS1,0.20724079490333636
CERS2,167.16563135418116
CERS3,0.204503049429499
CERS4,1.5408789847131383
CERS5,16.00321235819304
CERS6,2.9850690593002045
CES1,0.030668992945457513
CES2,1.5128834107131892
CES3,0.014384635861382335
CES5A,0.03703753789261324
CFTR,0.00045851665854502506
CH25H,0.001133500301210281
CHAT,0.014545141103376102
CHD9,1.581079866264439
CHDH,0.10465361755288502
CHEK1,3.950624569557526
CHEK2,4.511952175989569
CHFR,4.542903108200056
CHI3L1,0.005818785546422526
CHIA,0.34819723870797287
CHIT1,0.059357261020967375
CHKA,3.457877143213458
CHKB,5.634423977766936
CHMP4A,36.26982769291828
CHPF,20.29153475689157
CHPF2,6.602828688281682
CHPT1,11.141269070748976
CHST1,0.00045851665854502506
CHST10,2.189572432202099
CHST11,3.7400032687602858
CHST12,5.007722019772106
CHST13,0.1279905302411138
CHST14,0.4954996133237501
CHST2,0.9982016254240561
CHST3,1.5128834107131892
CHST4,0.02226550981150046
CHST5,0.0019246457941049057
CHST6,0.010498853362829852
CHST7,1.2933717109694902
CHST8,0.032071621246462796
CHST9,0.3354345050980549
CHSY1,2.9991141890293016
CHSY3,0.4633392366027411
CHUK,0.4663959800366975
CHURC1-FNTB,11.89225051336055
CIDEA,0.3261466052049245
CINP,0.9057037750356186
CIT,6.659235030047934
CKB,113.99377116570896
CKM,7.364096311229185
CKMT1A,1.209395131641865
CKMT1B,2.25069249392901
CKMT2,0.6820119919420923
CLC,1.416608020365395
CLCF1,15.409593835693798
CLK1,1.4190012136538075
CLK2,14.596967825199988
CLK3,1.1997670461934054
CLK4,0.24702546484844795
CLOCK,5.86353938440149
CLPS,9.828993754263943
CLTRN,2.378536335769635
CLYBL,0.07581690238213759
CMA1,0.7504889198679588
CMAHP,0.017124630247421842
CMAS,13.861800565916196
CMPK1,332.91577407926354
CMPK2,0.19975618997725061
CMTR1,8.223035583289606
CNDP1,0.004757922196902658
CNDP2,29.943631023237213
CNOT4,1.601270806194581
CNP,10.376897999615174
COASY,284.29806801674056
COL4A3BP,0.6933480769436408
COLGALT1,25.250869225743422
COLGALT2,0.04406944347848686
COMT,90.0101185040475
COMTD1,508.53085489757507
COP1,0.8384862441118556
COPA,110.99680681916924
COPB1,144.54009373031533
COPB2,39.23532562351374
COPE,439.8601943033521
COPG1,89.9319306946139
COPG2,64.29307671048176
COQ2,8.181535319914554
COQ3,3.7055110876267503
COQ5,2.112962378309798
COQ6,9.600882327019336
COQ7,0.08942897392956178
COX1,20563.41882859983
COX17,102.93674858231473
COX2,194137.85313941108
COX3,104772.93452206574
COX4I1,826.0474479565194
COX4I2,0.3485321525399708
COX5A,183.31669812690683
COX5B,312.4222249883039
COX6A1,45.00440206027129
COX6A2,0.006927151436557297
COX6B1,67.28321637723072
COX6B2,0.18498361500879856
COX6C,574.839364697345
COX7A1,19.927286415175438
COX7A2,74.3961327030385
COX7A2L,70.95267745651891
COX7B,99.0520711677031
COX7B2,0.14234358627857321
COX7C,786.9494235576938
COX8A,1157.5828631368925
COX8C,0.004757922196902658
CP,0.008752034261668177
CPA1,2.3131739981911728
CPA2,0.010498853362829852
CPA5,0.030668992945457513
CPA6,0.07188146159375726
CPOX,60.556556681782055
CPS1,2.4453049938281666
CPT1A,0.18401639897446156
CPT1B,2.9663662699657243
CPT1C,8.72483153617111
CPT2,14.054069647021413
CRAT,2.2564628185081066
CREBBP,0.030097244315427197
CRLS1,21.308830183037557
CROT,6.934287339668852
CS,2589.9898446543357
CSAD,5.044726016060439
CSF1R,0.005818785546422526
CSGALNACT1,0.21226607498913314
CSGALNACT2,1.7525162186520589
CSK,9.996438558491507
CSNK1A1,70.32695674974994
CSNK1A1L,0.0019246457941049057
CSNK1D,55.10049377322326
CSNK1E,2.5683100516402644
CSNK1G1,0.6330523371159829
CSNK1G2,10.333070138052337
CSNK1G3,2.620899061871389
CSNK2A1,293.1697472419774
CSNK2A2,102.32919014819207
CSNK2B,242.30325485451314
CTBP1,58.43392747116671
CTDP1,0.80841885040395
CTDSP1,15.471469914965542
CTDSP2,10.602981653531675
CTDSPL,0.24039676613707983
CTDSPL2,1.6117512796756042
CTGF,0.3354345050980549
CTH,5.825205345057358
CTPS1,30.04804345567978
CTPS2,2.449771583827262
CTSA,212.0846207790593
CTSB,47.319313601202566
CTSC,243.86936190098402
CTSD,143.3308129026319
CTSE,0.0037499658886838046
CTSF,2.744110373933423
CTSG,0.005818785546422526
CTSH,31.137323600076968
CTSK,0.16097155144817935
CTSL,2.6702510426123385
CTSO,0.35472690410252955
CTSS,0.05298338844633198
CTSV,7.137425755512999
CTSW,0.1752852638225893
CTSZ,12.39759955244697
CUBN,0.006927151436557297
CWC27,8.64671912283829
CYB5D1,4.200133909099169
CYB5R1,24.80436933332412
CYB5R2,0.005818785546422526
CYB5R3,760.085559611742
CYBB,0.018535312724775776
CYBRD1,0.4273769316830957
CYC1,809.7706118638558
CYLD,0.7738728789363427
CYP11A1,0.0019246457941049057
CYP11B1,0.8426372984421979
CYP11B2,0.08105018928386314
CYP17A1,0.6378404877857153
CYP19A1,0.0019246457941049057
CYP1A1,0.11110451127122002
CYP1A2,4.881250664873969
CYP1B1,0.25344881486243426
CYP21A2,0.0037499658886838046
CYP24A1,0.22240032903983528
CYP26A1,0.001133500301210281
CYP26B1,0.293544353450679
CYP27A1,1.9279759680915864
CYP27B1,0.5655921949204658
CYP2A13,0.04638837469548625
CYP2A6,0.05377674440315811
CYP2A7,0.05996477628878289
CYP2B6,0.02889595120271605
CYP2C18,0.001133500301210281
CYP2C19,0.1750227487879086
CYP2C8,0.00045851665854502506
CYP2C9,0.0019246457941049057
CYP2D6,0.011762072637530274
CYP2E1,0.9909667245925574
CYP2F1,0.00045851665854502506
CYP2J2,0.2560784871328329
CYP2S1,1.1867236356573807
CYP2U1,0.7089172184288928
CYP39A1,0.298992873049063
CYP3A4,0.00045851665854502506
CYP3A43,1.2489318499587934
CYP3A5,0.02907705233612265
CYP3A7,0.0037499658886838046
CYP46A1,0.02907705233612265
CYP4A11,0.00045851665854502506
CYP4B1,0.18924655837091137
CYP4F11,0.009270301056976704
CYP4F12,0.002802129233255834
CYP4F2,1.3721447209835187
CYP4F22,0.10334860287291327
CYP4F3,0.002802129233255834
CYP4F8,0.3354345050980549
CYP4V2,0.009270301056976704
CYP4X1,0.06607219115035223
CYP4Z1,0.00045851665854502506
CYP51A1,101.46729242419435
CYP7A1,0.015615087844251259
CYP7B1,0.2640053967101161
CYP8B1,0.00045851665854502506
CYTB,35585.82979379517
DAD1,701.6417666471501
DAGLA,0.5092257150470775
DAGLB,10.502359200200981
DAO,1.8577966562707513
DAPK1,0.0080787935699439
DAPK2,0.05298338844633198
DAPK3,2.242431844268578
DARS,1632.7727277158435
DARS2,14.380218282165544
DBH,0.0037499658886838046
DBI,358.47220169393506
DBT,0.769657233271636
DCK,6.977907318662948
DCLK1,0.1270449369546145
DCLK2,0.12205232992247175
DCT,0.0019246457941049057
DCTD,10.491056476809076
DCTPP1,38.809156084730766
DCXR,44.51533634605866
DDAH1,49.49425277640996
DDAH2,51.66022928854473
DDC,0.0019246457941049057
DDO,0.00045851665854502506
DDOST,987.818270948129
DDR1,29.29498632608223
DDR2,0.04061475400707377
DECR1,87.99536645729894
DECR2,4.317089800351709
DEGS1,9.309556593800737
DEGS2,0.03891253590657591
DERA,24.55010030231805
DGAT1,73.64686229014941
DGAT2,7.634899417456282
DGKA,13.928875117016293
DGKB,0.0037499658886838046
DGKD,5.284118445215014
DGKE,0.8734106475616272
DGKG,0.10040384584212195
DGKH,0.36900105745969886
DGKI,0.002802129233255834
DGKQ,1.3513748297868315
DGKZ,15.70574638360869
DGUOK,20.172853647100272
DHCR24,5.141726551779651
DHCR7,51.216217567217825
DHDH,0.18987821606427926
DHFR,311.6180483413786
DHODH,1.73601225975061
DHRS2,0.41259608955014204
DHRS3,13.694446723411708
DHRS4,263.63316095147695
DHRS9,0.15159054564027508
DIO1,0.0024351966524370707
DIO2,0.07980077834710374
DIO3,0.18498361500879856
DLAT,389.9541751245764
DLD,1142.647738032694
DLST,125.64838358839796
DMGDH,0.04406944347848686
DMPK,2.5304946441239626
DNAJC6,0.11110451127122002
DNMT1,32.74410619520514
DNMT3A,1.9237531712478029
DNMT3B,0.4155424948038984
DNMT3L,0.03798289307998578
DOLPP1,5.103003687765463
DOT1L,1.3669423559125853
DPAGT1,58.54225861707723
DPEP1,0.3191303602896498
DPEP2,0.5881516948146499
DPEP3,0.00045851665854502506
DPH5,77.11303357883439
DPM1,959.3444838737614
DPM2,13.049663148862633
DPM3,25.645950012546546
DPYD,1.5931872328070225
DPYS,0.010498853362829852
DPYSL2,456.8792341220368
DPYSL3,12.09541506375183
DSTYK,1.0638636273189124
DTYMK,48.83331820173638
DUOX1,0.07980077834710374
DUOX2,0.04928740398641207
DUPD1,0.11783200419515537
DUSP1,5.380597722976012
DUSP10,2.382974085788343
DUSP11,4.220419950462061
DUSP12,10.443534570736094
DUSP13,0.017076971331754013
DUSP14,0.3354345050980549
DUSP15,0.001133500301210281
DUSP16,0.4392886084012251
DUSP18,0.34340339224722816
DUSP19,0.04758877765072119
DUSP2,0.06038020297494059
DUSP21,0.08186674790155296
DUSP22,5.20403262709882
DUSP23,7.298530572271063
DUSP27,0.19340183535026034
DUSP28,0.556102181983452
DUSP3,69.439035857184
DUSP4,55.2857818284734
DUSP5,9.051046273938738
DUSP6,20.67349398907077
DUSP7,7.716620424443135
DUSP8,0.3210182239829108
DUSP9,1.5537111795017584
DUT,235.48552301074147
DYRK1A,4.849860544828881
DYRK1B,0.41259608955014204
DYRK2,1.7236583365547402
DYRK3,1.2856832001653025
DYRK4,5.8197338633921625
DZIP3,1.645900777462454
EARS2,0.30265297072522157
EBP,1707.7165818020135
ECH1,61.25248965728032
ECHDC2,20.40888292221968
ECHS1,55.77749824880848
ECI1,11.396722255251824
ECI2,59.785208245621455
EGFR,2.5380180094092473
EHHADH,0.9335361102306255
EHMT1,0.3957935650590534
EHMT2,1.052253436875428
EIF2AK1,32.71837256987728
EIF2AK2,16.39148023240746
EIF2AK3,2.077121345623719
EIF2AK4,0.4943967076118656
EIF4EBP3,0.4452730598711477
ELOVL1,15.852122586426264
ELOVL2,0.40085984168185435
ELOVL3,0.1309803812878507
ELOVL4,0.6461008992555167
ELOVL5,2.2538683218439193
ELOVL6,0.5309810806875702
ELOVL7,0.12649791021974427
ELP3,1.3386427050207035
ENGASE,4.42452801433238
ENO1,4402.4900574632275
ENO2,26.164977577038137
ENO3,19.69763351341184
ENOPH1,90.53214548685992
ENPP1,0.2613568122507424
ENPP2,0.0019246457941049057
ENPP3,0.002802129233255834
ENPP6,0.13300246807337351
ENPP7,0.2621620114119895
ENTPD1,0.12873457742890623
ENTPD2,0.34622619467471566
ENTPD3,1.209395131641865
ENTPD4,3.164103344018909
ENTPD5,1.7401348201110465
ENTPD6,36.75761584839837
ENTPD8,0.05117016647014156
EP300,0.25630613565117827
EPHA1,9.36780405852013
EPHA10,0.0622641592589363
EPHA2,13.266709504409473
EPHA3,0.013057922455093825
EPHA4,0.3017259027611821
EPHA5,0.0585099122325693
EPHA6,0.34340339224722816
EPHA7,0.13549906625349747
EPHA8,0.00045851665854502506
EPHB1,0.00045851665854502506
EPHB2,0.09384325362712966
EPHB3,2.4631827925404486
EPHB4,1.496667799078526
EPHB6,11.96991826294263
EPHX1,59.00294264689942
EPHX2,2.0214212939027676
EPM2A,0.1309803812878507
EPRS,48.08033591926905
EPX,0.001133500301210281
ERBB2,0.1343826883109252
ERBB3,4.53774118033018
ERBB4,0.00045851665854502506
ERN1,0.7391411093683534
ERN2,0.002802129233255834
ESD,645.8505256139109
ETFA,1322.2353652896609
ETFB,2383.654677270397
ETFDH,10.779026610331483
ETNK1,2.6663781938324203
ETNK2,3.017865005718751
ETNPPL,0.002802129233255834
EXT1,56.88523921377464
EXT2,23.514113493305135
EXTL1,0.015412386313679461
EXTL2,3.558628800129837
EXTL3,2.7028928836838952
EYA1,0.0019246457941049057
EYA2,0.0037499658886838046
EYA3,0.44271141496112054
EYA4,0.9478183067128712
EZH1,1.2818429741568627
EZH2,0.2202147862819438
F13A1,7.9714666557984115
F13B,0.952082265681838
F2,0.001133500301210281
FAAH,0.3017259027611821
FAAH2,0.5278601589068963
FABP1,53.54695633547291
FABP12,0.07361943011456162
FABP2,2.0423800119197857
FABP3,0.2719884366707487
FABP4,1.5049068079976298
FABP5,5921.646125337731
FABP6,0.010498853362829852
FABP7,2.482310752887457
FABP9,0.013057922455093825
FADS1,20.357523604965476
FADS2,14.590039507093115
FADS3,0.48961010496975077
FADS6,0.3354345050980549
FAH,9.36780405852013
FAM20B,3.202103627990743
FANCL,6.188956098390518
FAR1,18.589137130833087
FAR2,3.0789933688122644
FARS2,0.9237009218177263
FARSA,1403.976368797856
FARSB,2.102160884359072
FAS,0.5846841870270374
FASN,47.13173521239604
FASTK,57.98868207437731
FAXDC2,0.01574066272443498
FBP1,12.582372725740957
FBP2,0.0037499658886838046
FDFT1,20.181664964165787
FDPS,278.80888088435324
FDXR,6.60229508059045
FECH,7.7985445820811465
FER,1.6949131446985681
FES,0.10679385987646019
FGA,0.005818785546422526
FGFR1,5.973388363925952
FGFR2,0.001133500301210281
FGFR3,0.03556029814361912
FGFR4,4.311989156637434
FGGY,1.0859665852078049
FGR,0.29616342426851583
FH,1374.9551082601172
FHIT,0.26666021758932096
FHL2,18.028804654103624
FIG4,0.8559067345470118
FITM1,0.02907705233612265
FITM2,2.3519505980557036
FKBP10,16.46196435720327
FKBP11,4.215346294973435
FKBP14,3.3817732032840047
FKBP1A,1083.878891269498
FKBP1B,0.5123205429250998
FKBP2,780.5922293338062
FKBP3,756.8762547478673
FKBP4,424.51777306103554
FKBP5,0.7295440687959786
FKBP6,0.0345624960497994
FKBP7,6.004515215076142
FKBP8,17.238870061903274
FKBP9,59.08746420847955
FKBP9P1,0.13777178555584702
FLAD1,8.64432596708972
FLT1,0.002802129233255834
FLT3,0.00045851665854502506
FLT4,0.02897920368649041
FLVCR1,1.433565712114918
FMO1,2.1539946509259087
FMO2,0.21130186154130176
FMO3,0.13089110336576507
FMO4,0.3182451053248144
FMO5,0.5372358141831566
FMO6P,0.3354345050980549
FN3K,1.7031144990459848
FN3KRP,16.805115544295454
FNTA,24.40574285634498
FNTB,11.198627684493522
FOLR1,0.07581690238213759
FOLR2,7.232030010907365
FOLR3,0.0019246457941049057
FOSL1,494.0530801686235
FPGS,0.8747507055844602
FPGT,1.0199799354451273
FRK,0.030668992945457513
FRMPD2,0.014371669987526408
FTCD,0.06038020297494059
FTMT,0.3764543508002139
FUCA1,4.818430891487044
FUCA2,31.82779325868062
FUK,1.071219448110863
FUT1,0.18011915421128932
FUT10,0.5216312727935052
FUT11,21.219908825544714
FUT2,0.03722758020167583
FUT3,1.304924560465276
FUT4,0.25871449773572863
FUT5,0.005818785546422526
FUT6,0.001133500301210281
FUT7,0.00045851665854502506
FUT8,3.3420477432654865
FUT9,0.00045851665854502506
FYN,14.826047553321196
G0S2,405.26807575696336
G6PC,0.2573661812362027
G6PC2,0.018216384410824384
G6PC3,45.954769941791085
G6PD,363.1435729208161
GAA,21.00537577926922
GAD1,1.243589486173138
GAD2,0.03730519390911924
GAK,1.1511106365860837
GAL3ST1,0.0037499658886838046
GAL3ST2,0.001133500301210281
GAL3ST3,0.005818785546422526
GAL3ST4,0.293544353450679
GALC,0.06038020297494059
GALE,30.991562714024575
GALK1,179.88894015210957
GALK2,26.174685509915893
GALM,4.766154729236299
GALNS,4.83937867840368
GALNT1,10.36437132196373
GALNT10,0.5724728501995618
GALNT11,6.5296688643645995
GALNT12,2.0000929975402824
GALNT13,0.06993233585692635
GALNT14,0.6823021652713015
GALNT15,0.001133500301210281
GALNT2,81.4611654977905
GALNT3,19.264320993684198
GALNT4,1.4375077424008578
GALNT5,0.00045851665854502506
GALNT6,13.135653612210112
GALNT7,0.19220080753352276
GALNT8,0.03984975304637445
GALNT9,0.03228052625829714
GALNTL5,0.43999999999999995
GALT,1.3165014089011722
GAMT,14.992583377971632
GANC,2.198279704726283
GAPDH,5537.547633655047
GAPDHS,8.042317062334442
GARS,217.24689313837376
GART,175.04259034917862
GATM,0.02907705233612265
GBA,16.61291540617535
GBA2,23.42311464487964
GBA3,0.3354345050980549
GBE1,15.068537492838844
GBGT1,0.010498853362829852
GC,0.1128901827185453
GCAT,37.907932413415786
GCDH,7.235139020795645
GCH1,1.8564851894621175
GCK,0.018535312724775776
GCLC,6.078002258073855
GCLM,20.49648350418018
GCNT1,0.04406944347848686
GCNT2,1.2512184395875365
GCNT2P,0.3354345050980549
GCNT3,0.02907705233612265
GCNT4,0.001133500301210281
GCNT7,0.002802129233255834
GCSH,14.576615336563588
GDA,0.0037499658886838046
GDE1,11.727881356267199
GDPD2,0.002802129233255834
GFPT1,67.46981463317458
GFPT2,0.5372358141831566
GGCT,54.148574606874604
GGH,42.26488723979394
GGPS1,216.29034061259688
GGT1,0.5687638673750118
GGT2,1.2557625587889092
GGT3P,0.3354345050980549
GGT5,0.00045851665854502506
GGT6,0.05508275873225264
GGT7,0.7391411093683534
GGTLC1,0.5642767148917974
GGTLC2,0.0037499658886838046
GIF,0.3354345050980549
GK,1.531955183496966
GK2,0.9456388863331135
GK3P,0.00045851665854502506
GLA,22.818577518051562
GLB1,15.747174716258385
GLB1L,0.33777407941582643
GLCE,0.1705774959057861
GLDC,0.5247435517400726
GLIPR1,8.425304316646251
GLO1,940.3334801215898
GLRX,240.55779940656421
GLRX2,9.071718228821071
GLS,117.55999468019628
GLS2,0.5592613397411016
GLT6D1,0.06930364432416915
GLT8D1,1.7225476455927324
GLT8D2,1.8606729690003363
GLTP,12.449739866321346
GLUD1,197.8033503165306
GLUD2,0.04061475400707377
GLUL,5.069299945866377
GLYAT,26.66571856032572
GLYCTK,0.8211500934238195
GM2A,19.86018867778228
GMDS,58.43950761829044
GMPPA,15.856090621924855
GMPPB,373.73779833958844
GMPR,0.5403695991998222
GMPR2,39.40472056690498
GMPS,138.78380991642715
GNE,1.6878150175641908
GNMT,0.07188146159375726
GNPAT,12.950608024741912
GNPDA1,10.691210164312563
GNPDA2,3.441978526297427
GNPNAT1,97.47230484555097
GNPTAB,2.8779061212724395
GNS,9.446568940146184
GOT1,1186.446799993531
GOT2,824.19703798168
GPAA1,90.67083385648444
GPAM,0.08721962003120365
GPAT2,0.002802129233255834
GPAT3,1.2831438078613115
GPAT4,17.439025596872717
GPCPD1,0.951396773456537
GPD1,0.03722758020167583
GPD2,141.02841418955384
GPHN,8.605232953223409
GPI,1584.7260291849555
GPIHBP1,0.3354345050980549
GPLD1,0.03391112574878767
GPT,0.04758877765072119
GPT2,3.9435162051603636
GPX1,72.1429399338146
GPX2,0.7970229720767538
GPX3,0.05117016647014156
GPX4,83.08053896525864
GPX5,0.793289329058847
GPX6,2.01032323162201
GPX7,4.249025939156312
GPX8,20.644053379184502
GRHL1,0.543507645431393
GRHPR,20.526389290379647
GRK1,0.006927151436557297
GRK2,1.1316968150591769
GRK3,0.00045851665854502506
GRK7,0.00045851665854502506
GSR,70.72634145770441
GSS,161.96113659846557
GSTA1,6.4167477250739875
GSTA2,5.619549002346362
GSTA3,3.8201241689736465
GSTA4,4.724430179829482
GSTA5,0.58469847618054
GSTK1,78.46018827016651
GSTM1,0.004757922196902658
GSTM2,7.699091639065118
GSTM3,191.27111503254028
GSTM4,4.50679850796366
GSTM5,2.031019804349251
GSTO1,449.0589865446123
GSTO2,2.0214212939027676
GSTP1,2633.5745923767977
GSTT1,0.3354345050980549
GSTT2,0.38920350994584163
GSTZ1,9.07248738893644
GTF2F1,7.306117629462005
GTF3C4,0.2944788861042385
GUCA1A,0.0803580412103317
GUCY1A1,0.6756858528289597
GUCY1A2,0.00045851665854502506
GUCY1B1,0.28811941205989133
GUCY1B2,0.21226607498913314
GUCY2C,0.09968775217201195
GUCY2D,0.004757922196902658
GUCY2F,0.00045851665854502506
GUK1,564.597685174196
GUSB,5.074453337792578
GYG1,3.7943559427086626
GYG2,0.006927151436557297
GYS1,17.334989826272867
GYS2,0.00045851665854502506
H6PD,1.370625423005927
HAAO,13.369586196284338
HACD1,3.829039336409746
HACD2,10.760652435806131
HACD3,22.21776773723585
HACD4,0.0080787935699439
HACE1,0.4392886084012251
HACL1,9.594731540291573
HADH,288.5323936273805
HADHA,488.93997254578716
HADHB,18.02845801569647
HAGH,34.181809800064066
HAGHL,3.32633241889834
HAL,0.022917136912183174
HAO1,0.09619578776248204
HAO2,2.123937704953015
HARS,121.95906029491057
HARS2,13.582961696682627
HAS1,0.001133500301210281
HAS2,7.385181670177989
HAS3,71.10992794980415
HAT1,89.72023813399127
HCCS,33.063060861851646
HCK,0.00045851665854502506
HCST,0.022917136912183174
HDAC3,0.5866768622909947
HDC,0.00045851665854502506
HDLBP,111.71232115061596
HECTD1,5.130672569144751
HECTD2,0.1972757251182285
HECTD3,1.4264418995033576
HECW1,0.3017259027611821
HECW2,0.014384635861382335
HELZ2,2.8639962544984194
HEPH,0.001133500301210281
HERC1,0.251243623213927
HERC2,0.27183326196766955
HERC3,20.496997893255116
HERC4,28.51529256830699
HEXA,0.03722758020167583
HEXB,1.893523787485111
HEXDC,0.3354345050980549
HGD,0.013057922455093825
HIBADH,19.257080618649205
HIBCH,2.7074653843837764
HIF1AN,1.7113251112951833
HIGD2A,6.846788512807215
HIPK1,2.2989900910156362
HIPK2,7.367832305508167
HIPK3,2.202636373223565
HIRIP3,0.10315890203724597
HK1,349.2176454131818
HK2,32.41105721130832
HK3,1.1217338456564871
HKDC1,0.2800267248215172
HLCS,3.451657327164266
HLTF,0.08702152836192234
HMBS,136.87435611655684
HMGCL,51.71087789795573
HMGCLL1,0.010498853362829852
HMGCR,7.017152456760875
HMGCS1,9.49030966070971
HMGCS2,0.00045851665854502506
HMOX1,7.025768413930026
HMOX2,86.11672344267421
HNMT,3.7055110876267503
HPD,0.001133500301210281
HPGD,15.334046460308707
HPGDS,8.354343280591431
HPRT1,613.36598789966
HS2ST1,5.007353627068525
HS3ST1,0.0818104694528759
HS3ST2,0.00045851665854502506
HS3ST3A1,0.3044647414065905
HS3ST3B1,0.00045851665854502506
HS3ST4,0.012466929075615836
HS3ST5,0.07581690238213759
HS3ST6,0.3354345050980549
HS6ST1,1.500922212682098
HS6ST2,0.5123205429250998
HS6ST3,0.00045851665854502506
HSD11B1,0.005818785546422526
HSD11B1L,1.1156016480215218
HSD11B2,0.1972757251182285
HSD17B1,0.14005331777460145
HSD17B10,73.32984712222103
HSD17B11,14.488591999211502
HSD17B12,287.52231942454455
HSD17B14,2.0128836198664017
HSD17B2,1.7731974360860965
HSD17B3,0.004757922196902658
HSD17B4,22.142931226203988
HSD17B6,0.1752852638225893
HSD17B7,5.435371920010432
HSD17B7P2,0.4155424948038984
HSD17B8,0.21248883026109633
HSD3B1,0.0019246457941049057
HSD3B2,0.9278984217862639
HSD3B7,1.7236583365547402
HSPG2,0.09813726800898012
HTATIP2,58.21111157434854
HUNK,0.09802319712136927
HUWE1,4.0805119827139045
HYAL3,3.1404072370968565
HYALP1,0.3354345050980549
HYI,20.37219460335064
HYKK,1.0491876986553665
IARS,556.7527921977353
IARS2,74.98778237420753
ICK,1.7442596686324061
ICMT,77.97766850887308
IDH1,21.46465171563024
IDH2,18.687115631669236
IDH3A,765.0124847835589
IDH3B,257.3381749484703
IDH3G,63.34754910044718
IDI1,8.128250197827379
IDI2,2.1272734354694633
IDO1,0.11764434900247928
IDO2,0.0650322570798734
IDS,13.607611243074196
IDUA,0.562424681563162
IGF1R,0.36900105745969886
IKBKB,5.034146938354035
IKBKE,0.3354345050980549
IL4I1,0.0879087115064143
ILK,14.379895085574937
ILKAP,11.45362420755716
IMPA1,317.2843619565128
IMPA2,29.029234994373947
IMPDH1,45.35235573140925
IMPDH2,224.6880058606911
INMT,1.9473881376314532
INPP1,126.32955060731265
INPP4A,1.3708407511245393
INPP4B,3.8936466637355407
INPP5A,2.449771583827262
INPP5B,0.8038992246554776
INPP5D,0.056653517617585206
INPP5E,2.4102149902754393
INPP5F,0.1084688019292203
INPP5J,0.20724079490333636
INPPL1,4.037345734598806
INSL3,0.09619578776248204
INSR,0.40671805322969934
INSRR,0.1005050945541876
IP6K1,6.664881837859149
IP6K2,45.60198550526857
IP6K3,0.00045851665854502506
IPMK,0.5687638673750118
IRAK1,144.2930467523666
IRAK2,0.7560588391500059
IRAK3,0.00045851665854502506
IRAK4,1.409966927654888
IREB2,1.461212984587413
ISYNA1,10.799669320755942
ITK,0.0585099122325693
ITPA,318.44525827508903
ITPK1,13.394415242769314
ITPKA,0.7425174751592875
ITPKB,0.7764776480199461
ITPKC,0.562424681563162
IVD,253.00113385991006
JAK1,7.367832305508167
JAK2,0.5942855112200897
JAK3,0.11984359394801111
JMJD7-PLA2G4B,0.43630350996796413
KALRN,0.38920350994584163
KANSL3,5.252049761725689
KARS,295.05698456213156
KAT2A,0.010498853362829852
KAT2B,0.6922548418182488
KAT5,7.91592924530053
KAT6A,1.012708277847223
KAT6B,8.785029710360009
KAT7,5.00244094628868
KAT8,4.828902125247724
KCNJ11,0.04233384585232308
KCNJ8,0.293544353450679
KDR,0.14926606696561792
KDSR,6.445491630991085
KHK,2.3741005236025545
KIT,0.11303643264750331
KL,0.001133500301210281
KMO,0.25871449773572863
KMT2A,3.446817131251107
KMT2B,0.30720936114227776
KMT2C,1.1716653349659159
KMT2D,2.4810910258028387
KMT2E,2.9523572659956554
KMT5A,15.712649330860035
KMT5B,4.7818235524127894
KMT5C,1.4730995517899743
KPNA6,16.585799519674442
KYAT1,0.8769213618617618
KYAT3,1.6949131446985681
KYNU,0.10252357549339661
L1CAM,4.7452817164608385
L2HGDH,3.8340001330215654
LALBA,0.09996023381633702
LAP3,266.78522743674785
LARS,328.8532098245216
LARS2,6.473522281935291
LATS1,0.07832594016828365
LATS2,0.6922548418182488
LBR,42.213413082942196
LCAT,1.6949131446985681
LCK,0.34340339224722816
LCLAT1,2.919730120296753
LCT,0.00045851665854502506
LDHA,27184.225140913753
LDHAL6A,0.001133500301210281
LDHAL6B,0.002802129233255834
LDHB,434.0329150604716
LDHC,0.009270301056976704
LDHD,0.21731936913202352
LDLR,3.1630698598063076
LGALS13,0.16621830202908744
LGMN,17.715416344498234
LGSN,0.059118472577440906
LHPP,10.955250391313829
LIAS,0.2435185211231174
LIMK1,13.634316073839408
LIMK2,2.53499716833935
LIPA,36.034891135801026
LIPC,0.00045851665854502506
LIPE,0.22495107766658357
LIPF,1.3406968406403874
LIPG,0.5309810806875702
LIPT1,1.2056095805104707
LIPT2,0.3518879737850803
LMTK2,1.0970578278556968
LMTK3,0.13777178555584702
LOC102724197,0.3354345050980549
LOC286297,0.03556029814361912
LOC344967,0.0037499658886838046
LOX,0.09410769945658982
LOXL2,40.808710663743476
LPCAT1,4.556384811407152
LPCAT2,0.09410769945658982
LPCAT3,11.141269070748976
LPCAT4,3.085488547776509
LPIN1,3.254526778303961
LPIN2,1.7897832039430408
LPIN3,6.1834064342331665
LPL,0.23769678130175786
LPO,0.001133500301210281
LRAT,0.0585099122325693
LRP1,1.046259226009033
LRP2,0.1334706329777467
LRRK1,0.09428826418290397
LRRK2,0.009270301056976704
LRSAM1,1.1044666196752444
LRTOMT,1.0018236910483724
LSS,35.45584667364613
LTA4H,208.93141898002668
LTC4S,0.03556029814361912
LTK,0.0080787935699439
LYN,1.0345596816898344
LYPLA1,40.85105996409703
LYPLA2,78.92891632784811
LYZL1,1.4145390562382973
MACROD1,2.4133046354705927
MACROD2,0.3834057057044983
MAGEA2B,0.005818785546422526
MAK,0.004757922196902658
MAN1A1,0.31092603858970475
MAN1A2,0.9983918984581858
MAN1B1,1.1695829870559376
MAN1C1,0.030668992945457513
MAN2A1,3.389189780925388
MAN2A2,4.053749142950816
MAN2B1,30.644005957989187
MAN2C1,11.467208859958683
MANBA,1.881644935687141
MANSC1,0.8769213618617618
MAOA,27.153957798546447
MAOB,9.170441403535579
MAP2K1,265.64230958773544
MAP2K2,126.79561638871486
MAP2K3,4.136741586287498
MAP2K4,7.5617744816417565
MAP2K5,0.8280743732029755
MAP2K6,3.752696975897199
MAP2K7,1.1053199102077447
MAP3K1,0.25344881486243426
MAP3K10,1.3358491824517444
MAP3K11,16.798103074519886
MAP3K12,2.762476024121474
MAP3K13,12.438392453074156
MAP3K14,3.192593603811293
MAP3K15,0.17769836024389118
MAP3K2,1.382551506554597
MAP3K20,4.124265831261109
MAP3K21,0.983744170750114
MAP3K3,3.278421196778685
MAP3K4,3.587823982943624
MAP3K5,0.21478924232092012
MAP3K6,8.960150238956698
MAP3K7,0.2053563947752757
MAP3K8,0.6657897875924254
MAP3K9,1.0970578278556968
MAP4K1,0.03722758020167583
MAP4K2,7.874797922378723
MAP4K3,5.951380413390883
MAP4K5,17.4824794013223
MAPK1,129.88059297965978
MAPK10,0.08170700366805252
MAPK11,1.1904952342554374
MAPK12,2.3608047334773916
MAPK13,12.138603270841486
MAPK14,19.5748080290647
MAPK15,0.329371201180746
MAPK3,25.479742724497548
MAPK4,1.2191670710298594
MAPK6,5.951380413390883
MAPK7,2.189572432202099
MAPK8,5.1880498943539335
MAPK9,4.371324696240809
MAPKAPK2,1.557288524313053
MAPKAPK3,52.00052396940179
MAPKAPK5,14.238390290983006
MARCH1,0.1309803812878507
MARCH10,0.014384635861382335
MARCH11,0.007982758707868126
MARCH2,8.899672476541923
MARCH3,0.1972757251182285
MARCH4,1.4453993977253852
MARCH5,6.56811657704516
MARCH6,25.730214658121195
MARCH7,14.090162590933106
MARCH8,2.338684020825106
MARCH9,3.3215339800174375
MARK1,0.019971607954235037
MARK2,7.899395612598787
MARK3,21.695158593942818
MARK4,1.071219448110863
MARS,159.0093181941119
MARS2,1.2856832001653025
MAST1,1.012708277847223
MAST2,6.1113671119222195
MAST3,0.3017259027611821
MAST4,0.7458974396873737
MASTL,0.07091641692317463
MAT1A,0.3354345050980549
MAT2A,238.22572440457253
MAT2B,69.03968304793706
MATK,0.0019246457941049057
MBOAT1,1.012708277847223
MBOAT2,22.17285873548726
MCAT,8.004412006617061
MCCC1,2.8408482759750755
MCCC2,7.4883188339403555
MCEE,2.8223616220249763
MDH1,4064.590779703616
MDH1B,0.019971607954235037
MDH2,3669.4495901520722
MDM2,0.005295206765148946
MDP1,30.549100773313626
ME1,169.64653948719823
ME2,12.077249139144001
ME3,1.5609491219248945
MECR,8.258646321919755
MED1,0.28680341029902234
MELK,0.5076484159010259
MERTK,0.09619578776248204
MET,11.737272544122469
METTL1,25.377980296693643
METTL3,23.127940450972407
MGAM,0.06418939337497791
MGAT1,45.15951828029176
MGAT2,3.1269967563009096
MGAT3,0.00045851665854502506
MGAT4A,0.3632755849505126
MGAT4B,35.390665841245
MGAT4C,0.00045851665854502506
MGAT4D,0.00045851665854502506
MGAT5,8.258646321919755
MGAT5B,1.5529137709077605
MGLL,8.984368168263526
MGMT,2.703735718833609
MGRN1,2.9150760386509345
MGST1,1415.383215736707
MGST2,56.19170701709485
MGST3,137.1534751673566
MIA3,18.687115631669236
MIB1,2.7854733420432978
MIB2,25.196882455344483
MID1,1.4453993977253852
MIF,3306.2132193854563
MINK1,0.09136704858426428
MINPP1,3.3455423754508677
MIOX,0.002802129233255834
MIP,0.0037499658886838046
MKNK1,9.754951093431943
MKNK2,24.78132533301688
MKRN1,31.17784113750668
MKRN2,13.188636464811033
MKRN3,0.006927151436557297
MLKL,4.599856893456003
MLYCD,0.3661357006856351
MMAA,0.3632755849505126
MOCS1,0.9406708616110601
MOCS2,21.76963844362444
MOGAT1,0.05476426140032141
MOGAT2,0.002802129233255834
MOGAT3,0.06832763191888709
MOGS,52.91974468470762
MOK,24.551161641554984
MOS,0.09191795284698573
MOXD1,2.1852218324439865
MPC1,2.643615727963787
MPC2,21.762187769776467
MPI,4.771376332205065
MPO,15.056847408591949
MPST,657.8718745969345
MRPL58,56.4378057662347
MSMO1,10.339328601098202
MSRA,0.8038992246554776
MST1R,20.28420576045694
MT1A,0.3354345050980549
MT2A,659.4300844871404
MT3,0.3354345050980549
MT4,0.3354345050980549
MTAP,392.56621716836077
MTFMT,2.6254387210308154
MTHFD1,503.94241532149425
MTHFD1L,4.954970103357163
MTHFD2,15.775442842251923
MTHFD2L,4.755715541465964
MTHFD2P1,0.3354345050980549
MTHFR,0.34340339224722816
MTHFS,12.002314728404977
MTMR1,1.3399962623545536
MTMR14,6.681828981997542
MTMR2,0.7836221730017766
MTMR3,0.06099214916658134
MTMR6,2.0682375088132097
MTMR7,0.03228052625829714
MTMR8,0.05117016647014156
MTPAP,1.304924560465276
MTR,0.08588595922111178
MTRR,7.535941541821437
MTTP,0.0080787935699439
MUL1,11.550642168461817
MUSK,0.001133500301210281
MUT,0.3354345050980549
MVD,42.483603830595996
MVK,7.200616474938876
MYBBP1A,58.35877667433865
MYCBP2,0.1383494417185538
MYLIP,0.9442430006451814
MYLK,0.04686864868879354
MYLK2,0.04406944347848686
MYLK3,0.00045851665854502506
MYLK4,0.004757922196902658
MYO3A,0.07299247231635841
MYO3B,0.011762072637530274
MYO5B,2.7854733420432978
NAA10,92.92508888196441
NAAA,3.441978526297427
NADK,42.09960251040688
NADSYN1,13.687762481405837
NAGA,4.0587765935469555
NAGK,31.795221202052875
NAGLU,1.2818429741568627
NAGPA,2.7670719147372833
NAGS,1.1156016480215218
NAMPT,253.77597383333762
NANP,1.7773404869985716
NANS,458.5033871456243
NAPRT,8.26458494632202
NAPSA,0.06993233585692635
NARS,2433.7654911847358
NARS2,6.965753679293819
NAT1,6.265281882145465
NAT2,0.021844359474004395
NCOA1,0.6103685874645112
NCOA2,0.11053891989950555
NCOA3,0.9419285438458271
NCOA6,3.779514286310117
NCOR1,0.07531791727936328
NCOR2,1.228144839659736
ND1,99.88743939795599
ND2,95661.96555653984
ND3,90810.36956010644
ND4,100824.52960070151
ND4L,98331.51542782376
ND5,12536.864594362778
ND6,27251.12543289311
NDST1,4.09400953341012
NDST2,12.845144431214152
NDST3,0.014384635861382335
NDST4,0.001133500301210281
NDUFA1,200.2521424038867
NDUFA10,98.88270570958638
NDUFA11,365.098128105413
NDUFA12,18.812802737102952
NDUFA13,716.0494987844309
NDUFA2,13.882279837127584
NDUFA3,29.06193487006046
NDUFA4,21.593139252233136
NDUFA5,28.190346181550066
NDUFA6,28.51204616271722
NDUFA7,4.505377371679228
NDUFA8,67.86562289760926
NDUFA9,23.636176374540494
NDUFAB1,121.97336386707316
NDUFB1,247.4702149230391
NDUFB10,72.21416194670289
NDUFB2,422.94019913031957
NDUFB3,119.28179426998186
NDUFB4,250.58155101240018
NDUFB5,96.6675386917938
NDUFB6,10.241759053773505
NDUFB7,171.18260337193243
NDUFB8,46.70575962886083
NDUFB9,64.0821044601418
NDUFC1,63.6747848684337
NDUFC2,175.4594333806484
NDUFS1,54.500926286001445
NDUFS2,44.38298438679424
NDUFS3,224.08145479813032
NDUFS4,36.55558745302488
NDUFS5,624.0213222020368
NDUFS6,12.941308519483146
NDUFS7,12.645381089047753
NDUFS8,96.48481422788512
NDUFV1,41.86558553765477
NDUFV2,167.77192380692202
NDUFV3,13.868504608292922
NEDD4,1.0618221554676504
NEDD4L,5.623261306992554
NEK1,0.5216312727935052
NEK11,0.35472690410252955
NEK2,15.395851484610208
NEK3,0.5278601589068963
NEK4,6.501581381508695
NEK5,0.002802129233255834
NEK6,0.33936192204622523
NEK7,11.347546478428981
NEK8,0.12205232992247175
NEK9,0.3713979356068177
NEU1,14.794050494045619
NEU2,0.025954244469313253
NEU3,1.0199799354451273
NEU4,0.00045851665854502506
NEURL1,0.45729850687824036
NEURL1B,0.05117016647014156
NGLY1,14.828092715751238
NHLRC1,0.17769836024389118
NIT2,644.0119430764331
NKTR,8.92989936967214
NLK,1.4770667458204199
NLN,26.40899083392456
NME1,24084.49197106643
NME2,8920.341005325217
NME3,12.79906769038707
NME4,69.34117284169103
NME6,0.6633969916636199
NME7,1.7018438186619902
NMNAT1,0.983744170750114
NMNAT2,1.8858459244559589
NMNAT3,0.32658129746689135
NMRK1,2.0857219508094698
NMT1,69.85061000755664
NMT2,1.3540418908973584
NNMT,2.059945145088385
NNT,2.3696666512113964
NOL9,2.176526716649057
NOS1,0.00045851665854502506
NOS2,0.05066256265132688
NOS2P1,0.3354345050980549
NOS2P2,0.3354345050980549
NOS3,0.024424633042249264
NOX1,0.001133500301210281
NOX3,0.09198887034239282
NOX4,0.0547863153655012
NOX5,6.333654833403066
NPAS2,18.75904100936693
NPC1,23.37007016556086
NPC1L1,0.002802129233255834
NPR1,0.022917136912183174
NPR2,0.6592114622780131
NQO1,490.59834348617505
NQO2,36.51115501636917
NR1D1,0.7730656794396707
NRF1,0.8687900429476973
NSD1,2.4855728257819227
NSD2,0.15786123167018068
NSD3,2.780870308638931
NSDHL,656.6906934982803
NSF,75.98721418901843
NT5C,55.296931410438255
NT5C1A,0.058725969276404735
NT5C1B,0.07384304278648353
NT5C1B-RDH14,0.037698419756150243
NT5C2,62.820806133770525
NT5C3A,14.123818794752038
NT5DC3,1.4966002157357483
NT5E,4.184934413381009
NT5M,0.4214499866268693
NTAN1,1.099905752464533
NTRK1,0.022917136912183174
NTRK2,0.001133500301210281
NTRK3,0.49258805309077336
NUAK2,0.0622641592589363
NUDT10,0.009270301056976704
NUDT11,0.25344881486243426
NUDT12,2.3254350416827188
NUDT2,11.313551343972359
NUDT3,1.6909057470013282
NUDT4,5.7051118558657645
NUDT5,187.4019877102027
NUDT9,5.228220849878764
OARD1,5.978893322136564
OAT,129.06823165231853
OBSL1,1.2034011159876739
OCRL,4.003555069423547
ODC1,18.055673306270467
OGA,10.735388522529014
OGDH,150.6021045433289
OGT,29.46579652611686
OLAH,0.009270301056976704
OPLAH,1.5972278220867442
OTC,2.3305572451444374
OTUD5,9.74260448245075
OXCT1,42.53335249726188
OXCT2,0.04233384585232308
OXSM,6.965753679293819
OXSR1,10.35184818836509
P4HA1,133.95204979128098
P4HA2,48.76210417725838
P4HA3,0.7156080534966656
P4HB,839.5690450398753
PADI1,0.12873457742890623
PADI2,0.024424633042249264
PADI3,0.00045851665854502506
PADI4,0.01574066272443498
PADI6,0.3354345050980549
PAFAH1B2,347.01855219991626
PAFAH1B3,1.2058668119008216
PAFAH2,1.071219448110863
PAH,1.0237857162607364
PAICS,617.6508450475392
PAK1,6.575832816217631
PAK2,60.54939729661157
PAK3,0.20923785673299886
PAK4,0.22506286358095426
PAK5,0.1843105272396382
PAK6,1.5649704354904614
PAM,0.6668086826177506
PAN2,1.9575960753485933
PANK1,0.3805144646155307
PANK2,5.907421668974663
PANK3,1.8942544765700946
PANK4,13.607611243074196
PAOX,0.28765563430311875
PAPOLA,5.501333658213068
PAPOLB,0.9302190557291492
PAPOLG,0.7290336919909004
PAPSS1,21.387532112402372
PAPSS2,3.3936802421391272
PARP1,118.89516979104057
PARP10,0.9313155064396819
PARP11,0.18011915421128932
PARP12,0.9948864188187174
PARP14,1.9110978067422824
PARP15,0.0019246457941049057
PARP16,0.7357683510458272
PARP2,13.486705431941687
PARP3,9.96905015720845
PARP4,2.5921417568971266
PARP6,0.014384635861382335
PARP8,0.04061475400707377
PARP9,2.6663781938324203
PARS2,0.6297999630767172
PASK,0.45127640404857416
PBK,9.254343354950093
PC,21.663748788357065
PCBD1,128.31354544574037
PCBD2,2.5677830396766774
PCCA,1.1379498216309873
PCCB,3.804295151376049
PCK1,0.31657172263754174
PCK2,2.5440078349320685
PCMT1,535.7031187246833
PCYOX1,21.413644093591735
PCYT1A,9.63788518687563
PCYT1B,3.722585198742195
PCYT2,4.501646219504418
PDE10A,0.010498853362829852
PDE11A,0.0019246457941049057
PDE1A,0.3354345050980549
PDE1B,0.00045851665854502506
PDE1C,9.239575719351372
PDE2A,0.0585099122325693
PDE3A,0.05481125944844266
PDE3B,0.005818785546422526
PDE4A,0.4482723788044758
PDE4B,0.12205232992247175
PDE4C,0.11110451127122002
PDE4D,0.14005331777460145
PDE5A,0.3518879737850803
PDE6A,0.001133500301210281
PDE6B,0.00045851665854502506
PDE6C,0.005818785546422526
PDE6H,1.0083333333333333
PDE7A,1.433565712114918
PDE7B,0.001133500301210281
PDE8A,9.570137627715406
PDE8B,0.011762072637530274
PDE9A,0.024424633042249264
PDF,1.62152153693169
PDGFRA,0.2300729057517526
PDGFRB,0.010498853362829852
PDHA1,639.8601413515192
PDHA2,8.963593332760542
PDHB,57.81067417895755
PDHX,8.360704311812201
PDIA2,0.0080787935699439
PDIA3,3192.289141212578
PDIA4,1336.96748449963
PDIA5,50.184030824927326
PDIA6,1053.423558136076
PDK1,0.6344660752783987
PDK2,7.501087547911316
PDK3,2.505747809950046
PDK4,0.08586458364639582
PDP1,8.069140300935072
PDP2,0.4096546027765482
PDPK1,0.3477641732506714
PDPR,1.8858459244559589
PDXK,104.07454393872005
PDXP,23.999934709366503
PDZD4,0.0622641592589363
PEAK1,0.7391411093683534
PECR,62.24075915574375
PEMT,12.66107061007743
PEPD,12.956153157924835
PEX11A,2.5304946441239626
PFAS,76.95896742057742
PFKFB1,0.01574066272443498
PFKFB2,4.976055170295978
PFKFB3,6.580297652186955
PFKFB4,6.744054566054076
PFKL,46.96217190498229
PFKM,23.696358622049832
PFKP,727.5798583517986
PGAM1,493.4804885908279
PGAM2,0.021432518547075684
PGAM5,68.1070012314205
PGAP1,0.34905439628889856
PGD,2199.7290470637986
PGGHG,0.6690846756996671
PGK1,1428.1098005764122
PGK2,23.296392096478
PGLS,424.0154489811878
PGLYRP1,0.002802129233255834
PGLYRP2,13.13342928945454
PGLYRP3,0.01572942767765221
PGLYRP4,0.2601296063498426
PGM1,263.673292452407
PGM2,69.71523190274104
PGM2L1,0.2693212417979302
PGM3,67.13633523682664
PGP,22.215803579249197
PGS1,9.111762726676215
PHEX,0.0585099122325693
PHGDH,490.8839950067619
PHKA1,0.4387261128913282
PHKA2,6.116901574121364
PHKB,6.294620526778469
PHKG1,0.11984359394801111
PHKG2,7.728311464439742
PHLPP1,0.9193048951111827
PHLPP2,0.543507645431393
PHOSPHO1,0.09619578776248204
PHPT1,38.672715038280714
PHYH,2.7074653843837764
PHYKPL,3.509863343187196
PI4K2A,0.29701263524653404
PI4KA,0.773043574805689
PI4KB,0.8543606747282969
PIGA,1.4572558124749966
PIGB,4.053749142950816
PIGC,46.35648933484185
PIGF,8.676742889416612
PIGG,8.562782478038454
PIGH,19.242601780798985
PIGK,13.627638716937495
PIGL,6.056087115735433
PIGM,2.7028928836838952
PIGN,7.565015405155209
PIGO,6.028491294472953
PIGP,11.659960464307659
PIGQ,6.261207588754886
PIGS,5.540358192108255
PIGT,8.654270313582591
PIGU,2.1922949319954115
PIGV,2.808515204380424
PIGW,0.3354345050980549
PIGX,0.8764113980399867
PIGY,0.3354345050980549
PIGZ,0.3017259027611821
PIK3C2A,0.5253172198129925
PIK3C2B,1.7731974360860965
PIK3C2G,0.001133500301210281
PIK3C3,0.1463981685945378
PIK3CA,2.571084653260135
PIK3CB,0.16719567372630986
PIK3CD,0.5719396865789154
PIK3CG,0.00045851665854502506
PIK3R1,0.04106235022544348
PIK3R2,3.9835185234107784
PIK3R3,1.5368722668274946
PIK3R4,14.290479434665988
PIK3R5,0.36380950858454103
PIKFYVE,1.3358491824517444
PIM1,3.7696274214192282
PIM2,2.6618220467086626
PIM3,3.6465563646225507
PIN1,809.0383430462659
PIN4,22.607867421594396
PINK1,44.85039351461734
PIP4K2A,1.8022462086467093
PIP4K2B,0.3354345050980549
PIP4K2C,19.92584677740181
PIP5K1A,0.47910657572024495
PIP5K1B,0.0006198015209834993
PIP5K1C,1.7072186494140407
PIP5KL1,0.15159054564027508
PIPOX,0.011762072637530274
PISD,1.0844996892766636
PJA1,5.907421668974663
PJA2,2.571084653260135
PKLR,11.218886523856392
PKM,2092.889316755075
PKMYT1,17.325929659292406
PKN1,62.81397760395847
PKN2,1.968113817940676
PKN3,1.198046826398345
PLA2G10,0.10465361755288502
PLA2G12A,1.0863963962736642
PLA2G12B,1.1304561412675453
PLA2G15,2.6846210023064443
PLA2G16,12.125607898090102
PLA2G1B,0.0037499658886838046
PLA2G2A,0.005818785546422526
PLA2G2C,0.3354345050980549
PLA2G2D,0.00045851665854502506
PLA2G2E,0.10480083352838437
PLA2G2F,0.00045851665854502506
PLA2G3,0.019881840717782588
PLA2G4A,3.8221366420836804
PLA2G4B,1.1829548416722113
PLA2G4C,0.07980077834710374
PLA2G4D,0.03722758020167583
PLA2G4E,0.00045851665854502506
PLA2G4F,0.11984359394801111
PLA2G5,0.08450148530759376
PLA2G6,0.4846266269484943
PLA2G7,1.0933578157046773
PLB1,0.02907705233612265
PLCB1,0.21985641222220095
PLCB2,0.05117016647014156
PLCB3,1.4248957841564227
PLCB4,4.976055170295978
PLCD1,2.0128836198664017
PLCD3,13.492368966430197
PLCD4,1.5368722668274946
PLCE1,1.4969400927066823
PLCG1,1.5815011677741269
PLCG2,0.13549906625349747
PLCH1,0.1586139691964749
PLCH2,0.8107892769606594
PLCL1,0.001133500301210281
PLCL2,1.2856832001653025
PLCXD2,1.6174666267268947
PLCZ1,0.07175189323406331
PLD1,0.7022411371961159
PLD2,3.563418235772376
PLD3,5.901527582224307
PLD4,0.002802129233255834
PLD6,0.9873539013011153
PLG,3.615722070737719
PLIN1,0.014384635861382335
PLIN2,7.687410970101137
PLIN3,55.84251806860925
PLIN4,0.2508255158072005
PLK1,5.533943433095191
PLK2,20.29886437320248
PLK3,1.9703226962075577
PLK4,4.750497958226521
PLOD1,31.86317710090492
PLOD2,39.948095846139935
PLOD3,24.68999920818056
PLPBP,9.705586634804922
PLPP1,3.5682962636181252
PLPP2,0.010498853362829852
PLPP3,22.247718887060092
PLPP4,3.5244503792090653
PLPP5,4.311989156637434
PLPP6,0.6922548418182488
PLPP7,0.00045851665854502506
PLPPR2,16.92443224706895
PLPPR3,0.001133500301210281
PLPPR4,0.014384635861382335
PLPPR5,1.149162693245583
PLTP,24.796687442665306
PLXNB3,6.563411218256003
PMM1,3.3799025197318104
PMM2,44.95710712402939
PMPCA,18.25428853211815
PMVK,177.6651503564178
PNCK,0.013057922455093825
PNKP,20.97766928715198
PNLIP,0.01735944451270558
PNLIPRP1,0.001133500301210281
PNLIPRP2,0.3354345050980549
PNLIPRP3,0.018139233522564087
PNMT,0.011762072637530274
PNP,1489.2110074854586
PNPLA2,20.541088685982025
PNPLA3,0.01574066272443498
PNPLA4,6.316918926617495
PNPLA6,1.9845760173789528
PNPLA7,0.03228052625829714
PNPLA8,5.25739136690784
PNPO,7.460472437029812
PNPT1,4.054956051083723
POLA1,2.493229696517042
POLA2,4.607635036254308
POLB,11.80936265838491
POLD1,3.1982321286923696
POLD2,13.42357989083377
POLD3,0.5468453510678395
POLD4,17.97144594504787
POLE,0.1393402847442088
POLE2,13.35452892217849
POLE3,22.632862270766406
POLE4,12.541123762917397
POLG,9.093537812903731
POLG2,7.751705968812236
POLH,1.3942855347718293
POLI,1.5128834107131892
POLK,0.9621510746318704
POLL,2.081420608050893
POLM,11.7630680024949
POLN,0.024424633042249264
POLQ,1.3982020311734822
POLR1A,0.4615910945693478
POLR1B,0.6072850279554906
POLR1C,31.407051396429917
POLR1D,50.15370005150427
POLR1E,9.654578855792654
POLR2A,0.5770559758770898
POLR2B,15.063717114078562
POLR2C,38.3757917230334
POLR2D,15.231354513513253
POLR2E,91.47538954025015
POLR2F,76.474304371436
POLR2G,31.709622126625067
POLR2H,419.68839212471
POLR2I,15.932419127898001
POLR2J,28.195421502821677
POLR2K,128.03142456562352
POLR2L,597.8804396193017
POLR3A,0.7655700254501004
POLR3B,1.4360969849792586
POLR3C,0.7102789058826463
POLR3D,3.388859216678624
POLR3E,8.748899174141695
POLR3F,3.107302936458141
POLR3G,8.12342153447963
POLR3GL,5.326947653094146
POLR3K,18.31415065343823
POLRMT,4.480155515054442
POMGNT1,26.476563098379714
POMT1,7.892419488193498
POMT2,9.65012181542714
PON3,0.002802129233255834
POR,144.9055306380147
PPA1,1285.0590318106258
PPA2,162.3741643210514
PPARA,0.2773412098228785
PPAT,10.218894285149954
PPCDC,4.250891851560689
PPCS,38.25785788533917
PPEF1,0.002955483201168703
PPEF2,0.0475767992202525
PPIA,6570.814664330029
PPIAL4A,0.3354345050980549
PPIAL4C,0.3354345050980549
PPIAL4E,0.3354345050980549
PPIAL4G,14.599809906673197
PPIB,2449.4079679236847
PPIC,11.613070281206697
PPID,297.4470946467497
PPIE,20.543960915226478
PPIF,500.3179572744346
PPIG,10.449108182144883
PPIH,1851.0608165039664
PPIL1,63.95697327321599
PPIL2,0.3936729048280715
PPIL3,27.562384635978894
PPIL4,1.547716324689999
PPIL6,0.024424633042249264
PPIP5K1,3.53905156530751
PPIP5K2,11.147638843073326
PPM1A,2.8618656804873432
PPM1B,3.9036086753904162
PPM1D,1.2245650554729708
PPM1E,0.0019246457941049057
PPM1F,8.416808346390408
PPM1G,17.9103867206256
PPM1K,0.1633372466950255
PPM1M,3.62205740855613
PPOX,5.118924757302957
PPP1CA,222.96161603066992
PPP1CB,81.28350116602343
PPP1CC,101.21421208097836
PPP1R1A,4.771473722035403
PPP1R1B,0.2613568122507424
PPP1R2,31.032413272726597
PPP1R3A,0.06646892507772041
PPP1R3B,0.07980077834710374
PPP1R3C,0.004757922196902658
PPP2CA,83.17677284088532
PPP2CB,12.556165653488979
PPP2R1A,276.9059548942122
PPP2R1B,17.59766316798668
PPP2R2A,61.477161676453775
PPP2R2B,1.4464304418736869
PPP2R2C,0.09203040409879854
PPP2R3A,1.3903716126321268
PPP2R3B,3.7943559427086626
PPP3CA,90.08822341143747
PPP3CB,29.606881505252982
PPP3CC,1.0018236910483724
PPP3R1,54.149447904105635
PPP3R2,2.4370537589271226
PPP4C,43.30947501077751
PPP5C,20.67115249475821
PPP6C,56.716631493908686
PPT1,5.649392909897536
PPT2,6.908747915308387
PPWD1,4.147793013494295
PRAG1,0.3354345050980549
PRDX1,23354.88571870614
PRDX2,4762.106173118583
PRDX3,87.62354222428307
PRDX6,1697.9388830471569
PREP,29.498232015660392
PRKAA1,16.938496052760584
PRKAA2,0.3632755849505126
PRKAB2,3.475882129666753
PRKACA,334.5079529217149
PRKACB,9.854380895003978
PRKACG,5.25292276820224
PRKAG2,9.36780405852013
PRKAR1A,15.525365870114303
PRKAR1B,3.2736390402020943
PRKAR2A,16.023124477523954
PRKAR2B,0.8215769954443272
PRKCA,2.1029480796048166
PRKCB,0.00045851665854502506
PRKCD,1.6276866514255446
PRKCE,0.26666021758932096
PRKCG,0.00045851665854502506
PRKCH,4.149519191685646
PRKCI,2.7680628680983537
PRKCQ,0.2074973863404181
PRKCSH,478.2839809950743
PRKCZ,9.971607087258715
PRKD1,0.025953205045963476
PRKD2,3.9285397460108697
PRKD3,4.033653945298381
PRKDC,3.830424105173564
PRKG1,0.11984359394801111
PRKG2,0.04406944347848686
PRKN,0.21524163632635238
PRKX,2.133173374640964
PRKY,0.00045851665854502506
PRODH,0.03556029814361912
PRODH2,0.047452249121563574
PRPF19,304.4921136478109
PRPF4,88.32455704236483
PRPF4B,21.489953167059234
PRPS1,732.1049854424057
PRPS1L1,1.6993128857058533
PRPS2,14.407270411743605
PRRT2,0.07384304278648353
PSAP,12.130820203914912
PSAT1,101.22795400147334
PSKH1,2.228818701892939
PSKH2,0.11813839957802594
PSPH,997.100268368211
PSPHP1,0.3354345050980549
PTDSS1,316.7439256668956
PTDSS2,12.77275554314444
PTEN,0.1820611385886051
PTGDS,0.005818785546422526
PTGES,22.600745771158284
PTGES2,66.06592412085604
PTGES3,3455.9845796655286
PTGIS,0.12446583075056246
PTGR1,251.64564284296185
PTGS1,0.046578604549719
PTGS2,0.5466499397786747
PTK2,5.242229019211687
PTK2B,0.6200664521565412
PTK6,3.993533854077616
PTK7,0.8736890488303081
PTP4A2,3.689049984680693
PTP4A3,0.7901605824000221
PTPDC1,0.5497964692403086
PTPMT1,56.93753841255047
PTPN1,6.670816287450021
PTPN11,19.21630585567513
PTPN12,3.1826381595974507
PTPN13,1.4493490154017834
PTPN14,1.2169745588949084
PTPN18,2.224449953177846
PTPN2,21.72572281898765
PTPN21,1.274170602318488
PTPN22,0.011762072637530274
PTPN23,3.7204418694245738
PTPN3,1.0491876986553665
PTPN4,2.25069249392901
PTPN5,0.20724079490333636
PTPN6,4.174808589710675
PTPN7,5.40712593003192
PTPN9,0.10533010106390235
PTPRA,0.2039022163926992
PTPRB,0.06993233585692635
PTPRC,0.004757922196902658
PTPRD,0.021432518547075684
PTPRE,0.2640053967101161
PTPRF,32.849582639793596
PTPRG,0.024424633042249264
PTPRH,0.4785217089347534
PTPRJ,0.5910810031547848
PTPRK,11.717932303315024
PTPRM,8.85135942599174
PTPRN,0.018535312724775776
PTPRN2,0.18498361500879856
PTPRO,0.00045851665854502506
PTPRQ,0.00045851665854502506
PTPRR,1.9533581636859243
PTPRS,6.6761788143381935
PTPRT,0.028356430289326568
PTPRU,4.11417460383185
PTPRZ1,0.00045851665854502506
PTRH1,2.6711717369605106
PTRH2,2148.874645154259
PTS,20.050005884373928
PUS1,10.89628867742883
PXDN,2.6461336898563244
PXDNL,0.0019246457941049057
PXYLP1,0.19480254170516437
PYCR1,32.08049107910204
PYCR2,207.4931390922393
PYCR3,5.461308030882935
PYGB,285.4930451103373
PYGL,106.48852652094814
PYGM,0.030668992945457513
PYURF,12.503789927821769
QARS,404.987890830003
QDPR,228.95953328203052
QPCT,0.014384635861382335
QPRT,0.019971607954235037
QTRT1,33.24394879191291
QTRT2,7.402540583440221
RAD1,1.7216631207094346
RAD18,7.028586411504419
RAD9A,8.526868413732222
RAF1,0.2690209997851833
RAG1,0.009270301056976704
RALBP1,25.88529123594381
RARS,172.86572705208286
RARS2,3.1369937344981453
RBBP6,0.20480802214555296
RBKS,0.25344881486243426
RBP1,2.676923911832601
RBP2,0.44262896504099397
RBP4,8.288349433623404
RCHY1,10.151961912639397
RCL1,5.31722384858773
RDH10,3.529315870548926
RDH11,544.0209149409759
RDH12,0.00045851665854502506
RDH13,6.107923225034659
RDH14,16.1249518245403
RDH16,0.02907705233612265
RDH5,0.5529472209116145
RDH8,0.00045851665854502506
REG3A,15.598236131061894
RENBP,0.021432518547075684
RET,0.026808384574655165
REV3L,0.5592613397411016
RFC5,53.32639095715362
RFK,3.3001322329605007
RFWD3,4.553231084288896
RGL1,0.19975618997725061
RHAG,0.001133500301210281
RHBG,0.06607219115035223
RHCG,0.001133500301210281
RING1,9.54555850521159
RIOK1,0.34270094079124186
RIOK2,0.1453590561524194
RIOK3,13.607611243074196
RIPK1,2.2585963915785174
RIPK2,5.027130010932661
RIPK3,1.3679290428211677
RIPK4,14.875782581234963
RIPOR1,4.714012480789706
RNF103,2.167839726831713
RNF115,0.3354345050980549
RNF123,12.510334089303319
RNF125,0.04061475400707377
RNF126,15.01223653822142
RNF128,0.002802129233255834
RNF13,11.377516311965326
RNF130,6.698786196615658
RNF133,0.0019246457941049057
RNF138,2.6254387210308154
RNF139,15.231167646396358
RNF14,10.220569833218645
RNF144A,1.1791888570472757
RNF144B,0.1446425160426137
RNF146,3.3599668192815018
RNF149,10.489797206583905
RNF152,0.07581690238213759
RNF167,47.5786368473811
RNF180,0.2429942139045758
RNF182,12.556165653488979
RNF185,2.2419369757499368
RNF187,93.97309687028687
RNF19A,7.091550942683056
RNF19B,2.0900253716172323
RNF2,3.5083475782278195
RNF20,0.5925438646879141
RNF216,3.4129803734474606
RNF217,0.25344881486243426
RNF25,11.512116890126356
RNF31,10.760652435806131
RNF40,0.9793100139754459
RNF41,8.033722920838585
RNF5,28.356045209361117
RNF8,5.57477281934373
RNGTT,1.5737784231801504
RNMT,40.596738093241655
ROCK1,2.4351348473023573
ROCK2,5.530824027133476
ROR1,0.8004593694683423
ROR2,0.00016806600718546126
RORA,0.03722758020167583
ROS1,0.0019246457941049057
RPAP2,1.8648629566496142
RPE,101.57967221597795
RPE65,0.018535312724775776
RPIA,18.052799959520275
RPL14,1546.2604491813063
RPN1,589.143380971605
RPN2,668.6839553354741
RPP14,48.34635155136801
RPS6KA1,19.980625418834954
RPS6KA2,0.31123395159154693
RPS6KA3,1.1598379136069146
RPS6KA4,1.5833526405667577
RPS6KA5,0.6233070097454251
RPS6KA6,1.071219448110863
RPS6KB1,1.6092481221216761
RPS6KB2,35.27382696514613
RPS6KC1,0.23877253585859662
RPUSD4,0.8090078133852389
RRM1,36.616771150013776
RRM2,41.16813319335265
RRM2B,4.053749142950816
RTCA,11.621350010873709
RWDD2A,0.19480254170516437
RXRA,1.2933717109694902
RYK,8.3121298861509
SACM1L,16.455334651517152
SAE1,204.44849860201452
SAP130,0.3457959890835678
SARDH,0.14914429426639722
SARS,208.64268413505508
SARS2,4.62049641111494
SAT1,48.4035060607161
SAT2,22.42762388160292
SBK1,0.04406944347848686
SC5D,22.30015612068723
SCARB1,25.397540961780535
SCARF2,0.10252357549339661
SCD,40.420702976138855
SCD5,0.9729335959718017
SCLY,2.8871881238467356
SCP2,286.8764923686863
SDC1,20.593326798900385
SDHA,198.0891110051464
SDHB,335.249992276412
SDHC,33.89873782451808
SDHD,3.411610954515877
SDR16C5,0.027505267922313437
SDR42E1,0.005818785546422526
SDR42E2,0.005818785546422526
SDR9C7,0.00045851665854502506
SDS,0.01574066272443498
SDSL,3.6858349260514407
SEC11A,277.89799604107355
SEC11C,6.0664186901264765
SELENOI,3.7745700958912964
SEPHS1,914.6063541283617
SEPHS2,17.06505736728283
SERPINA1,1.1342179269098425
SERPINA3,0.002802129233255834
SETD1A,0.04873955437637082
SETD1B,0.7022411371961159
SETD2,0.01989888436782826
SETD5,13.029837991646728
SETD7,1.5396607293054902
SETDB1,0.18311942581798846
SETDB2,0.33777407941582643
SETMAR,3.6710939211359146
SFXN3,833.7952919753295
SGK1,5.412848072517944
SGK2,0.03391112574878767
SGK3,0.6363086283897222
SGMS1,4.604953156930925
SGMS2,1.645900777462454
SGPL1,31.936220798277997
SGPP1,6.034008097294398
SGPP2,0.09410769945658982
SGSH,9.294480041177433
SH3RF1,2.0214212939027676
SH3RF2,0.45127640404857416
SH3RF3,3.32633241889834
SHMT1,83.25620638128751
SHMT2,1043.931045990214
SHPK,1.1416845842518524
SHPRH,0.30720936114227776
SI,0.18373547314711697
SIAE,5.607291387673238
SIAH1,2.081420608050893
SIAH2,4.960239404318408
SIK2,0.7764776480199461
SIK3,0.8789235736374846
SIN3A,1.629548910325665
SIN3B,0.08238695455783486
SIRT1,4.667199602522797
SIRT2,5.034146938354035
SIRT3,6.451095482140594
SIRT5,1.1342179269098425
SIRT6,4.625680219749917
SIRT7,10.880845498644796
SLC10A1,0.00045851665854502506
SLC10A2,0.058748703153154044
SLC10A6,0.002802129233255834
SLC11A1,0.006927151436557297
SLC11A2,8.64671912283829
SLC12A1,0.12604246262781418
SLC12A2,1.550744110159691
SLC12A3,0.3836436624241189
SLC12A4,0.24690735376516218
SLC12A5,0.3805144646155307
SLC12A6,0.09664842351101721
SLC12A7,0.9374095168627772
SLC13A1,1.3898493503991496
SLC13A2,0.9791894450655247
SLC13A3,0.045821197910734135
SLC13A4,0.011762072637530274
SLC13A5,0.0037499658886838046
SLC14A1,0.24820862532204005
SLC14A2,0.00045851665854502506
SLC15A1,0.1332352381601529
SLC15A2,0.045821197910734135
SLC15A3,0.018535312724775776
SLC15A4,4.876088416397743
SLC16A1,42.495224075433896
SLC16A10,0.011762072637530274
SLC16A2,2.548515973778579
SLC16A3,307.2376667752559
SLC16A7,0.28541585641534334
SLC16A8,0.002802129233255834
SLC17A1,0.06505057075080632
SLC17A2,0.00045851665854502506
SLC17A3,0.001133500301210281
SLC17A4,0.016758172785412122
SLC17A5,1.198046826398345
SLC17A6,0.03561924497624714
SLC17A7,0.011762072637530274
SLC17A8,0.023326127399307364
SLC18A1,0.058656845323138175
SLC18A2,0.3017259027611821
SLC18A3,0.06214561646399096
SLC19A1,12.210136016231719
SLC19A2,1.3397266541003294
SLC19A3,0.005818785546422526
SLC1A1,0.7798931307742698
SLC1A2,11.643276508283519
SLC1A3,1.1904952342554374
SLC1A4,0.34444918220035803
SLC1A5,29.47083211944476
SLC1A6,26.585821712788224
SLC1A7,0.004757922196902658
SLC20A1,99.4666084810336
SLC20A2,5.32158957722438
SLC22A1,0.0585099122325693
SLC22A10,0.10034501076203277
SLC22A11,0.20377100608576706
SLC22A12,1.368484858340572
SLC22A13,0.001133500301210281
SLC22A16,0.1415176491516722
SLC22A18,1.3397266541003294
SLC22A2,0.002802129233255834
SLC22A3,0.03228052625829714
SLC22A4,0.4155424948038984
SLC22A5,2.762476024121474
SLC22A6,0.3332262579895881
SLC22A7,0.3754031874781076
SLC22A8,0.6796964855365107
SLC22A9,0.11807453767167743
SLC23A1,0.011762072637530274
SLC23A2,2.4721331121911128
SLC24A1,0.1704823892906477
SLC24A2,0.11485961790308995
SLC24A3,0.005818785546422526
SLC24A4,0.001133500301210281
SLC25A1,167.1539946917153
SLC25A10,11.077618283764886
SLC25A11,231.26770324324877
SLC25A12,93.24399026394005
SLC25A13,110.4808968313708
SLC25A14,6.563411218256003
SLC25A15,1.4691348578488557
SLC25A16,5.951380413390883
SLC25A17,5.868408486349442
SLC25A18,0.018535312724775776
SLC25A19,18.557813243321743
SLC25A2,0.0019246457941049057
SLC25A20,8.562782478038454
SLC25A21,0.45127640404857416
SLC25A22,5.634423977766936
SLC25A26,2.9944307641020007
SLC25A27,0.6233070097454251
SLC25A28,4.828902125247724
SLC25A29,4.9233818703489725
SLC25A3,1743.5730348656853
SLC25A37,8.300237665754876
SLC25A4,102.94543444308802
SLC25A5,4796.396280229326
SLC25A6,138.91027325443955
SLC26A1,0.04406944347848686
SLC26A11,2.910423696207287
SLC26A2,1.645900777462454
SLC26A3,0.16226921407916228
SLC26A4,0.001133500301210281
SLC26A6,18.085512332909186
SLC26A7,0.013057922455093825
SLC26A8,0.004757922196902658
SLC26A9,0.04431319325572662
SLC27A1,0.4791719744167382
SLC27A2,0.5372358141831566
SLC27A3,7.986556575305349
SLC27A4,1.7983667973078572
SLC27A5,12.66107061007743
SLC27A6,0.004757922196902658
SLC28A1,0.03391112574878767
SLC28A2,0.0599989594938462
SLC28A3,0.00045851665854502506
SLC29A1,39.655876638316705
SLC29A2,4.317089800351709
SLC29A3,1.0382121746874124
SLC29A4,0.8839526656693625
SLC2A1,40.36648830909791
SLC2A10,1.9448887981540492
SLC2A11,3.2449804838536958
SLC2A12,0.0622641592589363
SLC2A13,0.09619578776248204
SLC2A14,2.7372415384976425
SLC2A2,0.7271472329221568
SLC2A3,0.009270301056976704
SLC2A4,0.0037499658886838046
SLC2A5,0.014384635861382335
SLC2A6,3.9535079182333512
SLC2A7,0.02769435809366143
SLC2A8,4.250891851560689
SLC2A9,0.01574066272443498
SLC30A1,2.4676570022060687
SLC30A6,5.918404198768109
SLC30A7,8.083153831142532
SLC31A1,6.367157715847065
SLC32A1,1.4740945089441455
SLC33A1,774.4786761672419
SLC34A1,0.0019246457941049057
SLC34A2,0.001133500301210281
SLC34A3,0.004757922196902658
SLC35A1,3.858826646539492
SLC35A2,22.21776773723585
SLC35A3,6.5521592429329045
SLC35B2,0.990404769996353
SLC35B4,4.19506597706108
SLC35C1,4.734853260487266
SLC35D1,0.725671808982374
SLC35D2,6.484742511596776
SLC36A1,0.6461008992555167
SLC36A2,0.001133500301210281
SLC36A4,7.816126079504436
SLC37A1,6.122437209070871
SLC37A4,9.459648341048032
SLC38A1,28.824620549952975
SLC38A2,138.88727483861587
SLC38A3,0.024424633042249264
SLC38A4,0.00045851665854502506
SLC38A5,0.2508255158072005
SLC39A7,43.458229480040956
SLC3A1,0.0037499658886838046
SLC3A2,82.21785993276569
SLC40A1,0.11327471023287335
SLC41A1,7.82785222566842
SLC41A2,1.2972199872583643
SLC43A1,1.7031144990459848
SLC43A2,0.48768586631630645
SLC46A1,1.9237531712478029
SLC47A1,0.04233384585232308
SLC47A2,0.0019246457941049057
SLC4A1,0.00045851665854502506
SLC4A10,0.005818785546422526
SLC4A2,121.63888360981686
SLC4A3,1.9153140880347086
SLC4A4,0.02907705233612265
SLC4A5,0.11984359394801111
SLC4A7,0.72054167486417
SLC4A8,0.6526484722313985
SLC4A9,0.00045851665854502506
SLC51A,1.4969400927066823
SLC51B,0.0019246457941049057
SLC52A1,0.00045851665854502506
SLC52A2,146.39662387954212
SLC52A3,0.8524159336557722
SLC5A1,0.03392241896355308
SLC5A10,0.2452712501917088
SLC5A11,0.001133500301210281
SLC5A12,0.42464673261698827
SLC5A2,0.05298338844633198
SLC5A3,0.7662523178013226
SLC5A5,0.00045851665854502506
SLC5A6,11.750167943116624
SLC5A7,0.001133500301210281
SLC5A8,0.3418527760399266
SLC5A9,0.001133500301210281
SLC6A1,0.47048010012030994
SLC6A10P,0.001133500301210281
SLC6A11,2.7532896133982923
SLC6A12,0.00045851665854502506
SLC6A13,0.06160939658238241
SLC6A14,0.3354345050980549
SLC6A18,0.020564936803086797
SLC6A19,0.1185497404542115
SLC6A2,0.05126577654728052
SLC6A20,0.043270739804743864
SLC6A3,0.0019246457941049057
SLC6A4,0.004757922196902658
SLC6A5,0.10319845039380167
SLC6A6,0.5137025036116047
SLC6A7,0.22971773402178103
SLC6A8,13.922164251507956
SLC6A9,3.0507446177504534
SLC7A1,2.9944307641020007
SLC7A10,0.44725159747283744
SLC7A11,0.7526681302864633
SLC7A2,0.25344881486243426
SLC7A3,0.001133500301210281
SLC7A5,6.160015668229055
SLC7A6,4.881337962717155
SLC7A7,0.03722758020167583
SLC7A8,0.056653517617585206
SLC7A9,0.0019246457941049057
SLC8A1,0.1446425160426137
SLC8A2,0.00045851665854502506
SLC8A3,0.00045851665854502506
SLC8B1,12.516879052437966
SLC9A1,10.0399283951063
SLC9A2,0.013057922455093825
SLC9A3,0.005818785546422526
SLC9A4,0.314551529377227
SLC9A5,0.21731936913202352
SLC9A7,5.5531184067409844
SLC9A8,0.9193048951111827
SLCO1A2,0.00045851665854502506
SLCO1B1,0.010498853362829852
SLCO1B3,5.645285594027934
SLCO1C1,0.006927151436557297
SLCO2A1,0.001133500301210281
SLCO2B1,0.00045851665854502506
SLCO3A1,0.005818785546422526
SLCO4A1,195.1437551110885
SLK,4.898599690619694
SMARCD3,2.593699815020349
SMG1,0.3086537515733046
SMPD1,4.018597909080468
SMPD2,1.741578616935194
SMPD3,0.03722758020167583
SMPD4,8.141566900723635
SMS,244.15348009502304
SMURF1,4.373289844297781
SMURF2,13.361174707728063
SMYD3,8.070928859217904
SNRK,3.278421196778685
SOAT1,3.8498406492931534
SOAT2,0.04061475400707377
SOD1,2998.458952749466
SOD2,15.629860882182674
SOD3,4.347723272651468
SORD,19.040166316730268
SPCS1,201.29256833149893
SPCS2,1041.5352764888323
SPCS3,148.19908787517716
SPEG,7.863055337929354
SPHK1,19.605335233281025
SPHK2,0.28108626130651015
SPR,341.0535735403492
SPRYD3,3.379221983080593
SPTLC1,23.24132688704589
SPTLC2,1.2311799455729062
SPTLC3,5.770544790675802
SQLE,0.5234774643703298
SRC,9.382729831658583
SRD5A1,0.9122085359007926
SRD5A2,0.3354345050980549
SRD5A3,5.5531184067409844
SREBF1,26.624868162660725
SRM,709.9367810807523
SRMS,0.018535312724775776
SRPK1,7.4384680218184265
SRPK2,7.005722862761914
SRPK3,0.04758877765072119
SSH1,2.343104260510002
SSH2,2.1634992845665355
SSH3,8.425304316646251
SSR4,1089.6603984412438
SSU72,191.83810574297704
ST3GAL1,31.4049670188191
ST3GAL2,0.9873539013011153
ST3GAL3,1.255037008703826
ST3GAL4,34.541491018117995
ST3GAL5,0.0622641592589363
ST3GAL6,3.7202842871001387
ST6GAL1,0.12427046520791113
ST6GALNAC1,0.21985641222220095
ST6GALNAC2,0.374747407627742
ST6GALNAC3,0.18688627147706485
ST6GALNAC4,2.059945145088385
ST6GALNAC5,0.07581690238213759
ST6GALNAC6,2.813128905008474
ST8SIA1,0.0019246457941049057
ST8SIA4,0.11764434900247928
ST8SIA5,0.0037499658886838046
STAMBP,10.556631795172162
STAMBPL1,1.1641531077875849
STARD3,16.812128699302185
STK10,0.32404246833676126
STK11,9.952992978997278
STK16,0.9079880274720725
STK17A,23.029744198324313
STK17B,0.8734106475616272
STK19,4.389688415372783
STK24,14.50882177538472
STK25,4.445689058217939
STK26,7.780972360714156
STK3,2.6581689153464874
STK31,0.0037499658886838046
STK32A,0.12205232992247175
STK32B,0.014384635861382335
STK32C,4.3886466159082085
STK33,2.3128174576748037
STK35,2.8871881238467356
STK36,9.209106266611883
STK38,5.0186680262150745
STK38L,4.311989156637434
STK39,10.2346803402349
STK4,0.5670991139955596
STRA6,0.006927151436557297
STS,0.5309810806875702
STT3A,35.54195371747204
STT3B,58.92767120118753
STUB1,53.148012686379545
STYK1,0.8004593694683423
STYXL1,32.44814084456945
SUCLA2,120.90650658906873
SUCLG1,221.2896423699159
SUCLG2,265.37633377526527
SULT1A1,0.14005331777460145
SULT1A2,0.002802129233255834
SULT1A3,4.347723272651468
SULT1B1,0.001133500301210281
SULT1C2,1.4031706299134283
SULT1C4,0.5329401024743777
SULT1E1,1.3273511575593253
SULT2A1,3.553854432798619
SULT2B1,0.15159054564027508
SULT4A1,0.001133500301210281
SUOX,4.311989156637434
SUV39H1,3.135673025448926
SUV39H2,2.4945421029995436
SYK,0.9945826346241805
SYNJ1,0.01761772296709321
SYNJ2,0.042946678255000884
SYVN1,0.31400187093392423
TAF1,3.7153583581713114
TALDO1,109.46972104493274
TAOK1,0.5273980124678901
TAOK2,4.6516196557398
TAOK3,2.6709361646076
TARS,553.7658373306983
TARS2,1.3812426912194482
TARSL2,0.537056707051816
TAT,0.28571233464989304
TBCB,100.45762974420239
TBK1,0.3479994833458577
TBL1X,10.577777349498557
TBL1XR1,4.552060442635229
TBXAS1,7.530129916282429
TCIRG1,53.07034070306178
TDO2,0.0037499658886838046
TECR,155.81397277841043
TECRL,0.11400593534832566
TENT2,3.6367521424078046
TENT4A,5.56935736649492
TESK1,5.182724875999082
TESK2,0.5814919025380717
TFRC,211.1866312852149
TGDS,2.1029480796048166
TGFBR1,1.0749018035351425
TGFBR2,12.00879648099718
TGM1,0.4422784640777903
TGM2,89.59009474686903
TGM3,0.12124668710309891
TGM4,0.045821197910734135
TGM5,0.3587832992254833
TGM6,0.018105422639918517
TGM7,0.01438308791538765
TGS1,0.7223135688910067
TH,3.6710939211359146
THNSL1,0.4184937999639986
THTPA,1.9088974446269067
TIAM2,0.29082892092328017
TICRR,0.9549783945496435
TIPARP,6.698786196615658
TK1,176.78811312410684
TK2,0.5030492671179715
TKFC,7.263937309610967
TKT,224.7137461452863
TKTL1,0.02561980913550767
TKTL2,0.0019246457941049057
TLK1,2.5982284062002066
TLK2,0.34462804889475557
TM7SF2,6.7327307830863035
TMEM91,0.3237969632630856
TMLHE,0.0037499658886838046
TMX3,14.930329149137519
TNFRSF21,50.344023816442224
TNIK,0.9873539013011153
TNK1,2.3210226351787657
TNK2,8.604726835775828
TNKS,0.3661357006856351
TNKS2,2.3519505980557036
TNNI3K,0.0080787935699439
TNS2,1.3591533739815975
TOPORS,1.5972278220867442
TP53RK,2.929043495299601
TPH1,0.022917136912183174
TPH2,0.00045851665854502506
TPI1,11842.092590538856
TPI1P2,0.1332352381601529
TPK1,0.769657233271636
TPMT,6.823445530320733
TPO,0.0080787935699439
TPP1,12.746456081557376
TPSAB1,0.0019246457941049057
TPSB2,0.3354345050980549
TPSD1,5.340733439554472
TPST1,2.8639962544984194
TPST2,1.481036436367633
TPTE,0.3354345050980549
TPTE2,0.3354345050980549
TRAF7,8.869469602829538
TRDMT1,0.38920350994584163
TREH,0.0037499658886838046
TREX1,0.8137782696431811
TREX2,0.09203040409879854
TRHDE,1.9110978067422824
TRIB3,10.659680333913206
TRIM11,5.808794513320257
TRIM32,0.3690658093769508
TRIM33,1.7080933507520428
TRIM63,0.00045851665854502506
TRIO,1.6533144937184945
TRIP12,10.345342017347896
TRIT1,8.996482869987236
TRMT1,7.143154413640702
TRMT11,3.6269541050982506
TRMT1L,0.9193048951111827
TRMU,13.587590668670563
TRPM6,0.00045851665854502506
TRPM7,2.652715230055209
TSSK1B,0.20447763106973466
TSSK2,0.01574066272443498
TSSK3,0.01574066272443498
TSSK4,0.1728799211127912
TSSK6,0.14695003359473974
TST,5.065899757151199
TSTA3,532.2428686319029
TTC3,31.982617069092377
TTK,0.27009381834780755
TTL,1.4339269449510137
TTLL10,0.011762072637530274
TTN,0.0080787935699439
TUSC3,1.7734570131897158
TUT1,0.16709083884276163
TUT4,9.429010274005948
TUT7,1.3942855347718293
TXN,1526.382323359134
TXN2,15.145838180647845
TXNRD1,484.20344258368453
TXNRD2,5.639854173652434
TXNRD3,0.19794544718898116
TYMP,2.0000929975402824
TYMS,328.80387796481443
TYR,0.1046323172264974
TYRO3,5.0130043976401755
TYRP1,0.006927151436557297
UAP1,45.671960894181126
UAP1L1,0.6007066690383843
UBA1,330.60238619902765
UBA2,66.96332168515984
UBA3,28.886460725778864
UBA6,140.38066227259483
UBA7,0.07188146159375726
UBE2A,31.950385449916002
UBE2B,18.021329195048942
UBE2C,51.8696045919263
UBE2D1,4.255975487954188
UBE2D2,22.103203097751617
UBE2D3,851.9851070728258
UBE2D4,4.073867692784308
UBE2E1,74.85841055041746
UBE2E2,2.2326058748739803
UBE2E3,12.525899542418372
UBE2F,1.7544894371213091
UBE2G1,6.797827648006647
UBE2G2,9.674050984577681
UBE2H,53.67200955953459
UBE2I,723.9409970288749
UBE2J1,2.0477972717261426
UBE2J2,57.79194396254951
UBE2K,378.17691701804563
UBE2L3,921.7624850159167
UBE2L6,5.214707764789725
UBE2M,126.25478233373562
UBE2N,87.53064380196389
UBE2NL,0.3354345050980549
UBE2O,6.614100964617439
UBE2Q1,6.104527922150281
UBE2Q2,0.6637017134410137
UBE2QL1,0.2640053967101161
UBE2R2,3.259174144779181
UBE2S,277.59117127691496
UBE2T,7.312804586874888
UBE2U,0.023784263818109993
UBE2W,5.99541531684536
UBE2Z,72.30489549600144
UBE3A,9.128387378371594
UBE3B,6.439888920414152
UBE3C,3.595152446358188
UBE4A,0.4346422572175498
UBE4B,2.003271744726363
UBLCP1,18.058509912877565
UBR1,0.3380529236402808
UBR2,0.9788559451898793
UBR3,0.013989988279104089
UBR4,17.47843628962375
UBR5,0.9631570410431425
UBR7,9.051046273938738
UCK1,4.117332423942893
UCK2,10.70987469264539
UCKL1,20.57784795050024
UCP1,0.027505267922313437
UCP2,3.2068611224710026
UCP3,0.14005331777460145
UEVLD,4.876088416397743
UGCG,3.8191222575500086
UGDH,42.47799444982917
UGGT2,2.072824165816294
UGP2,700.5289340218764
UGT1A1,0.0080787935699439
UGT1A10,0.0019246457941049057
UGT1A3,1.0114790584917612
UGT1A4,0.0951329295757727
UGT1A5,0.4044927492424471
UGT1A6,0.5351223064189874
UGT1A7,0.002802129233255834
UGT1A8,0.0019246457941049057
UGT1A9,0.11549856641655931
UGT2A1,0.3354345050980549
UGT2A3,0.00045851665854502506
UGT2B10,1.2536713325042186
UGT2B11,0.23720441855058141
UGT2B15,0.005818785546422526
UGT2B17,0.002802129233255834
UGT2B28,0.6936387983112186
UGT2B4,0.7544150219594951
UGT2B7,0.004757922196902658
UGT3A1,0.12021469926971337
UGT3A2,0.006927151436557297
UGT8,1.1267627612416486
UHMK1,13.527570396303194
UHRF1,0.3354345050980549
UHRF2,9.196925087514117
ULK1,4.755715541465964
ULK3,3.2927774648455355
ULK4,0.6461008992555167
UMPS,138.84005823325353
UPB1,0.14652210009264197
UPP1,6.734643159135743
UPP2,0.3354345050980549
UPRT,2.3014363809003813
UQCR10,27.961268975456964
UQCR11,63.34926867434868
UQCRB,1037.670897032523
UQCRC1,2890.0330867180173
UQCRC2,996.1894031697797
UQCRFS1,127.92765091420111
UQCRH,191.28469964559687
UQCRQ,88.95928105391492
UROC1,0.3822824415744883
UROD,76.57700271160168
UROS,10.887180099388681
USP1,10.533779575929799
USP10,3.028740203560908
USP11,8.38952632360759
USP12,8.899672476541923
USP13,1.6174666267268947
USP14,109.79956690921082
USP15,5.722081020079772
USP16,12.060679976235317
USP17L2,0.00045851665854502506
USP17L22,0.04998256910149056
USP17L30,0.050968258904732194
USP17L5,0.050968258904732194
USP17L9P,0.3354345050980549
USP18,0.9765340120134043
USP19,0.806604437402255
USP2,0.14005331777460145
USP20,1.5972278220867442
USP21,6.789394195869283
USP22,16.98767983144299
USP24,0.8434686898669899
USP25,0.0668432739625532
USP26,0.08118014005684498
USP28,4.164688513448296
USP29,0.08228852752006045
USP3,0.4680318727227946
USP30,0.12838533294849072
USP31,0.6526484722313985
USP32,0.45626521046988355
USP33,9.785833628455546
USP34,12.060679976235317
USP35,1.0822753774464946
USP36,10.127040432129384
USP37,0.5814919025380717
USP38,1.5891490415828813
USP4,2.171462907152144
USP40,0.43840076888171503
USP41,1.3982020311734822
USP42,0.695579884211546
USP43,0.3182451053248144
USP44,0.002802129233255834
USP45,0.6723833674229155
USP46,1.2588583002011104
USP47,2.641010884589305
USP48,0.33494007655306535
USP49,0.38920350994584163
USP51,0.002802129233255834
USP6,0.002802129233255834
USP7,12.749664035863702
USP8,0.29414146514408396
USP9X,2.2969712258917445
USP9Y,0.00045851665854502506
UST,0.4633392366027411
UXS1,36.81658986967059
VARS,146.50983246944267
VARS2,95.61438808987009
VKORC1,99.40280713155006
VNN1,0.027505267922313437
VNN2,0.00045851665854502506
VNN3,0.3354345050980549
VRK1,82.53989662302311
VRK2,3.8813022824982717
VRK3,11.326337580249639
WARS,385.49327670505585
WARS2,4.8088665356775335
WDYHV1,8.899672476541923
WEE1,3.097859674808025
WEE2,0.00045851665854502506
WNK1,0.8636326146068495
WNK2,0.17769836024389118
WNK3,0.009270301056976704
WNK4,3.2593023865703437
WWOX,1.2933717109694902
WWP1,14.739621079156981
WWP2,0.027564142658846765
XDH,0.05650774005008752
XPO6,0.2515817590889583
XPO7,8.128250197827379
XYLB,1.145422209780359
XYLT1,0.004757922196902658
XYLT2,7.91592924530053
YARS,1169.9962296693886
YARS2,14.050457799033278
YES1,27.71569195418594
ZADH2,4.455337842770069
ZAP70,0.0080787935699439
ZC3HAV1,0.9588301280395156
ZNRD1,3.425456779308431
ZNRF1,6.755382802784562
ZNRF2,0.9656742118855259
ZSWIM2,0.015679988656711358
