A4GALT,44.847526009694135
A4GNT,0.08905083474640568
AACS,104.99009274196737
AADAC,0.1928827681946058
AADAT,1.9803065540651117
AAK1,27.21543647004671
AANAT,0.03345893689916922
AARS,453.163350338186
AARS2,4.135297045422425
AASDH,2.956199466747565
AASDHPPT,10.164813602737643
AASS,9.600960982402993
AATK,0.23663834962177724
ABAT,164.45391010958005
ABCA1,2.725636873106957
ABCA3,7.037765705203396
ABCA4,0.2206415799235114
ABCA8,7.088760187415041
ABCB1,36.812644989746936
ABCB11,8.599247377741995e-05
ABCB4,0.11593990582591375
ABCB6,9.381528917984035
ABCC1,0.42616775185214406
ABCC11,0.028022850869645143
ABCC2,11.314442015215809
ABCC3,5.724382964471464
ABCC4,15.39434496290285
ABCC5,8.039450170459501
ABCC8,0.024530538206498118
ABCC9,0.7001483289010411
ABCD1,4.2867928773336335
ABCD2,0.06181290584698647
ABCD3,154.4293671515947
ABCG2,0.7365255274014549
ABCG5,0.023855065320612205
ABCG8,0.014868650224471753
ABHD12,32.0450642625562
ABHD5,3.5422457870021296
ABHD6,45.11454203877181
ABL1,23.11296158759194
ABL2,0.7393477394140735
ABO,39.02464213331021
ACAA1,802.7414431494311
ACAA2,888.4944894990848
ACACA,8.222562841698185
ACACB,14.73729411281368
ACAD10,34.88907096417705
ACAD11,0.9407823005826809
ACAD8,87.6304533717477
ACAD9,385.397612688933
ACADL,13.573974450225139
ACADM,453.6072058062493
ACADS,117.17989704733614
ACADSB,773.7678964152542
ACADVL,1122.210512427323
ACAT1,1401.1678784108994
ACAT2,16.748593322282428
ACE,18.618652295247905
ACE2,59.89787730745048
ACER1,0.015554339699422416
ACER2,0.4533547041813372
ACER3,3.577354174929509
ACHE,0.25364502169029024
ACLY,104.10423787437232
ACMSD,353.74268500326986
ACO1,144.6580357027451
ACO2,283.29261156215074
ACOT1,11.345198971229921
ACOT11,22.472812193755477
ACOT12,1.1180938546265413
ACOT13,29.438872071444184
ACOT2,33.35703197199287
ACOT4,14.050268153624184
ACOT6,1.2902596494314593
ACOT7,73.99419994020455
ACOT8,41.30243878378973
ACOX1,10.31744541571969
ACOX2,110.88424328893488
ACOX3,5.100664936773869
ACP1,6810.861229580761
ACP2,13.382441478566104
ACP4,0.0036202735317779565
ACP5,241.61031192547347
ACP6,32.38196440765745
ACP7,0.44999467512671487
ACPP,14.236930925873942
ACSBG1,0.05807983807548216
ACSBG2,0.12268842308178797
ACSF2,712.2585250409597
ACSF3,10.218079794211187
ACSL1,333.6218904849755
ACSL3,6.900786789497345
ACSL4,10.626399300486822
ACSL5,3.468497139566239
ACSL6,0.4760610728407465
ACSM1,0.5169144383223857
ACSM2A,875.6665327937168
ACSM2B,914.5186508658229
ACSM3,111.8259885589838
ACSM4,0.0003747716080821906
ACSM5,30.394182909377186
ACSS1,65.2297024206029
ACSS2,107.73556654358691
ACSS3,27.71552624344799
ACVR1,17.8024800446204
ACVR1B,43.312759796637835
ACVR1C,0.05225386761714005
ACVR2A,2.642696661872997
ACVR2B,0.6065666482607226
ACVRL1,10.648505876097001
ACY1,295.74178936930514
ACY3,757.6264279542157
ACYP1,4.121376134373096
ACYP2,3.2631356382619865
ADA,0.6826572475730088
ADCY1,0.8492427608538182
ADCY10,0.005270146173109242
ADCY2,0.0655494698691313
ADCY3,2.702325340252195
ADCY4,4.062477414538942
ADCY5,3.9848504018198234
ADCY6,20.665573569843012
ADCY7,0.7637796816056642
ADCY8,0.012526114791699483
ADCY9,12.793188373428306
ADH1A,0.3612776616152504
ADH1B,43.097634026632015
ADH1C,28.592987240537717
ADH4,0.01786696898870867
ADH5,904.3350109787106
ADH6,41.977538772345866
ADH7,0.16092064117799143
ADHFE1,9.917077602853768
ADI1,534.5864842833861
ADK,13.710026554933684
ADO,14.82996325007418
ADPGK,47.91145179299475
ADPRH,13.27101785533621
ADSL,548.3802631399408
ADSS,120.95664921354785
ADSSL1,15.154353058374134
AFMID,177.4837941901168
AGA,52.41571259163735
AGK,9.371651848537866
AGL,0.6812281486928367
AGMAT,800.5047724912515
AGPAT1,2.810425850509767
AGPAT2,83.97516461519626
AGPAT3,127.63134502163561
AGPAT4,0.2780541184962178
AGPAT5,7.037434234367504
AGPS,26.858163116295948
AGT,50.732962689715045
AGXT,89.02215069847051
AGXT2,486.882703199178
AHCY,21539.74261674511
AHCYL1,55.71296793535331
AHCYL2,14.289866513147349
AICDA,0.000517773514317783
AK1,203.1516290459967
AK2,815.6289512673839
AK3,38.38862911294063
AK4,1536.2528381220807
AK5,0.28249856247953503
AK7,1.2579859179521162
AKR1A1,1201.1420846073088
AKR1B1,100.11388606041507
AKR1B10,2.1523958393328586
AKR1B15,0.017593604085219827
AKR1C1,40.233644052004806
AKR1C2,1.8801442826812071
AKR1C3,115.6466325767684
AKR1C4,0.07614459305006331
AKR1C8P,0.3354345050980549
AKR1D1,3.5763124860476507
AKR7A2,520.3545631003605
AKR7A3,268.55755322412716
AKT1,5.624466319834524
AKT2,2.5766814070101094
AKT3,6.9648086280623085
ALAD,1791.8105711032467
ALAS1,65.93714146011901
ALAS2,0.016003519473262246
ALB,888.5407219222677
ALDH18A1,147.73216246077135
ALDH1A1,703.2967673850641
ALDH1A2,13.043664521222828
ALDH1A3,2.043952691509181
ALDH1B1,145.5979041969988
ALDH1L1,644.3966909364759
ALDH1L2,0.044019627079380244
ALDH2,4542.498117164217
ALDH3A1,0.24004815352633102
ALDH3A2,548.1132209730814
ALDH3B1,26.135156696093134
ALDH3B2,0.323796678776159
ALDH4A1,1483.8408278722352
ALDH5A1,21.51925591180256
ALDH6A1,892.9584260797167
ALDH7A1,49.85507387677353
ALDH9A1,2070.000809302222
ALDOA,4885.312928968383
ALDOB,73332.84579567898
ALDOC,5.423398873490851
ALG1,3.019652300495021
ALG10,0.40733875011854487
ALG11,1.9267491741188145
ALG12,27.68525194203795
ALG13,4.847361689676936
ALG14,12.973321261578478
ALG1L,0.07565275199625383
ALG1L2,0.002431712114768935
ALG2,96.61552004868754
ALG3,1.8818342983197143
ALG5,64.34312984996618
ALG6,1.9369346526001119
ALG8,18.373780870556953
ALG9,2.754764171720303
ALK,0.0030204637636750387
ALLC,0.1324073618483208
ALOX12,0.4179266910105577
ALOX12B,0.0982985863430546
ALOX15,0.002093555003884832
ALOX15B,0.004858160904829398
ALOX5,3.070910791399679
ALPG,2.1334538652401167
ALPI,1.0487967317358098
ALPL,189.54175093996895
ALPP,0.00018116263937600357
AMACR,214.40589601465078
AMD1,57.06484008258127
AMDHD1,5.311637036572186
AMDHD2,16.602992744652997
AMFR,1.1363731247170854
AMHR2,0.0016922075471269274
AMN,294.06201902029017
AMPD1,0.003205578904966261
AMPD2,7.854179232569148
AMPD3,6.686092244436199
AMT,42.92139755342715
AMY1A,2.6438139326066277
AMY1B,2.6438139326066277
AMY1C,2.6438139326066277
AMY2A,0.02154797527075068
AMY2B,4.809284301443686
ANAPC11,81.13843093208152
ANGPTL4,13.396843436925922
ANKRD1,0.20563076718236728
ANPEP,1889.247313481331
ANXA3,435.85118416897126
AOAH,0.5280661941337368
AOC1,0.022327631781835014
AOC2,0.12362606456302296
AOC3,18.67605418687691
AOX1,277.0848948183223
APOA1,0.4799083664648363
APOA2,0.144540494380347
APOA5,0.0003224481542536997
APOB,0.015155343756158606
APOC1,12.369402894581002
APOC2,27.211319250515267
APOC3,11.00196034182199
APOE,16547.60907169986
APRT,1157.434849236391
AQP1,6455.528703619954
AQP10,0.0003601913210335763
AQP2,5585.756089095926
AQP3,1386.2246384697405
AQP4,0.37024038560389866
AQP5,0.530367202265335
AQP7,47.25374644113395
AQP8,0.0015689477281185102
AQP9,0.12595304919042613
ARAF,1.9408555484953796
ARCN1,212.849093647539
ARG1,0.0023314678195324725
ARG2,135.8114102503908
ARSA,21.946331295554963
ARSB,8.982969759464886
ART1,0.0737568165306888
ART3,0.007913680591463124
ART4,1.4610517886651244
ART5,0.5444814279893142
AS3MT,0.05121712923968161
ASAH1,280.95455787797306
ASAH2,0.030196582720473562
ASH1L,0.020235367132619808
ASL,1161.316623665824
ASMT,0.0566304971118221
ASNS,139.7150895581794
ASPA,37.99541666427028
ASPG,3.429473527418032
ASPH,100.35069885617135
ASRGL1,27.174907566539087
ASS1,8727.68413905038
ATE1,9.027600586713284
ATIC,473.88379379940545
ATM,0.7184370220958302
ATP10A,4.087664574842624
ATP11A,18.54426647072305
ATP11C,3.550001048805902
ATP1A1,570.8611358994469
ATP1A2,2.40404514824717
ATP1A3,0.025231554023748593
ATP1A4,0.0001132357745075105
ATP1B1,7133.19985917787
ATP1B2,12.120927108778424
ATP1B3,44.93567471898093
ATP1B4,0.0011785802261163874
ATP2B1,10.651332181199463
ATP2B2,0.013234827266986418
ATP2B3,0.01928347230169017
ATP2B4,12.748273500161732
ATP4A,0.00013210218369885202
ATP4B,0.1942673343377334
ATP5F1A,124.53265572432873
ATP5F1B,167.30632217246165
ATP5F1C,21.50971022167614
ATP5F1D,155.46511749348954
ATP5F1E,125.55773209538297
ATP5MC1,4.311892001287344
ATP5MC2,2.868050998110428
ATP5MC3,5.997867959791037
ATP5ME,117.38991896387836
ATP5MF,1.481717785000078
ATP5MG,179.57272888452187
ATP5MGL,23.718922705117464
ATP5PB,5.524565248774745
ATP5PD,6.7181129554220975
ATP5PF,4.959033242795014
ATP5PO,42.13932100131758
ATP5S,0.3354345050980549
ATP6V0A1,3.995890232938991
ATP6V0A2,0.6392635684788933
ATP6V0A4,259.5348078147857
ATP6V0B,1065.3631033906718
ATP6V0C,1417.0358479101892
ATP6V0D1,1035.6879387702716
ATP6V0D2,286.80462315029
ATP6V0E1,1151.690548027635
ATP6V1A,725.4972942111509
ATP6V1B1,866.2280869045093
ATP6V1B2,1271.9452830952246
ATP6V1C1,33.43010361678828
ATP6V1C2,22.186578236335688
ATP6V1D,102.9927748943157
ATP6V1E1,264.32914718820206
ATP6V1E2,0.4202225575475508
ATP6V1F,80.63607037124142
ATP6V1G1,57.917393137960005
ATP6V1G2,0.02954127792795751
ATP6V1G3,57.18407828919679
ATP6V1H,53.94933594518018
ATP7A,1.7820892863718159
ATP7B,1.66668996229258
ATP8A1,3.112902845729035
ATP8B1,7.105039714431921
ATP8B2,3.6099441622426434
ATR,0.03331426739063486
AUH,18.339773259744952
AURKA,0.01666999353128735
AURKB,0.09110416211992316
AURKC,0.24978178012448435
AWAT1,0.0633604788899994
AWAT2,0.6905945531355334
AXL,0.03951299963056412
AZIN2,0.7963414524148358
B3GALNT1,11.130572670897289
B3GALNT2,3.4064659052778756
B3GALT1,0.0002724893423218226
B3GALT2,0.14804228311837245
B3GALT4,0.38736316336681337
B3GALT5,0.020261345941266485
B3GALT6,6.546496896337205
B3GAT1,1.1089799097363475
B3GAT2,0.00032416229627508527
B3GAT3,29.807522769230165
B3GLCT,0.7866139610071975
B3GNT2,29.254207667110485
B3GNT3,0.37897469355513463
B3GNT4,1.5223592589682253
B3GNT5,1.4999982451479719
B3GNT6,0.0006108590171765199
B3GNT7,0.8010600240280947
B3GNT8,2.5970417211563555
B3GNT9,5.090483304456179
B3GNTL1,0.5861938534692223
B4GALNT1,0.04103670589899285
B4GALNT2,1.9243743306521763
B4GALNT3,10.69299615521636
B4GALNT4,0.01793690392695866
B4GALT1,123.81836386159789
B4GALT2,17.208649191406796
B4GALT3,25.889186502565515
B4GALT4,17.127540522817835
B4GALT5,34.57536577798312
B4GALT6,0.7769503012539086
B4GALT7,26.85327063124309
B4GAT1,2.277812689362301
BAAT,0.009869938419464293
BARD1,0.13092529994464105
BBOX1,906.5489302078154
BCAP31,1735.406963323695
BCAT1,0.1918848753058389
BCAT2,48.01830874441628
BCHE,1.3752513563903652
BCKDHA,22.145843429231775
BCKDHB,13.30319182651901
BCKDK,61.78148315852497
BCO1,0.06461878427195712
BCR,1.4139977612896264
BDH1,16.55990676864554
BDH2,44.23686084290456
BHMT,3439.2886280387975
BHMT2,980.4372350271505
BIRC6,3.6344619580419053
BLK,0.04938324017204578
BLVRA,791.2074872717404
BLVRB,2480.274623397747
BMP1,3.4164312164982977
BMP2K,0.4252148514826994
BMPR1A,1.999922606058063
BMPR1B,2.3408713398648833
BMPR2,10.733556504348572
BMX,0.06400475233611513
BPGM,20.35917874402136
BPNT1,26.500152624038055
BRAF,0.7980618758320505
BRAP,0.1884619538532801
BRPF1,4.517583052222151
BRSK1,0.1340892221037259
BRSK2,0.017118728857429585
BSCL2,2.5023414273205935
BSG,213.14927993673805
BTD,45.13206413058212
BUB1,0.01757892943529558
BUB1B,0.006089780794063933
C1GALT1,7.983602922260729
CA1,0.0013229328340533676
CA12,2208.6440142591314
CA13,19.26480828187055
CA14,0.12391300339030684
CA2,1466.7546469466063
CA3,0.3665399900515869
CA4,79.63244083571578
CA5A,0.024900302516779247
CA5B,0.3522662297015166
CA6,10.425839500790367
CA7,0.008514556807160262
CA8,3.234412204735948
CA9,0.07322261421388711
CAD,26.79388704598067
CALM1,453.49565844613073
CAMK1,15.07868810234002
CAMK1D,0.2037011612668964
CAMK1G,1.205760271923294
CAMK2A,0.5790789529004844
CAMK2B,0.5019083081797469
CAMK2D,173.65906505916675
CAMK2G,15.71157842735966
CAMK4,0.022165904815551266
CAMKK1,0.5447259194674838
CAMKK2,12.443772922040884
CANT1,22.622916374004912
CARM1,11.35791667260528
CARNS1,0.22181052690573413
CARS,12.500757371716125
CARS2,25.90417083051131
CASK,14.064180400559602
CAT,789.8743287862602
CBLC,5.085632124521858
CBLL1,4.184565145976017
CBLL2,0.027434690025870352
CBR1,357.6452647512156
CBR3,39.62865006371892
CBR4,103.09425513553641
CBS,2.134825554183033
CBSL,0.3354345050980549
CBX1,87.64894007362567
CCNB1IP1,30.08817863112444
CD36,1.6073444616244872
CD38,0.07099664001354392
CDA,117.30507465304622
CDC14A,3.1961021072080524
CDC14B,7.323013204488983
CDC25A,0.15070900226034878
CDC25B,6.143717402283276
CDC25C,2.547727864092958
CDC34,5.489811844030494
CDC42BPA,3.039842702796797
CDC42BPB,4.646543674489654
CDC42BPG,4.168966716745458
CDC7,0.24330645544729246
CDIPT,202.1892138761142
CDK1,0.30467194449114693
CDK10,93.78412913348009
CDK11A,3.5419974612897143
CDK11B,5.724801624295236
CDK12,3.973972855454439
CDK13,5.918380565980573
CDK14,18.295264300897905
CDK15,0.0034312700357551147
CDK16,50.14216175708011
CDK17,3.19709923426915
CDK18,51.06275462337797
CDK19,2.8684354334034756
CDK2,6.480110098829665
CDK20,7.773428054797202
CDK3,1.5727061588340354
CDK4,12.831379950989959
CDK5,32.56982406126208
CDK6,13.462884367038685
CDK7,37.83395356892075
CDK8,5.370981354245368
CDK9,40.397067282724095
CDKL1,28.110033611181148
CDKL2,1.5156373609248188
CDKL3,0.3276814431659064
CDKL4,0.004594792757061314
CDKL5,0.7728696111914111
CDKN3,0.08526740467247113
CDO1,0.4790399720889098
CDS1,10.076748775151756
CDS2,14.452167320546346
CDY1,0.256335927830294
CDY1B,0.256335927830294
CDY2A,0.04923577690024244
CDY2B,0.04923577690024244
CEL,4.893389130317781
CEPT1,7.016905656440734
CERCAM,18.357743874376002
CERK,52.04589236900187
CERS1,0.0013750842197787665
CERS2,587.976597482862
CERS3,0.004908661706702838
CERS4,108.41971364782472
CERS5,22.25986587894785
CERS6,3.342219074604735
CES1,3.2389570577816325
CES2,247.02352082012789
CES3,17.823552924755433
CES5A,0.008441104513279268
CFTR,0.3500578321202985
CH25H,0.5405735685576327
CHAT,0.014545141103376102
CHD9,5.316862367099951
CHDH,120.03892898265119
CHEK1,0.3212571804509636
CHEK2,0.3916776768056133
CHFR,3.2083794484237593
CHI3L1,44.644412347594404
CHIA,0.0029830075345379896
CHIT1,0.019815128694858568
CHKA,3.5503226237869154
CHKB,0.07139744369086887
CHMP4A,56.03439150188301
CHPF,44.994019875423064
CHPF2,13.480644852253333
CHPT1,83.14146865663683
CHST1,0.3922761191549334
CHST10,2.659772471098065
CHST11,0.7258906667377162
CHST12,6.784542526901805
CHST13,1.8059586452794585
CHST14,0.7043084689070573
CHST2,5.514299065463488
CHST3,12.157783886235512
CHST4,0.0034084825237740922
CHST5,0.021683693362135232
CHST6,0.0043018719032213056
CHST7,0.9858204514630956
CHST8,0.0030596185289066134
CHST9,0.5539846096153734
CHSY1,12.183936443003207
CHSY3,0.036452691314636014
CHUK,2.0405500669489274
CHURC1-FNTB,0.0008892947733213758
CIDEA,0.7268573931787088
CINP,1.38885927376069
CIT,4.9331350080147836
CKB,774.1265905753262
CKM,0.027529874948641585
CKMT1A,3.00998169303455
CKMT1B,1.7978176631009677
CKMT2,20.048450460560222
CLC,0.0016455544723598529
CLCF1,6.8855445484183315
CLK1,1.329702532323966
CLK2,11.529413543343408
CLK3,1.0161972787605877
CLK4,0.49723640478465747
CLOCK,2.595043046437072
CLPS,9.828993754263943
CLTRN,0.5786685643266595
CLYBL,8.868245715003452
CMA1,0.09571724036095314
CMAHP,4.353315301374944
CMAS,19.590207912512575
CMPK1,591.5084492624537
CMPK2,0.37372562666561476
CMTR1,4.115778316984253
CNDP1,1.3543828972044407
CNDP2,598.5974557768855
CNOT4,4.243668761530717
CNP,42.84887169135268
COASY,1018.3959819376275
COL4A3BP,2.9147592740076824
COLGALT1,4.827811645801103
COLGALT2,0.08819212596505183
COMT,136.29550757420793
COMTD1,904.3598910184801
COP1,0.4785008438550989
COPA,214.12096239286183
COPB1,242.34335307637792
COPB2,77.05825355935838
COPE,1011.7636485879947
COPG1,204.08805974285278
COPG2,88.94256807069965
COQ2,3.274239026427564
COQ3,6.040316698511217
COQ5,4.404273529144448
COQ6,34.199871628142816
COQ7,0.42382616402520107
COX1,7.766401376158287
COX17,32.411770231462214
COX2,5.3369352212394165
COX3,0.33446363282071023
COX4I1,1651.2179670789535
COX4I2,0.4196803624807029
COX5A,525.6713788395465
COX5B,1135.0062643980114
COX6A1,25.395466482055017
COX6A2,3.387919207917127
COX6B1,192.35198220178103
COX6B2,0.011594605244984
COX6C,151.84820448339931
COX7A1,63.697153475246935
COX7A2,43.2810088866387
COX7A2L,310.89451253082416
COX7B,1321.097682796077
COX7B2,0.3354345050980549
COX7C,551.266128107896
COX8A,3345.3957382157164
COX8C,0.7410518340738615
CP,0.09755097572086163
CPA1,0.22779868274859175
CPA2,0.007628302034367391
CPA5,0.003970810062568976
CPA6,0.0009066309440676087
CPOX,24.825310922100147
CPS1,0.7182574301777326
CPT1A,1.6221438478814578
CPT1B,0.08626114783023725
CPT1C,0.16261903641864794
CPT2,240.96468198597185
CRAT,39.81399113720023
CREBBP,0.16914109503887562
CRLS1,18.129564085336522
CROT,16.723609400343552
CS,3616.7163332567393
CSAD,6.90869915535074
CSF1R,6.882969720297543
CSGALNACT1,3.524232757604031
CSGALNACT2,3.0423045012661767
CSK,19.76453193344849
CSNK1A1,54.43939010540213
CSNK1A1L,0.051243686059379276
CSNK1D,96.91942425891129
CSNK1E,2.332922745215388
CSNK1G1,2.1374856949220344
CSNK1G2,35.88541649881946
CSNK1G3,4.523073308859508
CSNK2A1,325.77815557446223
CSNK2A2,264.2363236332481
CSNK2B,70.48323384602429
CTBP1,124.83933756999832
CTDP1,1.8660127717692356
CTDSP1,211.18898344986044
CTDSP2,126.50906410223101
CTDSPL,52.602595248120366
CTDSPL2,1.4150406328807508
CTGF,0.3354345050980549
CTH,6.998645976138966
CTPS1,0.2774814774265704
CTPS2,2.4019217671543585
CTSA,647.7593468533727
CTSB,3845.5812506622606
CTSC,59.68528350052528
CTSD,10023.252907208886
CTSE,0.06152983875747385
CTSF,200.21758533538852
CTSG,0.18493332181017694
CTSH,3426.6605049666277
CTSK,3.215331601029573
CTSL,22.309476873829027
CTSO,31.205024458096077
CTSS,5.67449957654214
CTSV,0.5139622638412911
CTSW,0.3999631365666118
CTSZ,13.319235859722168
CUBN,275.7120759158651
CWC27,7.818006682197575
CYB5D1,13.851709356195919
CYB5R1,150.34435563581292
CYB5R2,2.477630333564778
CYB5R3,3860.003915228953
CYBB,2.1558143441233266
CYBRD1,33.63724343359002
CYC1,1119.2611448264158
CYLD,2.524417110714549
CYP11A1,0.2545600598425631
CYP11B1,0.8426372984421979
CYP11B2,0.00048160592402754466
CYP17A1,203.23702103430765
CYP19A1,0.00046455987561814794
CYP1A1,0.002849476382363603
CYP1A2,0.005298415831031214
CYP1B1,21.1194569812818
CYP21A2,0.0014881583567159773
CYP24A1,11.578708383043805
CYP26A1,0.0030686367032869283
CYP26B1,4.0299627379540475
CYP27A1,118.102523128375
CYP27B1,82.11123822048597
CYP2A13,0.04638837469548625
CYP2A6,0.013883916027064859
CYP2A7,0.0006919149184953735
CYP2B6,25.873692184287474
CYP2C18,0.0184072379786463
CYP2C19,0.001318999066783302
CYP2C8,0.727527761369846
CYP2C9,0.3485296434533454
CYP2D6,0.6861301049165524
CYP2E1,5.242621149285615
CYP2F1,0.0009637526158084751
CYP2J2,2.4328496592274114
CYP2S1,0.079732018971028
CYP2U1,2.71753727529113
CYP39A1,4.083897086845421
CYP3A4,0.7329473540848721
CYP3A43,0.03919668370198468
CYP3A5,1.3478762826776238
CYP3A7,0.5754409343906296
CYP46A1,0.9554956011732757
CYP4A11,1326.3397685543928
CYP4B1,0.19944466342138564
CYP4F11,0.26966267388143067
CYP4F12,1.6618221307699075
CYP4F2,27.215620294996388
CYP4F22,0.0313542799395433
CYP4F3,26.155308488116567
CYP4F8,0.012408817519217854
CYP4V2,47.50057993291112
CYP4X1,2.5377012931680554
CYP4Z1,0.008138956981874865
CYP51A1,156.04911421023164
CYP7A1,0.0018935429780253263
CYP7B1,2.778298336712162
CYP8B1,49.78480333133616
CYTB,10.283962318241796
DAD1,1021.6033509748061
DAGLA,1.1862787470036893
DAGLB,5.094287271356997
DAO,257.5263056542818
DAPK1,16.644703826163127
DAPK2,0.9386808528142638
DAPK3,3.1024303028224876
DARS,3282.0526784968933
DARS2,18.294235162362718
DBH,1.5416328166573405
DBI,228.48537908968288
DBT,7.117852697165849
DCK,5.547733932887556
DCLK1,8.427285224487195
DCLK2,1.2150191033971074
DCT,0.008871427573782812
DCTD,20.10460399196226
DCTPP1,57.661008049097084
DCXR,2570.9214649836626
DDAH1,460.05837081881134
DDAH2,24.69511982400495
DDC,711.720330439009
DDO,9.844532999425207
DDOST,821.8026061353172
DDR1,19.311407541643348
DDR2,1.1837756372336778
DECR1,317.0757338081525
DECR2,141.05709024855014
DEGS1,9.173268450456375
DEGS2,4.708049389604822
DERA,144.09948168858563
DGAT1,13.699412079127288
DGAT2,1.9562565409773098
DGKA,1.2035566090005758
DGKB,0.14526890637420087
DGKD,1.8186105250589624
DGKE,0.7016521713194797
DGKG,0.38088653235328035
DGKH,0.35253411250952416
DGKI,0.3971440696588638
DGKQ,2.5845638813221172
DGKZ,6.508281262486983
DGUOK,22.55296949293416
DHCR24,3.1084372258023247
DHCR7,25.709831048309933
DHDH,68.84072152651801
DHFR,224.6963815696371
DHODH,4.453055670714699
DHRS2,0.21966281576485078
DHRS3,292.82327559118824
DHRS4,1072.7519947008054
DHRS9,0.030281911752419326
DIO1,6.818956892816196
DIO2,1.281436964376737
DIO3,0.019432010617054754
DLAT,672.0525314113496
DLD,1929.9788257430637
DLST,406.1511935708692
DMGDH,210.84437792913215
DMPK,18.763449294763735
DNAJC6,2.3230215462533494
DNMT1,4.658011691918573
DNMT3A,1.8293147795009759
DNMT3B,0.43121562325132873
DNMT3L,1.4077730352998161
DOLPP1,8.298225961949958
DOT1L,6.05415514237708
DPAGT1,22.392692388779242
DPEP1,4492.384776954538
DPEP2,0.4827823201867624
DPEP3,0.006456692371350649
DPH5,68.82799765509607
DPM1,748.2856713600537
DPM2,38.33180103401464
DPM3,44.45177514664708
DPYD,4.4681852875702806
DPYS,575.6724873004839
DPYSL2,2319.7813107869597
DPYSL3,21.152077007369527
DSTYK,4.37415317348222
DTYMK,21.31519598187981
DUOX1,0.15450332753461204
DUOX2,0.1518122616333951
DUPD1,0.11783200419515537
DUSP1,337.8747314676888
DUSP10,0.7532631217093269
DUSP11,15.169753049883214
DUSP12,5.789602891668204
DUSP13,0.0036542890743298286
DUSP14,1.324796428605209
DUSP15,32.74167108801001
DUSP16,8.026281264110263
DUSP18,1.2080315708179943
DUSP19,0.3819869147585481
DUSP2,2.756911696147482
DUSP21,0.08186674790155296
DUSP22,11.829193009080743
DUSP23,155.9550384439272
DUSP27,0.0018873753997148664
DUSP28,0.7474312334460034
DUSP3,567.7579596299877
DUSP4,0.12191218143100453
DUSP5,13.194877055263179
DUSP6,130.55024540552105
DUSP7,4.47048420699743
DUSP8,11.774921317137244
DUSP9,77.63284300855781
DUT,181.3059896510124
DYRK1A,9.671865643116293
DYRK1B,13.121273976550134
DYRK2,1.6164259348401868
DYRK3,1.8804591418585022
DYRK4,5.815141540227271
DZIP3,4.993325939373113
EARS2,1.390892191068402
EBP,1244.0792195942627
ECH1,1603.2218844796016
ECHDC2,202.46067696918317
ECHS1,3883.5292488585887
ECI1,399.08336287576776
ECI2,417.36223311756345
EGFR,2.1087354930489592
EHHADH,225.8268536311489
EHMT1,0.6969232397587758
EHMT2,0.18331402948412848
EIF2AK1,56.97485748659062
EIF2AK2,27.759634878860858
EIF2AK3,6.230631920085361
EIF2AK4,0.338486567233829
EIF4EBP3,11.72637693949275
ELOVL1,11.622794768322597
ELOVL2,0.008624367100122298
ELOVL3,0.029671739548713116
ELOVL4,0.40058812435687935
ELOVL5,1.2772488125866461
ELOVL6,2.8478346098318443
ELOVL7,10.219642993331542
ELP3,3.0920668561529867
ENGASE,5.320498296799141
ENO1,1469.0450757793158
ENO2,3.1715637426803394
ENO3,51.044637644305425
ENOPH1,168.3370038995475
ENPP1,2.8837868931923567
ENPP2,54.847746954671976
ENPP3,4.836522533239019
ENPP6,21.409416142991688
ENPP7,7.671613886273246
ENTPD1,2.1648272939679303
ENTPD2,6.630649474925257
ENTPD3,0.3292556648641436
ENTPD4,6.252468426166076
ENTPD5,75.97722902959252
ENTPD6,48.7730174978744
ENTPD8,1.0179268850560161
EP300,2.223347809628746
EPHA1,2.37444186226162
EPHA10,0.024679118561195017
EPHA2,2.2401459479631862
EPHA3,0.3164058677803069
EPHA4,1.5300306648690132
EPHA5,0.0005689721715360566
EPHA6,0.010050707586178504
EPHA7,2.9785946465697064
EPHA8,0.0014945233147510275
EPHB1,0.1578919480904317
EPHB2,0.055990119725723826
EPHB3,2.9677301014482875
EPHB4,1.521943936991171
EPHB6,2.775140241404141
EPHX1,309.08705762110725
EPHX2,334.21240187124016
EPM2A,5.1657235319366315
EPRS,29.138154279699453
EPX,0.0719343240766889
ERBB2,1.885253371307277
ERBB3,50.72155755332676
ERBB4,3.0199424242360386
ERN1,1.6181232959873835
ERN2,0.0003546818345545345
ESD,2044.3992398101693
ETFA,8468.134554145054
ETFB,5490.155651723889
ETFDH,56.68520066408335
ETNK1,11.01348194048004
ETNK2,306.7609889745854
ETNPPL,1.3663166774328985
EXT1,15.610267836104851
EXT2,29.60287449053084
EXTL1,0.024248969978178554
EXTL2,11.412208195001652
EXTL3,9.434076819750452
EYA1,0.007855431715264392
EYA2,4.095363680831057
EYA3,2.943133265188938
EYA4,1.1422961084366519
EZH1,17.256950803207474
EZH2,0.014844419820301592
F13A1,12.715954280606878
F13B,0.0002637372763756871
F2,0.008790956382899045
FAAH,67.0855393250277
FAAH2,5.786582235265054
FABP1,1799.2798508931187
FABP12,0.07361943011456162
FABP2,0.044574559273332655
FABP3,329.16838775313215
FABP4,70.93124310724137
FABP5,10.889383123266308
FABP6,0.05428225243867699
FABP7,0.01449711552635549
FABP9,1.0553661478381027
FADS1,3.48819148251662
FADS2,1.2056118982805064
FADS3,0.6835063739981286
FADS6,0.5861220292030016
FAH,162.52432157473794
FAM20B,17.935770113315353
FANCL,3.7364632970391023
FAR1,18.109564847271887
FAR2,0.9489162916691681
FARS2,3.5129257903204247
FARSA,1169.3618252276262
FARSB,1.72140329990154
FAS,5.013577620202861
FASN,6.0185894190510805
FASTK,84.43677129213721
FAXDC2,0.014854582046724449
FBP1,1468.9081223023827
FBP2,0.048886180100929315
FDFT1,95.82260008613346
FDPS,81.6056674119298
FDXR,13.458542376605944
FECH,17.07454621298971
FER,0.8110205524242262
FES,4.394262513787459
FGA,0.08085606720458342
FGFR1,18.68541207842886
FGFR2,11.46355308594474
FGFR3,22.769749816375203
FGFR4,72.0774388552915
FGGY,13.853252706566614
FGR,1.7144314948271198
FH,1069.437122570141
FHIT,35.5282066741133
FHL2,8.808362522407181
FIG4,7.820099148170905
FITM1,0.23993163388085859
FITM2,8.074281193417695
FKBP10,10.363269011985185
FKBP11,5.453378677490105
FKBP14,2.2976076373755836
FKBP1A,239.50968374589445
FKBP1B,4.414154038436449
FKBP2,1707.2826713247457
FKBP3,663.2556800552397
FKBP4,526.1206684451771
FKBP5,3.5482209374757794
FKBP6,0.02018675416055143
FKBP7,7.912257394804152
FKBP8,56.64217282053534
FKBP9,81.80086209786812
FKBP9P1,0.3354345050980549
FLAD1,6.544497615799998
FLT1,11.30588572741874
FLT3,0.05491491630543941
FLT4,8.166262307989081
FLVCR1,0.6869574583860804
FMO1,359.32256830681126
FMO2,4.010707969541109
FMO3,5.223745331493626
FMO4,67.8840031953425
FMO5,20.289835098864604
FMO6P,0.002125579073105623
FN3K,317.5561582130821
FN3KRP,42.90097797944602
FNTA,64.40304604299648
FNTB,0.11594612053804547
FOLR1,606.8948707568136
FOLR2,6.426786940694249
FOLR3,8.392473248361288
FOSL1,1.8318042916736246
FPGS,1.465022642832593
FPGT,3.4990543538616468
FRK,5.927265960713609
FRMPD2,0.06678654573094257
FTCD,603.5690932913675
FTMT,0.3764543508002139
FUCA1,99.30172548712319
FUCA2,61.677269001751654
FUK,14.191281618024624
FUT1,0.6713394063205385
FUT10,1.3219820537043652
FUT11,4.930928501401937
FUT2,0.05784375035215015
FUT3,16.78408572236051
FUT4,1.1873810624205128
FUT5,0.09102820444324616
FUT6,71.85551294047029
FUT7,0.007732380097552334
FUT8,0.4548484216673471
FUT9,0.00015433363896394137
FYN,58.58607790697942
G0S2,192.77962584865912
G6PC,695.2889913574988
G6PC2,0.006910681129284046
G6PC3,65.03371213467864
G6PD,235.39492354455413
GAA,81.00526362578292
GAD1,0.8666686085756113
GAD2,0.03730519390911924
GAK,4.7789489948045025
GAL3ST1,26.03498956802186
GAL3ST2,0.1895006858337506
GAL3ST3,0.548949087207516
GAL3ST4,0.31356460125909197
GALC,11.710081952092594
GALE,47.18716876908073
GALK1,816.5459603717419
GALK2,65.62119467968103
GALM,202.47008966210518
GALNS,17.200318845995927
GALNT1,10.33726252025934
GALNT10,0.6607076890731362
GALNT11,266.8497305109267
GALNT12,2.387409813480052
GALNT13,0.01741693433836704
GALNT14,61.88253965109916
GALNT15,0.0116113720313577
GALNT2,29.37136903797827
GALNT3,5.033390233340751
GALNT4,0.03566483895272861
GALNT5,0.08059215467569086
GALNT6,0.8883445995766577
GALNT7,0.2845210609869222
GALNT8,0.001386765470335547
GALNT9,2.8965071619778695
GALNTL5,0.43999999999999995
GALT,61.22778885767552
GAMT,61.506562627678825
GANC,2.0335537444403684
GAPDH,11989.263030097365
GAPDHS,0.543659663966369
GARS,208.22227194098403
GART,74.655934016732
GATM,10140.210834211208
GBA,29.030530461576472
GBA2,93.98784117760908
GBA3,181.36838137921401
GBE1,26.032918186571024
GBGT1,1.539557487713777
GC,13.526043544454797
GCAT,264.4286875493869
GCDH,116.7292686668488
GCH1,19.489151882893008
GCK,0.009394847044241171
GCLC,8.181768631768568
GCLM,24.224125877238933
GCNT1,0.1584148610035374
GCNT2,2.902470442597589
GCNT2P,0.3354345050980549
GCNT3,1.086213792200422
GCNT4,1.6751979660043752
GCNT7,0.016802468970010455
GCSH,2.1854326768245835
GDA,22.174316866128834
GDE1,25.1199046006589
GDPD2,0.17760727397091824
GFPT1,168.55627472148447
GFPT2,1.1567345841440624
GGCT,26.92799879392773
GGH,147.95498803263519
GGPS1,494.9037670247366
GGT1,223.4451273338634
GGT2,1.2557625587889092
GGT3P,2.3523642356995236
GGT5,52.34501750648597
GGT6,125.61698442767889
GGT7,23.1512731896862
GGTLC1,0.7085290543992503
GGTLC2,7.439658110888489
GIF,0.3354345050980549
GK,16.201766261526746
GK2,0.9456388863331135
GK3P,1.4498707155305366
GLA,15.415188201463131
GLB1,88.91487138261729
GLB1L,19.52030479072626
GLCE,0.45374746789340953
GLDC,18.00247178463957
GLIPR1,0.9625869700766403
GLO1,1576.071800278915
GLRX,732.5432683837581
GLRX2,4.650591588703767
GLS,470.6518434263527
GLS2,2.249475990831029
GLT6D1,0.06930364432416915
GLT8D1,1.7616686822080807
GLT8D2,2.6823781997105183
GLTP,34.28178797248574
GLUD1,2031.051096252415
GLUD2,273.54462034396045
GLUL,9.084955350274322
GLYAT,545.8111579857359
GLYCTK,27.939336599102745
GM2A,11.050012802378813
GMDS,123.97387101687588
GMPPA,20.192453291430045
GMPPB,326.1376957103372
GMPR,21.324335253739314
GMPR2,111.23799866106263
GMPS,122.74284740527027
GNE,7.240041137253004
GNMT,0.37193704759444923
GNPAT,27.90310420534057
GNPDA1,122.85434770923126
GNPDA2,6.099239820218559
GNPNAT1,62.21397667885464
GNPTAB,10.428656275935202
GNS,65.1002855539206
GOT1,13105.231905530258
GOT2,3215.4801621511124
GPAA1,247.40762962987088
GPAM,0.22388054756251025
GPAT2,0.15679598173675383
GPAT3,0.6582069289240687
GPAT4,1.352005973421296
GPCPD1,3.5295857711122767
GPD1,591.2297769870698
GPD2,75.68512902488125
GPHN,29.223256834256098
GPI,2679.443736969114
GPIHBP1,5.553498841313472
GPLD1,0.19584326883991615
GPT,58.77012149741293
GPT2,41.870570905271265
GPX1,120.98487684830855
GPX2,0.5526209534345936
GPX3,441019.8809219245
GPX4,382.8675098200437
GPX5,0.793289329058847
GPX6,0.016303083350642917
GPX7,6.350665479163836
GPX8,2.4028482617568097
GRHL1,1.4030291212144457
GRHPR,1390.3254071124304
GRK1,0.005960720361794552
GRK2,4.014622265826703
GRK3,1.2623639556998993
GRK7,0.00037383139140904757
GSR,488.37432344500405
GSS,613.6080674833552
GSTA1,2487.7718662953303
GSTA2,1466.9546071276784
GSTA3,0.9365603589347321
GSTA4,18.89127320718219
GSTA5,29.350763714257592
GSTK1,822.4990014112141
GSTM1,0.1285859659739512
GSTM2,12.258816755175935
GSTM3,513.1987086528576
GSTM4,46.44177271875668
GSTM5,19.563826429432947
GSTO1,2082.0321917881483
GSTO2,11.626597519151273
GSTP1,9600.432160934555
GSTT1,228.89283344117638
GSTT2,1.208657940433695
GSTZ1,21.568121363721417
GTF2F1,11.581483257688518
GTF3C4,1.2130274027773411
GUCA1A,0.01093619754801082
GUCY1A1,2.9663227089166733
GUCY1A2,0.2777542557238907
GUCY1B1,1.0453859436592674
GUCY1B2,0.0048456423053509345
GUCY2C,0.20665616909707799
GUCY2D,0.007386562660683167
GUCY2F,0.13808747592085474
GUK1,411.288060642662
GUSB,7.958154455447427
GYG1,19.591683995244694
GYG2,0.8172821934764186
GYS1,52.50900041802862
GYS2,0.04273173572315047
H6PD,19.369961709488067
HAAO,158.7730732462529
HACD1,0.6699772991826155
HACD2,3.095013644366691
HACD3,4.330319334841662
HACD4,0.5979568033382378
HACE1,2.7050573321222164
HACL1,23.11624397811275
HADH,6163.537230571235
HADHA,1449.5749688778048
HADHB,300.0378227490869
HAGH,252.48100104189822
HAGHL,2.5122444095425096
HAL,0.017479105266873934
HAO1,0.42707384182761854
HAO2,651.006315037503
HARS,185.30345635424155
HARS2,28.943048578745845
HAS1,0.009564230956292238
HAS2,0.06337714883514371
HAS3,0.14759069115904105
HAT1,64.795278523083
HCCS,14.206775073855209
HCK,1.2868069600349434
HCST,3.4331856762412523
HDAC3,1.042911883039771
HDC,0.016229640985759058
HDLBP,130.011753494575
HECTD1,5.74335031477266
HECTD2,0.9743466082003661
HECTD3,3.7344821013336325
HECW1,5.857904577631979
HECW2,1.2197812368897043
HELZ2,0.16199531088786426
HEPH,2.3353003778922754
HERC1,0.4324618833761825
HERC2,0.15230120606308184
HERC3,8.911721989084649
HERC4,11.846113258856285
HEXA,148.59911097146295
HEXB,3.824139853301391
HEXDC,0.3354345050980549
HGD,246.31425675514083
HIBADH,279.7093200740262
HIBCH,124.05639523304338
HIF1AN,10.001330444092686
HIGD2A,20.036768947209595
HIPK1,12.611644026110337
HIPK2,37.850670235755075
HIPK3,32.55093963800868
HIRIP3,0.25078709020390294
HK1,175.81174903048537
HK2,1.8410139977567097
HK3,0.2168489433131227
HKDC1,11.386028053206497
HLCS,2.599744594942885
HLTF,0.09253977578162344
HMBS,118.59690307780482
HMGCL,1220.4423738143157
HMGCLL1,0.2103430834961534
HMGCR,23.440735475484896
HMGCS1,22.977459622391354
HMGCS2,311.5061395809024
HMOX1,246.39745471019756
HMOX2,243.88514277714032
HNMT,29.37465648600596
HPD,2357.5568338984262
HPGD,48.32991680506424
HPGDS,0.2852174155307945
HPRT1,552.8165413400767
HS2ST1,7.360315182882275
HS3ST1,4.568954109634854
HS3ST2,0.009175094317728139
HS3ST3A1,0.19519353679938048
HS3ST3B1,0.47852908215974993
HS3ST4,0.00015408736495719233
HS3ST5,0.0009611885727808419
HS3ST6,0.022322870737762443
HS6ST1,44.88303381373274
HS6ST2,7.169955493429865
HS6ST3,0.3304744398437315
HSD11B1,0.5791217612941533
HSD11B1L,5.865726189191012
HSD11B2,4969.8128909885845
HSD17B1,8.100518932545103
HSD17B10,331.4239242795756
HSD17B11,231.41649348749334
HSD17B12,803.4754120570497
HSD17B14,149.44552006200772
HSD17B2,0.09350244277608268
HSD17B3,0.1944732047732702
HSD17B4,136.45438706351302
HSD17B6,0.28291155279956126
HSD17B7,2.349228061209658
HSD17B7P2,0.4684438971794817
HSD17B8,1.500453952044174
HSD3B1,0.0010885036663506615
HSD3B2,0.18536293708315982
HSD3B7,34.917731710977066
HSPG2,0.2746849360323852
HTATIP2,34.272721378170225
HUNK,3.061354602362683
HUWE1,5.563482698607067
HYAL3,0.7846044858313201
HYALP1,0.3354345050980549
HYI,15.133447674791238
HYKK,0.3304860018863759
IARS,1003.257640166505
IARS2,70.54246512934247
ICK,1.571723298386678
ICMT,55.43154717611529
IDH1,163.35187294920962
IDH2,778.3092788041887
IDH3A,1448.263266362117
IDH3B,398.9234760232928
IDH3G,210.65926059196335
IDI1,40.68824617370468
IDI2,1.0873267940818592
IDO1,0.36865109837255183
IDO2,0.015732934997956447
IDS,40.178773560674315
IDUA,2.7746255586046056
IGF1R,17.471485244673516
IKBKB,11.087183566399952
IKBKE,1.1600440306142226
IL4I1,0.8573513166159755
ILK,48.498083434927466
ILKAP,20.94585240064515
IMPA1,150.09214684582412
IMPA2,617.0433807699083
IMPDH1,11.300118532363756
IMPDH2,115.85655283136352
INMT,7.827094422274518
INPP1,296.33259583034675
INPP4A,3.275904106465388
INPP4B,1.5830276315573595
INPP5A,14.996601719157155
INPP5B,5.087828065483234
INPP5D,1.9389456734488
INPP5E,11.723179877351493
INPP5F,0.35959896791852386
INPP5J,59.14781944435917
INPPL1,9.521898457320296
INSL3,0.006493040255009331
INSR,32.2859089114397
INSRR,4.139303856659143
IP6K1,24.796885432125677
IP6K2,30.788064388977237
IP6K3,3.546605569632603
IPMK,0.5672733385605865
IRAK1,39.93456465910119
IRAK2,1.2361243530679857
IRAK3,0.47747164178250173
IRAK4,3.7286513766120177
IREB2,10.437922757952247
ISYNA1,65.12022496299703
ITK,0.0678485099297778
ITPA,491.839094168902
ITPK1,35.85046025040873
ITPKA,0.021558189591416057
ITPKB,27.722634412130944
ITPKC,9.999061006070008
IVD,1223.5457309927262
JAK1,85.35942591603029
JAK2,2.3693616325831477
JAK3,0.3503617083888033
JMJD7-PLA2G4B,0.00014324859770228405
KALRN,0.5260496476689077
KANSL3,20.246685880977246
KARS,431.08962766410417
KAT2A,26.227138598961712
KAT2B,9.959308938714017
KAT5,26.011834905589094
KAT6A,5.561559193535664
KAT6B,3.568639009612529
KAT7,10.940370353788264
KAT8,24.88243729864011
KCNJ11,0.45073397663722164
KCNJ8,3.681985398774963
KDR,34.924922304900846
KDSR,18.168910654581378
KHK,764.9707958336176
KIT,14.763844352555765
KL,270.51795541117934
KMO,6.056756063103258
KMT2A,0.1132089503784727
KMT2B,0.3354345050980549
KMT2C,0.02724143815923862
KMT2D,0.256842919373976
KMT2E,0.08892210317369556
KMT5A,0.08744585611927874
KMT5B,0.052531638327043204
KMT5C,0.3350355754164824
KPNA6,43.88492583766144
KYAT1,0.41426786262502635
KYAT3,10.315561941178165
KYNU,7.185949676150545
L1CAM,43.940141076068166
L2HGDH,5.20934351213359
LALBA,0.09996023381633702
LAP3,1533.022477319517
LARS,328.80888797486926
LARS2,9.9137264219104
LATS1,0.45424057267639184
LATS2,10.245532771331613
LBR,45.9131395495915
LCAT,3.4257808134377896
LCK,0.3634314772594204
LCLAT1,3.59161804134296
LCT,5.7711916687197e-05
LDHA,3505.8937631821605
LDHAL6A,0.04283578913562987
LDHAL6B,0.005015219942706898
LDHB,5003.9090494253705
LDHC,1.6916947109018723
LDHD,267.40042437416594
LDLR,1.2977366907760894
LGALS13,0.16621830202908744
LGMN,668.1477421531278
LGSN,0.0921158515127849
LHPP,373.04195517695496
LIAS,1.3046903159124517
LIMK1,6.354018407244908
LIMK2,10.588043122700942
LIPA,38.22741769290677
LIPC,10.724123197777821
LIPE,3.831888564129912
LIPF,0.011270867335221278
LIPG,3.8664524547403367
LIPT1,3.230799770443463
LIPT2,1.9821591593304244
LMTK2,5.848352454157458
LMTK3,0.30591435409071993
LOC102724197,0.3354345050980549
LOC286297,0.003983123382483636
LOC344967,0.1423695993024395
LOX,2.4081008613794066
LOXL2,1.1654339583174658
LPCAT1,2.250040362052612
LPCAT2,3.7196933729055095
LPCAT3,94.33006234106628
LPCAT4,1.027108051727142
LPIN1,6.585074093411662
LPIN2,28.537039572984195
LPIN3,7.589914468651374
LPL,15.403575767357466
LPO,0.1697122996292287
LRAT,0.009692856124928857
LRP1,2.178557115233454
LRP2,78.23055312764822
LRRK1,0.06497772579950507
LRRK2,6.717737250811119
LRSAM1,9.896127026555703
LRTOMT,2.3200287948816083
LSS,61.97892906861318
LTA4H,464.2206744720238
LTC4S,6.146069348680164
LTK,1.276705463273832
LYN,3.979304770516157
LYPLA1,137.4516084439651
LYPLA2,175.75801860112958
LYZL1,0.0011437626735967842
MACROD1,26.08026261381526
MACROD2,0.8395530985160148
MAGEA2B,0.1626710879648594
MAK,0.06514750231690584
MAN1A1,4.373893622474052
MAN1A2,3.5333083147328117
MAN1B1,3.343122351087445
MAN1C1,37.87677579361773
MAN2A1,11.67492160967844
MAN2A2,14.91906399581416
MAN2B1,40.81267689614059
MAN2C1,58.37014490143125
MANBA,9.596556888335233
MANSC1,12.013859791738938
MAOA,1119.5744863876864
MAOB,242.28950112717274
MAP2K1,374.9514766185928
MAP2K2,172.23272586008744
MAP2K3,21.003667550729197
MAP2K4,25.315808041481993
MAP2K5,7.292344452524954
MAP2K6,6.057797148623987
MAP2K7,2.6243103517004123
MAP3K1,5.28069105088176
MAP3K10,4.779585208614182
MAP3K11,53.76839757117468
MAP3K12,1.860508462886226
MAP3K13,3.4395369029634706
MAP3K14,6.514391774084177
MAP3K15,0.5701412595403407
MAP3K2,4.959708963458463
MAP3K20,0.20179825659102824
MAP3K21,0.03839897316107535
MAP3K3,15.787886172514677
MAP3K4,4.827852310658065
MAP3K5,5.893488708918258
MAP3K6,8.479874588331725
MAP3K7,0.5467019017780478
MAP3K8,1.624183136630252
MAP3K9,0.4884441978276261
MAP4K1,0.2888294304020391
MAP4K2,7.392347190411209
MAP4K3,20.727734248373658
MAP4K5,13.862353248686395
MAPK1,512.0260838477355
MAPK10,6.599000902404851
MAPK11,4.199494088959801
MAPK12,5.39357424404807
MAPK13,19.43049132839069
MAPK14,46.905322268598326
MAPK15,1.78531731197645
MAPK3,135.32175038728266
MAPK4,7.375025606640224
MAPK6,7.991368381882844
MAPK7,5.984859321883639
MAPK8,13.820382539569804
MAPK9,5.146250960816238
MAPKAPK2,4.589908182421238
MAPKAPK3,53.22129186620397
MAPKAPK5,13.742814630424254
MARCH1,0.22181052690573413
MARCH10,0.40888332374549313
MARCH11,0.04713376260301218
MARCH2,29.97020844039212
MARCH3,0.10037662837083548
MARCH4,0.004978223313633969
MARCH5,10.635355225307102
MARCH6,42.220472757529585
MARCH7,27.454406856753394
MARCH8,8.768522958807896
MARCH9,15.176351890839724
MARK1,0.5472130516443792
MARK2,20.743039855211325
MARK3,21.166480578923153
MARK4,5.9335608960051225
MARS,111.92775398487584
MARS2,3.0223548342546858
MAST1,0.0034851059713491258
MAST2,8.33209670629267
MAST3,7.8267329368292
MAST4,4.066909071225722
MASTL,0.08782252374374407
MAT1A,0.14610925982043016
MAT2A,359.35582338336445
MAT2B,401.6954867410069
MATK,0.4578139486397673
MBOAT1,3.1375141273433615
MBOAT2,5.855275246938778
MCAT,42.89912277943066
MCCC1,66.62259868148921
MCCC2,88.40886500845018
MCEE,20.85074161670832
MDH1,8786.07354023666
MDH1B,0.8778775073804097
MDH2,12977.096309252789
MDM2,0.015578758405923272
MDP1,45.73329682677431
ME1,108.5285325181497
ME2,12.042391540869554
ME3,13.751953725415492
MECR,11.956549292283643
MED1,0.441806786956401
MELK,0.009338583895949963
MERTK,11.484086846993707
MET,6.89923655934094
METTL1,65.52561693522412
METTL3,15.831600883474888
MGAM,16.058684754427937
MGAT1,61.02614780993992
MGAT2,2.822327339092268
MGAT3,2.866264038482415
MGAT4A,14.983044084230706
MGAT4B,107.27200990226952
MGAT4C,0.004409978671690185
MGAT4D,0.02696149145334556
MGAT5,17.326399171630168
MGAT5B,0.07158026055823766
MGLL,90.44057111098424
MGMT,21.31074723248443
MGRN1,24.0338701927968
MGST1,1548.0099250385272
MGST2,112.18943584028072
MGST3,257.9846849077819
MIA3,8.22811570849036
MIB1,5.958988455996691
MIB2,14.223179273744657
MID1,2.1723145505236334
MIF,140.49615036235662
MINK1,0.3610180310233383
MINPP1,9.404027725670186
MIOX,9180.307354897355
MIP,0.00020803294304473418
MKNK1,8.214523405204018
MKNK2,91.07421818317931
MKRN1,27.67416157644002
MKRN2,13.996738242519903
MKRN3,0.000977273383245618
MLKL,5.719932344196111
MLYCD,22.789815640684193
MMAA,2.4406821067809736
MOCS1,20.18216444453309
MOCS2,112.72755272753113
MOGAT1,0.06301146608016098
MOGAT2,0.6089785926187165
MOGAT3,0.5377503837499253
MOGS,89.45738651500247
MOK,2.6561295889126906
MOS,0.09191795284698573
MOXD1,11.005254197356576
MPC1,27.8052229308476
MPC2,12.311032245951754
MPI,54.59451886393042
MPO,0.002099074100378682
MPST,9301.569875355794
MRPL58,13.330417578133794
MSMO1,51.37542698095664
MSRA,244.8792859005189
MST1R,0.12611230317973401
MT1A,2.2601663618882344
MT2A,3089.2416264464455
MT3,3.0559359776720205
MT4,0.3354345050980549
MTAP,230.66508770891076
MTFMT,3.5609184310839144
MTHFD1,249.2881258356658
MTHFD1L,1.7384890259199584
MTHFD2,5.129529162199566
MTHFD2L,0.6612966587147965
MTHFD2P1,0.3354345050980549
MTHFR,13.226616873788988
MTHFS,4.637688747756397
MTMR1,1.3486287193938145
MTMR14,30.66744553384904
MTMR2,0.9398107863296594
MTMR3,0.35894347724339637
MTMR6,5.5747835427271015
MTMR7,0.16400695108800645
MTMR8,0.14451074225107102
MTPAP,3.0229630094237536
MTR,0.86727895847485
MTRR,19.655666339964867
MTTP,3.963067548773722
MUL1,62.646176710018246
MUSK,0.02328751946053523
MUT,0.3354345050980549
MVD,97.77365240154721
MVK,25.172706969812342
MYBBP1A,31.189033740355114
MYCBP2,0.11160832627724457
MYLIP,23.373309515987135
MYLK,2.068987649758738
MYLK2,0.0019752926780058602
MYLK3,1.2455988762739891
MYLK4,3.8524162988855357
MYO3A,0.07688531900678898
MYO3B,2.0953693502496438
MYO5B,10.125443561377105
NAA10,64.42691402310176
NAAA,25.111960707016365
NADK,15.42267451495593
NADSYN1,25.6034886602816
NAGA,22.21239529406678
NAGK,39.02770843985774
NAGLU,93.69687349112803
NAGPA,7.580009968858632
NAGS,9.550550662705476
NAMPT,168.3452810002659
NANP,1.3094824717008724
NANS,509.72316163416474
NAPRT,25.164291606310147
NAPSA,359.090872995872
NARS,3888.6628397835125
NARS2,10.422724958373115
NAT1,10.301627430862357
NAT2,0.7583889648617776
NCOA1,15.753052162207675
NCOA2,0.477977122105669
NCOA3,1.7342939015598369
NCOA6,9.802632767146294
NCOR1,0.14081590847711978
NCOR2,1.1824570274278245
ND1,0.7496282848946749
ND2,6.647572110665278
ND3,3.518721426725826
ND4,15.91921099634504
ND4L,0.3354345050980549
ND5,3.9860139175064595
ND6,2.1511623729121254
NDST1,23.695836126096065
NDST2,5.865982555162699
NDST3,0.041066947340308656
NDST4,0.024005586560330774
NDUFA1,916.9124637761234
NDUFA10,84.56236025338475
NDUFA11,138.2699852223409
NDUFA12,24.62858952545019
NDUFA13,2761.301565309698
NDUFA2,39.049336095015136
NDUFA3,61.38825613614128
NDUFA4,22.028549364341906
NDUFA5,90.52289538433189
NDUFA6,72.30895040417127
NDUFA7,9.604124623264092
NDUFA8,132.90612244059048
NDUFA9,79.44002469151098
NDUFAB1,294.46414044215425
NDUFB1,112.32583592674699
NDUFB10,237.9116704781961
NDUFB2,1302.0596000686694
NDUFB3,160.74487588262778
NDUFB4,126.52459195422128
NDUFB5,375.9490118781787
NDUFB6,29.730059095341574
NDUFB7,298.49657868501583
NDUFB8,151.38555007474247
NDUFB9,53.929567690102196
NDUFC1,111.29332746855034
NDUFC2,21.738940788521916
NDUFS1,155.5601794173532
NDUFS2,96.06894254309992
NDUFS3,681.8787107989517
NDUFS4,177.47557547552555
NDUFS5,357.62810147159865
NDUFS6,50.50832291042072
NDUFS7,89.29737534614489
NDUFS8,270.7306742206066
NDUFV1,175.78509996094473
NDUFV2,59.128370711867014
NDUFV3,34.32506876401139
NEDD4,2.5308374086679484
NEDD4L,15.541111079542887
NEK1,2.6620200351907513
NEK11,2.5719778964584004
NEK2,0.003695773824888324
NEK3,3.0325522260412505
NEK4,5.253200093256162
NEK5,0.06507330953772325
NEK6,1.2267732861406349
NEK7,30.49422954061258
NEK8,2.937791623448105
NEK9,1.4993511275874774
NEU1,10.495298209752281
NEU2,0.07868648115252536
NEU3,1.4049145952097946
NEU4,0.6073263845466106
NEURL1,0.14715923590013888
NEURL1B,4.222315567644618
NGLY1,11.130131578524878
NHLRC1,0.4580597137632522
NIT2,2574.3249304213346
NKTR,7.9812345674311125
NLK,10.539800235706766
NLN,47.08489939924119
NME1,1762.1548385725687
NME2,273.1719172525621
NME3,90.13135206166234
NME4,108.36174777470215
NME6,0.8916495002072312
NME7,1.252271196967182
NMNAT1,6.877792197787199
NMNAT2,0.03509903439161664
NMNAT3,5.4488513138753225
NMRK1,2.9351673795914386
NMT1,83.69546310257682
NMT2,3.0043417717404513
NNMT,16.61348190393138
NNT,84.28869050385488
NOL9,2.0090271155628927
NOS1,1.7556417967314768
NOS2,0.23769904027038447
NOS2P1,0.3354345050980549
NOS2P2,0.3354345050980549
NOS3,2.098368780390409
NOX1,0.06404527840508453
NOX3,0.09198887034239282
NOX4,60.04136598393955
NOX5,0.04982228348736076
NPAS2,13.49590661258111
NPC1,8.047774062485834
NPC1L1,0.19017127881199708
NPR1,31.11212802580013
NPR2,3.3015923663155515
NQO1,330.3989608033322
NQO2,1136.3892683064892
NR1D1,4.584791975401079
NRF1,1.0722514223949184
NSD1,6.213028235714209
NSD2,0.8117852405670956
NSD3,0.8238692165195934
NSDHL,778.5563578233714
NSF,47.47203079631853
NT5C,164.47058308793407
NT5C1A,0.4142921031548416
NT5C1B,0.0004837705115155525
NT5C1B-RDH14,0.037698419756150243
NT5C2,99.52886890115528
NT5C3A,4.209671716104311
NT5DC3,2.3479121642927043
NT5E,7.362179283678084
NT5M,3.1299362044875347
NTAN1,1.6541092896890595
NTRK1,0.5557784023841164
NTRK2,3.0111679936191655
NTRK3,0.5152350176094753
NUAK2,42.37615790750736
NUDT10,1.032075910863429
NUDT11,0.08422976789172577
NUDT12,14.028279826067022
NUDT2,6.2441133890290175
NUDT3,2.532782886555131
NUDT4,0.26100797321926056
NUDT5,255.1843860022471
NUDT9,24.70731770334895
OARD1,11.970020898409903
OAT,710.9889137412395
OBSL1,1.4773809985919657
OCRL,7.451599156295616
ODC1,13.369548420943582
OGA,13.207835039605774
OGDH,1297.5037563144078
OGT,56.67856264085725
OLAH,0.016429086581305492
OPLAH,22.75062873482784
OTC,0.0011205072848191528
OTUD5,39.331416551170875
OXCT1,286.0839958524311
OXCT2,0.02587055983266376
OXSM,12.695770439858734
OXSR1,19.055819567318263
P4HA1,17.680703001440374
P4HA2,138.66467027580092
P4HA3,0.04783327059859207
P4HB,790.6263299461538
PADI1,0.0008932368917772687
PADI2,10.962665550499755
PADI3,0.00015514751230023818
PADI4,0.014669728429581455
PADI6,0.3354345050980549
PAFAH1B2,588.6117998172006
PAFAH1B3,233.93880093327203
PAFAH2,21.457634293890724
PAH,1259.1587457031678
PAICS,164.77688657206775
PAK1,31.74358492599338
PAK2,75.69080840235955
PAK3,0.16298089935754398
PAK4,1.4345469403141584
PAK5,0.1843105272396382
PAK6,5.001050580255389
PAM,1.0154864897219686
PAN2,9.891567653016372
PANK1,8.48278746416938
PANK2,5.610915894502938
PANK3,5.225746422289193
PANK4,11.328631915219725
PAOX,6.517388861024343
PAPOLA,4.027089964359775
PAPOLB,0.2842376574067252
PAPOLG,1.0561975512190807
PAPSS1,79.65929686470568
PAPSS2,30.449493021346004
PARP1,41.75070638742032
PARP10,4.786930237416111
PARP11,0.9765917632369446
PARP12,1.429035641480203
PARP14,9.419372422507829
PARP15,0.047339320592165605
PARP16,3.934318221126576
PARP2,9.118517983541853
PARP3,43.01671068621735
PARP4,5.203400511083312
PARP6,20.665434380685785
PARP8,1.3629834670357839
PARP9,3.5798138496825795
PARS2,3.934821597282763
PASK,0.8780417242729971
PBK,0.08659540451176477
PC,333.54731717295243
PCBD1,726.9471139097808
PCBD2,13.955106927647913
PCCA,118.23070247499771
PCCB,25.91488972011338
PCK1,13156.38651218122
PCK2,1251.5867549253785
PCMT1,606.4644855185151
PCYOX1,208.3289110251099
PCYT1A,17.15326473122562
PCYT1B,0.005468474012408803
PCYT2,48.9843997606283
PDE10A,2.1987523101847555
PDE11A,0.0748251188657061
PDE1A,30.91830452629562
PDE1B,0.6048364901452085
PDE1C,1.555000244099979
PDE2A,11.85272079890826
PDE3A,2.6238836403658246
PDE3B,0.8413324295518396
PDE4A,2.1416358603397616
PDE4B,1.5328038135537319
PDE4C,0.35837057841126096
PDE4D,5.020117813668303
PDE5A,2.0657490346458305
PDE6A,0.0007072841158203914
PDE6B,1.614887622657225
PDE6C,0.01269832702952595
PDE6H,0.006429655793189566
PDE7A,2.837056210078343
PDE7B,2.5781426737549533
PDE8A,23.318238409712894
PDE8B,1.739322719086714
PDE9A,18.21402577037281
PDF,2.346202588239439
PDGFRA,12.048650810078868
PDGFRB,34.720346402868174
PDHA1,433.1864772883848
PDHA2,0.0005232353584772519
PDHB,160.1094893126796
PDHX,17.449690736785026
PDIA2,0.010981661494948329
PDIA3,1445.6206495713457
PDIA4,868.2164256862096
PDIA5,50.198923903049185
PDIA6,634.9462754911061
PDK1,0.3671370582995137
PDK2,172.40205536871517
PDK3,8.261190902802548
PDK4,593.6158135824337
PDP1,10.726449941378972
PDP2,4.042446596841964
PDPK1,1.7127508599285257
PDPR,8.940247242815113
PDXK,47.41167489269581
PDXP,60.99410643893438
PDZD4,0.7191877050086092
PEAK1,2.5589866881532966
PECR,576.7242827816383
PEMT,38.079054990671345
PEPD,604.985801349008
PEX11A,8.29865173968731
PFAS,92.76752290055315
PFKFB1,0.3672712022008469
PFKFB2,18.951586735618832
PFKFB3,33.16191503376762
PFKFB4,0.41739886624041134
PFKL,373.9403854116791
PFKM,67.06147058517736
PFKP,823.21779064169
PGAM1,43.09136687768141
PGAM2,17.823406688320045
PGAM5,60.91201580888125
PGAP1,1.1435456507666821
PGD,2743.1715643924967
PGGHG,0.02991860446325157
PGK1,630.4131302212146
PGK2,0.946794842121559
PGLS,1185.0676775575769
PGLYRP1,0.01241833829214789
PGLYRP2,0.0003352977174757393
PGLYRP3,0.000668349131471346
PGLYRP4,0.0017328142797063734
PGM1,469.583239088911
PGM2,126.09917240950396
PGM2L1,0.3638321725659169
PGM3,41.26424749578623
PGP,43.9210612404243
PGS1,10.560880497469757
PHEX,0.012386650138371138
PHGDH,1840.70822760899
PHKA1,0.16736649251529473
PHKA2,6.551191528307206
PHKB,36.65036096597507
PHKG1,0.08259510979822517
PHKG2,5.4683583975400865
PHLPP1,2.214737953013463
PHLPP2,0.9798237037050543
PHOSPHO1,0.16957628994551574
PHPT1,156.58727179053813
PHYH,315.375537626747
PHYKPL,0.6462009571960334
PI4K2A,1.4055252528964006
PI4KA,2.5171633866314203
PI4KB,1.3809758948538515
PIGA,1.6218091636040548
PIGB,5.071405524065795
PIGC,15.745979265203086
PIGF,4.331121509142833
PIGG,12.798614547181598
PIGH,26.821207743149298
PIGK,12.005045434653953
PIGL,2.1704654183431575
PIGM,2.847479277624583
PIGN,3.06992255466342
PIGO,20.754291180581795
PIGP,11.06870535308571
PIGQ,119.25734846512482
PIGS,27.827808807068713
PIGT,14.584634853157116
PIGU,1.6458059964461709
PIGV,10.74262294261857
PIGW,2.325610809768821
PIGX,1.4655910610705836
PIGY,111.14944417445092
PIGZ,0.6251648199608686
PIK3C2A,1.723991493648968
PIK3C2B,2.0292428673597165
PIK3C2G,2.8941949723865488
PIK3C3,0.2181208613817895
PIK3CA,5.1112958933951695
PIK3CB,0.609368787056565
PIK3CD,3.091442040252622
PIK3CG,0.12198454121756495
PIK3R1,1.9397479936358202
PIK3R2,29.185972574247206
PIK3R3,5.130389324218657
PIK3R4,27.889948841411897
PIK3R5,0.16810137421418456
PIKFYVE,3.7090001692834274
PIM1,12.61911935040014
PIM2,2.816351900305651
PIM3,92.88643682477333
PIN1,846.8704994346283
PIN4,1.1393920981097783
PINK1,279.75360380454663
PIP4K2A,11.874590370692474
PIP4K2B,7.247484883734416
PIP4K2C,64.37766462728158
PIP5K1A,0.4682972801498033
PIP5K1B,0.30116832213714684
PIP5K1C,16.58600620045259
PIP5KL1,0.16783884745172586
PIPOX,355.10296326001463
PISD,3.270335084768761
PJA1,14.023819106174807
PJA2,59.637939224447756
PKLR,56.02577516913287
PKM,541.3891072832749
PKMYT1,0.013847208828975353
PKN1,61.29096836380611
PKN2,4.720639851590849
PKN3,1.706029312899377
PLA2G10,0.024480239635655304
PLA2G12A,1.0839077663824401
PLA2G12B,17.130794658030478
PLA2G15,64.84408225033737
PLA2G16,185.2734632710535
PLA2G1B,0.12181521597865136
PLA2G2A,0.030379929151897578
PLA2G2C,0.002682610802743657
PLA2G2D,0.0077558337304618466
PLA2G2E,0.002413499801364595
PLA2G2F,0.017105401618544066
PLA2G3,0.04138634860731739
PLA2G4A,13.034672935417653
PLA2G4B,0.023918793613986227
PLA2G4C,6.640229263084438
PLA2G4D,0.0003598977618796523
PLA2G4E,0.008146921125803865
PLA2G4F,22.72654813445394
PLA2G5,0.012514226916257106
PLA2G6,7.2340401386836355
PLA2G7,0.04034332868303723
PLB1,0.09451046273038673
PLCB1,1.9677154284682212
PLCB2,0.6806313552270984
PLCB3,1.0618788665950551
PLCB4,0.7614547514581526
PLCD1,10.280704046350703
PLCD3,7.355607484372415
PLCD4,6.159894032173149
PLCE1,4.929942084175227
PLCG1,1.3720867083049266
PLCG2,66.98784230241631
PLCH1,0.4134578812776634
PLCH2,8.951525558326304
PLCL1,18.406731662557775
PLCL2,7.017325270341126
PLCXD2,0.018827169156143814
PLCZ1,0.024803159332509806
PLD1,5.076887785079276
PLD2,5.510464541034697
PLD3,21.706914468946955
PLD4,0.42094884698278634
PLD6,2.0407654814784486
PLG,584.2660869318514
PLIN1,5.166129048519926
PLIN2,265.3703934969592
PLIN3,27.58400761866927
PLIN4,4.909212268109327
PLK1,0.1549296195258719
PLK2,10.053003030753253
PLK3,4.996657384782743
PLK4,0.05997311156393502
PLOD1,32.94693614532419
PLOD2,19.747930333774654
PLOD3,21.821779932272943
PLPBP,1.3790311261442316
PLPP1,5.389883230682263
PLPP2,2.123055391477898
PLPP3,4.2032094621878
PLPP4,0.019762828557283812
PLPP5,0.0656688155578048
PLPP6,0.050042688733332445
PLPP7,1.1305815492037874
PLPPR2,0.3307009692228308
PLPPR3,0.9307949846236876
PLPPR4,0.11900942508124815
PLPPR5,0.012456429933028047
PLTP,69.76741852024169
PLXNB3,0.12472462615379906
PMM1,33.84572650986029
PMM2,81.99336782711882
PMPCA,65.16268733892925
PMVK,488.19283138879416
PNCK,0.08067340132384332
PNKP,30.490089412913
PNLIP,0.01735944451270558
PNLIPRP1,0.0065186893913298655
PNLIPRP2,0.3354345050980549
PNLIPRP3,0.018139233522564087
PNMT,0.1437997742332939
PNP,5268.50496983993
PNPLA2,126.62024632546114
PNPLA3,1.3140211927414889
PNPLA4,15.33297545666099
PNPLA6,1.3328543577512577
PNPLA7,3.069614572805121
PNPLA8,11.69982023190527
PNPO,63.46181767143628
PNPT1,3.474060344902865
POLA1,2.2498938684136096
POLA2,2.0887355775819145
POLB,12.260619373827288
POLD1,0.7231289533070024
POLD2,7.962483301777159
POLD3,1.0066011085673776
POLD4,225.83900716584907
POLE,0.038269498639568404
POLE2,0.048151917729819804
POLE3,26.453979258285063
POLE4,17.37516510701511
POLG,11.52951806129431
POLG2,2.523670581644347
POLH,1.6435127805030276
POLI,3.004771552428053
POLK,5.166855714052423
POLL,15.343168454931766
POLM,9.216257780005362
POLN,0.11730010639444081
POLQ,0.0011728005110886051
POLR1A,0.8059317540209032
POLR1B,0.6655526645528284
POLR1C,19.78012399951808
POLR1D,23.43601200649467
POLR1E,9.531749969627239
POLR2A,4.531378210237605
POLR2B,12.315015264543453
POLR2C,152.95399332087857
POLR2D,15.799760614286344
POLR2E,105.96725597637749
POLR2F,19.717759380416705
POLR2G,27.525355922078273
POLR2H,377.4426231530404
POLR2I,27.743751607488072
POLR2J,18.947792754499595
POLR2K,69.80808801344611
POLR2L,245.53196940409234
POLR3A,0.25446930584124505
POLR3B,2.0389657973937707
POLR3C,0.7890361907958356
POLR3D,7.551506825298216
POLR3E,16.66451846076559
POLR3F,4.5634264439602505
POLR3G,0.23768009869480142
POLR3GL,25.604560608095973
POLR3K,8.73431965977809
POLRMT,7.592520189333936
POMGNT1,78.42014508107161
POMT1,25.875000949501654
POMT2,4.3175505307914595
PON3,1.4358126791476802
POR,542.077304987323
PPA1,614.3616985547768
PPA2,444.1501556026152
PPARA,21.608032496780258
PPAT,4.336840357634004
PPCDC,3.4292992797986224
PPCS,150.82322002732178
PPEF1,0.01710999296860121
PPEF2,0.00014043725054940846
PPIA,148.97259583370968
PPIAL4A,0.3354345050980549
PPIAL4C,0.3354345050980549
PPIAL4E,0.0012016778779179499
PPIAL4G,4.0139348645679735
PPIB,1624.4298116309794
PPIC,42.757595044222136
PPID,782.3502666525873
PPIE,10.408386492104823
PPIF,276.00034983405453
PPIG,14.329492143834175
PPIH,453.95436934061814
PPIL1,77.32943607439579
PPIL2,1.7281606525608089
PPIL3,41.05710506772802
PPIL4,2.8785280837858727
PPIL6,0.9409677386848394
PPIP5K1,2.2598878631278625
PPIP5K2,5.292979340691928
PPM1A,2.383350523117426
PPM1B,8.611948049553364
PPM1D,2.605219199625274
PPM1E,0.1425163131599674
PPM1F,33.41558059759263
PPM1G,15.733431065055198
PPM1K,7.981356567764939
PPM1M,9.124568517812225
PPOX,14.191289296174396
PPP1CA,419.0560869486672
PPP1CB,216.04118931404147
PPP1CC,62.67155744582005
PPP1R1A,96.27283831621672
PPP1R1B,2.95404333575946
PPP1R2,42.808880343965605
PPP1R3A,0.00010035040448947464
PPP1R3B,6.558674392141025
PPP1R3C,5.453526914781562
PPP2CA,223.58680883499966
PPP2CB,99.13533281641179
PPP2R1A,951.1302240227474
PPP2R1B,27.261600444702665
PPP2R2A,100.46944975717743
PPP2R2B,0.8564746961452329
PPP2R2C,0.03929648349406178
PPP2R3A,13.26731248359837
PPP2R3B,0.20430081259423388
PPP3CA,283.57769005561437
PPP3CB,17.94108432692556
PPP3CC,6.155174930573766
PPP3R1,137.872977687575
PPP3R2,0.00014201472697388394
PPP4C,90.54123498903076
PPP5C,39.88530049073524
PPP6C,188.8873784882292
PPT1,10.016556704934773
PPT2,0.3693888215693627
PPWD1,11.733942592579167
PRAG1,0.3354345050980549
PRDX1,21013.29676691252
PRDX2,8649.735009998314
PRDX3,789.4964058909179
PRDX6,1997.2935722513428
PREP,60.304611081332176
PRKAA1,24.63858777445075
PRKAA2,7.5345533443247055
PRKAB2,4.067825619120282
PRKACA,636.0971215766888
PRKACB,63.427026155319815
PRKACG,0.0021309477692325676
PRKAG2,17.161464634129864
PRKAR1A,40.61486709899798
PRKAR1B,16.57473200501819
PRKAR2A,35.36726101476292
PRKAR2B,50.93966973771891
PRKCA,17.65233886834123
PRKCB,0.11804890239082609
PRKCD,5.767078192491543
PRKCE,7.1436436264005385
PRKCG,0.4497238722756322
PRKCH,5.220561784899855
PRKCI,3.3414113219548467
PRKCQ,1.8002585608328077
PRKCSH,499.07402023848465
PRKCZ,14.870038683120155
PRKD1,1.15106104459382
PRKD2,11.057512901655342
PRKD3,6.690062173508688
PRKDC,1.0066703323678972
PRKG1,1.3091260915175893
PRKG2,0.11107008276786631
PRKN,0.21524163632635238
PRKX,3.2865345325971886
PRKY,0.23650976232095663
PRODH,41.45367927090692
PRODH2,1030.6331584225964
PRPF19,339.44100015576925
PRPF4,201.68687742017525
PRPF4B,20.60543116735932
PRPS1,452.08194566522275
PRPS1L1,3.53347648968597
PRPS2,82.11494806930817
PRRT2,0.3775486921621784
PSAP,105.20576695848922
PSAT1,751.9933121118037
PSKH1,43.82264360740291
PSKH2,0.09789825320042206
PSPH,1275.824359555698
PSPHP1,0.3354345050980549
PTDSS1,56.284550214372956
PTDSS2,38.4288722735035
PTEN,6.234956248729514
PTGDS,1019.9756914779894
PTGES,32.77476857193925
PTGES2,106.82248576839352
PTGES3,3911.413467596981
PTGIS,44.53716577282447
PTGR1,918.8076363191218
PTGS1,2.2175599591442583
PTGS2,0.6602999558712647
PTK2,5.798512737534194
PTK2B,15.167703542113284
PTK6,0.03288948610232725
PTK7,1.1165835296748163
PTP4A2,2.0304192257551805
PTP4A3,12.355799495518024
PTPDC1,0.7460790549697945
PTPMT1,20.047218892985228
PTPN1,33.46140645768565
PTPN11,16.969398516823098
PTPN12,3.3303433770994473
PTPN13,19.681885938359656
PTPN14,5.143062671474072
PTPN18,31.180130663878604
PTPN2,4.685083584475055
PTPN21,7.575238125423565
PTPN22,0.054138861368986914
PTPN23,14.806569223002764
PTPN3,17.742395662360785
PTPN4,3.534378442309171
PTPN5,0.0033151917782622167
PTPN6,14.547731109264015
PTPN7,0.701886963834652
PTPN9,0.6877730455540682
PTPRA,0.47780366527767537
PTPRB,19.988760022668902
PTPRC,1.952951270885282
PTPRD,11.225897416878372
PTPRE,1.082836721597974
PTPRF,77.80959578574283
PTPRG,15.11978307664142
PTPRH,0.004311930950720361
PTPRJ,14.51319473725184
PTPRK,12.233618495084835
PTPRM,32.67038244300245
PTPRN,0.0024008874458975615
PTPRN2,2.4957273292620243
PTPRO,19.910059765647915
PTPRQ,0.3072771885919483
PTPRR,0.032896336733953986
PTPRS,13.631895134266593
PTPRT,0.0015208000083179619
PTPRU,2.4298145717323467
PTPRZ1,0.005652228080857275
PTRH1,11.732985489972792
PTRH2,848.8638422255981
PTS,29.86279158669899
PUS1,6.534923621104711
PXDN,1.016824346251121
PXDNL,0.051290406414597936
PXYLP1,0.3900283303635837
PYCR1,1.0275973894897696
PYCR2,476.9666024641394
PYCR3,18.52640291410028
PYGB,516.7603537678852
PYGL,6.049990895745927
PYGM,0.3316877944683154
PYURF,0.6402221518630032
QARS,484.09123014716124
QDPR,3165.0688800018734
QPCT,3.394972172664466
QPRT,586.167320042273
QTRT1,55.97408594957114
QTRT2,3.0803803903498332
RAD1,1.0552653150411195
RAD18,0.39743920969842367
RAD9A,9.432933638986023
RAF1,0.4916442019415153
RAG1,0.3096723231047884
RALBP1,71.16676752747463
RARS,258.1497016136125
RARS2,14.997234235092922
RBBP6,0.24834423311869394
RBKS,26.726043535371108
RBP1,217.39673798613387
RBP2,0.8142013479661039
RBP4,430.5557460044988
RCHY1,5.590503870408185
RCL1,11.386998698209014
RDH10,55.47963468140538
RDH11,796.6749377869786
RDH12,15.538224493463053
RDH13,7.653305180696676
RDH14,1.5002808514293646
RDH16,0.06578006217778838
RDH5,3.7529370958019745
RDH8,0.07499925628287671
REG3A,15.598236131061894
RENBP,179.74319873300533
RET,0.1195329913988188
REV3L,2.1404084992842365
RFC5,23.513816864249144
RFK,20.532061726477732
RFWD3,4.945586472251697
RGL1,26.235618753709034
RHAG,0.0003234257887011545
RHBG,60.63599116282911
RHCG,614.2494079716962
RING1,4.4485810543709725
RIOK1,0.42508396849522545
RIOK2,0.1630826085491587
RIOK3,22.682627015530034
RIPK1,11.203649873643785
RIPK2,1.5159916477459263
RIPK3,7.357367529737141
RIPK4,21.08499522596796
RIPOR1,1.8350848174091228
RNF103,7.816066439774086
RNF115,22.261753545766023
RNF123,24.389263857683183
RNF125,0.3685080254613277
RNF126,15.38360090735998
RNF128,14.04931365808079
RNF13,32.700920654539914
RNF130,92.65244526808917
RNF133,0.006764272079437212
RNF138,1.9889707573226116
RNF139,10.416891630343075
RNF14,24.027028918863778
RNF144A,3.645101282481279
RNF144B,5.917847138866504
RNF146,17.794989399374202
RNF149,12.38889525254879
RNF152,60.398534107914266
RNF167,171.1121124058562
RNF180,2.7030856766901006
RNF182,0.20105794326460924
RNF185,35.12873751693001
RNF187,103.05014409239517
RNF19A,25.664571510886994
RNF19B,23.557967871355174
RNF2,4.502374270211662
RNF20,2.564443666462978
RNF216,11.31094528102414
RNF217,0.6005371784283973
RNF25,17.837807411010438
RNF31,18.50903726521703
RNF40,2.2494380815560664
RNF41,9.799070288008012
RNF5,0.00011221891617391535
RNF8,2.2329558977411
RNGTT,3.1657855249301217
RNMT,34.197428427496725
ROCK1,5.961466182931618
ROCK2,11.96788478193
ROR1,0.49002672142654424
ROR2,0.03256814822134915
RORA,2.244299537694558
ROS1,0.015480388833927897
RPAP2,2.4705320229386354
RPE,61.42174691837872
RPE65,0.0005725873645073162
RPIA,17.888767200009127
RPL14,929.3242197694836
RPN1,1472.4172170279928
RPN2,575.1933048854687
RPP14,67.5830463846485
RPS6KA1,45.44338205443722
RPS6KA2,9.256855843080231
RPS6KA3,2.1202828278115824
RPS6KA4,0.7256442602049459
RPS6KA5,0.37067261047456274
RPS6KA6,2.164253332267402
RPS6KB1,1.2714628236581786
RPS6KB2,32.99039135917001
RPS6KC1,0.3114024709482954
RPUSD4,1.0214213351808672
RRM1,17.335218589547463
RRM2,0.2791935033730839
RRM2B,11.491807695265265
RTCA,1.6973780629584712
RWDD2A,5.836198143909585
RXRA,56.225971609054355
RYK,11.975807775699867
SACM1L,29.607373208315096
SAE1,135.1945078763734
SAP130,0.6318468044345454
SARDH,9.892884284009378
SARS,144.4959153946313
SARS2,15.199730836592773
SAT1,1066.2662885415825
SAT2,1102.6386699537331
SBK1,0.5299854829750336
SC5D,1.7142905425756392
SCARB1,6.335514646807131
SCARF2,3.1370854781630086
SCD,6.238727043609277
SCD5,43.61865164671826
SCLY,0.062216961360323036
SCP2,443.26322695525073
SDC1,43.48683028928058
SDHA,509.4741912113451
SDHB,887.0437050834582
SDHC,24.96677838817486
SDHD,7.100681488428539
SDR16C5,1.083761843235447
SDR42E1,2.2352264904918693
SDR42E2,0.3354345050980549
SDR9C7,0.0003679678422902613
SDS,0.043907571790397344
SDSL,79.74168636407754
SEC11A,341.3932009015542
SEC11C,11.467620846263564
SELENOI,0.1784505883933933
SEPHS1,664.5124328747913
SEPHS2,397.4684971570189
SERPINA1,218.878151798971
SERPINA3,4.4866378687967
SETD1A,0.24540245887436352
SETD1B,4.918128311165278
SETD2,0.0473306047572873
SETD5,11.704200088426159
SETD7,3.7145919376324708
SETDB1,0.2693926892418263
SETDB2,2.6210444767441023
SETMAR,7.2943327412995735
SFXN3,1660.146528058242
SGK1,189.24198829078438
SGK2,81.36125363546265
SGK3,0.02203052754695545
SGMS1,17.422913435975044
SGMS2,5.864808147814244
SGPL1,65.48342080067845
SGPP1,44.62141857704419
SGPP2,31.269411283453078
SGSH,21.845358472256486
SH3RF1,16.263416488175135
SH3RF2,0.4559137158198598
SH3RF3,0.963153213634296
SHMT1,2755.9605735988894
SHMT2,692.421094016236
SHPK,15.189643229317703
SHPRH,1.25445418168793
SI,0.18373547314711697
SIAE,70.12706744744641
SIAH1,2.5382011758444727
SIAH2,10.487878030010734
SIK2,31.265127150876577
SIK3,5.025879238031344
SIN3A,4.799707308566499
SIN3B,0.13709623853231037
SIRT1,4.931138587349805
SIRT2,56.77679462482382
SIRT3,16.499930145373007
SIRT5,4.836463847339005
SIRT6,13.232191486074802
SIRT7,7.886384917794345
SLC10A1,0.008610467843860664
SLC10A2,4.873084876807752
SLC10A6,0.03976594460920864
SLC11A1,0.29834661384210753
SLC11A2,17.172303807521082
SLC12A1,1040.5171806946498
SLC12A2,1.7987084013745518
SLC12A3,482.4386498891379
SLC12A4,0.35408338409826007
SLC12A5,0.004948031379061133
SLC12A6,0.23343245966438161
SLC12A7,8.551104419060193
SLC13A1,73.78379313236331
SLC13A2,176.3868779061766
SLC13A3,1677.2931240335329
SLC13A4,0.08855790006270632
SLC13A5,0.004295309184589775
SLC14A1,1.7636391571922336
SLC14A2,0.04617869444809938
SLC15A1,1.5976919950402175
SLC15A2,5.902657325912611
SLC15A3,4.7868222555784845
SLC15A4,7.9643800336648525
SLC16A1,12.344781176871601
SLC16A10,3.2626160523976053
SLC16A2,16.46835006224545
SLC16A3,14.576323295395625
SLC16A7,5.298341495212146
SLC16A8,0.19962029093144795
SLC17A1,211.67116119120567
SLC17A2,0.09207781519096234
SLC17A3,219.10729022581947
SLC17A4,1.3353895313986046
SLC17A5,31.94882357520849
SLC17A6,0.03561924497624714
SLC17A7,0.0403136300915022
SLC17A8,0.002775587915536972
SLC18A1,0.0008617558879406585
SLC18A2,2.786336237718349
SLC18A3,0.00023205609247624367
SLC19A1,2.94366653669805
SLC19A2,14.080803751256253
SLC19A3,5.9823094948159214
SLC1A1,66.15048827344181
SLC1A2,0.00464831522698106
SLC1A3,0.19088571563946022
SLC1A4,0.5371407206406679
SLC1A5,57.4593644317876
SLC1A6,0.0019032047229950327
SLC1A7,0.06792761478795177
SLC20A1,19.428259369168874
SLC20A2,19.24906118519235
SLC22A1,0.9500143844841322
SLC22A10,0.0005836685089836847
SLC22A11,177.78258849825406
SLC22A12,949.6332095558519
SLC22A13,14.753226963967526
SLC22A16,0.1415176491516722
SLC22A18,176.71378770355906
SLC22A2,298.64503049986763
SLC22A3,4.5607270094524734
SLC22A4,3.9187951224521393
SLC22A5,60.52988294266516
SLC22A6,2344.536137601319
SLC22A7,128.28424974051188
SLC22A8,3000.465337855289
SLC22A9,0.024249737314727213
SLC23A1,74.55815843911574
SLC23A2,6.375020570473241
SLC24A1,1.9305456074309655
SLC24A2,0.004674881022624539
SLC24A3,0.38006113015643106
SLC24A4,0.00535852577797941
SLC25A1,1486.9474378564544
SLC25A10,342.6587587335812
SLC25A11,2169.999026311541
SLC25A12,314.8364000365052
SLC25A13,383.4682558036625
SLC25A14,2.2281558438683753
SLC25A15,3.7078143166128994
SLC25A16,8.259423739041178
SLC25A17,9.743733162848565
SLC25A18,0.4388347307580495
SLC25A19,2.016715268432425
SLC25A2,0.002523746227830665
SLC25A20,27.324413765161943
SLC25A21,0.137458748415101
SLC25A22,6.064090438861372
SLC25A26,9.356967200580188
SLC25A27,2.851523992197182
SLC25A28,32.48916955644221
SLC25A29,66.10909989458743
SLC25A3,3276.2317483823826
SLC25A37,7.2559751060718
SLC25A4,597.7564955583497
SLC25A5,9202.64625623839
SLC25A6,144.67743637894677
SLC26A1,14.171534210068682
SLC26A11,11.188553648154052
SLC26A2,2.2299761202608788
SLC26A3,0.0013537601696126118
SLC26A4,6.68150772032652
SLC26A6,15.682743763940636
SLC26A7,41.339864350294164
SLC26A8,0.003740412468054404
SLC26A9,9.737406744618605
SLC27A1,3.89618155670867
SLC27A2,285.98796835799953
SLC27A3,7.518760260907204
SLC27A4,6.23629031864241
SLC27A5,2.4797652943850137
SLC27A6,0.0031496972919901126
SLC28A1,65.40838587094547
SLC28A2,0.6820149803525309
SLC28A3,0.0004230146039586107
SLC29A1,44.333671823846636
SLC29A2,7.931190669096972
SLC29A3,2.0091622267308185
SLC29A4,3.2165627819699094
SLC2A1,15.536883930045208
SLC2A10,1.8284926977952902
SLC2A11,15.823683802633738
SLC2A12,3.5595144492058313
SLC2A13,2.6648921913501344
SLC2A14,0.007730041306123979
SLC2A2,17.07404640817454
SLC2A3,3.2535437584398084
SLC2A4,1.0834429057901684
SLC2A5,25.351219404124738
SLC2A6,0.6497837545560939
SLC2A7,0.002236931839404262
SLC2A8,11.007819602488931
SLC2A9,95.68344858033043
SLC30A1,18.52308727707061
SLC30A6,6.32958855158833
SLC30A7,15.279844141844313
SLC31A1,24.600314457932143
SLC32A1,1.4740945089441455
SLC33A1,1355.543217316863
SLC34A1,522.8647784810122
SLC34A2,4.860357492387457
SLC34A3,65.68245370135378
SLC35A1,13.243356819157047
SLC35A2,14.90756326702096
SLC35A3,11.159889352394096
SLC35B2,1.2484834446257862
SLC35B4,7.8508052800582435
SLC35C1,4.934393146112328
SLC35D1,6.040936394733887
SLC35D2,32.027524829360694
SLC36A1,2.7629348429240017
SLC36A2,162.88906651518388
SLC36A4,2.8498778536204936
SLC37A1,3.804167728269685
SLC37A4,285.8395383253263
SLC38A1,23.164620729555292
SLC38A2,57.799684309279975
SLC38A3,7.685322355582217
SLC38A4,2.2597519389666045
SLC38A5,0.2924494541470754
SLC39A7,5.367876835779495
SLC3A1,894.4434337777832
SLC3A2,285.1475827809545
SLC40A1,113.07543150458154
SLC41A1,35.53712423807788
SLC41A2,2.1621067922648143
SLC43A1,11.394300579160419
SLC43A2,156.75053059699826
SLC46A1,2.303797643258415
SLC47A1,274.7986570141891
SLC47A2,123.1040537212878
SLC4A1,212.40918531404256
SLC4A10,0.00017811448154446196
SLC4A2,48.7990120899383
SLC4A3,1.476155357858211
SLC4A4,159.58560631991108
SLC4A5,0.23754271736000718
SLC4A7,0.1634199153593898
SLC4A8,0.09752418786783888
SLC4A9,37.80879694770142
SLC51A,0.15730939956507933
SLC51B,0.1317954273752661
SLC52A1,0.11277172956640528
SLC52A2,0.09357936368667576
SLC52A3,0.28454763876001143
SLC5A1,1.2927729487007442
SLC5A10,251.43947724664196
SLC5A11,4.9809160501099585
SLC5A12,305.77659739637176
SLC5A2,134.0531097729725
SLC5A3,12.132578290934086
SLC5A5,0.0013767695816583878
SLC5A6,6.879334688936845
SLC5A7,0.09017663923478389
SLC5A8,4.561667974287764
SLC5A9,4.051929843479823
SLC6A1,0.029319425007082636
SLC6A10P,0.6566036519252119
SLC6A11,0.16250422749413002
SLC6A12,20.6439846932208
SLC6A13,220.75616181247455
SLC6A14,0.000964061075253404
SLC6A18,2.801729686869974
SLC6A19,710.768531664526
SLC6A2,0.08453468282446477
SLC6A20,0.9669417350595585
SLC6A3,0.00907307343481384
SLC6A4,0.15100687566905205
SLC6A5,0.10319845039380167
SLC6A6,1.2732204565608969
SLC6A7,0.0003383147044594513
SLC6A8,128.18324958636163
SLC6A9,0.9169041299699883
SLC7A1,9.704763991814788
SLC7A10,0.2546390202762255
SLC7A11,0.014308436226158251
SLC7A2,4.097929239347544
SLC7A3,0.005322951718130073
SLC7A5,4.45026466813163
SLC7A6,3.6228782953613616
SLC7A7,591.1025207012246
SLC7A8,706.467295563805
SLC7A9,148.69675356570562
SLC8A1,35.98681083191992
SLC8A2,0.0010664874242011188
SLC8A3,0.0007118870033851719
SLC8B1,0.13932836983899105
SLC9A1,13.553155172779844
SLC9A2,8.170653530934631
SLC9A3,105.38360028967675
SLC9A4,25.659895494790312
SLC9A5,0.06879616677006535
SLC9A7,1.2058948223834602
SLC9A8,5.540255869083112
SLCO1A2,0.01293092563850657
SLCO1B1,0.5745214485775751
SLCO1B3,0.04767210311424515
SLCO1C1,0.005554582597297589
SLCO2A1,68.03354084064382
SLCO2B1,11.93893348861414
SLCO3A1,2.492083678883855
SLCO4A1,9.151784509895956
SLK,26.105279704187776
SMARCD3,15.895775462522955
SMG1,0.718213939389827
SMPD1,139.58429307723412
SMPD2,6.030929563654809
SMPD3,0.05241452149290315
SMPD4,6.10200388261159
SMS,108.70022164496511
SMURF1,6.960117203202623
SMURF2,4.564286337477027
SMYD3,9.909185516134528
SNRK,22.642932421189897
SOAT1,5.788870394033995
SOAT2,0.18816464694639698
SOD1,5512.020502949976
SOD2,434.680523158773
SOD3,341.73141173280715
SORD,188.503220797507
SPCS1,307.92360381561275
SPCS2,84.87238120835124
SPCS3,307.6855005562894
SPEG,0.12474204233074147
SPHK1,0.7380248620964547
SPHK2,4.80104522410814
SPR,930.9620646384914
SPRYD3,57.261443983212516
SPTLC1,38.255901929949566
SPTLC2,5.28159272537463
SPTLC3,14.749640684098454
SQLE,0.26696652149873995
SRC,11.034303200101562
SRD5A1,4.5970081409244825
SRD5A2,0.042888327808468525
SRD5A3,1.8237277158058485
SREBF1,25.468952923483748
SRM,291.18486469627015
SRMS,0.01947154956409482
SRPK1,6.309545244650779
SRPK2,5.688969264869505
SRPK3,0.1270573328368081
SSH1,5.798662499193197
SSH2,2.569750593126539
SSH3,14.212870898087134
SSR4,691.424200007288
SSU72,176.34503997403593
ST3GAL1,53.06053637204703
ST3GAL2,7.369300311506684
ST3GAL3,8.067737441909012
ST3GAL4,47.51589653687578
ST3GAL5,1.8825262842692612
ST3GAL6,14.333023256992742
ST6GAL1,316.3195767429831
ST6GALNAC1,0.01715090611938608
ST6GALNAC2,13.165003852090305
ST6GALNAC3,9.81495769885424
ST6GALNAC4,17.370504433007326
ST6GALNAC5,0.014144167401282293
ST6GALNAC6,68.93489252770475
ST8SIA1,0.012057748335369144
ST8SIA4,0.10513775005049902
ST8SIA5,0.5087707743986586
STAMBP,12.26998194576485
STAMBPL1,0.6487571203580876
STARD3,19.22985928236713
STK10,0.34128694684872307
STK11,23.5203718107032
STK16,2.2338987685155316
STK17A,3.120627935666655
STK17B,2.643926604842775
STK19,0.8681741643181554
STK24,41.75510430753768
STK25,6.468944686431799
STK26,0.629690691282171
STK3,14.605846806631014
STK31,0.014136037419530149
STK32A,1.23111526852836
STK32B,8.87845393750357
STK32C,1.085435073386315
STK33,3.3341610146741307
STK35,4.022439500337231
STK36,6.244344892827642
STK38,9.821616240816951
STK38L,4.505314471738171
STK39,15.42046491896752
STK4,0.9592609304615305
STRA6,13.383596843395875
STS,1.7727436546980562
STT3A,16.632076193523375
STT3B,57.44660642083963
STUB1,59.2557012415467
STYK1,0.03060243308297231
STYXL1,20.210807092911484
SUCLA2,213.26241959151452
SUCLG1,3846.680427948176
SUCLG2,1738.0500588743882
SULT1A1,28.349800119769085
SULT1A2,2.678859180612411
SULT1A3,3.7503041530200782
SULT1B1,0.032677784985098005
SULT1C2,82.24268124609836
SULT1C4,16.73283251809074
SULT1E1,0.010498451725403108
SULT2A1,3.553854432798619
SULT2B1,0.05655432466288401
SULT4A1,0.022027188073139997
SUOX,98.47444627858133
SUV39H1,1.8717545698508113
SUV39H2,0.6764960834818988
SYK,14.03939652907709
SYNJ1,0.06525089890200987
SYNJ2,0.02730171073141809
SYVN1,0.986300105242732
TAF1,1.6306809389069152
TALDO1,332.21643912541157
TAOK1,2.2359880937402314
TAOK2,17.46636115243865
TAOK3,11.599811920140715
TARS,246.1996459636727
TARS2,2.135734760445629
TARSL2,5.974354018803519
TAT,0.0072315202559003686
TBCB,111.73458407161742
TBK1,0.7631084477141231
TBL1X,22.829733377093678
TBL1XR1,8.615339608900214
TBXAS1,1.9168048203283006
TCIRG1,17.88907744868838
TDO2,0.030823918881658745
TECR,205.72319188062286
TECRL,0.11400593534832566
TENT2,0.15316461371698084
TENT4A,0.45357387630786017
TESK1,27.482149932111433
TESK2,1.132839057966204
TFRC,84.77854455211663
TGDS,6.078053476366671
TGFBR1,11.989883066737303
TGFBR2,214.6223038193623
TGM1,0.6830259274964617
TGM2,81.66361634782193
TGM3,0.001517001838203984
TGM4,0.0035370646992204727
TGM5,0.3587832992254833
TGM6,0.018105422639918517
TGM7,0.0012344628882271713
TGS1,5.062467721764766
TH,0.008120290792642672
THNSL1,4.3132932557943136
THTPA,11.196950364256036
TIAM2,0.05690456062518765
TICRR,0.05167590734814967
TIPARP,8.336004076706965
TK1,7.984704220191867
TK2,15.057711206996816
TKFC,17.655218887752373
TKT,124.38784080473518
TKTL1,0.016288552160798022
TKTL2,0.0001874316156565487
TLK1,8.115185489498423
TLK2,0.11484149809687848
TM7SF2,79.86759883244765
TMEM91,3.0014615484183644
TMLHE,2.6257495958313157
TMX3,7.578237146084586
TNFRSF21,71.52268695548418
TNIK,2.1908577072286963
TNK1,3.8858729616651697
TNK2,4.948269557539856
TNKS,3.6887062537908073
TNKS2,10.66469251659292
TNNI3K,0.3354345050980549
TNS2,1.434061794943761
TOPORS,6.688394909193604
TP53RK,4.261107052495179
TPH1,0.011728282628226555
TPH2,0.08567194949607831
TPI1,10233.548539386657
TPI1P2,13.066785646623572
TPK1,0.9111722943191847
TPMT,40.300250631588106
TPO,0.02164008045758004
TPP1,254.35008658293782
TPSAB1,1.9639059021957284
TPSB2,2.172859304207433
TPSD1,0.1909840481176432
TPST1,11.147710301370001
TPST2,73.99902693435153
TPTE,0.0007409928675579827
TPTE2,0.0037652843604913788
TRAF7,31.001202783477677
TRDMT1,0.27401256491143394
TREH,50.82340471466015
TREX1,3.2230477434278546
TREX2,0.5730262518749994
TRHDE,3.1928963585326153
TRIB3,4.719348306803912
TRIM11,5.800018422193878
TRIM32,1.319287160206944
TRIM33,3.9535357456753
TRIM63,0.1492697493912702
TRIO,0.8399139945251134
TRIP12,14.6499088092412
TRIT1,7.510730629590518
TRMT1,4.562661360585439
TRMT11,3.2589526953346097
TRMT1L,6.3964872896673945
TRMU,17.455905348111635
TRPM6,2.2804653399399686
TRPM7,10.022954294271242
TSSK1B,0.0030704457124208833
TSSK2,0.0231714118888251
TSSK3,1.2051788091852902
TSSK4,0.7251192970840544
TSSK6,0.4491169193585219
TST,684.9039686740617
TSTA3,206.05156100332255
TTC3,16.79002758948655
TTK,0.0072268666423189265
TTL,0.8283151204404484
TTLL10,0.008327074745545275
TTN,0.020692917496248568
TUSC3,1.7275756293839073
TUT1,0.5321441319194932
TUT4,0.6950417161591614
TUT7,0.1907089895411479
TXN,1567.1945356972244
TXN2,87.08943929716212
TXNRD1,152.34498905076728
TXNRD2,48.60183776621443
TXNRD3,1.0524700839173877
TYMP,14.176292529611102
TYMS,16.542857809793777
TYR,0.0008052614100907157
TYRO3,14.742018214033651
TYRP1,4.126018389901004
UAP1,26.844350117901563
UAP1L1,11.113686251500184
UBA1,933.417157827635
UBA2,81.6675699858281
UBA3,49.57139625476558
UBA6,45.495393724355374
UBA7,16.970492750597217
UBE2A,42.45787837344997
UBE2B,29.55037708642575
UBE2C,0.207023708798159
UBE2D1,3.3093904102864204
UBE2D2,25.09046529702894
UBE2D3,1322.4477654608315
UBE2D4,6.647494979576866
UBE2E1,36.81614491080937
UBE2E2,6.766428830490656
UBE2E3,10.598313257793594
UBE2F,0.8116174231985083
UBE2G1,14.665395812973516
UBE2G2,7.151578583584789
UBE2H,245.85621253508683
UBE2I,681.2054593242038
UBE2J1,9.459893996197058
UBE2J2,27.49670549055854
UBE2K,420.5714328854727
UBE2L3,915.7982220907866
UBE2L6,28.088235865636992
UBE2M,99.29803799309379
UBE2N,42.08937246669798
UBE2NL,9.288803425405751
UBE2O,4.18723261959582
UBE2Q1,5.843224619651816
UBE2Q2,1.8753462880874
UBE2QL1,1.9128868304748328
UBE2R2,11.689359072670692
UBE2S,1.8762957923268664
UBE2T,0.591072668822238
UBE2U,0.040195203197361674
UBE2W,8.085372797077166
UBE2Z,87.42794436338086
UBE3A,21.663140939916445
UBE3B,17.16477851162733
UBE3C,5.017777690659406
UBE4A,1.1535743431475187
UBE4B,3.6229026537694686
UBLCP1,50.17022049836709
UBR1,0.6411235387364448
UBR2,3.4654537085092416
UBR3,0.03811868828569855
UBR4,11.404675464419375
UBR5,0.4656452301452228
UBR7,13.58875447577224
UCK1,21.29674882420862
UCK2,2.4595422699097695
UCKL1,22.530226969743595
UCP1,0.0008437734848060659
UCP2,33.27855998629256
UCP3,0.07466390571421865
UEVLD,6.329428328853405
UGCG,34.82161575921932
UGDH,72.81436657962941
UGGT2,3.5532200679016293
UGP2,2242.724229011877
UGT1A1,0.013840916242683955
UGT1A10,0.020238533479625877
UGT1A3,0.003328106006578616
UGT1A4,0.0011876557265603942
UGT1A5,0.4044927492424471
UGT1A6,60.04839932339842
UGT1A7,0.011559776907510392
UGT1A8,0.051525088348266544
UGT1A9,317.4950504831627
UGT2A1,0.00038587703186409797
UGT2A3,45.98630428363266
UGT2B10,0.1416725379354969
UGT2B11,1.2809382807540761
UGT2B15,0.004402376685405407
UGT2B17,0.0014467442139073623
UGT2B28,0.027683576280798552
UGT2B4,1.0196677184565208
UGT2B7,4743.923159826784
UGT3A1,44.68986397053306
UGT3A2,0.8852974436568364
UGT8,15.619138804075085
UHMK1,26.506336220523437
UHRF1,0.023126142396993527
UHRF2,5.794607161822011
ULK1,18.946938728584254
ULK3,50.47792303582057
ULK4,1.483227173186989
UMPS,91.30106782024191
UPB1,94.59966625770912
UPP1,8.365827658430149
UPP2,26.946497951777765
UPRT,3.8165377154420526
UQCR10,74.0861388397178
UQCR11,244.06540494750774
UQCRB,69.69626690546264
UQCRC1,4547.5195895551105
UQCRC2,6471.628181209898
UQCRFS1,643.0266801517955
UQCRH,58.23745356885483
UQCRQ,95.24203615837618
UROC1,0.0018975586413556163
UROD,124.05404080926749
UROS,62.20754386858289
USP1,6.398050080997809
USP10,5.949480706037612
USP11,81.03749829763747
USP12,10.87749919208338
USP13,1.3774510787902507
USP14,70.34561867790202
USP15,2.555136064704242
USP16,15.536874853354703
USP17L2,0.7544524097088302
USP17L22,0.04998256910149056
USP17L30,0.050968258904732194
USP17L5,0.050968258904732194
USP17L9P,0.3354345050980549
USP18,1.9377742497803654
USP19,1.8546638630816497
USP2,82.78277451279514
USP20,10.425164088455062
USP21,11.750193885204903
USP22,142.15259684873212
USP24,2.027815991552496
USP25,0.1323344264108504
USP26,0.08118014005684498
USP28,3.9940729735231444
USP29,0.08228852752006045
USP3,0.7715657929185205
USP30,0.34138103110545953
USP31,1.0636284280181116
USP32,0.4949872580178326
USP33,20.692857150704832
USP34,10.963402203780594
USP35,0.9809459217567762
USP36,11.877786958178664
USP37,1.5768603152570009
USP38,7.254047989947385
USP4,2.8103575161303667
USP40,0.9190233938400201
USP41,0.01834435481333142
USP42,2.5236668121295196
USP43,0.9047136781635545
USP44,0.11266949104803516
USP45,0.8610969799771823
USP46,3.129095536841518
USP47,3.637274365902018
USP48,0.3344583224445754
USP49,0.09050851439922114
USP51,1.802386173568317
USP6,0.03544210250676999
USP7,24.286269679183402
USP8,0.8785697718766534
USP9X,6.179717566684891
USP9Y,3.2235303054675564
UST,1.8698273649966912
UXS1,50.7370724543141
VARS,19.072169781152628
VARS2,17.840346621878734
VKORC1,176.4749405372287
VNN1,13.904152838949358
VNN2,0.432184347841671
VNN3,0.012236988696312623
VRK1,21.594925851862836
VRK2,3.3206881912798587
VRK3,45.05193246932822
WARS,884.2461530197471
WARS2,18.51548390138163
WDYHV1,5.029994779473306
WEE1,4.086524073826292
WEE2,0.06356061097202242
WNK1,8.933593168121813
WNK2,0.1922274305734677
WNK3,0.26696624375958095
WNK4,54.05702458117854
WWOX,9.522620859618954
WWP1,29.211439828475964
WWP2,0.28532001738099694
XDH,0.1412304143849632
XPO6,0.3198326253488704
XPO7,35.99558247979548
XYLB,8.901740523962511
XYLT1,0.2977866382371664
XYLT2,14.271415421832646
YARS,1428.1313047637034
YARS2,17.843476316373124
YES1,14.377651123855669
ZADH2,11.080660663764164
ZAP70,0.34482967882754284
ZC3HAV1,3.578852990150566
ZNRD1,0.8152278583971223
ZNRF1,4.589239076827455
ZNRF2,7.2471610347807225
ZSWIM2,0.015679988656711358
