A4GALT,26.315489853752464
A4GNT,0.001525673283129564
AACS,168.5821956420726
AADAC,0.1928827681946058
AADAT,1.229638966541328
AAK1,14.774544321046056
AANAT,0.006950939148411021
AARS,291.852867597793
AARS2,2.6299060648152706
AASDH,1.3650566990535886
AASDHPPT,3.12333002914266
AASS,1.500662356182592
AATK,0.09439897148817225
ABAT,3.039765083986721
ABCA1,0.10597590283017835
ABCA3,3.415320860657837
ABCA4,0.004519307159607092
ABCA8,0.05307627967790207
ABCB1,0.7568111796119387
ABCB11,0.00014499617687324459
ABCB4,0.008190055657944752
ABCB6,26.754261129992383
ABCC1,0.5764909811696095
ABCC11,0.025818506609417147
ABCC2,0.005887778112241217
ABCC3,0.36924282995658253
ABCC4,79.80119017701844
ABCC5,1.0250289900611618
ABCC8,0.07339197187162347
ABCC9,0.014538116100923025
ABCD1,1.9486757633305556
ABCD2,0.00012399575150039661
ABCD3,37.001545507593356
ABCG2,0.1350993212868913
ABCG5,0.011328079611375618
ABCG8,0.0008621284548028367
ABHD12,46.998624378391256
ABHD5,2.404848258771465
ABHD6,1.2800328396241658
ABL1,7.669999433611192
ABL2,0.4471997860687704
ABO,0.008307657195546412
ACAA1,122.61574897201142
ACAA2,5.976377678448771
ACACA,52.521326589853125
ACACB,0.1477794467395137
ACAD10,7.362804314536926
ACAD11,0.023538544637626904
ACAD8,46.43215164437357
ACAD9,291.41413537964064
ACADL,5.055733989571732
ACADM,14.781716520458467
ACADS,9.357690398362687
ACADSB,131.41965916069722
ACADVL,600.0864948511838
ACAT1,150.7100390766457
ACAT2,35.80920307968222
ACE,4.735323704056754
ACE2,0.024611851975877952
ACER1,0.0030129709289864063
ACER2,0.023765251399039823
ACER3,4.311030369389156
ACHE,0.3334068500922499
ACLY,67.11927353966286
ACMSD,0.008925095487185963
ACO1,13.835177663886917
ACO2,25.2180823734911
ACOT1,1.3087522652919725
ACOT11,0.05831302768950479
ACOT12,0.001297309944483503
ACOT13,3.783026124985841
ACOT2,8.415885573774045
ACOT4,1.1303195975530056
ACOT6,0.00887546967417447
ACOT7,6.209733465055129
ACOT8,52.804246384098526
ACOX1,2.8967855617991916
ACOX2,0.19165731525854823
ACOX3,8.504223836916621
ACP1,5315.614004656696
ACP2,14.434812608574916
ACP4,0.0036202735317779565
ACP5,9.597360064114596
ACP6,22.952285475181043
ACP7,0.44999467512671487
ACPP,7647.110695260054
ACSBG1,0.014653800971649714
ACSBG2,0.007965975320262428
ACSF2,1.4163850574459327
ACSF3,3.9228984615297775
ACSL1,59.44085327636776
ACSL3,9.375318034910459
ACSL4,0.4581422743513289
ACSL5,14.74709027473469
ACSL6,0.004154946611442316
ACSM1,103.35316218636127
ACSM2A,0.00803814106021148
ACSM2B,0.0035046348093109303
ACSM3,22.245151173349434
ACSM4,0.0015600141764197586
ACSM5,0.009345270515031655
ACSS1,63.18922195457298
ACSS2,6.989268073997464
ACSS3,0.030145792493737097
ACVR1,2.743798486802445
ACVR1B,4.179365817141753
ACVR1C,0.0023579939680939454
ACVR2A,1.4131442130126413
ACVR2B,0.16171462676365295
ACVRL1,1.7905770717505212
ACY1,37.40139349191697
ACY3,1.9521850591519985
ACYP1,5.820090484217171
ACYP2,5.7860679647946895
ADA,0.5556476491989112
ADCY1,0.026172858186472227
ADCY10,0.00436782503201975
ADCY2,0.053913362273887454
ADCY3,0.31396578778518863
ADCY4,0.7289565526400619
ADCY5,0.2061912819061156
ADCY6,8.20862722077614
ADCY7,0.282116766814917
ADCY8,0.10844658669179806
ADCY9,0.3156411214944518
ADH1A,0.008925095487185963
ADH1B,0.15027741202556422
ADH1C,8.891908130031998
ADH4,0.0013064752031326263
ADH5,252.56009229557407
ADH6,0.000728676163574141
ADH7,0.0690385817613842
ADHFE1,6.6491263961556974
ADI1,398.34801531565336
ADK,9.113393670586548
ADO,9.399351264968692
ADPGK,41.781227757742684
ADPRH,6.595321251608984
ADSL,750.5227425220514
ADSS,67.298280691634
ADSSL1,2.5688316098859065
AFMID,33.68208907693515
AGA,29.233778604805106
AGK,2.71774122933667
AGL,0.1834346266909566
AGMAT,0.34026238308962675
AGPAT1,1.5040995590687951
AGPAT2,67.44376251962397
AGPAT3,16.183214463201633
AGPAT4,0.022711687225465616
AGPAT5,1.3297914089897016
AGPS,2.038980535219287
AGT,11.648317956800568
AGXT,0.012210363710531502
AGXT2,0.07273189725255508
AHCY,16390.23177108301
AHCYL1,14.764878020685984
AHCYL2,0.6631290522528945
AICDA,0.02460038993500046
AK1,110.12542083324131
AK2,317.3388297608686
AK3,12.973194787677972
AK4,113.84975219114368
AK5,15.054891610381556
AK7,0.018718536899776112
AKR1A1,665.6635241399867
AKR1B1,6.1062771393128115
AKR1B10,1.7328366357799747
AKR1B15,2.0793115605776
AKR1C1,1.0192981652363666
AKR1C2,0.06517723236602742
AKR1C3,0.5128433169214872
AKR1C4,5.522781755496033
AKR1C8P,0.3354345050980549
AKR1D1,0.012758150190793115
AKR7A2,182.71470723021312
AKR7A3,0.7902334069534117
AKT1,5.334641519818177
AKT2,1.8207358868002348
AKT3,1.7622324762979094
ALAD,91.16517485460835
ALAS1,37.8267971616669
ALAS2,0.0030961181084608602
ALB,6.819415604147314
ALDH18A1,227.19768125612788
ALDH1A1,2.132881892551469
ALDH1A2,0.11715287262887802
ALDH1A3,224.07458223925025
ALDH1B1,11.752091293365378
ALDH1L1,16.322342632146082
ALDH1L2,0.005384070326183294
ALDH2,892.0820462711133
ALDH3A1,0.030987026844097976
ALDH3A2,119.17217071984119
ALDH3B1,0.5636461216619822
ALDH3B2,11.564112456870706
ALDH4A1,40.85416587394227
ALDH5A1,2.3173646097034304
ALDH6A1,9.213995921868099
ALDH7A1,41.876986179824684
ALDH9A1,875.3393822012873
ALDOA,4339.911480518332
ALDOB,0.005655656695128608
ALDOC,14.686267099431806
ALG1,2.810006816628968
ALG10,0.33596392067493747
ALG11,0.2801564621537235
ALG12,40.42707126982166
ALG13,4.637928751332933
ALG14,25.24066744433874
ALG1L,0.6005789950706543
ALG1L2,0.0013452415116753129
ALG2,98.95931114646059
ALG3,3.2002379572291533
ALG5,103.04926342631019
ALG6,6.080489457240778
ALG8,37.48295904087462
ALG9,3.5250234825046833
ALK,0.0004602826814074482
ALLC,0.000770594979242179
ALOX12,0.08410522699541668
ALOX12B,0.07060845974918835
ALOX15,0.024311172732429127
ALOX15B,254.57276999880818
ALOX5,2.192261510814147
ALPG,2.1334538652401167
ALPI,0.001615403094622577
ALPL,4.47926113643552
ALPP,0.12394730653401177
AMACR,622.4916936568093
AMD1,150.29252050644155
AMDHD1,0.004222856261921277
AMDHD2,12.2895016767785
AMFR,0.3099210686948405
AMHR2,0.14928937987692623
AMN,0.17761071138735718
AMPD1,0.11167496795558433
AMPD2,5.395962540486954
AMPD3,2.964500467956621
AMT,10.438283960970793
AMY1A,2.6438139326066277
AMY1B,2.6438139326066277
AMY1C,2.6438139326066277
AMY2A,0.00171018538861982
AMY2B,0.5334220769061412
ANAPC11,271.6423365787574
ANGPTL4,71.67710235035874
ANKRD1,0.0004979415746806597
ANPEP,794.5283696038163
ANXA3,483.92105890346005
AOAH,1.132928989608582
AOC1,0.022327631781835014
AOC2,0.05659240727833424
AOC3,2.1544231283772644
AOX1,0.3341443635046321
APOA1,0.010388408767256552
APOA2,180.33762034675766
APOA5,0.11645175048604357
APOB,3.188951987724936e-05
APOC1,103.83974320045972
APOC2,27.211319250515267
APOC3,46.87519708233557
APOE,278.13396968015365
APRT,2260.433634440626
AQP1,19.37003579349404
AQP10,0.0026460704913139396
AQP2,0.00017467411749340884
AQP3,128.5597547124899
AQP4,0.0003373752078717986
AQP5,0.06147370684030731
AQP7,0.0043435581288702825
AQP8,0.022057575502395756
AQP9,0.7813188035584555
ARAF,1.4876774601032463
ARCN1,199.41309101855566
ARG1,0.005084881774082442
ARG2,640.1604288411315
ARSA,29.684198302649577
ARSB,0.37407314912472006
ART1,0.0008810015844369846
ART3,0.9813618378158138
ART4,0.007844508063803069
ART5,0.030329066212432785
AS3MT,0.004457143022893816
ASAH1,81.15658001144571
ASAH2,0.00037507126668173663
ASH1L,0.0031740558558246592
ASL,445.3661410036428
ASMT,0.000299890555028485
ASNS,210.82211397320825
ASPA,0.003444050705784235
ASPG,0.006090593539287683
ASPH,58.50441571205902
ASRGL1,389.5792081944742
ASS1,167.53500598572924
ATE1,0.6277736329353626
ATIC,495.6597739580856
ATM,0.13265408755171257
ATP10A,2.666026906883556
ATP11A,2.4394075905295294
ATP11C,1.0161807196523853
ATP1A1,74.26175864927276
ATP1A2,0.02528106191535284
ATP1A3,0.005140468572894145
ATP1A4,8.854064531433167
ATP1B1,12.142726058060884
ATP1B2,0.011519941952306318
ATP1B3,31.272053736330015
ATP1B4,0.00014508104474749643
ATP2B1,5.930532553119278
ATP2B2,0.0009116321595085858
ATP2B3,9.277093026331532e-05
ATP2B4,0.8995112852682483
ATP4A,0.0005755722487877699
ATP4B,0.005080138113375458
ATP5F1A,124.53265572432873
ATP5F1B,167.30632217246165
ATP5F1C,21.50971022167614
ATP5F1D,155.46511749348954
ATP5F1E,125.55773209538297
ATP5MC1,4.311892001287344
ATP5MC2,2.868050998110428
ATP5MC3,5.997867959791037
ATP5ME,117.38991896387836
ATP5MF,1.481717785000078
ATP5MG,179.57272888452187
ATP5MGL,23.718922705117464
ATP5PB,5.524565248774745
ATP5PD,6.7181129554220975
ATP5PF,4.959033242795014
ATP5PO,42.13932100131758
ATP5S,0.3354345050980549
ATP6V0A1,1.3170375205810525
ATP6V0A2,0.35333441056540943
ATP6V0A4,0.009460563256978641
ATP6V0B,1350.6476613944942
ATP6V0C,724.8000316226279
ATP6V0D1,925.5266966045375
ATP6V0D2,0.0153853218718373
ATP6V0E1,706.3266723346109
ATP6V1A,89.22057052592092
ATP6V1B1,0.1664259278748362
ATP6V1B2,171.75709078572592
ATP6V1C1,20.78840382027993
ATP6V1C2,0.06720787643668379
ATP6V1D,58.05303158674842
ATP6V1E1,201.3465559281739
ATP6V1E2,2.100806589141392
ATP6V1F,22.00661791294866
ATP6V1G1,83.56371693588223
ATP6V1G2,0.012461490993391104
ATP6V1G3,0.2330917175245828
ATP6V1H,49.103637220529095
ATP7A,0.7572700204683296
ATP7B,0.37634981044683136
ATP8A1,3.877139820735849
ATP8B1,3.2065379587801655
ATP8B2,1.7815343903172098
ATR,0.0159297503881891
AUH,8.712009429057401
AURKA,0.012671129085492361
AURKB,1.0336006477255608
AURKC,0.17601177545905655
AWAT1,0.0633604788899994
AWAT2,0.016166983378227046
AXL,0.008768535358819858
AZIN2,0.7963414524148358
B3GALNT1,0.6162011486003958
B3GALNT2,4.000287680484291
B3GALT1,0.3354345050980549
B3GALT2,0.004724309799728684
B3GALT4,0.2372021978818144
B3GALT5,0.1389037682866976
B3GALT6,42.9266893435853
B3GAT1,6.710702052775715
B3GAT2,0.18502305591754267
B3GAT3,116.14646662944656
B3GLCT,0.7866139610071975
B3GNT2,3.858916125280677
B3GNT3,0.09019957407909168
B3GNT4,0.041248341327785584
B3GNT5,0.42700618182729466
B3GNT6,0.11187167541790029
B3GNT7,0.7106690009892833
B3GNT8,0.15926241440133815
B3GNT9,0.1383546876925705
B3GNTL1,4.326152947717402
B4GALNT1,0.020714343793944545
B4GALNT2,0.0004536945987917992
B4GALNT3,0.23728573767489722
B4GALNT4,7.600304864535594
B4GALT1,32.40375128241879
B4GALT2,61.894133448045565
B4GALT3,45.640962402646046
B4GALT4,7.838888862682371
B4GALT5,4.040617064225344
B4GALT6,0.3586087013276495
B4GALT7,44.26695086287323
B4GAT1,2.277812689362301
BAAT,0.0010264985586332276
BARD1,0.0008952653098382764
BBOX1,0.050254552230755326
BCAP31,2363.738668510363
BCAT1,0.06049105884256097
BCAT2,136.97340399645594
BCHE,0.005587979983499008
BCKDHA,9.865068587532987
BCKDHB,1.909715289863759
BCKDK,56.116040998473046
BCO1,0.06461878427195712
BCR,0.4067787920789079
BDH1,21.166039976185694
BDH2,3.6820774424475617
BHMT,0.0016607070102313021
BHMT2,0.14230684488376716
BIRC6,0.8640046315446982
BLK,0.014966188357133503
BLVRA,701.8956814789865
BLVRB,2524.4287986863897
BMP1,0.946625133480686
BMP2K,0.036543820998787356
BMPR1A,1.699098973280423
BMPR1B,58.48228045073318
BMPR2,1.3873955742493256
BMX,0.012924374846425519
BPGM,3.8455269439466666
BPNT1,12.777216108629275
BRAF,0.43680999750164556
BRAP,0.13789397010057572
BRPF1,1.5100121029136668
BRSK1,0.08716043852205606
BRSK2,0.03863608233380783
BSCL2,0.7881031010269637
BSG,109.17595041409773
BTD,16.695879450658044
BUB1,0.31827395662636704
BUB1B,0.017283705831486963
C1GALT1,0.5152391186329247
CA1,0.003486666198620859
CA12,0.24029269469966152
CA13,44.89220057301963
CA14,0.019084962575922303
CA2,0.053439124419475806
CA3,0.7364061288524774
CA4,0.0643999808790897
CA5A,0.08417582761312976
CA5B,0.06789540921645064
CA6,10.425839500790367
CA7,0.005165726272885989
CA8,0.32304951040087443
CA9,0.004821783508695901
CAD,16.904387947877595
CALM1,66.44788523462962
CAMK1,26.560345502423367
CAMK1D,0.037414501303653265
CAMK1G,0.03823794475003319
CAMK2A,0.00036782716056821865
CAMK2B,10.114635409220808
CAMK2D,94.60085648849616
CAMK2G,2.600795378681175
CAMK4,0.020047267742439798
CAMKK1,3.1301787053291448
CAMKK2,379.5333917511154
CANT1,257.223379194906
CARM1,10.036276999551019
CARNS1,0.18110166872420913
CARS,23.624047173990572
CARS2,30.001607620212685
CASK,5.574245463742157
CAT,85.49755579073042
CBLC,21.881700563625895
CBLL1,3.6334128758521915
CBLL2,0.027434690025870352
CBR1,70.23742312309298
CBR3,1011.7139771674292
CBR4,57.903791903216
CBS,188.05543382952624
CBSL,0.3354345050980549
CBX1,66.624014688188
CCNB1IP1,8.982596086886161
CD36,0.16863355683647135
CD38,19.037727483083323
CDA,14.026488364065244
CDC14A,0.1427968324314992
CDC14B,1.7409480905035273
CDC25A,0.6546356582768835
CDC25B,4.29190248454149
CDC25C,0.25015379235739793
CDC34,9.947714172674747
CDC42BPA,1.2792932027935704
CDC42BPB,0.959857771355942
CDC42BPG,1.789892478948698
CDC7,0.4945837840213631
CDIPT,165.71525756897535
CDK1,2.3518343613415444
CDK10,16.15426538672658
CDK11A,3.776918148905495
CDK11B,8.769085290620133
CDK12,1.39935770801131
CDK13,1.264602682392517
CDK14,1.4416747064137732
CDK15,0.0007101303772121401
CDK16,23.78681045333955
CDK17,2.5873646767345697
CDK18,1.2592794705630548
CDK19,7.289502511953687
CDK2,6.735973261022358
CDK20,1.5253624169616862
CDK3,1.5727061588340354
CDK4,15.804227953066746
CDK5,36.11231500562809
CDK6,6.754351056503159
CDK7,48.28814143340842
CDK8,1.7595439804841273
CDK9,33.004861339702586
CDKL1,0.22860249713238273
CDKL2,0.0031757406192513215
CDKL3,0.5725255465510092
CDKL4,0.0006874478857963748
CDKL5,0.003365456319298587
CDKN3,2.2198815791803628
CDO1,0.05585915210875994
CDS1,3.6303985034823665
CDS2,2.487319246452601
CDY1,0.256335927830294
CDY1B,0.256335927830294
CDY2A,0.04923577690024244
CDY2B,0.04923577690024244
CEL,0.015259274530897964
CEPT1,3.817491275810275
CERCAM,2.7215063903961796
CERK,5.395240248264145
CERS1,2.3795377686934804
CERS2,89.90144158567831
CERS3,0.0013365641008199706
CERS4,777.8604352162396
CERS5,23.847349363764344
CERS6,1.300429922024207
CES1,2.096521306904686
CES2,11.074708126136972
CES3,0.05078026986938279
CES5A,0.03703753789261324
CFTR,0.5487064685390354
CH25H,0.8591124661525297
CHAT,0.014545141103376102
CHD9,0.28690784442535716
CHDH,13.109378062356486
CHEK1,0.45857112083811497
CHEK2,2.490653535125308
CHFR,4.382179158064694
CHI3L1,0.6482421685270481
CHIA,0.34819723870797287
CHIT1,1.2156206628097335
CHKA,8.723931953593723
CHKB,0.08603086318671485
CHMP4A,146.2260652361362
CHPF,300.6379022608197
CHPF2,22.069353573095643
CHPT1,97.10008300457984
CHST1,0.053756706372644736
CHST10,6.409311339827801
CHST11,0.4798712184107834
CHST12,5.856489264445504
CHST13,0.025191178107234143
CHST14,0.3659428103756497
CHST2,1.0600368488437704
CHST3,0.44345696777525667
CHST4,0.0004005153994457986
CHST5,0.015163802094527458
CHST6,0.003819920097645671
CHST7,0.5819757446404487
CHST8,0.023240032942126194
CHST9,0.01084463304949485
CHSY1,7.715683535787586
CHSY3,0.0021254084860897688
CHUK,0.6829451673315947
CHURC1-FNTB,3.2507362769424972
CIDEA,0.0006765682729700299
CINP,1.6674927402603184
CIT,0.04964362452414826
CKB,1856.7290749815004
CKM,0.033291545055049394
CKMT1A,0.08590194191476057
CKMT1B,0.23058294890707265
CKMT2,0.09574964196421949
CLC,0.029781721472907363
CLCF1,1.7322250409156996
CLK1,0.9760986310480213
CLK2,5.5308512853828455
CLK3,1.0848594005494612
CLK4,0.31006388437665233
CLOCK,0.11985159739990209
CLPS,9.828993754263943
CLTRN,0.5786685643266595
CLYBL,0.10195509093437986
CMA1,0.41500735859088617
CMAHP,0.13935884410902175
CMAS,22.371574949694065
CMPK1,1324.2629646546943
CMPK2,0.13003092009090206
CMTR1,4.115778316984253
CNDP1,0.007822583535305181
CNDP2,217.12413982478893
CNOT4,0.5537735829395575
CNP,21.353526770592076
COASY,1014.3500576955613
COL4A3BP,0.7836450492260951
COLGALT1,4.827811645801103
COLGALT2,0.08819212596505183
COMT,108.09646336645665
COMTD1,1096.7122868467322
COP1,0.4785008438550989
COPA,108.35121454393466
COPB1,196.2629865902139
COPB2,115.8279659649592
COPE,2379.7316931358773
COPG1,359.0174612352457
COPG2,46.22841233503825
COQ2,4.881600235868194
COQ3,3.9667726380447097
COQ5,3.388464152674877
COQ6,31.288297993620557
COQ7,0.358239557502399
COX1,7.766401376158287
COX17,99.11515241775706
COX2,5.3369352212394165
COX3,0.33446363282071023
COX4I1,1407.6957962758695
COX4I2,1.1016663347141675
COX5A,601.3335619076785
COX5B,1586.3534731060297
COX6A1,30.27913622804162
COX6A2,0.01066978153305918
COX6B1,264.88233928136793
COX6B2,0.018018347237808544
COX6C,561.3127134842746
COX7A1,11.728998725926592
COX7A2,98.8362311356419
COX7A2L,466.70569545927384
COX7B,1266.6828330990172
COX7B2,0.003020723857775353
COX7C,574.6255379663228
COX8A,2653.6218815170655
COX8C,0.0031164969807984393
CP,0.17798942332981924
CPA1,0.0007819163437938403
CPA2,0.3260077156250784
CPA5,0.0004634827508562864
CPA6,0.027395734298498203
CPOX,18.258202076333486
CPS1,0.0018524555892470722
CPT1A,0.1428429502110356
CPT1B,0.02316809116342672
CPT1C,0.0680927261732497
CPT2,86.5420950102744
CRAT,54.03048796464271
CREBBP,0.040980838960137406
CRLS1,15.673371157007495
CROT,7.868327819702474
CS,2008.8931735017893
CSAD,4.63918228584017
CSF1R,4.3649550692537336
CSGALNACT1,3.7254314939677617
CSGALNACT2,1.0232736151935538
CSK,32.07716872396407
CSNK1A1,43.7628872076352
CSNK1A1L,0.045752181888469606
CSNK1D,76.24004243034885
CSNK1E,1.783928199750986
CSNK1G1,0.4726775248821802
CSNK1G2,37.4742086689773
CSNK1G3,1.6315882429220707
CSNK2A1,145.86772080969203
CSNK2A2,155.98221314174828
CSNK2B,90.95400535444344
CTBP1,80.94468327839392
CTDP1,1.3320013431979305
CTDSP1,119.13506452779211
CTDSP2,18.24277023109527
CTDSPL,23.90260570026395
CTDSPL2,0.32193865588113924
CTGF,0.3354345050980549
CTH,1.0053223656139034
CTPS1,0.2774814774265704
CTPS2,3.60249100649795
CTSA,134.7790210565157
CTSB,255.7395524848898
CTSC,1.3933936931299877
CTSD,1900.8086218848482
CTSE,0.001107165090513737
CTSF,359.90747270771277
CTSG,1.4869367442590005
CTSH,1092.304405914595
CTSK,1.7425143003739256
CTSL,22.309476873829027
CTSO,7.192578407843895
CTSS,6.321938403411842
CTSV,0.5139622638412911
CTSW,0.9179937995909107
CTSZ,12.738650767569991
CUBN,0.007217599224752516
CWC27,10.524582251894222
CYB5D1,1.9736554002610556
CYB5R1,47.67680423853968
CYB5R2,9.107797651487967
CYB5R3,1148.7957351715763
CYBB,3.582616676812464
CYBRD1,35.673451317259946
CYC1,1048.183999154713
CYLD,0.9938934111887867
CYP11A1,0.004554877006072242
CYP11B1,0.00022067185126185872
CYP11B2,0.0002860025411455067
CYP17A1,0.011556527148711878
CYP19A1,0.3354345050980549
CYP1A1,0.007261854356911766
CYP1A2,0.0006895982636426716
CYP1B1,233.8801791476278
CYP21A2,0.014986389046296778
CYP24A1,0.18394817081824705
CYP26A1,0.0855069398929011
CYP26B1,0.007505921376303748
CYP27A1,7.608107507506276
CYP27B1,0.19646998044459468
CYP2A13,0.04638837469548625
CYP2A6,0.0005826484482558267
CYP2A7,0.0010648737778033521
CYP2B6,0.0012568229815578945
CYP2C18,0.2259625918283721
CYP2C19,0.1750227487879086
CYP2C8,0.002230561812926641
CYP2C9,0.13627582512980346
CYP2D6,0.23496660608697872
CYP2E1,0.33303031637846314
CYP2F1,0.013929970839435852
CYP2J2,40.21911961280009
CYP2S1,0.15518490577528585
CYP2U1,0.2992432821456351
CYP39A1,14.644062868498464
CYP3A4,0.0003068141189517884
CYP3A43,0.015720679231059607
CYP3A5,0.019161782101994526
CYP3A7,0.15747794336040138
CYP46A1,0.12506633239250378
CYP4A11,0.000347853434594464
CYP4B1,0.09802959346487554
CYP4F11,1.719079113372319
CYP4F12,0.08563289355373654
CYP4F2,0.004739228526698863
CYP4F22,0.013453244939371167
CYP4F3,0.0002612017426866415
CYP4F8,0.01490404431160862
CYP4V2,2.654204354453096
CYP4X1,5.97240251628469
CYP4Z1,0.007915843923961528
CYP51A1,127.59677487253894
CYP7A1,0.015615087844251259
CYP7B1,1.7592272378916483
CYP8B1,0.003449735216412889
CYTB,10.283962318241796
DAD1,1320.1318537496848
DAGLA,0.11996985565787174
DAGLB,7.9418666002991865
DAO,1.8577966562707513
DAPK1,2.2908203354877887
DAPK2,1.261129614763593
DAPK3,4.871341889555347
DARS,2085.3187743008116
DARS2,2.25048733919987
DBH,0.07155064172228293
DBI,577.28545616791
DBT,1.4728413005169552
DCK,3.282708999943261
DCLK1,1.9856267030521677
DCLK2,0.3002167227823732
DCT,0.45229416967959896
DCTD,12.953547465739085
DCTPP1,96.7519420397435
DCXR,3235.3998243557003
DDAH1,108.90833291347406
DDAH2,30.935361534398996
DDC,0.012969503481014891
DDO,0.08735045556463489
DDOST,1166.9761341772914
DDR1,10.81426660519136
DDR2,0.05547471963788315
DECR1,236.32847629070622
DECR2,33.796281673802966
DEGS1,16.682547233108316
DEGS2,7.388172891547347
DERA,17.384804573765535
DGAT1,21.852130900596745
DGAT2,2.8739275304058616
DGKA,1.561155665529222
DGKB,7.657508641797666e-05
DGKD,7.984097160481115
DGKE,0.3100146707307126
DGKG,0.0027536967267334537
DGKH,0.001471318800482923
DGKI,0.033347882461037266
DGKQ,3.1872749510176286
DGKZ,3.4769546632083403
DGUOK,37.217097659748006
DHCR24,12.765897231852419
DHCR7,50.93248524730717
DHDH,13.791569101770698
DHFR,87.1033938130174
DHODH,1.4856533123269398
DHRS2,0.06512796744671981
DHRS3,386.9629574035097
DHRS4,295.7606343672106
DHRS9,0.01807651904300345
DIO1,0.004669570928996749
DIO2,0.1867792046654969
DIO3,0.23337290740613742
DLAT,186.62846573047986
DLD,628.4502403801148
DLST,111.39890970840655
DMGDH,0.028055775134590497
DMPK,7.543464462634897
DNAJC6,0.02493942701582613
DNMT1,2.3328509054094315
DNMT3A,1.6597630968493045
DNMT3B,0.031804164545360114
DNMT3L,0.03798289307998578
DOLPP1,14.002447392558464
DOT1L,2.0550944839470944
DPAGT1,33.052722563562845
DPEP1,0.01188364724524431
DPEP2,0.45452645029784466
DPEP3,0.004124092695576455
DPH5,112.38724740230539
DPM1,776.9827950066538
DPM2,129.41164955085213
DPM3,75.5234600599337
DPYD,0.1891763684709853
DPYS,0.0004498189841380409
DPYSL2,248.72875480534628
DPYSL3,31.939407652878515
DSTYK,0.5238352123665158
DTYMK,41.3757393567152
DUOX1,0.0412968364595617
DUOX2,0.011270967300936423
DUPD1,0.11783200419515537
DUSP1,67.35333552321498
DUSP10,0.28929022117814385
DUSP11,6.818757509044189
DUSP12,4.880586905986519
DUSP13,0.0005522448386979102
DUSP14,1.0452494354953332
DUSP15,0.13705886644487397
DUSP16,14.197066918158827
DUSP18,0.08920908077098304
DUSP19,0.041061132796711405
DUSP2,2.4640530704090127
DUSP21,0.08186674790155296
DUSP22,11.1092760000646
DUSP23,110.27506613164769
DUSP27,0.0295242487988817
DUSP28,2.604504422731081
DUSP3,111.85107123753149
DUSP4,0.8045400044303299
DUSP5,10.594072167105715
DUSP6,2.871503562816142
DUSP7,3.1888107852260084
DUSP8,2.131132081505581
DUSP9,0.1467450695050891
DUT,173.6629331456462
DYRK1A,3.9073509419098658
DYRK1B,6.621295112953519
DYRK2,0.7339720935121388
DYRK3,0.9465000893730792
DYRK4,13.417651383916906
DZIP3,0.7221996622029019
EARS2,1.236882205491817
EBP,1212.736887164994
ECH1,380.59312314149406
ECHDC2,105.25817354029142
ECHS1,1018.4822136112401
ECI1,274.3848989645451
ECI2,175.1279898326487
EGFR,0.17213762333433463
EHHADH,0.6622830713119154
EHMT1,0.4345521063287648
EHMT2,0.1501700523738482
EIF2AK1,64.68358347092257
EIF2AK2,4.075900658288726
EIF2AK3,5.454864798855487
EIF2AK4,0.08478294176850061
EIF4EBP3,11.991431908884026
ELOVL1,14.224269660461546
ELOVL2,1.947413634330589
ELOVL3,0.0008819403384633073
ELOVL4,0.06912307720723715
ELOVL5,2.7798359764658636
ELOVL6,0.2924281521531095
ELOVL7,9.605635171961396
ELP3,0.9742684596010865
ENGASE,2.843248369301249
ENO1,953.2935380124363
ENO2,2.11525764595354
ENO3,25.645232837519274
ENOPH1,176.63322333363243
ENPP1,0.17631516395847766
ENPP2,4.078063401039991
ENPP3,0.04450976908981699
ENPP6,0.005408924272621152
ENPP7,0.0005484797507370125
ENTPD1,0.4546406437306858
ENTPD2,1.2017777474063764
ENTPD3,0.4298164616474782
ENTPD4,2.186009444553568
ENTPD5,41.15931240587948
ENTPD6,310.832050304034
ENTPD8,0.1820987442251467
EP300,0.3597005816674076
EPHA1,0.9840529222339199
EPHA10,0.990527053577356
EPHA2,0.13495920102786838
EPHA3,0.05332732073644099
EPHA4,0.2525225095027831
EPHA5,7.230862608218184e-05
EPHA6,0.6865167571393946
EPHA7,0.0641065126618953
EPHA8,0.00856080309141343
EPHB1,0.01647284034313739
EPHB2,0.05507024161343434
EPHB3,8.421041636695
EPHB4,0.7086953441533833
EPHB6,1.708646027671547
EPHX1,510.2792959322162
EPHX2,23.010521774297672
EPM2A,0.3713592618009716
EPRS,30.846547860684826
EPX,0.006858210795304264
ERBB2,0.8441999355776496
ERBB3,59.72658642391145
ERBB4,0.0024680366084166524
ERN1,0.12662658482761713
ERN2,0.019137142207639124
ESD,681.6827731143578
ETFA,2709.473249865417
ETFB,3229.446153972195
ETFDH,11.316868758624384
ETNK1,3.2068490550904025
ETNK2,0.7958431921876519
ETNPPL,1.3663166774328985
EXT1,6.12438444214828
EXT2,19.220638761116636
EXTL1,0.0066457071826972955
EXTL2,6.330157700757363
EXTL3,2.1392421333861913
EYA1,0.02862037205467149
EYA2,19.321181892990392
EYA3,0.7947636019217421
EYA4,0.011047176913579796
EZH1,2.4491973850943403
EZH2,0.038641854104167574
F13A1,0.9353623562125031
F13B,0.952082265681838
F2,0.0012784180197936328
FAAH,168.20143962200547
FAAH2,15.609056860611
FABP1,53.54695633547291
FABP12,0.07361943011456162
FABP2,2.0423800119197857
FABP3,4.028823815528073
FABP4,0.21769972450261835
FABP5,732.536793641054
FABP6,0.974167366043698
FABP7,0.012206096012540413
FABP9,1.0553661478381027
FADS1,4.736865905350347
FADS2,28.120802216332166
FADS3,0.3880397932454842
FADS6,0.00047170572845030203
FAH,37.282324554044955
FAM20B,4.971627035317049
FANCL,3.2647391276479745
FAR1,9.890463703373122
FAR2,0.11119976736884159
FARS2,2.5511839073997744
FARSA,1799.23553157744
FARSB,3.090357918372613
FAS,0.6199200977286171
FASN,181.76968009821445
FASTK,149.71231630754383
FAXDC2,0.014854582046724449
FBP1,240.5208570012738
FBP2,0.31565900531843594
FDFT1,96.50427888053359
FDPS,104.94556730673327
FDXR,9.436910663906428
FECH,7.897545007124703
FER,0.06519735887651984
FES,11.265944131355788
FGA,6.990622680771628
FGFR1,2.3567963081634837
FGFR2,1.1465022856569291
FGFR3,2.3164647012873285
FGFR4,0.2560081028774149
FGGY,4.060131608728787
FGR,1.9203045322294798
FH,535.0432657533142
FHIT,18.75635834048903
FHL2,8.921848213348852
FIG4,3.1592379859722564
FITM1,0.6877462250140042
FITM2,0.7219297965948213
FKBP10,28.38172942141591
FKBP11,243.04783558059643
FKBP14,0.5611803350060366
FKBP1A,359.85801180390064
FKBP1B,1.4706282924679401
FKBP2,4369.73279192505
FKBP3,1648.1230678954223
FKBP4,1147.3255621353435
FKBP5,2.3033638856992122
FKBP6,0.017321144974418605
FKBP7,4.516755254601289
FKBP8,70.81204155475163
FKBP9,10.669311348537814
FKBP9P1,0.3354345050980549
FLAD1,7.584573030355706
FLT1,0.4969598303920246
FLT3,0.011130265077100392
FLT4,0.21216603919749452
FLVCR1,0.9845852491707207
FMO1,0.002082525160292434
FMO2,0.07157071893684595
FMO3,0.0768595713844163
FMO4,0.44705378609231167
FMO5,15.656220422836595
FMO6P,0.003114448747851496
FN3K,82.91064093989426
FN3KRP,32.65962554113627
FNTA,37.66135649117055
FNTB,0.025634119787914102
FOLR1,0.004372706340340275
FOLR2,2.6836800481940366
FOLR3,0.03504916845857347
FOSL1,0.48176891310697434
FPGS,2.2189683396431326
FPGT,2.3035082124993007
FRK,0.07437169109777943
FRMPD2,0.004067323883981621
FTCD,0.07841643439121239
FTMT,0.004091176819537687
FUCA1,45.60752369396777
FUCA2,46.67399382910831
FUK,4.133446236720987
FUT1,0.7054667726474846
FUT10,0.019689490506002726
FUT11,0.334238996079232
FUT2,0.670276013312485
FUT3,0.016377957314643005
FUT4,0.18381924977309744
FUT5,0.3435419176074299
FUT6,0.0002607366668562461
FUT7,0.08627079296946157
FUT8,0.11605027884438264
FUT9,9.633369254866696e-05
FYN,6.004125241278815
G0S2,18.43089977991983
G6PC,0.2573661812362027
G6PC2,0.018216384410824384
G6PC3,85.82334120081077
G6PD,160.3608708809002
GAA,113.20670823893363
GAD1,0.1621336414228003
GAD2,0.03730519390911924
GAK,2.721961113631809
GAL3ST1,0.1422275801647574
GAL3ST2,0.0007668835401807832
GAL3ST3,0.0011174258339943471
GAL3ST4,0.6012263926526124
GALC,1.9523138789790109
GALE,35.195676748617345
GALK1,237.67272342274453
GALK2,24.048056557142797
GALM,3.782113467077789
GALNS,1.9857282795083986
GALNT1,22.480638531748557
GALNT10,0.41612294185584714
GALNT11,17.004040571213004
GALNT12,0.7615729892690661
GALNT13,0.0017304622869736596
GALNT14,0.27485009821052925
GALNT15,0.0116113720313577
GALNT2,15.110446699513854
GALNT3,24.76219988837894
GALNT4,0.00012229737149217895
GALNT5,0.01367624851382355
GALNT6,0.13585979326828287
GALNT7,1.7436426207995663
GALNT8,0.03984975304637445
GALNT9,0.011495152938679715
GALNTL5,0.0004944395922484125
GALT,34.06822750560255
GAMT,57.588580147792726
GANC,0.16486234857507703
GAPDH,9782.899500868025
GAPDHS,0.11844582192705656
GARS,227.38078042731877
GART,54.208280858826534
GATM,0.3260945567644968
GBA,19.57316330638283
GBA2,28.70512736154734
GBA3,0.004192668077042482
GBE1,5.333187465902132
GBGT1,1.0452603469766195
GC,0.02148325443032967
GCAT,501.840874763834
GCDH,56.488994999477804
GCH1,1.2779569477510428
GCK,0.0012448430857946358
GCLC,3.549634850938187
GCLM,12.213146010290298
GCNT1,2.07877627392357
GCNT2,4.274600852787191
GCNT2P,0.3354345050980549
GCNT3,0.5414328714040939
GCNT4,0.004191304689340743
GCNT7,0.10890572687051159
GCSH,0.8826628913401681
GDA,0.00011223465471111147
GDE1,9.683844002170988
GDPD2,0.0003705683932936725
GFPT1,423.23579631470983
GFPT2,0.52274289405312
GGCT,292.7138428394003
GGH,7.504959684504374
GGPS1,634.342009889849
GGT1,11.682451411655103
GGT2,1.2557625587889092
GGT3P,0.10324923436613963
GGT5,12.053956240132417
GGT6,0.4895062256681655
GGT7,22.776679598559287
GGTLC1,0.1290003632762057
GGTLC2,1.3298079602589647
GIF,0.3354345050980549
GK,0.7821258388046406
GK2,0.9456388863331135
GK3P,0.011945663811322184
GLA,20.38092378110704
GLB1,19.1856708737201
GLB1L,1.8918243756511526
GLCE,0.043707537834111486
GLDC,0.0005235041269049634
GLIPR1,0.5635789561043384
GLO1,1817.605177305569
GLRX,52.73066493829435
GLRX2,9.554520069422473
GLS,12.339601674132677
GLS2,0.2316820175799845
GLT6D1,0.0007133823557550885
GLT8D1,1.4560404159857885
GLT8D2,0.13680083989727257
GLTP,23.27861437086872
GLUD1,962.6258486360452
GLUD2,16.55193718990078
GLUL,12.528092321110229
GLYAT,0.007808245754893014
GLYCTK,1.4061857562508684
GM2A,14.258583079304987
GMDS,1074.1963855885783
GMPPA,83.44553891853435
GMPPB,1439.1132013009674
GMPR,83.50653722953388
GMPR2,49.32618268507084
GMPS,131.60157416622647
GNE,7.509458807950613
GNMT,226.9218527212321
GNPAT,19.26457795236391
GNPDA1,14.477269491640406
GNPDA2,1.5084566218731759
GNPNAT1,114.7433632682965
GNPTAB,3.8970838631919404
GNS,13.606421352020103
GOT1,3455.6784575761108
GOT2,1567.7096304696222
GPAA1,696.0135690231033
GPAM,0.09559642993584991
GPAT2,0.061525085934620236
GPAT3,0.6582069289240687
GPAT4,1.352005973421296
GPCPD1,2.0215442208052705
GPD1,0.01539919999551606
GPD2,49.93124576510894
GPHN,6.325995521160965
GPI,2137.8840748957164
GPIHBP1,0.02486373995589064
GPLD1,0.011306839196332675
GPT,0.32523897773869714
GPT2,115.06183359659308
GPX1,191.33461997763436
GPX2,2.050043631023703
GPX3,36.04733844395482
GPX4,392.31608880775286
GPX5,0.793289329058847
GPX6,2.01032323162201
GPX7,0.3865231072694643
GPX8,0.20005201069220957
GRHL1,0.9026422221003211
GRHPR,264.1775542801066
GRK1,0.0004573232346827132
GRK2,4.014622265826703
GRK3,1.2623639556998993
GRK7,0.0005910552802958506
GSR,158.356431335743
GSS,498.0824862366982
GSTA1,204.50814216423075
GSTA2,0.353933916041627
GSTA3,0.09596129064783146
GSTA4,10.795143607252498
GSTA5,0.8080776264964245
GSTK1,99.52767642564419
GSTM1,24.602173075205023
GSTM2,0.16089770400191913
GSTM3,28.777947360343962
GSTM4,5.080081437350227
GSTM5,6.456401885792809
GSTO1,1105.6826233357654
GSTO2,57.92329544333779
GSTP1,1318.9360840694856
GSTT1,461.2449043420226
GSTT2,0.17702120370787985
GSTZ1,60.56447660226225
GTF2F1,11.65153365489798
GTF3C4,0.3156922399901136
GUCA1A,0.0803580412103317
GUCY1A1,2.9663227089166733
GUCY1A2,0.010323160097273342
GUCY1B1,1.0453859436592674
GUCY1B2,0.00027469903517873877
GUCY2C,0.09968775217201195
GUCY2D,0.3935692353986437
GUCY2F,0.13808747592085474
GUK1,404.9441528729276
GUSB,13.5101385743827
GYG1,31.336386143466218
GYG2,1.5896163965379486
GYS1,36.636818483156
GYS2,0.0002613182341062847
H6PD,7.136461005730996
HAAO,0.65286604764201
HACD1,0.6699772991826155
HACD2,3.095013644366691
HACD3,4.330319334841662
HACD4,0.5979568033382378
HACE1,0.17164152549692754
HACL1,11.772925625334171
HADH,1462.670106008818
HADHA,952.5240370645053
HADHB,82.93414860016047
HAGH,58.18369437532717
HAGHL,5.33628194212884
HAL,0.0047554035639254776
HAO1,0.06207483016359968
HAO2,0.0006155347463673135
HARS,219.81740954481987
HARS2,12.77406652759658
HAS1,0.009913571275229268
HAS2,0.017253200272039446
HAS3,0.23073705235630498
HAT1,122.3664983615128
HCCS,5.0810226092543145
HCK,5.613449210863267
HCST,15.488439787746886
HDAC3,1.0596854586452908
HDC,0.13271787287568482
HDLBP,237.9643492249234
HECTD1,1.3669229205557598
HECTD2,0.1233288211180299
HECTD3,1.3581273451509563
HECW1,0.00040723868895719157
HECW2,0.01286781419826165
HELZ2,0.16199531088786426
HEPH,0.14047170783828627
HERC1,0.09486475698380875
HERC2,0.023935681088082375
HERC3,2.0325723180747
HERC4,6.837485025774331
HEXA,50.456799958297275
HEXB,5.501285610767259
HEXDC,0.3354345050980549
HGD,74.37516369538031
HIBADH,32.15046356250422
HIBCH,34.2600022004784
HIF1AN,4.049345505478955
HIGD2A,21.618786850031878
HIPK1,2.254583706840678
HIPK2,1.8588972338849072
HIPK3,0.11735129205127166
HIRIP3,0.19597353572075077
HK1,194.0090578887735
HK2,47.319668661367395
HK3,0.6213720130127919
HKDC1,0.0009644720086778589
HLCS,11.545024553975017
HLTF,0.05800262360821063
HMBS,193.9873869104995
HMGCL,582.0673538291575
HMGCLL1,0.0009114190852558006
HMGCR,9.672727853600747
HMGCS1,16.82309970868937
HMGCS2,242.35451733923117
HMOX1,21.01315796392121
HMOX2,288.9562427149582
HNMT,5.398449438999174
HPD,0.04824212430883148
HPGD,1.327726191314146
HPGDS,0.403923426840019
HPRT1,428.8956171082403
HS2ST1,3.683833348634806
HS3ST1,37.75920394442838
HS3ST2,5.030351531277703
HS3ST3A1,0.0126836654313806
HS3ST3B1,0.00047820305933622296
HS3ST4,0.6205127272923576
HS3ST5,0.17535341548517636
HS3ST6,0.01793008172427985
HS6ST1,22.006629448872175
HS6ST2,0.017019473875301273
HS6ST3,0.002625728697086759
HSD11B1,0.6302224829410409
HSD11B1L,4.59906327441581
HSD11B2,2.26952473866216
HSD17B1,22.501528611807046
HSD17B10,422.2723953826112
HSD17B11,147.99811686306944
HSD17B12,171.1176765875768
HSD17B14,110.9123215929632
HSD17B2,1.5478721020766013
HSD17B3,0.21324384003772018
HSD17B4,841.0897389425406
HSD17B6,591.6174831740327
HSD17B7,6.931437233022152
HSD17B7P2,1.1354504437477202
HSD17B8,0.9903120188799382
HSD3B1,0.004324310667645798
HSD3B2,0.000537043244337509
HSD3B7,10.334139229966475
HSPG2,0.019667674373338266
HTATIP2,5.564584591715847
HUNK,0.039702507392352794
HUWE1,1.3784427674245567
HYAL3,2.1186084808220884
HYALP1,0.3354345050980549
HYI,15.133447674791238
HYKK,0.3304860018863759
IARS,662.3334175521443
IARS2,43.19648961040836
ICK,1.2084114496339895
ICMT,19.92998234826248
IDH1,101.11308443547813
IDH2,1063.2556433271182
IDH3A,614.4447710942535
IDH3B,276.11540342061534
IDH3G,156.68568913638268
IDI1,87.01378465102279
IDI2,7.818242134418492
IDO1,15.621927199249898
IDO2,0.006115329979649117
IDS,3.888910109063938
IDUA,5.525905285943348
IGF1R,4.347696775216603
IKBKB,5.954683590325542
IKBKE,0.763689331866569
IL4I1,3.3717770283651083
ILK,30.3381137151866
ILKAP,27.58656028199973
IMPA1,186.43575798369417
IMPA2,78.32702555895625
IMPDH1,20.342611410608946
IMPDH2,1395.016352064196
INMT,2.4008824192338727
INPP1,70.85424197909514
INPP4A,0.5599568640766764
INPP4B,0.4292756166766535
INPP5A,17.92934043804813
INPP5B,0.6012646471774092
INPP5D,0.6467498582229418
INPP5E,3.611138103711115
INPP5F,0.04676796332189319
INPP5J,16.854119972055518
INPPL1,4.881286705375575
INSL3,0.013540150182840556
INSR,4.612148498916581
INSRR,0.0012053534293555502
IP6K1,12.553504930750428
IP6K2,35.49697858103635
IP6K3,0.03332352365421544
IPMK,0.1886785151604561
IRAK1,101.89038165053987
IRAK2,0.5579886411471607
IRAK3,0.07978626109557488
IRAK4,2.1604947961283303
IREB2,3.206087148581808
ISYNA1,23.67540123325674
ITK,0.04318761925899774
ITPA,840.4021198263075
ITPK1,7.782472541345919
ITPKA,0.00995936542147837
ITPKB,3.71836598197601
ITPKC,37.98265222891903
IVD,376.20558828209283
JAK1,7.273884448990483
JAK2,0.2146078772220204
JAK3,0.6513879855044934
JMJD7-PLA2G4B,0.00023620146617655028
KALRN,0.062402748711051226
KANSL3,6.843484706555485
KARS,334.6169773087985
KAT2A,33.970757905629426
KAT2B,0.4848163770762081
KAT5,11.132837793540942
KAT6A,0.5157386177274859
KAT6B,0.41698656795223865
KAT7,3.1655097616788024
KAT8,20.96321325607709
KCNJ11,3.10832903913093
KCNJ8,0.4753395510404928
KDR,0.47683651788207765
KDSR,9.958067749190187
KHK,0.8398390132541621
KIT,0.2545878033954635
KL,0.2915710656902804
KMO,0.06679661857216052
KMT2A,0.1132089503784727
KMT2B,0.3354345050980549
KMT2C,0.02724143815923862
KMT2D,0.256842919373976
KMT2E,0.08892210317369556
KMT5A,0.08744585611927874
KMT5B,0.052531638327043204
KMT5C,0.3350355754164824
KPNA6,14.773367472247926
KYAT1,0.41426786262502635
KYAT3,10.315561941178165
KYNU,0.33508219984359083
L1CAM,0.037296093622732444
L2HGDH,0.2808066409388325
LALBA,0.09996023381633702
LAP3,726.7043259695619
LARS,331.7338546341563
LARS2,5.077422723034076
LATS1,0.02493310520424213
LATS2,0.7398886242119621
LBR,29.36902221358439
LCAT,2.363059913790574
LCK,1.0431610150707986
LCLAT1,2.238740868647567
LCT,9.902499202331865e-05
LDHA,5021.755716858435
LDHAL6A,0.0032384993934850793
LDHAL6B,10.847952267467784
LDHB,28.063735962865874
LDHC,13.74100658898184
LDHD,14.672389595690726
LDLR,1.1305601963643257
LGALS13,0.16621830202908744
LGMN,259.0043172843544
LGSN,0.059118472577440906
LHPP,93.97566549257287
LIAS,0.38295243040521093
LIMK1,3.561563812805012
LIMK2,16.563343291018242
LIPA,4.066826225008325
LIPC,0.1703842122136951
LIPE,0.49277195069296764
LIPF,0.0007133823557550885
LIPG,0.2996836118780303
LIPT1,5.030466255574229
LIPT2,0.9188905592420793
LMTK2,1.1144609045734584
LMTK3,2.438012765271379
LOC102724197,0.3354345050980549
LOC286297,0.00034037866601770107
LOC344967,0.010001432676129797
LOX,0.1527843952428705
LOXL2,0.38341127069296016
LPCAT1,2.8402148580072892
LPCAT2,0.22609033325784306
LPCAT3,81.5857092546246
LPCAT4,0.11542627325508537
LPIN1,0.5396519709979032
LPIN2,2.6545743213382855
LPIN3,1.4870954178773426
LPL,0.14444078622945516
LPO,0.1697122996292287
LRAT,0.0021258943642929714
LRP1,0.4785038460182111
LRP2,0.0006834847204401244
LRRK1,0.049410568859313456
LRRK2,0.023148587960886365
LRSAM1,20.83306801187138
LRTOMT,4.285470539335533
LSS,77.18490632761483
LTA4H,361.9795778461328
LTC4S,10.489564240811996
LTK,0.022177867727318314
LYN,9.544934522618284
LYPLA1,484.47002419724924
LYPLA2,187.72180966949813
LYZL1,1.4145390562382973
MACROD1,17.811548359864137
MACROD2,0.11966175120094555
MAGEA2B,0.1626710879648594
MAK,0.303984339931592
MAN1A1,0.07945176359720106
MAN1A2,0.7147731473096863
MAN1B1,3.6062064076917983
MAN1C1,14.496068376496419
MAN2A1,0.3035639085004916
MAN2A2,4.249382443780849
MAN2B1,52.510745273907105
MAN2C1,28.807720051656787
MANBA,4.010870727843824
MANSC1,11.071766010015518
MAOA,1582.4941693345413
MAOB,475.29983926032236
MAP2K1,359.82670548661235
MAP2K2,493.3438146355652
MAP2K3,11.854532603483095
MAP2K4,20.481116143786412
MAP2K5,10.41943412585186
MAP2K6,8.287646381317034
MAP2K7,1.697408664294112
MAP3K1,0.3055176641220491
MAP3K10,3.905152853775186
MAP3K11,45.16355413439554
MAP3K12,0.139072261424042
MAP3K13,1.9216057472105688
MAP3K14,1.0862442801275969
MAP3K15,0.00015124087092938189
MAP3K2,1.0527842303916919
MAP3K20,0.20179825659102824
MAP3K21,0.03839897316107535
MAP3K3,3.1556748389458598
MAP3K4,2.526025666278627
MAP3K5,4.454614692407494
MAP3K6,3.8787797931039485
MAP3K7,0.14330052285284492
MAP3K8,0.38662620077991133
MAP3K9,0.03783322699157997
MAP4K1,0.46698862922975437
MAP4K2,2.6739521522233813
MAP4K3,4.65454572510381
MAP4K5,7.143930445655668
MAPK1,159.75674158410538
MAPK10,7.647073033692618
MAPK11,8.248620935393346
MAPK12,29.373697499163328
MAPK13,24.776144307460807
MAPK14,10.9140854992959
MAPK15,0.10462998700912018
MAPK3,80.23689310179535
MAPK4,2.4231374423740206
MAPK6,1.6846391607871278
MAPK7,1.4813097650362714
MAPK8,0.6548365306768462
MAPK9,2.7375099312543663
MAPKAPK2,1.2050656769893544
MAPKAPK3,11.495674880522522
MAPKAPK5,13.164817993126666
MARCH1,0.10615563290936947
MARCH10,0.00600030398959467
MARCH11,0.0007120785036916325
MARCH2,33.36219043187142
MARCH3,0.13551599827766386
MARCH4,0.0011092506945058543
MARCH5,10.143049706501914
MARCH6,7.363226653151534
MARCH7,12.635656128311107
MARCH8,0.07191431038813709
MARCH9,9.590448691601948
MARK1,0.48375794072367445
MARK2,15.798756650647105
MARK3,11.596471397614101
MARK4,3.3962119996128592
MARS,142.27397290902982
MARS2,0.8819925140026424
MAST1,0.021537412818403445
MAST2,21.201258215271153
MAST3,0.6200952404365478
MAST4,1.6025734092805541
MASTL,0.030549601587009423
MAT1A,0.0006125060734961078
MAT2A,84.41575636492448
MAT2B,82.7214801080702
MATK,6.349324080772884
MBOAT1,0.920258767639414
MBOAT2,60.84559654740732
MCAT,32.53119056820561
MCCC1,26.158700142715276
MCCC2,82.6936539066219
MCEE,17.525569048122932
MDH1,3287.531151498745
MDH1B,1.3619867441501372
MDH2,18591.10889105683
MDM2,0.010047118427622128
MDP1,63.05659729396738
ME1,23.499807813321603
ME2,8.025652695941357
ME3,13.10414669411593
MECR,9.12121654022501
MED1,0.16693764579828388
MELK,0.043212564746463594
MERTK,3.1035242968089922
MET,0.2549142577056779
METTL1,68.070917705229
METTL3,19.308978557146787
MGAM,0.00494740270428547
MGAT1,99.31801352744107
MGAT2,4.97667185333629
MGAT3,0.02946676546728036
MGAT4A,12.444316934590368
MGAT4B,30.41621001283421
MGAT4C,0.3354345050980549
MGAT4D,0.02696149145334556
MGAT5,1.251536541568841
MGAT5B,0.004559645346836045
MGLL,4.5531702122724615
MGMT,57.64209557861486
MGRN1,9.97526778789412
MGST1,1652.8026370056796
MGST2,190.92229708240112
MGST3,102.20568438065892
MIA3,19.64957370020582
MIB1,1.1692406398767117
MIB2,17.093681228004968
MID1,0.38748225567600875
MIF,140.49615036235662
MINK1,0.10966341368046358
MINPP1,3.738342940878913
MIOX,0.2871755926168607
MIP,0.00511213483803101
MKNK1,2.73057249482678
MKNK2,57.45999374881037
MKRN1,46.45620549665495
MKRN2,5.268972131681245
MKRN3,0.007961874511440238
MLKL,2.8597560885008844
MLYCD,3.9219113943074615
MMAA,0.698089449633767
MOCS1,0.2246182271479912
MOCS2,23.072897447339447
MOGAT1,0.0011326447943036026
MOGAT2,0.48280819245462625
MOGAT3,0.06832763191888709
MOGS,121.89122620285538
MOK,1.920518306409941
MOS,0.09191795284698573
MOXD1,1.354449821329715
MPC1,27.8052229308476
MPC2,12.311032245951754
MPI,86.81871579092478
MPO,0.007175418124189593
MPST,7775.508647937544
MRPL58,13.330417578133794
MSMO1,32.757792569734285
MSRA,3.7107896182821154
MST1R,0.025090446260934724
MT1A,4.391347226555716
MT2A,5469.826766639128
MT3,0.593614551666867
MT4,0.007116606131893485
MTAP,154.3751388903745
MTFMT,2.2244665534140906
MTHFD1,67.0406600384748
MTHFD1L,4.933941714507494
MTHFD2,12.612717036244518
MTHFD2L,0.9067286268715532
MTHFD2P1,0.3354345050980549
MTHFR,4.710299230770454
MTHFS,2.760894466468794
MTMR1,1.0716177902654371
MTMR14,14.940239048447866
MTMR2,0.2980309656744544
MTMR3,0.13310708397549814
MTMR6,1.8709391300868947
MTMR7,0.013872172593197393
MTMR8,0.0015220708532272863
MTPAP,1.6388071029714295
MTR,0.05619408618287329
MTRR,2.879639530259608
MTTP,0.0017043479649547348
MUL1,21.18207816460522
MUSK,0.0008102846295786782
MUT,0.3354345050980549
MVD,158.69769880940504
MVK,23.512492121876868
MYBBP1A,32.59628921739502
MYCBP2,0.025632635132132386
MYLIP,4.2317786420916175
MYLK,0.33534047331014616
MYLK2,0.007645167671515325
MYLK3,0.006680550215459324
MYLK4,0.0404680593882358
MYO3A,0.0016805245721363308
MYO3B,0.007277971828496456
MYO5B,2.0467246426611627
NAA10,189.38651416252551
NAAA,41.488858952626586
NADK,17.67843322647425
NADSYN1,24.62990491193536
NAGA,8.441137117512962
NAGK,67.87695876173476
NAGLU,53.16929441296536
NAGPA,4.718910835918551
NAGS,0.2892313520395365
NAMPT,620.375644193063
NANP,0.34264163581413654
NANS,5828.448386349754
NAPRT,25.164291606310147
NAPSA,0.08096556359395234
NARS,1866.5420143511835
NARS2,8.131683074837857
NAT1,0.7501955554224579
NAT2,0.05915744688501351
NCOA1,6.8212383410404085
NCOA2,0.018990692425729552
NCOA3,0.4860559295697202
NCOA6,2.49231952972481
NCOR1,0.04025166208596791
NCOR2,0.5184784470762569
ND1,0.7496282848946749
ND2,6.647572110665278
ND3,3.518721426725826
ND4,15.91921099634504
ND4L,0.3354345050980549
ND5,3.9860139175064595
ND6,2.1511623729121254
NDST1,7.676120271739506
NDST2,2.3301486304646706
NDST3,0.000495020316329314
NDST4,0.0011067025366074828
NDUFA1,1423.6553740238476
NDUFA10,60.175209136958365
NDUFA11,185.9060381585462
NDUFA12,17.96901115048911
NDUFA13,5590.852652464084
NDUFA2,48.945910354568554
NDUFA3,74.29240578353048
NDUFA4,17.115541290851265
NDUFA5,59.316298666482524
NDUFA6,54.15030455699977
NDUFA7,10.447493442736741
NDUFA8,172.29764779480325
NDUFA9,54.2707986788983
NDUFAB1,389.53361367955654
NDUFB1,313.0213994633275
NDUFB10,345.1720743186258
NDUFB2,1052.5079789659312
NDUFB3,144.18151219574636
NDUFB4,172.9662027703699
NDUFB5,237.99541485990366
NDUFB6,23.84535686469586
NDUFB7,443.29213807147244
NDUFB8,106.68182345128191
NDUFB9,93.73738457319733
NDUFC1,81.40676872145718
NDUFC2,29.463676041660655
NDUFS1,26.650848233303577
NDUFS2,49.467035842067546
NDUFS3,528.1715842486147
NDUFS4,194.27412226065184
NDUFS5,392.3362828849099
NDUFS6,103.44144322791033
NDUFS7,59.250773602481104
NDUFS8,313.02618089390796
NDUFV1,95.38497597082068
NDUFV2,91.09377420808954
NDUFV3,74.66272613721921
NEDD4,0.17062355926538897
NEDD4L,18.735777401276955
NEK1,1.2646816043459352
NEK11,0.9966363358181957
NEK2,0.10214691689505084
NEK3,3.416747914084296
NEK4,2.632212231255615
NEK5,0.05717726582710885
NEK6,0.6708678196617689
NEK7,5.744391818795048
NEK8,1.6171817955476422
NEK9,0.5779012555508893
NEU1,0.2600557973656042
NEU2,0.07868648115252536
NEU3,0.08032613394713317
NEU4,0.0047617587326671965
NEURL1,0.14715923590013888
NEURL1B,0.8234156578409615
NGLY1,12.648221631969168
NHLRC1,1.1751188857820278
NIT2,1082.223841526671
NKTR,1.540176957975637
NLK,2.36210804278544
NLN,26.05062288220665
NME1,9227.16931669512
NME2,869.2911227163137
NME3,386.00519342395097
NME4,404.9658578576381
NME6,0.42844225854781415
NME7,1.2894061587580106
NMNAT1,2.4155463718035204
NMNAT2,0.0027784129711457706
NMNAT3,2.0613372219324826
NMRK1,2.9351673795914386
NMT1,30.75227834106316
NMT2,1.2070821859372551
NNMT,165.01332957018937
NNT,3.5001458557042464
NOL9,1.6236142849734396
NOS1,0.0015024320159713687
NOS2,0.5272053896885246
NOS2P1,0.3354345050980549
NOS2P2,0.3354345050980549
NOS3,0.6551811683527486
NOX1,0.2312792973028371
NOX3,0.0004742863786714404
NOX4,0.05073684203497225
NOX5,0.0390899895990539
NPAS2,2.380517745814159
NPC1,1.8935734557139752
NPC1L1,0.0009303919414535928
NPR1,0.30337069566897756
NPR2,0.139072261424042
NQO1,16.330603756726962
NQO2,150.39094099268453
NR1D1,1.5222309782705206
NRF1,0.5597888438609361
NSD1,1.2109915984848802
NSD2,0.8117852405670956
NSD3,0.8238692165195934
NSDHL,896.3172466960791
NSF,69.11739752934021
NT5C,155.89639848708381
NT5C1A,0.005181375531903463
NT5C1B,0.042347086839445
NT5C1B-RDH14,0.037698419756150243
NT5C2,56.29866795083261
NT5C3A,4.209671716104311
NT5DC3,1.8578710078409648
NT5E,0.10185804250444772
NT5M,7.776430886235201
NTAN1,0.8293166625010676
NTRK1,0.06818062561351972
NTRK2,0.0038515593446658124
NTRK3,0.0055962834537823
NUAK2,0.3087557959813508
NUDT10,0.2540112232343819
NUDT11,0.7511185590110873
NUDT12,2.8956532328355316
NUDT2,42.16040276566321
NUDT3,1.383565401200079
NUDT4,1.8586275141700779
NUDT5,194.0977468703825
NUDT9,35.52935485242157
OARD1,11.970020898409903
OAT,435.25885906622517
OBSL1,1.3259640513103308
OCRL,4.564520977143311
ODC1,101.29272088994182
OGA,13.207835039605774
OGDH,168.77871696896895
OGT,28.87964644963837
OLAH,0.0005518243082251569
OPLAH,29.474943444825954
OTC,2.3305572451444374
OTUD5,40.08062561129908
OXCT1,103.49697023053102
OXCT2,0.29830761368133335
OXSM,8.044066746023628
OXSR1,4.337300447284294
P4HA1,20.43962274040796
P4HA2,18.06903588237641
P4HA3,0.18330088137050396
P4HB,8774.434615107939
PADI1,0.0009095996042705281
PADI2,0.3351537153415054
PADI3,0.00025492927325436985
PADI4,0.01975119761334029
PADI6,0.3354345050980549
PAFAH1B2,352.3739463231751
PAFAH1B3,846.9934773090889
PAFAH2,5.905185551417961
PAH,0.003074364458353925
PAICS,245.8943541399163
PAK1,17.278105769792933
PAK2,57.957613130641384
PAK3,0.005484115996298367
PAK4,0.7658680084794087
PAK5,0.1843105272396382
PAK6,1.2716969245551626
PAM,0.1387126597389561
PAN2,1.8070024022855284
PANK1,0.07605544649109834
PANK2,5.982824621127851
PANK3,2.3476615554488576
PANK4,6.4478473789550605
PAOX,12.085735940539076
PAPOLA,2.227690481953431
PAPOLB,0.0516054397022327
PAPOLG,0.33028093192530483
PAPSS1,84.39724411734954
PAPSS2,0.3421527338402769
PARP1,63.62347099406688
PARP10,9.301744807191987
PARP11,3.763284346343414
PARP12,1.3916135716834641
PARP14,2.0126849434817764
PARP15,0.0029035527561842504
PARP16,2.2014041677011775
PARP2,8.555466087957026
PARP3,6.26119044679427
PARP4,0.9576246023667933
PARP6,5.595902609384563
PARP8,0.6254358830996252
PARP9,3.775711286463667
PARS2,1.5609276643612662
PASK,0.6646643959208755
PBK,0.46810738990255285
PC,101.95719366763271
PCBD1,327.51849843054424
PCBD2,3.3968302823482253
PCCA,23.474410913080348
PCCB,9.906394750969994
PCK1,0.0022464356720164292
PCK2,5.678790944219593
PCMT1,607.1727283535275
PCYOX1,18.3141038161049
PCYT1A,5.693287200393498
PCYT1B,0.001997061751158522
PCYT2,34.49855270785896
PDE10A,0.9314869408839346
PDE11A,0.36853576124116244
PDE1A,0.7245794101033156
PDE1B,0.053743882347860546
PDE1C,0.00016342463638679869
PDE2A,0.14318436945342702
PDE3A,0.1449780269384946
PDE3B,2.5540029641115565
PDE4A,0.14059708636802484
PDE4B,19.271880402368787
PDE4C,0.0007641200408159888
PDE4D,0.5270105493671368
PDE5A,0.23260337993674932
PDE6A,0.010296584557737689
PDE6B,0.054784003737570634
PDE6C,0.000281572324021014
PDE6H,0.0019347954637696557
PDE7A,2.542462947002848
PDE7B,0.0381791802697398
PDE8A,1.120416414153059
PDE8B,0.9102583115651787
PDE9A,125.4751454572496
PDF,0.6978598226550368
PDGFRA,0.0831797622603377
PDGFRB,0.9558756832314905
PDHA1,116.81685075058253
PDHA2,8.963593332760542
PDHB,72.67737666252468
PDHX,10.99780481214599
PDIA2,0.3024032447063178
PDIA3,4236.406663023615
PDIA4,2439.7378362761074
PDIA5,157.58392460594553
PDIA6,757.3582258965109
PDK1,0.25972164429987316
PDK2,9.002455077172238
PDK3,1.2748833772321033
PDK4,3.3434230088209915
PDP1,5.561484698615667
PDP2,1.706259927380753
PDPK1,0.2938088306827616
PDPR,0.11542963365970837
PDXK,21.995425717369542
PDXP,39.15259101917664
PDZD4,1.9898362664457974
PEAK1,0.04986432032329901
PECR,6.2599292162436795
PEMT,76.03801790453737
PEPD,36.11214759850077
PEX11A,15.626963542657442
PFAS,31.48254151832605
PFKFB1,0.026232644690065293
PFKFB2,0.8243036253183139
PFKFB3,0.7803844790099043
PFKFB4,2.45590885322625
PFKL,137.5125006060817
PFKM,3.8941397150320123
PFKP,282.81010459202975
PGAM1,22.956040058533485
PGAM2,1.1919124274174382
PGAM5,39.829258963856
PGAP1,0.09959271402141831
PGD,2459.8868026933155
PGGHG,0.02991860446325157
PGK1,129.66218173703882
PGK2,0.12603525009531094
PGLS,2746.2597457600664
PGLYRP1,0.00955985406597952
PGLYRP2,0.0014025192106587516
PGLYRP3,0.01572942767765221
PGLYRP4,0.0014540822027711059
PGM1,294.10805700967296
PGM2,73.77771836674279
PGM2L1,0.29884688901325923
PGM3,64.8138159409994
PGP,43.73630599159399
PGS1,7.197008194528177
PHEX,0.0020558015443994286
PHGDH,4043.6472147743793
PHKA1,0.15280559532572394
PHKA2,2.55870503550044
PHKB,20.408786996304727
PHKG1,0.07390027799232711
PHKG2,5.991469471001372
PHLPP1,0.5418696504603294
PHLPP2,0.060717552257556526
PHOSPHO1,0.02660659689432618
PHPT1,466.589835015409
PHYH,29.174384774586816
PHYKPL,0.6462009571960334
PI4K2A,0.44305831526294354
PI4KA,0.834259464209371
PI4KB,0.9935424736507935
PIGA,0.8385967229151534
PIGB,0.9906328223293598
PIGC,13.066016165078791
PIGF,4.724566512590975
PIGG,6.724045222655554
PIGH,35.39339963685897
PIGK,6.718601797846412
PIGL,1.7048432934441444
PIGM,7.033076637097508
PIGN,4.975811385184173
PIGO,6.481050214389067
PIGP,16.329313548200144
PIGQ,46.18553781003628
PIGS,11.2932035146871
PIGT,13.659792499687697
PIGU,2.2380463555518206
PIGV,9.049345196171345
PIGW,2.8291996304768166
PIGX,2.2357382735265694
PIGY,184.63046600083308
PIGZ,3.0255621002145094
PIK3C2A,0.31180980729904295
PIK3C2B,0.2232827435924579
PIK3C2G,0.08873409730034958
PIK3C3,0.10610749262303422
PIK3CA,0.5375846677379523
PIK3CB,0.24240615990271352
PIK3CD,0.287456028599341
PIK3CG,0.012255568253333257
PIK3R1,0.5910777977514471
PIK3R2,13.394232374377967
PIK3R3,13.460216383193513
PIK3R4,13.081022184427889
PIK3R5,0.18878232006859305
PIKFYVE,0.5100996350982979
PIM1,7.5094666174436755
PIM2,2.827710777020119
PIM3,189.55505787687116
PIN1,1671.079821423584
PIN4,5.988591803265791
PINK1,119.29859117517837
PIP4K2A,2.294830985194448
PIP4K2B,3.0075423063369575
PIP4K2C,7.129281838039765
PIP5K1A,0.15982803908634455
PIP5K1B,0.11119592386866119
PIP5K1C,7.31061300811103
PIP5KL1,0.017358772786220396
PIPOX,0.04151398232283533
PISD,1.1049326002266429
PJA1,7.9606062821932575
PJA2,15.641481548177751
PKLR,0.00025763421910256836
PKM,541.3891072832749
PKMYT1,1.2098194616065283
PKN1,174.06463678468648
PKN2,1.293453273284615
PKN3,0.508182885637909
PLA2G10,0.0089626282103041
PLA2G12A,0.9690454202062079
PLA2G12B,1.1304561412675453
PLA2G15,3.208527424624613
PLA2G16,61.988546813770206
PLA2G1B,0.20081737093730392
PLA2G2A,2163.7132962768114
PLA2G2C,0.03683896881203112
PLA2G2D,0.0422553676151707
PLA2G2E,0.10480083352838437
PLA2G2F,0.005811901856059406
PLA2G3,0.008564120089734242
PLA2G4A,2.81796282029958
PLA2G4B,0.00218928318503148
PLA2G4C,1.343361644240537
PLA2G4D,0.01623293415401114
PLA2G4E,0.0052086537987035405
PLA2G4F,2.021301651981588
PLA2G5,1.192282538446931
PLA2G6,5.9505644263799535
PLA2G7,49.622876958048714
PLB1,0.08725222131049043
PLCB1,0.31243375994814726
PLCB2,0.64763942483543
PLCB3,0.9808362853298834
PLCB4,1.5276846495671577
PLCD1,1.5594696769673544
PLCD3,1.5767376601686625
PLCD4,0.3470514629408284
PLCE1,0.023817288901206067
PLCG1,0.6819867880822579
PLCG2,0.2411250360894147
PLCH1,0.007013405389425608
PLCH2,0.12631435734691593
PLCL1,0.006472389823849553
PLCL2,0.08714712128476702
PLCXD2,0.0011651818444433583
PLCZ1,0.07175189323406331
PLD1,0.08303977209821016
PLD2,8.750207937018127
PLD3,14.517243003303001
PLD4,0.915611687036572
PLD6,9.098163795297843
PLG,0.0004539950956871996
PLIN1,0.08394842307277439
PLIN2,1.6680186302507967
PLIN3,70.51673344936492
PLIN4,0.6162913169053221
PLK1,0.3296099183507415
PLK2,2.2766009616657663
PLK3,1.125229311360172
PLK4,0.023541215251888077
PLOD1,19.029118514522093
PLOD2,5.761067808093561
PLOD3,15.457685937345076
PLPBP,1.3790311261442316
PLPP1,5.389883230682263
PLPP2,2.123055391477898
PLPP3,4.2032094621878
PLPP4,0.019762828557283812
PLPP5,0.0656688155578048
PLPP6,0.050042688733332445
PLPP7,1.1305815492037874
PLPPR2,0.3307009692228308
PLPPR3,0.9307949846236876
PLPPR4,0.11900942508124815
PLPPR5,0.012456429933028047
PLTP,8.445719773345365
PLXNB3,2.6769544776018583
PMM1,16.594350067027445
PMM2,213.34068841781217
PMPCA,62.49592112105463
PMVK,653.3844004037229
PNCK,0.783457178606901
PNKP,56.990081076914606
PNLIP,0.1728050224393406
PNLIPRP1,0.04876262171622993
PNLIPRP2,0.0007438392759961633
PNLIPRP3,0.018139233522564087
PNMT,0.0225973149273387
PNP,473.8761668018433
PNPLA2,94.91968320389401
PNPLA3,0.00030482986101428017
PNPLA4,7.946707020235325
PNPLA6,0.5333408430604711
PNPLA7,13.791134486977564
PNPLA8,4.089016651564853
PNPO,15.361993356016267
PNPT1,1.2653090891492504
POLA1,1.31394783499033
POLA2,2.149494088029331
POLB,55.40354078662651
POLD1,0.7080053733095797
POLD2,20.499437848656097
POLD3,0.20281922465590643
POLD4,509.7287325085378
POLE,0.03625119475439578
POLE2,0.3747571343034132
POLE3,23.53608725108888
POLE4,41.400573694318254
POLG,3.5479546757793083
POLG2,2.220207530414409
POLH,0.5859156710262237
POLI,0.5612969447070836
POLK,0.7047329328295335
POLL,17.053265632424896
POLM,3.1507086662252175
POLN,1.3787210107854175
POLQ,0.008882530052968842
POLR1A,0.30951206709869195
POLR1B,0.2782239629014651
POLR1C,33.68750621844394
POLR1D,46.585993961449084
POLR1E,22.108338623630242
POLR2A,0.9999207740690034
POLR2B,6.094780809378491
POLR2C,68.5082993811406
POLR2D,14.203614337683304
POLR2E,78.89870389071736
POLR2F,43.70979211803703
POLR2G,51.101651618680236
POLR2H,600.711061158332
POLR2I,45.19537843117332
POLR2J,26.905343609206426
POLR2K,170.8120720663037
POLR2L,797.7221608257065
POLR3A,0.17224960223948213
POLR3B,1.1648620151856286
POLR3C,0.45776071494113507
POLR3D,10.016681998994374
POLR3E,18.007396220270234
POLR3F,3.395361183070592
POLR3G,0.22313461329112091
POLR3GL,20.355068203156044
POLR3K,61.913944001204904
POLRMT,5.39002001324264
POMGNT1,38.35529331694438
POMT1,17.53096620204806
POMT2,2.705547568219337
PON3,9.564900186546879
POR,331.98890273092024
PPA1,1123.0910051098656
PPA2,538.8400774588926
PPARA,0.5961527591906599
PPAT,4.429711987728431
PPCDC,11.329389863639177
PPCS,124.162469351868
PPEF1,0.0036702862971846255
PPEF2,0.0475767992202525
PPIA,323.1712797625576
PPIAL4A,0.3354345050980549
PPIAL4C,0.3354345050980549
PPIAL4E,0.008374249882714799
PPIAL4G,5.939428287912971
PPIB,7541.154898014254
PPIC,14.11332022914397
PPID,510.90447826247953
PPIE,11.683550712850236
PPIF,238.76064717679108
PPIG,7.097159994043316
PPIH,1184.9651918516254
PPIL1,117.74709419931712
PPIL2,0.8685520808789037
PPIL3,37.045334181699666
PPIL4,1.4788348607524078
PPIL6,0.16700958927372953
PPIP5K1,0.6628880916610183
PPIP5K2,3.4524584830866356
PPM1A,1.48043590742673
PPM1B,28.87007152441914
PPM1D,0.944637203840123
PPM1E,0.13516567118515893
PPM1F,11.131975626429792
PPM1G,28.73645356807929
PPM1K,7.2650756068155
PPM1M,4.93048116936249
PPOX,9.062431711606148
PPP1CA,370.9271525068258
PPP1CB,302.0961925282084
PPP1CC,94.32162779880083
PPP1R1A,0.38684170545986657
PPP1R1B,377.0454507216527
PPP1R2,35.34058721583467
PPP1R3A,0.06646892507772041
PPP1R3B,0.9429219150938066
PPP1R3C,0.41208161975500074
PPP2CA,168.15919770764168
PPP2CB,20.958594805529543
PPP2R1A,843.2513408522364
PPP2R1B,8.038608713820901
PPP2R2A,36.19890161450893
PPP2R2B,0.007330465538739969
PPP2R2C,0.23507012067489694
PPP2R3A,0.3226334939288883
PPP2R3B,0.7630573642231371
PPP3CA,2020.4326675938096
PPP3CB,6.801506020392187
PPP3CC,2.700781236604853
PPP3R1,123.12133081175844
PPP3R2,0.0006168042870370265
PPP4C,107.44077373360152
PPP5C,22.216695564568045
PPP6C,90.93514057080003
PPT1,4.404712070968018
PPT2,0.06907953026721869
PPWD1,5.597544817645292
PRAG1,0.3354345050980549
PRDX1,14867.203563785795
PRDX2,11318.096827889973
PRDX3,287.4608184130288
PRDX6,1375.4047241752842
PREP,57.9978615383678
PRKAA1,9.369014007844733
PRKAA2,0.5221926033553937
PRKAB2,1.1795167834549576
PRKACA,239.42415144734602
PRKACB,32.73191148596649
PRKACG,0.0031219702511223395
PRKAG2,4.479047825597175
PRKAR1A,9.93318009496708
PRKAR1B,5.8500531353273955
PRKAR2A,3.0108557325587033
PRKAR2B,10.022338709901375
PRKCA,0.5220552465899869
PRKCB,0.11512797901339457
PRKCD,5.214540560199411
PRKCE,0.2661363291470164
PRKCG,0.0006892903605940258
PRKCH,4.540049229926815
PRKCI,2.2713447397442827
PRKCQ,0.04241759684092532
PRKCSH,917.3618575126325
PRKCZ,6.1888177510606015
PRKD1,0.8626310984275469
PRKD2,16.110171305317373
PRKD3,0.9175532599265095
PRKDC,0.8796044733425242
PRKG1,0.009149935190528202
PRKG2,0.13266701739862252
PRKN,0.21524163632635238
PRKX,0.8141164844753661
PRKY,0.05782009779389973
PRODH,0.043628028247074006
PRODH2,0.047452249121563574
PRPF19,714.2477889197802
PRPF4,137.49962736519194
PRPF4B,10.520489366105563
PRPS1,372.1867239179204
PRPS1L1,1.2081187005599585
PRPS2,12.551345842462748
PRRT2,0.06620414057750931
PSAP,67.24914826266581
PSAT1,152.41569808444814
PSKH1,15.08572780531085
PSKH2,0.11813839957802594
PSPH,390.72259393876686
PSPHP1,0.3354345050980549
PTDSS1,69.57844437719527
PTDSS2,56.509262412947514
PTEN,2.703061971973815
PTGDS,88.52534906186399
PTGES,78.36727741059389
PTGES2,121.65427932731986
PTGES3,4807.292842273319
PTGIS,7.790873694801625
PTGR1,478.7254929885276
PTGS1,1.6418155794305465
PTGS2,2.5043434351989378
PTK2,2.8599144855304877
PTK2B,6.972849085441215
PTK6,0.5260112173284207
PTK7,4.149926586491054
PTP4A2,1.8498767800220133
PTP4A3,2279.0180662471316
PTPDC1,0.17382233992421228
PTPMT1,24.795706978546484
PTPN1,22.002104251657673
PTPN11,4.575242570445941
PTPN12,2.06009491733351
PTPN13,2.811354148685049
PTPN14,0.3050465012844511
PTPN18,71.265962807291
PTPN2,5.968431397560082
PTPN21,0.39951528696930827
PTPN22,0.03150596135362693
PTPN23,5.886422012998229
PTPN3,0.71712107191357
PTPN4,0.3407580024789028
PTPN5,0.011462243002757349
PTPN6,23.09207284232481
PTPN7,0.34103468566643025
PTPN9,0.19866652103421614
PTPRA,0.2831191341006718
PTPRB,0.3675725381343504
PTPRC,0.6931008900926209
PTPRD,0.3945214240949216
PTPRE,0.2726996365966139
PTPRF,90.04068054538095
PTPRG,0.12901085475262228
PTPRH,0.00409845241445328
PTPRJ,4.746909261189562
PTPRK,4.253315825876408
PTPRM,3.406741866450172
PTPRN,0.0029037601995183875
PTPRN2,15.64842528957051
PTPRO,0.008703859706025404
PTPRQ,0.012756464349487637
PTPRR,0.02494726892216546
PTPRS,11.714839237301673
PTPRT,3.7195317678784887
PTPRU,2.643437860936643
PTPRZ1,0.0012524503486026422
PTRH1,23.924078162760214
PTRH2,4698.260858783274
PTS,54.060027111946255
PUS1,9.599181839598495
PXDN,1.217971416248818
PXDNL,0.0009959088274761796
PXYLP1,0.3900283303635837
PYCR1,460.883811878885
PYCR2,387.98697131170076
PYCR3,18.52640291410028
PYGB,869.7132754885109
PYGL,1.4704220854481003
PYGM,0.12734620503029942
PYURF,0.6402221518630032
QARS,662.1100612273675
QDPR,1300.0597855430717
QPCT,0.6763853138032988
QPRT,0.1780898020708646
QTRT1,111.31013441268568
QTRT2,3.0803803903498332
RAD1,0.959749690449147
RAD18,0.771257254565657
RAD9A,4.440939100951315
RAF1,0.20787407508305009
RAG1,0.0006423520621779494
RALBP1,20.512695138452294
RARS,429.52920972885937
RARS2,5.975066079042741
RBBP6,0.12916769311764092
RBKS,3.816075904002448
RBP1,129.0520090800843
RBP2,0.44262896504099397
RBP4,0.8868076925279115
RCHY1,3.743839283421035
RCL1,6.239235652681691
RDH10,29.575818065753438
RDH11,7284.537072167405
RDH12,0.9727892382228014
RDH13,6.546148750184562
RDH14,1.4747807201405292
RDH16,0.4940272122346301
RDH5,0.11277554954793412
RDH8,0.0006065248706234979
REG3A,0.010710558758496747
RENBP,3.509996083403747
RET,0.09392880110196568
REV3L,0.08229668088639139
RFC5,10.087957369677163
RFK,11.072787097347286
RFWD3,0.39547549509917906
RGL1,0.8590784774021055
RHAG,0.016550254930838833
RHBG,0.023095893464276315
RHCG,0.05639356977370328
RING1,6.481544219036466
RIOK1,0.43969399784626034
RIOK2,0.15668286412100293
RIOK3,11.857100273804841
RIPK1,5.446352831755038
RIPK2,5.138333283999357
RIPK3,1.6121788496144116
RIPK4,7.325560693105738
RIPOR1,1.8350848174091228
RNF103,13.719019334810943
RNF115,5.547159606287309
RNF123,17.127519778440913
RNF125,0.34439494581326197
RNF126,24.36339257719424
RNF128,0.012134183324529618
RNF13,16.02534601973295
RNF130,54.37818660924446
RNF133,0.007303280816990802
RNF138,3.5606569630315232
RNF139,12.220159292376595
RNF14,10.758179444569505
RNF144A,10.54069389089015
RNF144B,18.231936334303345
RNF146,5.2549872437471254
RNF149,19.694344579157942
RNF152,0.05343223258179629
RNF167,176.14258995803112
RNF180,0.27574374629298687
RNF182,0.0005258164306444951
RNF185,17.732403215898966
RNF187,134.0268811826634
RNF19A,6.519742553331333
RNF19B,9.776368655662568
RNF2,4.040145860474336
RNF20,2.3292437543498052
RNF216,3.7797503118639737
RNF217,0.051417509556399524
RNF25,34.463410717460974
RNF31,13.711742965059244
RNF40,1.4919195231893219
RNF41,18.4755921288047
RNF5,0.0004924450395314325
RNF8,1.039173663739608
RNGTT,1.0702563503795486
RNMT,13.258475092708704
ROCK1,1.0787079985001395
ROCK2,0.6084148519085499
ROR1,0.007876587089387703
ROR2,0.022531521627819715
RORA,0.10418222911483094
ROS1,7.911266453933365e-05
RPAP2,1.6698873658913516
RPE,25.1569198782904
RPE65,0.0023396130494388167
RPIA,20.28892602464166
RPL14,6063.1673065003515
RPN1,2382.555598003927
RPN2,1054.9858984652235
RPP14,21.399982372498613
RPS6KA1,23.76865220427945
RPS6KA2,2.9515173272592343
RPS6KA3,0.8014080892980129
RPS6KA4,0.9410549027153671
RPS6KA5,0.3204370992430867
RPS6KA6,0.32872779611844294
RPS6KB1,0.876907794463495
RPS6KB2,83.9844095924224
RPS6KC1,0.2515091611356354
RPUSD4,0.9817444269115482
RRM1,21.2776043721901
RRM2,1.6406272103279795
RRM2B,5.629279888307715
RTCA,1.6973780629584712
RWDD2A,12.146379514346526
RXRA,13.64715389252603
RYK,9.503112255499728
SACM1L,7.87717376973186
SAE1,232.37100747045974
SAP130,0.3482788591888097
SARDH,8.42890653648849
SARS,155.51302462758474
SARS2,13.779390495587666
SAT1,3139.713604670713
SAT2,427.5144632402277
SBK1,3.8068255788764165
SC5D,1.7142905425756392
SCARB1,68.44846111147517
SCARF2,1.1501281754262942
SCD,116.13856955438955
SCD5,2.097164165856815
SCLY,0.003339177549607525
SCP2,261.641231488082
SDC1,3.4010013997367263
SDHA,165.57858576194437
SDHB,350.3110039239505
SDHC,8.449623714403861
SDHD,1.5070579273026181
SDR16C5,0.016669624145382315
SDR42E1,0.6532657362367399
SDR42E2,0.3354345050980549
SDR9C7,0.6181733836443202
SDS,2.4844349433086834
SDSL,70.0571882610637
SEC11A,359.6498124014689
SEC11C,162.39103182806022
SELENOI,0.1784505883933933
SEPHS1,364.3525973380298
SEPHS2,138.35653448006613
SERPINA1,30.244823344035126
SERPINA3,178989.9455324189
SETD1A,0.10271150150571452
SETD1B,1.8805660912206166
SETD2,0.01195985827659615
SETD5,4.049709998735138
SETD7,4.7714775762575
SETDB1,0.1218427889272623
SETDB2,0.3654840534939565
SETMAR,18.339158363323136
SFXN3,148.09616719072147
SGK1,5.474019807728075
SGK2,0.025774486196878863
SGK3,0.11793594702108624
SGMS1,5.800636023184512
SGMS2,1.3588475863940654
SGPL1,28.852926430110774
SGPP1,38.99885889192546
SGPP2,0.23556135706579942
SGSH,24.149475603356535
SH3RF1,23.880325680699553
SH3RF2,0.03594254129294303
SH3RF3,0.34960156935170705
SHMT1,85.68322420129631
SHMT2,622.1357680395961
SHPK,1.3393537602161436
SHPRH,0.026402725007148208
SI,0.0015925524099045913
SIAE,10.32689898168671
SIAH1,4.173182661950624
SIAH2,16.861762909456935
SIK2,1.357441863144757
SIK3,0.7353282091981636
SIN3A,1.8889730073406392
SIN3B,0.047115895472704554
SIRT1,1.6686653528606767
SIRT2,36.673024950143095
SIRT3,11.3249873222239
SIRT5,2.372237202524927
SIRT6,20.68342563755532
SIRT7,11.253802708499762
SLC10A1,0.0017116501070904438
SLC10A2,0.058748703153154044
SLC10A6,0.0069057346497269105
SLC11A1,1.145385013065267
SLC11A2,18.320992414638265
SLC12A1,0.00014373330976425228
SLC12A2,1.7365434255849272
SLC12A3,0.001429334630766142
SLC12A4,0.23243063547996165
SLC12A5,0.00436684989231602
SLC12A6,0.007438762654165846
SLC12A7,2.4106968174698835
SLC13A1,0.00019969944572087713
SLC13A2,0.00033089037636143114
SLC13A3,3.779133343831872
SLC13A4,0.0035643167658293
SLC13A5,0.0023177373666395493
SLC14A1,0.2574169018719816
SLC14A2,0.0001597474526793915
SLC15A1,0.09891009367687728
SLC15A2,6.169673554594385
SLC15A3,4.658982313520885
SLC15A4,4.04599851651806
SLC16A1,61.35905292492282
SLC16A10,0.10165966726503312
SLC16A2,0.18968906656038814
SLC16A3,7.5161673734741745
SLC16A7,0.0005796629315009055
SLC16A8,0.04460816717045901
SLC17A1,0.0014430742250623033
SLC17A2,0.014797084619435076
SLC17A3,0.0005629396139926066
SLC17A4,0.000997937977141387
SLC17A5,12.702605798636231
SLC17A6,0.0001908662254349814
SLC17A7,0.002657254137108603
SLC17A8,0.023326127399307364
SLC18A1,0.01129475407780472
SLC18A2,0.9534952741237045
SLC18A3,0.06214561646399096
SLC19A1,26.01989548158204
SLC19A2,12.782923071178473
SLC19A3,0.0030588727469875606
SLC1A1,2.072205175121977
SLC1A2,0.012966590511262827
SLC1A3,0.08298025259952208
SLC1A4,5.780814377014287
SLC1A5,217.8307706947983
SLC1A6,0.07694788869193199
SLC1A7,0.00492903951032267
SLC20A1,6.325823192731086
SLC20A2,2.3346558130176973
SLC22A1,0.011252800702320102
SLC22A10,0.3015716565779637
SLC22A11,0.007652395148347299
SLC22A12,0.000665980805405614
SLC22A13,0.4146385452685862
SLC22A16,0.014071838093207641
SLC22A18,12.607156554758975
SLC22A2,0.008865601308889541
SLC22A3,0.09357823163440063
SLC22A4,0.7138176982394171
SLC22A5,5.850639175722953
SLC22A6,0.0004220761809292562
SLC22A7,0.3754031874781076
SLC22A8,0.0004323687804720298
SLC22A9,0.008613396246414724
SLC23A1,3.1793868413550723
SLC23A2,3.9020582235998775
SLC24A1,0.453615010592402
SLC24A2,0.0003198582562164109
SLC24A3,0.48062970689067486
SLC24A4,0.0018905984953827195
SLC25A1,1491.7362767342709
SLC25A10,172.97075253205855
SLC25A11,1116.9765255362272
SLC25A12,97.54232763321349
SLC25A13,153.17630747193905
SLC25A14,2.6505490625506667
SLC25A15,0.7339469947804804
SLC25A16,5.0500945218631506
SLC25A17,12.767871623747226
SLC25A18,16.932822163116178
SLC25A19,1.557247399089312
SLC25A2,0.7617097541989009
SLC25A20,7.586973304865284
SLC25A21,0.20714969596313043
SLC25A22,51.77484676397598
SLC25A26,6.924160375259502
SLC25A27,1.0389345673896366
SLC25A28,46.21948336200519
SLC25A29,56.25766195805175
SLC25A3,2605.2342487132382
SLC25A37,11.868614834302859
SLC25A4,239.1699430832751
SLC25A5,4445.54101133281
SLC25A6,404.40420050929254
SLC26A1,0.3755954929836416
SLC26A11,4.983400618710401
SLC26A2,35.86829538459858
SLC26A3,0.027634023228787826
SLC26A4,18.614796520626452
SLC26A6,3.1562214850586
SLC26A7,0.020625872060761566
SLC26A8,0.0014868344252987546
SLC26A9,0.0006681143594190314
SLC27A1,4.171832236471874
SLC27A2,4.993158502376282
SLC27A3,3.719513703956126
SLC27A4,4.819226279230156
SLC27A5,9.830641842208758
SLC27A6,0.005466304107395356
SLC28A1,0.001077332518727956
SLC28A2,0.007865869106547657
SLC28A3,0.12172033473958485
SLC29A1,2.705453662073241
SLC29A2,7.54635091641036
SLC29A3,5.00784509397764
SLC29A4,2.151671312150953
SLC2A1,8.817925082157478
SLC2A10,4.558924323674732
SLC2A11,2.250298881659788
SLC2A12,14.007330468113926
SLC2A13,0.11996920896500374
SLC2A14,0.0004293454039861277
SLC2A2,0.7271472329221568
SLC2A3,1.4106387760982961
SLC2A4,0.33823503660002985
SLC2A5,0.23844739776763446
SLC2A6,0.5711355781383348
SLC2A7,0.010679466206724253
SLC2A8,18.4239081265637
SLC2A9,0.2256514956108343
SLC30A1,2.786013328618451
SLC30A6,2.5955728419986404
SLC30A7,8.032376000698806
SLC31A1,8.22565732781256
SLC32A1,0.0023828903315081165
SLC33A1,1437.0459669134018
SLC34A1,0.000598462749853069
SLC34A2,3.1336234060907397
SLC34A3,0.017634068273389515
SLC35A1,4.5254445956091995
SLC35A2,22.18887869797262
SLC35A3,10.701709086758749
SLC35B2,1.2156102414209762
SLC35B4,0.5795728478726738
SLC35C1,6.802132090260181
SLC35D1,0.681686919546447
SLC35D2,11.424513949854829
SLC36A1,4.264742883223486
SLC36A2,0.00023101025067031767
SLC36A4,0.3030170901220349
SLC37A1,35.15340591824278
SLC37A4,12.892452409163637
SLC38A1,1.8132679592753491
SLC38A2,20.433894044881086
SLC38A3,0.07723574997961571
SLC38A4,0.008204419372750455
SLC38A5,0.1897983716889831
SLC39A7,23.378315013996627
SLC3A1,4.874762129482099
SLC3A2,83.42381364792773
SLC40A1,8.593965858081065
SLC41A1,2.0740886401295726
SLC41A2,0.15414768232920076
SLC43A1,25.677904590693085
SLC43A2,20.049536345287684
SLC46A1,2.154974749228187
SLC47A1,0.06442163870397534
SLC47A2,0.07673856927513668
SLC4A1,0.0006390938752446328
SLC4A10,0.0027543597674681247
SLC4A2,21.3141498692965
SLC4A3,0.6119996409786093
SLC4A4,41.20505263506028
SLC4A5,0.7729968828040193
SLC4A7,0.0887372851516192
SLC4A8,0.0019420540490960488
SLC4A9,0.0006475695065979557
SLC51A,0.15730939956507933
SLC51B,0.1317954273752661
SLC52A1,0.11277172956640528
SLC52A2,0.09357936368667576
SLC52A3,0.28454763876001143
SLC5A1,10.159472176063499
SLC5A10,7.197617893137462
SLC5A11,0.0059127556412254265
SLC5A12,9.948980348539382e-05
SLC5A2,0.13626028986792157
SLC5A3,0.21779524703877856
SLC5A5,0.2511611651893056
SLC5A6,8.93507610851172
SLC5A7,0.0009057333444181913
SLC5A8,0.01832543631115698
SLC5A9,0.0030001250149030646
SLC6A1,0.0007320754842009946
SLC6A10P,0.054381188895467794
SLC6A11,0.2517441557183319
SLC6A12,0.013181942164278744
SLC6A13,0.025239806621524457
SLC6A14,6.287885023251647
SLC6A18,0.0020893853267229126
SLC6A19,0.007924701599586768
SLC6A2,0.0003269986181969758
SLC6A20,0.017370135369654507
SLC6A3,0.7151077829240176
SLC6A4,0.00015592127747103294
SLC6A5,0.10319845039380167
SLC6A6,0.03527861991505266
SLC6A7,0.0030909147593401447
SLC6A8,28.66454031362404
SLC6A9,0.48807292105998046
SLC7A1,7.370520719386485
SLC7A10,0.0005079770957768703
SLC7A11,0.46782264004506346
SLC7A2,5.528425329780556
SLC7A3,0.001903872753132329
SLC7A5,2.1261054384485614
SLC7A6,0.50163688346751
SLC7A7,1.6331220185673916
SLC7A8,20.344733766894805
SLC7A9,0.06331133723724312
SLC8A1,0.09519797654744293
SLC8A2,0.0024070190534789438
SLC8A3,0.001411595076603255
SLC8B1,0.13932836983899105
SLC9A1,5.033932022312949
SLC9A2,1.6331220185673916
SLC9A3,0.36397446834678154
SLC9A4,0.314551529377227
SLC9A5,0.06809374472511319
SLC9A7,0.9672353409297373
SLC9A8,2.080923146323627
SLCO1A2,2.6137436515368124
SLCO1B1,0.0003075832050578889
SLCO1B3,0.04767210311424515
SLCO1C1,0.0010065187565622123
SLCO2A1,2.622640730227363
SLCO2B1,1.5300394509118092
SLCO3A1,0.2299844137095393
SLCO4A1,0.4033610581276822
SLK,7.649371218067731
SMARCD3,10.977836159609641
SMG1,0.15699713564057097
SMPD1,69.37401130584757
SMPD2,14.789370063164068
SMPD3,0.7498902767743812
SMPD4,4.239031815106509
SMS,614.2367937573256
SMURF1,2.0265188926093876
SMURF2,1.6995821595853198
SMYD3,15.191579431757965
SNRK,2.529786177968278
SOAT1,10.968684615577631
SOAT2,0.004403180543094288
SOD1,5963.209549452957
SOD2,1339.4249821887847
SOD3,10.854460157206631
SORD,148.80036078078948
SPCS1,327.32448248828086
SPCS2,259.95696949022795
SPCS3,276.4946371749432
SPEG,0.2617030031140913
SPHK1,1.8734384202187468
SPHK2,1.3500768280451103
SPR,765.9431336246524
SPRYD3,53.06083713700933
SPTLC1,21.27160266074053
SPTLC2,1.5522354889207093
SPTLC3,0.6682941955911137
SQLE,0.6891918710718256
SRC,11.100507625092884
SRD5A1,1.7593973853401044
SRD5A2,0.19199641131881334
SRD5A3,4.3383866674803855
SREBF1,78.45494791165977
SRM,1162.1040541592088
SRMS,1.5110803623174296
SRPK1,3.3345535761198053
SRPK2,3.0328962495591085
SRPK3,0.03661299453479534
SSH1,0.490018981504033
SSH2,0.5435959071571062
SSH3,9.444049058780923
SSR4,4552.934254441256
SSU72,402.99453573265225
ST3GAL1,0.7381442047556784
ST3GAL2,0.48074201456180543
ST3GAL3,11.747278688965322
ST3GAL4,13.863351887188147
ST3GAL5,0.9508592118547239
ST3GAL6,0.19783220484122604
ST6GAL1,52.560882982464484
ST6GALNAC1,4.745472257861802
ST6GALNAC2,0.2107846145548059
ST6GALNAC3,0.02467767695820332
ST6GALNAC4,2.8700751939318856
ST6GALNAC5,0.5285090333579815
ST6GALNAC6,35.73099930375347
ST8SIA1,0.004553567212271308
ST8SIA4,0.08527700482140373
ST8SIA5,0.061942652544633256
STAMBP,8.374622506962126
STAMBPL1,0.27312557856709085
STARD3,23.967953723266014
STK10,0.09386570445833306
STK11,36.45824595033762
STK16,1.5241470034788775
STK17A,2.8110047865395775
STK17B,3.191576794966351
STK19,1.4159405250055697
STK24,14.602788606810341
STK25,5.06998878237167
STK26,0.629690691282171
STK3,20.641305700023466
STK31,0.0014742634863791106
STK32A,0.04689363934999416
STK32B,0.01763559620861162
STK32C,4.939168623841044
STK33,0.022511857747315313
STK35,2.256939308922309
STK36,1.9738171209733653
STK38,5.968939430774392
STK38L,2.943659919411784
STK39,56.205051118869456
STK4,0.3147246767287832
STRA6,0.33450129567642617
STS,1.2031484024949848
STT3A,31.567609171309588
STT3B,13.731634412176591
STUB1,64.55396427368252
STYK1,6.164407282380396
STYXL1,102.0985769657946
SUCLA2,51.1108610128653
SUCLG1,550.8120698947977
SUCLG2,608.5518152267229
SULT1A1,5.5696954878085725
SULT1A2,0.3352868038520553
SULT1A3,3.7503041530200782
SULT1B1,0.0008838230042859049
SULT1C2,0.0035712091542976095
SULT1C4,0.04149475819658124
SULT1E1,1.3273511575593253
SULT2A1,0.000493397230135022
SULT2B1,142.05344724195464
SULT4A1,0.0003651205405676427
SUOX,27.682109047600342
SUV39H1,1.9795590779933039
SUV39H2,1.3939440447710016
SYK,0.6348076819720389
SYNJ1,0.007101446057995936
SYNJ2,0.046873948080428954
SYVN1,0.9636538732430013
TAF1,0.48310879944032636
TALDO1,689.6514345207584
TAOK1,0.4983176181547878
TAOK2,9.491098934164526
TAOK3,2.5243608406910605
TARS,335.11823776114215
TARS2,0.9533246399494855
TARSL2,9.383097459809244
TAT,0.0003122680324346432
TBCB,96.37900178967018
TBK1,0.442360708493344
TBL1X,4.973583944531904
TBL1XR1,6.20422658200013
TBXAS1,3.817859235278458
TCIRG1,42.89529439372699
TDO2,0.0028389853262596404
TECR,57.96217745721697
TECRL,0.11400593534832566
TENT2,0.15316461371698084
TENT4A,0.45357387630786017
TESK1,24.935951244674218
TESK2,10.125223821789
TFRC,31.07513544672096
TGDS,2.6227557409093403
TGFBR1,2.0506062880227947
TGFBR2,1.9562869918780876
TGM1,0.15817054798632257
TGM2,407.69491631545515
TGM3,0.8223339308835946
TGM4,0.046320942070481104
TGM5,0.002154001030038235
TGM6,0.0004041812155729515
TGM7,0.001852315702217466
TGS1,3.1328387037723417
TH,0.3942180720015461
THNSL1,1.9218235471964673
THTPA,14.24897673292073
TIAM2,0.014370129991553916
TICRR,0.05167590734814967
TIPARP,1.5551104004790153
TK1,18.529746884587762
TK2,7.0068509193747985
TKFC,17.655218887752373
TKT,247.47927206694044
TKTL1,0.0035557333225818577
TKTL2,0.00030543805130288604
TLK1,17.57842373892976
TLK2,0.10438753186608649
TM7SF2,440.7527064757393
TMEM91,2.5032679271391216
TMLHE,0.036229348149255255
TMX3,3.687983337902666
TNFRSF21,9.60177170924341
TNIK,0.04212219543961815
TNK1,6.20879085591755
TNK2,22.526654403971285
TNKS,0.4943583851562157
TNKS2,3.1169377966890575
TNNI3K,0.3354345050980549
TNS2,1.434061794943761
TOPORS,2.1647979871562937
TP53RK,11.493757383091323
TPH1,0.4594062270546954
TPH2,0.08567194949607831
TPI1,9375.577794803876
TPI1P2,10.905018867072373
TPK1,0.12348441092636778
TPMT,4.533041054925374
TPO,0.021991012368996966
TPP1,20.22388829686534
TPSAB1,83.32346077151219
TPSB2,90.76228148374483
TPSD1,2.0042277816256413
TPST1,3.633513239914343
TPST2,3.42751430402562
TPTE,0.00043181636295230624
TPTE2,0.3354345050980549
TRAF7,30.561203982149046
TRDMT1,0.14161133968760764
TREH,0.0005439374314030781
TREX1,6.093722088634727
TREX2,0.04117185053215786
TRHDE,0.001112181888090282
TRIB3,24.321797582930976
TRIM11,33.65020479838995
TRIM32,0.32546497019472226
TRIM33,1.6759203654305317
TRIM63,0.010636003560838917
TRIO,0.13099944069368175
TRIP12,7.2972273586462055
TRIT1,8.11815976132285
TRMT1,6.216527639563392
TRMT11,0.9223305171642873
TRMT1L,0.8522542225651499
TRMU,23.50682056416412
TRPM6,0.019761784860766015
TRPM7,0.35550957730565286
TSSK1B,0.00168133653971587
TSSK2,0.0231714118888251
TSSK3,0.2799474485580511
TSSK4,0.015895859578234067
TSSK6,0.4933291876658344
TST,202.47273481121766
TSTA3,754.4870174427554
TTC3,26.621270569772616
TTK,0.020734517931705634
TTL,0.3003859320811907
TTLL10,0.004776644272131442
TTN,0.0044701029359129505
TUSC3,2.4261483177319856
TUT1,0.5614966194555139
TUT4,0.6950417161591614
TUT7,0.1907089895411479
TXN,1709.6517568411757
TXN2,81.92820155765382
TXNRD1,58.73110953002213
TXNRD2,118.5813712869526
TXNRD3,0.7221054145088917
TYMP,100.64663269654929
TYMS,7.773188241963362
TYR,0.1046323172264974
TYRO3,0.3418192492291154
TYRP1,0.07737114413450452
UAP1,107.33888724614091
UAP1L1,8.350695884967852
UBA1,487.3881346599721
UBA2,61.53655735479199
UBA3,33.80168736871204
UBA6,31.238368185452245
UBA7,4.336374742169802
UBE2A,23.98746810605431
UBE2B,39.68063998973699
UBE2C,1.8378460076961638
UBE2D1,7.763756319152254
UBE2D2,24.212854077255823
UBE2D3,1048.012627558129
UBE2D4,4.2038517495743815
UBE2E1,88.12318380679889
UBE2E2,6.50283943325053
UBE2E3,15.378354073295778
UBE2F,1.0150124625208072
UBE2G1,9.423819422476608
UBE2G2,4.924742518727042
UBE2H,70.7852699715073
UBE2I,683.3020862588993
UBE2J1,8.855846030339112
UBE2J2,33.96021150865879
UBE2K,268.07859070215994
UBE2L3,736.5213022525448
UBE2L6,42.66438461759382
UBE2M,147.86938251742782
UBE2N,38.126767772031585
UBE2NL,4.70050335808782
UBE2O,5.518244074178105
UBE2Q1,3.447337371712017
UBE2Q2,1.907118986879264
UBE2QL1,0.38053097738562003
UBE2R2,9.293409689225525
UBE2S,23.028513953905513
UBE2T,1.4156089668522482
UBE2U,0.023784263818109993
UBE2W,6.029596261907736
UBE2Z,88.2289589415521
UBE3A,21.50524260481336
UBE3B,3.854140561557177
UBE3C,1.7107913075847716
UBE4A,0.5250598893611218
UBE4B,1.914171044881941
UBLCP1,35.4234137364738
UBR1,0.11253346762142348
UBR2,1.0220829497412325
UBR3,0.013361516396190721
UBR4,2.3896589875946046
UBR5,0.3104138681406708
UBR7,7.217322568514604
UCK1,17.245713737368437
UCK2,3.908583802255491
UCKL1,19.509766965439823
UCP1,0.001287354882856606
UCP2,21.79888851412391
UCP3,0.04165116750852994
UEVLD,0.6124883177175309
UGCG,0.5891307562438478
UGDH,118.80030957473727
UGGT2,0.997048005560292
UGP2,1033.2426114050918
UGT1A1,0.0003886985282522542
UGT1A10,0.14272264379251745
UGT1A3,0.0018160095070122637
UGT1A4,0.00038481635433078727
UGT1A5,0.4044927492424471
UGT1A6,0.0302372260924751
UGT1A7,0.817507176308654
UGT1A8,0.1293154038699776
UGT1A9,0.11549856641655931
UGT2A1,0.3354345050980549
UGT2A3,0.001248814536445396
UGT2B10,1.2536713325042186
UGT2B11,0.0006105011336374974
UGT2B15,0.021576292502068113
UGT2B17,0.0001765001395182125
UGT2B28,0.0005522448386979102
UGT2B4,0.01298143187725172
UGT2B7,0.003676497624791554
UGT3A1,0.0015612651321979254
UGT3A2,0.012296258412989316
UGT8,0.0016035334128099796
UHMK1,3.577806327148826
UHRF1,0.07317206761027256
UHRF2,3.8976176079004956
ULK1,12.327790405577742
ULK3,22.716294839140396
ULK4,0.5701585655816208
UMPS,91.12117401267759
UPB1,0.008523638236491318
UPP1,1.6947163650715518
UPP2,0.0009025465268753675
UPRT,2.047185289552697
UQCR10,88.64329450064565
UQCR11,621.9713047988522
UQCRB,170.82337699598892
UQCRC1,2248.3178150670246
UQCRC2,2505.488023934249
UQCRFS1,436.5501382269153
UQCRH,145.49080742165333
UQCRQ,208.39049046308295
UROC1,0.0006023485418612909
UROD,98.489257100927
UROS,97.759648823865
USP1,5.230500849826985
USP10,2.8233012531513606
USP11,19.78662409689247
USP12,1.6834889651624092
USP13,0.5129110387649848
USP14,49.90853932042635
USP15,1.0141079144046417
USP16,11.659644567261953
USP17L2,0.7544524097088302
USP17L22,0.04998256910149056
USP17L30,0.050968258904732194
USP17L5,0.050968258904732194
USP17L9P,0.3354345050980549
USP18,0.32599910976420865
USP19,0.8969094575141553
USP2,0.039280303690266014
USP20,11.566615699988409
USP21,10.07962223840447
USP22,138.85742404978626
USP24,0.47156918111594925
USP25,0.030343738735531683
USP26,0.08118014005684498
USP28,1.5277461391177272
USP29,0.0002146270037334718
USP3,0.5928405464486816
USP30,0.11693915311722308
USP31,0.504543155142962
USP32,0.1279746924409524
USP33,6.693650963197853
USP34,2.2777706265235587
USP35,0.19692130627530907
USP36,3.021012841372601
USP37,0.4726618195519689
USP38,2.9462826753807096
USP4,1.2336516284769619
USP40,0.47952692239654127
USP41,0.01834435481333142
USP42,1.3207297025101952
USP43,4.640396779293035
USP44,0.001021238734025641
USP45,0.13540562872517192
USP46,0.7903995880428446
USP47,2.080630235795665
USP48,0.24916837331000988
USP49,0.0031288350716149244
USP51,0.5280771782234637
USP6,0.013995458665507806
USP7,18.915671937491567
USP8,0.17420890486340151
USP9X,1.7165957043799025
USP9Y,2.153792945632187
UST,0.5574608778202024
UXS1,7.689153895213633
VARS,25.107362180489687
VARS2,11.90560672172211
VKORC1,170.5742798144748
VNN1,0.03999485528954643
VNN2,7.4489711002548145
VNN3,0.2379909921238353
VRK1,24.39783948182447
VRK2,1.3099723581243987
VRK3,24.500097474348326
WARS,784.49841324751
WARS2,11.581451168047439
WDYHV1,40.01577726663036
WEE1,0.7926757514667562
WEE2,0.0018706542267987382
WNK1,0.5219205038045853
WNK2,14.601410113003416
WNK3,0.15299628523656233
WNK4,1.2712224484547483
WWOX,0.8145508565795878
WWP1,22.798212621159912
WWP2,0.10644090014647231
XDH,2.392794885302149
XPO6,0.6090387123141604
XPO7,3.88726580155955
XYLB,0.38710956860562484
XYLT1,0.32147641051869297
XYLT2,11.342218069239683
YARS,2401.0692847702853
YARS2,14.96602055575213
YES1,7.353130196537479
ZADH2,3.8015659002244697
ZAP70,0.489964072773911
ZC3HAV1,0.7151378555735757
ZNRD1,0.8204741529643347
ZNRF1,1.9509302404524342
ZNRF2,2.426511020106447
ZSWIM2,0.015679988656711358
