A4GALT,0.43292418424229956
A4GNT,0.21321462884586356
AACS,74.73359843057898
AADAC,0.0037439790225936445
AADAT,1.2813538244089937
AAK1,16.224646669770156
AANAT,0.04457405404825633
AARS,583.3215937505909
AARS2,21.71758582231792
AASDH,7.295509952073734
AASDHPPT,10.460541148913181
AASS,4.6820247120242815
AATK,7.396189638848761
ABAT,0.5712022145573773
ABCA1,1.2764986842132895
ABCA3,1.08257275669082
ABCA4,0.022533876502519177
ABCA8,0.8375956587668179
ABCB1,0.38264723355700414
ABCB11,0.04664320692677182
ABCB4,0.33907597572231124
ABCB6,20.94549349211737
ABCC1,0.845426176877
ABCC11,0.462859216156163
ABCC2,1.3430373831542533
ABCC3,0.03435819490290378
ABCC4,3.9426662720155488
ABCC5,10.591506347974772
ABCC8,0.05536502372092665
ABCC9,0.11554549616874299
ABCD1,53.28747228262842
ABCD2,0.03733249269472686
ABCD3,71.03892907353331
ABCG2,1.146607517221685
ABCG5,0.20335473355824457
ABCG8,0.026673876708283938
ABHD12,32.70343089566757
ABHD5,3.5586533101497784
ABHD6,15.2923186005369
ABL1,81.10945591434101
ABL2,24.898734954979993
ABO,0.05063669538798006
ACAA1,26.950298006714796
ACAA2,26.381435563841883
ACACA,18.30676692249809
ACACB,1.441832762231462
ACAD10,4.099310915624415
ACAD11,0.09961853060444295
ACAD8,9.756684451443038
ACAD9,283.0365428567853
ACADL,0.0008776617878108603
ACADM,26.290711385123398
ACADS,13.430474484332985
ACADSB,37.01353450971012
ACADVL,394.04267938033246
ACAT1,18.84462320162166
ACAT2,32.74196550389663
ACE,0.3519587167253962
ACE2,0.019777239999511195
ACER1,0.025217988471836584
ACER2,0.2874843784064489
ACER3,7.734954366493016
ACHE,0.26445370337737356
ACLY,185.98917475619905
ACMSD,0.0021230969462446934
ACO1,23.08068572158915
ACO2,65.89338588429405
ACOT1,2.743818150814459
ACOT11,2.9117408844005266
ACOT12,0.09846384054416166
ACOT13,4.368063746636319
ACOT2,9.37215562905368
ACOT4,2.9754838807437474
ACOT6,0.01149652992988495
ACOT7,98.74306668385277
ACOT8,23.40348570424353
ACOX1,5.7847236136307405
ACOX2,0.1455985229215936
ACOX3,8.98905431338468
ACP1,6925.004299461555
ACP2,10.266791516101568
ACP4,0.0036202735317779565
ACP5,343.0493361966988
ACP6,14.792737921348877
ACP7,0.44999467512671487
ACPP,0.04486108926811073
ACSBG1,10.148604498347764
ACSBG2,0.05893199711664697
ACSF2,31.76422749798697
ACSF3,18.21470123889988
ACSL1,58.972660054382544
ACSL3,33.90076940575929
ACSL4,5.119054376402035
ACSL5,1.0723247273074472
ACSL6,0.0063476484715751826
ACSM1,0.03932377947094474
ACSM2A,0.0585122933778039
ACSM2B,0.06320048198640206
ACSM3,2.230006670096142
ACSM4,0.24076687484729298
ACSM5,0.005384921981949022
ACSS1,40.036839618646425
ACSS2,24.07811973051878
ACSS3,0.0053638794723322855
ACVR1,35.891608928011415
ACVR1B,3.7960695356867054
ACVR1C,0.04747586806075393
ACVR2A,2.3793348600357516
ACVR2B,6.271824978208284
ACVRL1,1.0126293356596971
ACY1,23.528650382930287
ACY3,1.1411790751632116
ACYP1,11.403499816670845
ACYP2,3.5807160894955135
ADA,12.54528388534235
ADCY1,6.864886992402871
ADCY10,0.0007872109148187725
ADCY2,0.14179371193057427
ADCY3,20.679052607577237
ADCY4,0.24527561420462515
ADCY5,0.015834070406951364
ADCY6,34.36639988366286
ADCY7,4.998507297072791
ADCY8,0.10844658669179806
ADCY9,13.95274179535457
ADH1A,15.260920881477592
ADH1B,0.0007979498456369091
ADH1C,0.013538015410823853
ADH4,0.00481716440723594
ADH5,547.651106881172
ADH6,0.013192614337298077
ADH7,1.9402663036203287
ADHFE1,0.8064694576452763
ADI1,92.83248281043616
ADK,4.345106569378738
ADO,15.28849843543518
ADPGK,73.5105447351668
ADPRH,35.07325284599879
ADSL,923.0708062629926
ADSS,234.5505515456121
ADSSL1,1.1589955308935938
AFMID,25.923251419112724
AGA,103.37432643007564
AGK,14.042547591046835
AGL,0.3749912091584793
AGMAT,0.36871977585735854
AGPAT1,5.544226459269719
AGPAT2,147.07626539763208
AGPAT3,26.826626218418465
AGPAT4,0.018838886853333122
AGPAT5,3.316097618598785
AGPS,75.66916392505365
AGT,0.06003129442120384
AGXT,1.1981950333722313
AGXT2,0.0009171311816433791
AHCY,17615.88060108895
AHCYL1,43.407327695996706
AHCYL2,8.246317934077114
AICDA,0.02460038993500046
AK1,350.4422855453267
AK2,763.4370969741229
AK3,11.367879048168364
AK4,327.97020334619214
AK5,0.12434641239162604
AK7,0.06346276908349738
AKR1A1,467.51634162413654
AKR1B1,86.78092033095704
AKR1B10,0.022313022238686434
AKR1B15,2.0793115605776
AKR1C1,0.06023664285094128
AKR1C2,0.009844313602012817
AKR1C3,0.0729218129431946
AKR1C4,5.522781755496033
AKR1C8P,0.3354345050980549
AKR1D1,0.0007873970972673033
AKR7A2,167.04746740257116
AKR7A3,0.13956275452343284
AKT1,6.814646500678915
AKT2,2.8335401381010694
AKT3,53.48038911262211
ALAD,492.65574826507674
ALAS1,61.10874626830016
ALAS2,20.915905868881836
ALB,0.001001135165828238
ALDH18A1,318.09000966283924
ALDH1A1,30.53381472541742
ALDH1A2,0.1337631303723562
ALDH1A3,327.190133019363
ALDH1B1,34.05322044563698
ALDH1L1,0.2714075755124086
ALDH1L2,0.623895299057541
ALDH2,5.904521392313185
ALDH3A1,0.634352456465939
ALDH3A2,133.268967866492
ALDH3B1,5.09464648584713
ALDH3B2,0.5662742607973636
ALDH4A1,18.37559928234358
ALDH5A1,8.383373466866482
ALDH6A1,13.320816219130137
ALDH7A1,9.801799954797591
ALDH9A1,1421.5949488927422
ALDOA,10536.991996952242
ALDOB,0.062031168298342605
ALDOC,0.17899047801999035
ALG1,7.996024136671109
ALG10,1.2484890703454197
ALG11,5.424154023846515
ALG12,22.7252368947982
ALG13,3.078087852715168
ALG14,15.839536057806034
ALG1L,0.266917206796207
ALG1L2,0.13691262624150788
ALG2,106.42250870824962
ALG3,8.363988467258658
ALG5,70.0752257576612
ALG6,4.32113357264767
ALG8,15.613633009213064
ALG9,4.0061983198596645
ALK,0.6598195397768282
ALLC,0.0017646273729909252
ALOX12,1.0472587981903205
ALOX12B,0.02806841180960607
ALOX15,0.04685737429981484
ALOX15B,0.04129960352959961
ALOX5,0.2631489226563285
ALPG,2.1334538652401167
ALPI,0.0008512788456078526
ALPL,3.0223903043658784
ALPP,0.0017812128326758626
AMACR,41.36245367052606
AMD1,52.29322086663904
AMDHD1,0.25218689969482205
AMDHD2,8.869114933918986
AMFR,0.7770256740609033
AMHR2,0.0030952539133382783
AMN,0.012609000141974308
AMPD1,0.11167496795558433
AMPD2,17.275808549630156
AMPD3,1.9698669659304573
AMT,0.06039097413307491
AMY1A,0.0016561749666274225
AMY1B,2.6438139326066277
AMY1C,2.6438139326066277
AMY2A,0.006167579968562716
AMY2B,0.23259105877001296
ANAPC11,148.26902056595517
ANGPTL4,40.9627087771448
ANKRD1,0.009301983112778458
ANPEP,0.9734922026665312
ANXA3,637.6119474648484
AOAH,0.0749973204707797
AOC1,0.022327631781835014
AOC2,0.3251249022722753
AOC3,1.7226964226066697
AOX1,0.26413305944218035
APOA1,0.04670118956446156
APOA2,0.00737855301386393
APOA5,0.11645175048604357
APOB,1.4927272133171663
APOC1,87.32739974343492
APOC2,27.211319250515267
APOC3,46.87519708233557
APOE,509.2103529466034
APRT,2827.3112076795005
AQP1,9.976377136081922
AQP10,0.01621993296798819
AQP2,2.053743019254548
AQP3,0.6681689170939058
AQP4,0.008220805344473522
AQP5,0.015878203418241175
AQP7,0.01247532461571421
AQP8,0.015764921684410547
AQP9,0.11657093920564206
ARAF,1.3237184831215523
ARCN1,255.2058060060965
ARG1,0.013271794957196239
ARG2,11.536655834369773
ARSA,9.034089993739395
ARSB,6.910299429870793
ART1,0.001995356672071262
ART3,0.3072165454659231
ART4,0.004585709573978577
ART5,0.0038797008890160915
AS3MT,0.026174467499725733
ASAH1,320.048749614053
ASAH2,0.007171883834443692
ASH1L,0.022560447017058203
ASL,204.80061057007268
ASMT,0.0566304971118221
ASNS,280.12986363007843
ASPA,0.028510727105732183
ASPG,0.001183500448782383
ASPH,164.6386017418254
ASRGL1,6.794054453790213
ASS1,7.533469396331292
ATE1,4.264224539059159
ATIC,1598.0632287666403
ATM,2.421547979645096
ATP10A,22.858698728656105
ATP11A,29.301984738163593
ATP11C,3.5202843884065573
ATP1A1,434.35795460706163
ATP1A2,0.002526410543412667
ATP1A3,0.010070232170983457
ATP1A4,0.0011792827080202017
ATP1B1,12.776796028377062
ATP1B2,0.16089374146251062
ATP1B3,98.78785309618357
ATP1B4,0.002253386205386389
ATP2B1,6.776392539686697
ATP2B2,0.004108668380761344
ATP2B3,0.011764717862610335
ATP2B4,25.352585643336482
ATP4A,0.012005510093472588
ATP4B,0.004096944880711389
ATP5F1A,124.53265572432873
ATP5F1B,167.30632217246165
ATP5F1C,21.50971022167614
ATP5F1D,155.46511749348954
ATP5F1E,125.55773209538297
ATP5MC1,4.311892001287344
ATP5MC2,2.868050998110428
ATP5MC3,5.997867959791037
ATP5ME,117.38991896387836
ATP5MF,1.481717785000078
ATP5MG,179.57272888452187
ATP5MGL,23.718922705117464
ATP5PB,5.524565248774745
ATP5PD,6.7181129554220975
ATP5PF,4.959033242795014
ATP5PO,42.13932100131758
ATP5S,0.3354345050980549
ATP6V0A1,3.910927680241839
ATP6V0A2,0.8715975280569246
ATP6V0A4,7.051198700103888
ATP6V0B,367.33873124605003
ATP6V0C,792.5385096041363
ATP6V0D1,1017.2198387357628
ATP6V0D2,16.28890540158247
ATP6V0E1,238.00027770431356
ATP6V1A,261.0233867634505
ATP6V1B1,0.7766577170366973
ATP6V1B2,1048.8549851435048
ATP6V1C1,40.283853994063755
ATP6V1C2,0.6300533312387894
ATP6V1D,97.8238704360375
ATP6V1E1,235.29425413060093
ATP6V1E2,3.8811011638900417
ATP6V1F,62.43468689664582
ATP6V1G1,79.01613455524733
ATP6V1G2,0.005551108942103056
ATP6V1G3,0.2330917175245828
ATP6V1H,37.92295347560936
ATP7A,2.6143493538567815
ATP7B,3.6385732478017316
ATP8A1,0.7132830482102501
ATP8B1,0.2516233745273466
ATP8B2,27.339022321147738
ATR,0.057422248715647856
AUH,2.1963235282201743
AURKA,0.2051895669677222
AURKB,8.802398257650907
AURKC,0.04361260272398926
AWAT1,0.0633604788899994
AWAT2,0.6905945531355334
AXL,0.026652464697016504
AZIN2,0.7963414524148358
B3GALNT1,9.512786240030252
B3GALNT2,6.014660910595722
B3GALT1,0.4539952790815886
B3GALT2,0.0210593398928955
B3GALT4,0.03274806961622228
B3GALT5,0.008101182035782665
B3GALT6,8.724585042360765
B3GAT1,0.001304309073869857
B3GAT2,0.18502305591754267
B3GAT3,27.98138671106119
B3GLCT,0.7866139610071975
B3GNT2,18.437711906526058
B3GNT3,0.011265877794099642
B3GNT4,0.04048858538910503
B3GNT5,2.4515277316151436
B3GNT6,0.3354345050980549
B3GNT7,0.4308831159672589
B3GNT8,0.03721379179734617
B3GNT9,8.240945227174997
B3GNTL1,2.6499763403747196
B4GALNT1,1.232641550455263
B4GALNT2,0.08753139082536945
B4GALNT3,7.2388857172104
B4GALNT4,0.5302227976504588
B4GALT1,51.400731072336306
B4GALT2,54.86591726620625
B4GALT3,56.41121255262573
B4GALT4,27.530856215982503
B4GALT5,74.33512551713716
B4GALT6,19.58699701505195
B4GALT7,13.77346500680035
B4GAT1,2.277812689362301
BAAT,11.609658957088831
BARD1,3.721308846198453
BBOX1,0.001253117071772099
BCAP31,3265.836552798652
BCAT1,3.5919477091868575
BCAT2,11.058442683785968
BCHE,23.138907680950656
BCKDHA,10.30911859699043
BCKDHB,2.092841234271721
BCKDK,43.19827254349411
BCO1,0.06461878427195712
BCR,0.2519738420065687
BDH1,8.642853413047309
BDH2,2.109784947059038
BHMT,0.01670864616333463
BHMT2,0.013540633896048565
BIRC6,6.306104161008493
BLK,0.010108624800198994
BLVRA,730.2442069302772
BLVRB,1844.3604162764298
BMP1,6.871696292183327
BMP2K,0.572508005810795
BMPR1A,3.782829079642382
BMPR1B,0.9346568541808356
BMPR2,43.23784211269187
BMX,0.5934591502942183
BPGM,9.622907789898063
BPNT1,18.573782148221518
BRAF,1.2812124792814068
BRAP,0.22318555911886653
BRPF1,16.584214973537048
BRSK1,11.790969246116212
BRSK2,1.416744620414268
BSCL2,1.538573148875137
BSG,184.0415257467004
BTD,22.939770902654498
BUB1,25.518231876585187
BUB1B,0.64773233726261
C1GALT1,5.138154966184083
CA1,2.075617619043758
CA12,0.0839155852268391
CA13,10.406202970895766
CA14,33.11268014321292
CA2,0.622043802697725
CA3,0.013702752386039617
CA4,0.0057191191180928965
CA5A,0.0025485393965582522
CA5B,0.49017957475349716
CA6,0.5708966183186701
CA7,0.024596140828976633
CA8,30.945854401781272
CA9,0.20532178168343218
CAD,156.06914605584467
CALM1,98.6853427795527
CAMK1,8.03479519984257
CAMK1D,0.0987610022830202
CAMK1G,0.4861407198388522
CAMK2A,0.08847642720625659
CAMK2B,0.05273950052468197
CAMK2D,130.06547833105802
CAMK2G,2.2343870131623174
CAMK4,0.019223238166222133
CAMKK1,6.609395331398901
CAMKK2,5.001437044248045
CANT1,89.01176309774813
CARM1,25.920208719136422
CARNS1,0.002854464793236378
CARS,36.55027024393457
CARS2,47.90015206704519
CASK,11.95250751684875
CAT,373.6546053884156
CBLC,0.0519195983521084
CBLL1,14.159779224245735
CBLL2,0.027434690025870352
CBR1,107.3167650347337
CBR3,492.8886896520942
CBR4,27.635133067685203
CBS,1.1093515257243884
CBSL,0.3354345050980549
CBX1,182.6455980044305
CCNB1IP1,26.52873086567141
CD36,2.6555848309334165
CD38,0.14394329438452846
CDA,4.818020146647725
CDC14A,1.3827932807460588
CDC14B,4.206503870099868
CDC25A,13.57874491683537
CDC25B,50.6935834148464
CDC25C,1.7736961848800423
CDC34,9.772990274945613
CDC42BPA,2.4134299548686085
CDC42BPB,2.216229245206877
CDC42BPG,0.16694972491339286
CDC7,5.466053846467819
CDIPT,247.683577244574
CDK1,9.042039020011892
CDK10,20.55427506365182
CDK11A,1.8253067735156487
CDK11B,7.09819628602531
CDK12,12.378667747837605
CDK13,16.267703667934516
CDK14,5.03202733179005
CDK15,0.11191050272099363
CDK16,60.646690687170256
CDK17,5.799023759601873
CDK18,11.030065485094921
CDK19,5.052516906010686
CDK2,1323.8209916369917
CDK20,6.962453000623046
CDK3,1.5727061588340354
CDK4,162.13131713490773
CDK5,53.72589000390829
CDK6,62.45161964245569
CDK7,20.5330627140571
CDK8,3.9604330176329183
CDK9,69.26976346344833
CDKL1,1.3640635292832457
CDKL2,0.07681800475978035
CDKL3,0.2513780274384116
CDKL4,0.006497418544632537
CDKL5,0.4921273783304442
CDKN3,22.96034962719201
CDO1,0.018534389281703725
CDS1,0.05811470291620794
CDS2,20.43681313754605
CDY1,0.256335927830294
CDY1B,0.256335927830294
CDY2A,0.04923577690024244
CDY2B,0.04923577690024244
CEL,0.09500299022442556
CEPT1,8.564822723949387
CERCAM,40.47907224142934
CERK,25.76446088504562
CERS1,0.29094167530144677
CERS2,190.71675453796223
CERS3,0.027537318872734133
CERS4,91.43742205455429
CERS5,57.765077164439944
CERS6,12.043538477151715
CES1,0.06064117601008346
CES2,17.09214374996298
CES3,0.10594813293374869
CES5A,0.012682039782508283
CFTR,0.5171492292379292
CH25H,0.1918180942214516
CHAT,0.014545141103376102
CHD9,8.427756238659418
CHDH,0.014120426301517306
CHEK1,1.2911633077069178
CHEK2,2.3519119576834946
CHFR,6.406855363969231
CHI3L1,0.42649961333702857
CHIA,0.34819723870797287
CHIT1,0.13583355923412824
CHKA,5.965046393737697
CHKB,0.03269247286733034
CHMP4A,31.195932075405953
CHPF,348.31551118666704
CHPF2,31.34227686173715
CHPT1,25.98585119994472
CHST1,0.49604494320621795
CHST10,25.5063684174999
CHST11,103.26867961694586
CHST12,11.723217155549204
CHST13,0.005502243565816414
CHST14,2.8490971724481584
CHST2,5.808229107349049
CHST3,3.1458675313236206
CHST4,0.02226550981150046
CHST5,0.06165627331242557
CHST6,8.31607140606511
CHST7,0.4089203898220732
CHST8,0.001756825859866407
CHST9,0.6831391527946653
CHSY1,51.91255080768819
CHSY3,0.8957291784773834
CHUK,0.8836560045251453
CHURC1-FNTB,0.010405080026457042
CIDEA,0.012324188391084621
CINP,1.2343026541516144
CIT,8.56144453914624
CKB,0.858285611878906
CKM,0.047638611859969024
CKMT1A,0.022578646681323585
CKMT1B,0.007984622554414724
CKMT2,0.11673602168463196
CLC,0.005078824435067566
CLCF1,0.22021382470329617
CLK1,1.484994783438634
CLK2,18.928249243139486
CLK3,1.7239097810308888
CLK4,0.20857378374953017
CLOCK,2.891271869402235
CLPS,9.828993754263943
CLTRN,0.5786685643266595
CLYBL,0.44938927234075215
CMA1,0.009387238008830788
CMAHP,0.07335223965940663
CMAS,32.54238808192763
CMPK1,481.9765142306986
CMPK2,0.20868036504565146
CMTR1,4.115778316984253
CNDP1,51.44634269678847
CNDP2,114.02544423160121
CNOT4,6.3331058192908545
CNP,255.94763971184688
COASY,1244.281354008824
COL4A3BP,2.300204000358451
COLGALT1,4.827811645801103
COLGALT2,0.08819212596505183
COMT,444.4694774010392
COMTD1,84.71263581108602
COP1,0.4785008438550989
COPA,406.99777942276864
COPB1,336.94988910768245
COPB2,159.4675712972776
COPE,1443.1914489977867
COPG1,570.659540832374
COPG2,177.6330006953942
COQ2,12.75073017585334
COQ3,4.22421331502257
COQ5,1.8928322302372538
COQ6,10.32904005536978
COQ7,0.2592686674347848
COX1,7.766401376158287
COX17,18.55164116598274
COX2,5.3369352212394165
COX3,0.33446363282071023
COX4I1,1339.122121881976
COX4I2,0.3908368561038402
COX5A,415.9697197065827
COX5B,727.9501474699246
COX6A1,11.108699143239809
COX6A2,2.1594511708694366
COX6B1,174.16549978202175
COX6B2,0.0014724609128342239
COX6C,164.40468805241022
COX7A1,0.2999694229327719
COX7A2,23.838682228217866
COX7A2L,227.42415293104773
COX7B,206.33628566489207
COX7B2,0.3354345050980549
COX7C,162.22952838979688
COX8A,563.8794809436124
COX8C,0.026012100935168824
CP,0.011464570897696863
CPA1,2.3131739981911728
CPA2,8.042355311005622
CPA5,0.0011066773383413401
CPA6,0.05651024032218487
CPOX,144.22376632682196
CPS1,14.668204870322572
CPT1A,0.14583373385653337
CPT1B,0.020833765465347407
CPT1C,0.3598680824576828
CPT2,118.70926461310943
CRAT,21.55189067192142
CREBBP,0.39162389094791245
CRLS1,7.967042086289544
CROT,6.315024443631851
CS,3574.6468763901303
CSAD,0.6203644619033043
CSF1R,0.29034781394396014
CSGALNACT1,1.5063764907855484
CSGALNACT2,3.304602802741329
CSK,137.7182018390741
CSNK1A1,53.906956006897815
CSNK1A1L,0.13819096639480777
CSNK1D,181.119489202547
CSNK1E,8.863685644362597
CSNK1G1,4.718086516798562
CSNK1G2,77.86214527492511
CSNK1G3,3.888802845534712
CSNK2A1,527.422108358395
CSNK2A2,580.5730231523197
CSNK2B,91.32623331407137
CTBP1,138.02130189329586
CTDP1,3.407788263270875
CTDSP1,121.98635513576906
CTDSP2,195.7651461776958
CTDSPL,41.497022116636636
CTDSPL2,2.8711659858736223
CTGF,0.3354345050980549
CTH,7.59242577105633
CTPS1,0.2774814774265704
CTPS2,6.96469407440281
CTSA,521.742635330307
CTSB,498.6314877602118
CTSC,6.045878841439176
CTSD,3581.619619307206
CTSE,0.25193352787432294
CTSF,44.94176178604129
CTSG,0.3766614903563424
CTSH,221.06751397795293
CTSK,300.7512132421401
CTSL,22.309476873829027
CTSO,20.10635377575077
CTSS,5.810696893751367
CTSV,0.5139622638412911
CTSW,0.33690862569004437
CTSZ,24.506847355252265
CUBN,1.1743388640843229
CWC27,7.203255898379819
CYB5D1,2.5025061549777723
CYB5R1,46.15026828061956
CYB5R2,0.643045594227754
CYB5R3,4253.332928426234
CYBB,0.20476229922483924
CYBRD1,67.46731118950927
CYC1,462.2809744341388
CYLD,2.4784323334788865
CYP11A1,0.005359348977935263
CYP11B1,0.0005600709643668355
CYP11B2,0.08105018928386314
CYP17A1,0.0030804096388527573
CYP19A1,0.7033952405604661
CYP1A1,7.071944152192922
CYP1A2,0.0006554145986570303
CYP1B1,0.04160993411711155
CYP21A2,6.20694537051364e-05
CYP24A1,0.003664814704356539
CYP26A1,2.7607970984744683
CYP26B1,0.15315728020131575
CYP27A1,293.758802129826
CYP27B1,1.5626195215907135
CYP2A13,0.04638837469548625
CYP2A6,0.0033196654071817825
CYP2A7,0.05996477628878289
CYP2B6,0.02889595120271605
CYP2C18,0.0034894753183029466
CYP2C19,0.0017202183166704576
CYP2C8,0.0011446664744892477
CYP2C9,0.13627582512980346
CYP2D6,0.08681639452927463
CYP2E1,0.00867868947939714
CYP2F1,0.0013061405968621714
CYP2J2,3.8068825678677336
CYP2S1,0.07265800684165988
CYP2U1,21.56637133659317
CYP39A1,2.499251312725261
CYP3A4,0.0018427769715324371
CYP3A43,1.2489318499587934
CYP3A5,0.03806538649805418
CYP3A7,0.15747794336040138
CYP46A1,0.029661428808118652
CYP4A11,0.0008504237615351
CYP4B1,0.008297793653255019
CYP4F11,0.0071453574325139185
CYP4F12,0.010598093171422712
CYP4F2,1.3721447209835187
CYP4F22,0.0033801328692394197
CYP4F3,0.0015897281014082597
CYP4F8,0.3354345050980549
CYP4V2,14.663168121421869
CYP4X1,0.011406989920535512
CYP4Z1,0.08130083947706235
CYP51A1,392.3803817557704
CYP7A1,0.015783199246787394
CYP7B1,6.151081816310166
CYP8B1,0.00048578966590126195
CYTB,10.283962318241796
DAD1,1474.086494422908
DAGLA,0.450590140634029
DAGLB,9.007826128922803
DAO,0.0015521608144181953
DAPK1,71.87074336700887
DAPK2,0.37482525508095604
DAPK3,7.365844001780393
DARS,4220.855780623976
DARS2,22.854070228892304
DBH,0.06276409181262062
DBI,272.82112438856626
DBT,2.4879768408948917
DCK,9.153946012871067
DCLK1,10.695809883858617
DCLK2,2.650523444429474
DCT,1350.518344521378
DCTD,46.330552026481406
DCTPP1,104.2428789528919
DCXR,321.65840717903717
DDAH1,11.100389835218936
DDAH2,6.562616781086881
DDC,0.0021373330916521667
DDO,0.11124874756953786
DDOST,1008.9096728651234
DDR1,6.342967343944364
DDR2,18.8069537131721
DECR1,65.47786277850936
DECR2,7.9273437518338925
DEGS1,23.619461165380656
DEGS2,0.010805454910062962
DERA,56.0305693383669
DGAT1,10.075451746870726
DGAT2,0.8943797379877627
DGKA,1.5991426311841723
DGKB,1.1317771868818651
DGKD,4.205656065205602
DGKE,0.28621090863169324
DGKG,0.7217157576636953
DGKH,0.22253816950163727
DGKI,0.2646935974972831
DGKQ,8.254673769082286
DGKZ,6.561552954643151
DGUOK,55.16055085775688
DHCR24,24.72653412242102
DHCR7,63.7811311523461
DHDH,0.6476982013673693
DHFR,441.20101582521727
DHODH,8.922170817129555
DHRS2,0.21214706049907434
DHRS3,20.480107277306356
DHRS4,199.98376900164735
DHRS9,0.009082529270056552
DIO1,0.0005832623437017324
DIO2,0.01681715234219738
DIO3,0.11155151189974315
DLAT,266.48154295337446
DLD,943.8003985108717
DLST,221.93325007170935
DMGDH,0.03105448053811714
DMPK,6.781819509701859
DNAJC6,2.190221522495342
DNMT1,36.270946959392155
DNMT3A,9.50213733559311
DNMT3B,0.7362408233266727
DNMT3L,0.03798289307998578
DOLPP1,18.49449000675306
DOT1L,22.409278643792543
DPAGT1,28.621121384635988
DPEP1,0.003160339874653144
DPEP2,0.14556139357790226
DPEP3,0.07315854158570358
DPH5,110.71303434160563
DPM1,809.0803876341665
DPM2,128.15897264820072
DPM3,35.775926673847074
DPYD,0.12504853039359615
DPYS,0.00636563801576988
DPYSL2,288.3382874687625
DPYSL3,10.463513833741905
DSTYK,12.48319979447826
DTYMK,107.64132480315368
DUOX1,0.08394536154141831
DUOX2,0.04293065167802627
DUPD1,0.11783200419515537
DUSP1,129.79215220616211
DUSP10,29.03572875816927
DUSP11,16.417694200975557
DUSP12,9.51244289129254
DUSP13,0.0012997502103080714
DUSP14,2.428082663173161
DUSP15,3.7891075154469505
DUSP16,16.88922222560445
DUSP18,2.4664174736835163
DUSP19,0.779286530695181
DUSP2,13.29738665177454
DUSP21,0.08186674790155296
DUSP22,21.690233332231383
DUSP23,109.08864909534479
DUSP27,0.00047286127189306577
DUSP28,1.1776777379018446
DUSP3,629.1791222785554
DUSP4,132.13323968093607
DUSP5,77.61904635687083
DUSP6,393.21266698858784
DUSP7,23.151077692089892
DUSP8,3.1843668875258717
DUSP9,0.40691477079632615
DUT,340.02753432605414
DYRK1A,25.745031356670328
DYRK1B,15.661592729259208
DYRK2,31.279057884888637
DYRK3,4.381467684725374
DYRK4,12.892002798383244
DZIP3,2.8994627466491503
EARS2,2.193882739816875
EBP,1095.5397776925543
ECH1,210.73714857687528
ECHDC2,5.508712983981745
ECHS1,79.51526245404759
ECI1,57.7111931415648
ECI2,35.16611803580601
EGFR,0.1251807341641018
EHHADH,7.14172035692978
EHMT1,1.8846154925095506
EHMT2,0.32107597385881187
EIF2AK1,80.9701825724238
EIF2AK2,43.17961299809758
EIF2AK3,14.00343253481548
EIF2AK4,0.913770251459143
EIF4EBP3,6.363399809209933
ELOVL1,20.06910948865281
ELOVL2,9.588051577760185
ELOVL3,0.024195243033420914
ELOVL4,0.15620827562861192
ELOVL5,4.101004264638873
ELOVL6,16.442909948085536
ELOVL7,1.5691469111344798
ELP3,3.0099073551561424
ENGASE,2.1351299084544624
ENO1,945.3776052653329
ENO2,302.4343562701238
ENO3,48.37298309996157
ENOPH1,297.56793299236966
ENPP1,2.3050534054520715
ENPP2,13.656334819314967
ENPP3,0.015600381010056254
ENPP6,0.0028851784102767244
ENPP7,0.2621620114119895
ENTPD1,1.1800957502672316
ENTPD2,0.0010918379235535728
ENTPD3,0.016379622117529993
ENTPD4,6.551164567229455
ENTPD5,2.90358548461935
ENTPD6,204.84781287295672
ENTPD8,0.0010155965711644392
EP300,3.796664911539193
EPHA1,0.008582874870637816
EPHA10,0.004774138642976645
EPHA2,1.92058922804772
EPHA3,0.1712163026037543
EPHA4,3.4717417873112315
EPHA5,3.5220375735134306
EPHA6,0.00044658437950380136
EPHA7,0.0006067466665933781
EPHA8,0.0025551848874308244
EPHB1,0.042868251977008574
EPHB2,0.0016234603403276159
EPHB3,1.7508060622285069
EPHB4,1.08033611148191
EPHB6,0.009022740068083167
EPHX1,66.64100500815391
EPHX2,1.9705662774387105
EPM2A,2.8418288587632734
EPRS,59.39330311120215
EPX,0.06404020611335734
ERBB2,0.2780238323143904
ERBB3,744.6025954233932
ERBB4,0.00011787825267654359
ERN1,3.88472962708983
ERN2,0.004275500261818928
ESD,1752.1743778963962
ETFA,3484.775713286944
ETFB,2103.24411615349
ETFDH,11.795996331725624
ETNK1,16.792194892062394
ETNK2,8.659820698359004
ETNPPL,1.3663166774328985
EXT1,27.761073307596238
EXT2,74.19084157812192
EXTL1,49.64736866620201
EXTL2,29.75096872796343
EXTL3,14.003429255048538
EYA1,0.4815430491442319
EYA2,0.05660729407273847
EYA3,4.066543359534065
EYA4,0.8195550960396518
EZH1,6.799842737638901
EZH2,0.2014289144128112
F13A1,0.43084092607762164
F13B,0.952082265681838
F2,0.0011548963873027878
FAAH,0.876256755675925
FAAH2,0.004716121901270852
FABP1,0.03489401241672562
FABP12,0.07361943011456162
FABP2,2.0423800119197857
FABP3,3.7578644434602415
FABP4,0.3755095588719687
FABP5,87.18081896216233
FABP6,0.04110819240503616
FABP7,233.97113358503552
FABP9,1.0553661478381027
FADS1,21.68257438728319
FADS2,3.47954500267066
FADS3,0.7005357976004688
FADS6,0.0027346659362832808
FAH,86.24370804759249
FAM20B,16.364473047715617
FANCL,12.916620212022156
FAR1,21.869659329579022
FAR2,8.479700785597771
FARS2,1.3914046870217502
FARSA,2246.5974577392362
FARSB,4.857764375870712
FAS,0.8470212552219114
FASN,1335.2752961442018
FASTK,79.42294125442479
FAXDC2,0.014854582046724449
FBP1,0.7451189426350073
FBP2,1.6766217456183654
FDFT1,363.88012040653
FDPS,217.98195654136077
FDXR,24.80756188533046
FECH,2.486178003272975
FER,1.1716564124629407
FES,26.693288519093286
FGA,6.990622680771628
FGFR1,42.23703540328104
FGFR2,0.0037853644033540934
FGFR3,0.021997721671849237
FGFR4,0.9874168813305445
FGGY,1.0928913845200552
FGR,0.7602208718214872
FH,746.7903047298415
FHIT,10.55142231206547
FHL2,56.67251926185667
FIG4,4.380408895579443
FITM1,0.09059265078450443
FITM2,10.132778803834995
FKBP10,155.13272421434095
FKBP11,97.59362996408042
FKBP14,10.208935225504149
FKBP1A,765.5454760522506
FKBP1B,6.427090279665687
FKBP2,421.4269366762955
FKBP3,1154.1362587894218
FKBP4,1112.5360782216937
FKBP5,1.7889520332725888
FKBP6,0.14603848924711738
FKBP7,29.85423862318579
FKBP8,56.38544024128674
FKBP9,227.40963854484107
FKBP9P1,0.3354345050980549
FLAD1,8.825691923076633
FLT1,1.9757223137960445
FLT3,0.0005033630705038948
FLT4,0.2777775742351049
FLVCR1,1.9665357167024675
FMO1,0.002613255854990176
FMO2,0.011992820218656094
FMO3,0.05451245525836153
FMO4,5.053172589002966
FMO5,0.24719211793825835
FMO6P,0.3354345050980549
FN3K,115.90163373460578
FN3KRP,117.55132289440247
FNTA,55.34425721585336
FNTB,2.1186267532007736
FOLR1,0.021107625136294442
FOLR2,0.18884420673992952
FOLR3,0.014339945873423274
FOSL1,39.59836234002836
FPGS,2.7089318391926316
FPGT,2.960236486953404
FRK,0.3673660824825544
FRMPD2,0.00033602114577590707
FTCD,0.008540532675577266
FTMT,0.0033586656321053523
FUCA1,31.955652830744103
FUCA2,60.08663036400875
FUK,5.710878992983669
FUT1,0.059926459277116435
FUT10,2.9119139562443506
FUT11,6.512216409702175
FUT2,0.11545960019020414
FUT3,0.28226161808809325
FUT4,1.2071502501713463
FUT5,0.3435419176074299
FUT6,0.006489454665520681
FUT7,0.026899386023897312
FUT8,0.8824174966326989
FUT9,0.07917572773881386
FYN,124.04599380699369
G0S2,2.9493178445284354
G6PC,0.2573661812362027
G6PC2,0.017892432464118254
G6PC3,89.90874576994166
G6PD,635.8855462966902
GAA,127.96954723416158
GAD1,0.0031570278550060523
GAD2,0.0007068574936020638
GAK,3.10817447417205
GAL3ST1,0.03586469677476972
GAL3ST2,0.004271718345359304
GAL3ST3,0.10515018051485577
GAL3ST4,83.8965144314914
GALC,8.38568181660086
GALE,32.33870855970201
GALK1,615.4711676865999
GALK2,64.4736102644956
GALM,1.9805608800287937
GALNS,23.616296237122445
GALNT1,42.392743880633766
GALNT10,0.2240490659642749
GALNT11,62.350042590877244
GALNT12,10.240342719598296
GALNT13,0.13507794190168348
GALNT14,0.1456160013880666
GALNT15,0.0116113720313577
GALNT2,88.50074462437328
GALNT3,12.333580601597301
GALNT4,0.024409837881552866
GALNT5,1.9390148375862055
GALNT6,0.21778435779163224
GALNT7,0.42830544420957645
GALNT8,0.0010689474108567351
GALNT9,0.000715557664910019
GALNTL5,0.43999999999999995
GALT,8.081779551144532
GAMT,22.924417482043868
GANC,5.175974168346007
GAPDH,16936.02126989971
GAPDHS,88.67683883910678
GARS,473.00456935181813
GART,229.50114833726263
GATM,55.326601658048354
GBA,41.898092485981174
GBA2,14.66050053629177
GBA3,0.3354345050980549
GBE1,25.53311809464275
GBGT1,1.0491808119653692
GC,0.1128901827185453
GCAT,199.95231797406623
GCDH,19.150516951622173
GCH1,0.8854605918068448
GCK,0.0027403708211065606
GCLC,5.952275291636092
GCLM,15.361578498554564
GCNT1,0.7598230482844156
GCNT2,8.174365972521644
GCNT2P,0.3354345050980549
GCNT3,0.02720347037338178
GCNT4,0.0023749358972964293
GCNT7,0.002714302315919606
GCSH,1.8600414859312548
GDA,0.002993942345707332
GDE1,25.518420805988335
GDPD2,0.007092825437971254
GFPT1,246.4672082274289
GFPT2,0.5735482911048767
GGCT,64.24416606933538
GGH,43.021860179002736
GGPS1,530.1315360973414
GGT1,0.08492309582920754
GGT2,1.2557625587889092
GGT3P,0.004644979252755328
GGT5,0.4262640234120556
GGT6,0.00991197355517543
GGT7,10.039429394735397
GGTLC1,0.5642767148917974
GGTLC2,0.014274949101728877
GIF,0.3354345050980549
GK,3.5698356650285894
GK2,0.0012703595398348424
GK3P,0.5380725138088759
GLA,37.160601075387625
GLB1,78.49818414727143
GLB1L,2.3240254477314957
GLCE,1.0002752123704393
GLDC,0.6784265205079562
GLIPR1,0.16211157206497986
GLO1,2804.9998976800766
GLRX,31.41491250182911
GLRX2,5.149286260104066
GLS,166.335445116797
GLS2,0.7123223681879721
GLT6D1,0.023633423349957564
GLT8D1,2.5437570563569367
GLT8D2,0.48548893985000396
GLTP,10.70836708327888
GLUD1,312.8664828814147
GLUD2,38.9001524595044
GLUL,3.531832286614298
GLYAT,0.0008840280666945098
GLYCTK,1.1193821066364273
GM2A,61.046264168444715
GMDS,113.08007291889027
GMPPA,32.51049800667792
GMPPB,287.9906995578372
GMPR,249.41389051337853
GMPR2,49.15793593941117
GMPS,441.0044265905036
GNE,11.144133099370515
GNMT,0.3515344641932841
GNPAT,33.87501384649057
GNPDA1,55.800221488703336
GNPDA2,5.650101991200941
GNPNAT1,92.58174632858537
GNPTAB,46.37658828523865
GNS,46.01181008867617
GOT1,2225.0211059076314
GOT2,2320.2103284265336
GPAA1,157.4734356701214
GPAM,0.1882839532845968
GPAT2,0.656484117046951
GPAT3,0.6582069289240687
GPAT4,1.352005973421296
GPCPD1,2.1736961690097902
GPD1,0.023478166412311745
GPD2,274.1880754146737
GPHN,9.851580432727586
GPI,3731.0942699588372
GPIHBP1,0.05772309171242082
GPLD1,0.23464205405341393
GPT,0.03691055009282607
GPT2,7.76207399231355
GPX1,143.2085974595544
GPX2,0.05879475008508922
GPX3,3.632439810129497
GPX4,205.72098556334612
GPX5,0.0007206152157968745
GPX6,2.01032323162201
GPX7,25.456623552834092
GPX8,16.243937593017293
GRHL1,0.3050286061066705
GRHPR,136.3005041631481
GRK1,0.11699235770509935
GRK2,4.014622265826703
GRK3,1.2623639556998993
GRK7,0.005656214201243295
GSR,150.25185329838942
GSS,445.7793276422286
GSTA1,0.04548626836177345
GSTA2,0.004865963285824351
GSTA3,0.02499397085489051
GSTA4,5.448347177229879
GSTA5,0.58469847618054
GSTK1,74.87046839253348
GSTM1,0.17032013615822658
GSTM2,1.727708998769128
GSTM3,279.839466234139
GSTM4,21.45964034153176
GSTM5,2.177415358548053
GSTO1,5130.413930449018
GSTO2,1.2382144298090865
GSTP1,3257.7401367464877
GSTT1,0.2592354331918034
GSTT2,0.8163784486935597
GSTZ1,23.941487011508624
GTF2F1,20.28500604868579
GTF3C4,3.7992134860966753
GUCA1A,0.014996457588678402
GUCY1A1,2.9663227089166733
GUCY1A2,0.01977860769240543
GUCY1B1,1.0453859436592674
GUCY1B2,0.0027997929457485946
GUCY2C,0.003961437301116011
GUCY2D,0.004270962676615268
GUCY2F,0.0005286250579372969
GUK1,349.4830436025487
GUSB,16.137530462651323
GYG1,34.6718104920215
GYG2,163.24112233378085
GYS1,73.47513595453167
GYS2,0.010934979647686832
H6PD,20.58656315465573
HAAO,0.10160393638451279
HACD1,0.6699772991826155
HACD2,3.095013644366691
HACD3,4.330319334841662
HACD4,0.5979568033382378
HACE1,1.2856323085813048
HACL1,10.425235062422246
HADH,1563.986369521834
HADHA,1517.028790253306
HADHB,94.77954395204092
HAGH,50.420615154297565
HAGHL,25.067960814550872
HAL,0.009375739410988524
HAO1,0.19763453007540133
HAO2,0.008488927220491707
HARS,170.42117482617718
HARS2,16.441487136370306
HAS1,0.004499981895639734
HAS2,3.6686870109699066
HAS3,0.4083039330049327
HAT1,129.4932624260963
HCCS,12.964661058128762
HCK,0.46348421948173135
HCST,2.858302555413789
HDAC3,0.7924948234207267
HDC,0.05235759415630438
HDLBP,231.1798275780427
HECTD1,6.831759309391701
HECTD2,0.21776151142231337
HECTD3,4.770915865231233
HECW1,0.0005844347049523701
HECW2,0.1918622319321122
HELZ2,0.16199531088786426
HEPH,0.07500903257079658
HERC1,0.6422895564949224
HERC2,0.2918983534072577
HERC3,6.023928670601693
HERC4,8.968455088636874
HEXA,237.28065392532238
HEXB,5.203795542396914
HEXDC,0.3354345050980549
HGD,0.2302028615037732
HIBADH,59.94780623572035
HIBCH,12.473578216843148
HIF1AN,6.538963099979907
HIGD2A,8.427479685382993
HIPK1,15.065905170799931
HIPK2,13.262300896269315
HIPK3,15.11127576094415
HIRIP3,0.3795405209276478
HK1,271.7820416685959
HK2,89.58330684786688
HK3,0.10898712137931502
HKDC1,0.39786167828043256
HLCS,8.891222582544128
HLTF,0.09912728293067964
HMBS,76.6735094562146
HMGCL,181.01767070171297
HMGCLL1,2.9108746089659068
HMGCR,30.544111339133067
HMGCS1,22.368882200144963
HMGCS2,7.047271030787692
HMOX1,47.244449454032186
HMOX2,208.29594347808643
HNMT,1.884952876815679
HPD,0.014621351781965873
HPGD,4.36861963672791
HPGDS,0.04094978038976138
HPRT1,502.53511001991586
HS2ST1,13.283445366461528
HS3ST1,4.448783246185673
HS3ST2,0.03211784263613041
HS3ST3A1,0.0008612234048328973
HS3ST3B1,0.002769215832833648
HS3ST4,0.0006355469985293911
HS3ST5,0.011139726692885711
HS3ST6,0.3354345050980549
HS6ST1,6.263560068454789
HS6ST2,0.0023844945261752614
HS6ST3,0.0008298056960927046
HSD11B1,0.022862422768053777
HSD11B1L,5.7725060405335
HSD11B2,0.0699355613785058
HSD17B1,12.85926857535185
HSD17B10,207.15712023726007
HSD17B11,241.4307188713987
HSD17B12,867.2722885953233
HSD17B14,13.379337780779604
HSD17B2,0.09909372249401012
HSD17B3,0.04021418667418908
HSD17B4,18.99446171432102
HSD17B6,0.22513043530003396
HSD17B7,10.204064834790339
HSD17B7P2,0.6976352744050369
HSD17B8,0.33577644806677986
HSD3B1,0.8561440324619417
HSD3B2,0.9278984217862639
HSD3B7,9.839658403258676
HSPG2,0.3899774910772284
HTATIP2,50.230444385275234
HUNK,0.19269769605483184
HUWE1,10.287787109149805
HYAL3,2.8337619322816185
HYALP1,0.3354345050980549
HYI,15.133447674791238
HYKK,0.3304860018863759
IARS,2195.7756288525284
IARS2,109.15745777122467
ICK,6.953061683208277
ICMT,33.02006397348269
IDH1,67.7513751222976
IDH2,61.19581681460442
IDH3A,1357.3965935066808
IDH3B,199.3720065489527
IDH3G,82.55652130687626
IDI1,39.21722261336807
IDI2,4.449419875631075
IDO1,0.5624106969721361
IDO2,0.0650322570798734
IDS,35.817638695765325
IDUA,5.389293602957593
IGF1R,63.74775207102558
IKBKB,8.583219974197464
IKBKE,2.0626945411473665
IL4I1,0.7658358519076318
ILK,49.13501997016172
ILKAP,44.58570558800217
IMPA1,199.2844356368323
IMPA2,60.77777928490433
IMPDH1,35.83121923407496
IMPDH2,384.98666204899183
INMT,0.04716664126124568
INPP1,473.6050062364505
INPP4A,4.417223677016651
INPP4B,20.97399307575863
INPP5A,8.695544124643202
INPP5B,13.174785901043567
INPP5D,0.16796846733807197
INPP5E,25.59415400253066
INPP5F,1.9561765846278425
INPP5J,0.07887051725468865
INPPL1,4.743103249049354
INSL3,0.17394553868855028
INSR,11.50866312843121
INSRR,0.006468961527619445
IP6K1,48.55290620345471
IP6K2,20.892815442968693
IP6K3,0.046280145063245494
IPMK,0.6839967852281085
IRAK1,99.74893197316307
IRAK2,0.34427122107586494
IRAK3,0.050481536468077244
IRAK4,1.9901007346523423
IREB2,15.907882353249223
ISYNA1,189.9611418438444
ITK,0.059439611590922904
ITPA,514.4998730346441
ITPK1,40.446129106360594
ITPKA,1.0069696471481606
ITPKB,195.3374980139341
ITPKC,11.905749601871506
IVD,454.09785925243807
JAK1,68.17188487948742
JAK2,0.69867697366107
JAK3,1.1875829158453495
JMJD7-PLA2G4B,0.0024375021025841957
KALRN,0.0684789179928694
KANSL3,29.650114371747776
KARS,913.9721197928147
KAT2A,27.72312988569672
KAT2B,21.277510192079546
KAT5,11.79892950302373
KAT6A,7.576510202112547
KAT6B,2.1088653870768717
KAT7,41.97082276027704
KAT8,21.5174865345297
KCNJ11,0.005500267452979397
KCNJ8,0.5577143352068745
KDR,6.251394787365609
KDSR,38.091381488400856
KHK,4.438060442103899
KIT,35.744285013297436
KL,0.041869122191728725
KMO,0.13258533042829673
KMT2A,0.1132089503784727
KMT2B,0.3354345050980549
KMT2C,0.02724143815923862
KMT2D,0.256842919373976
KMT2E,0.08892210317369556
KMT5A,0.08744585611927874
KMT5B,0.052531638327043204
KMT5C,0.3350355754164824
KPNA6,56.99085028640023
KYAT1,0.41426786262502635
KYAT3,10.315561941178165
KYNU,3.379388243428184
L1CAM,74.66244152210002
L2HGDH,1.8823684722867258
LALBA,0.09996023381633702
LAP3,1339.4976748983565
LARS,427.59896142914704
LARS2,21.95964089795723
LATS1,0.34858913701236055
LATS2,6.669115970962742
LBR,48.085597856203705
LCAT,3.741187414067361
LCK,0.08235066613823058
LCLAT1,6.812449807020242
LCT,0.003859103662205951
LDHA,12362.01317699035
LDHAL6A,0.09170910711861875
LDHAL6B,0.03638469633285441
LDHB,1860.2309453644104
LDHC,0.37365590026164824
LDHD,2.8445424330819336
LDLR,10.57901274143326
LGALS13,0.16621830202908744
LGMN,41.380309092337065
LGSN,0.2938549576857861
LHPP,40.33680416458996
LIAS,0.6200683973423236
LIMK1,37.189919656071375
LIMK2,24.94760416247546
LIPA,52.466127637992926
LIPC,0.0037499641161903735
LIPE,8.680248529167455
LIPF,0.0016440118797873735
LIPG,0.08885394773023354
LIPT1,2.9654326860878966
LIPT2,0.9391511367922438
LMTK2,7.477131717479674
LMTK3,0.00692139508590972
LOC102724197,0.3354345050980549
LOC286297,0.007413236240533103
LOC344967,0.5751128624130776
LOX,1.380495554862872
LOXL2,10.863136081812446
LPCAT1,3.7244779687930665
LPCAT2,9.13745316881046
LPCAT3,23.452380269498114
LPCAT4,1.0299031252197417
LPIN1,19.330241968877267
LPIN2,20.843917267909017
LPIN3,1.7489234409822634
LPL,2.9304756134225327
LPO,0.010026055294936874
LRAT,2.1096197262728253
LRP1,8.34878067177062
LRP2,0.0028872939396581035
LRRK1,0.3146330532016689
LRRK2,0.14490729971350072
LRSAM1,6.038866329141985
LRTOMT,0.19613128156630333
LSS,124.35419488694174
LTA4H,219.2799111638793
LTC4S,0.03737733977040951
LTK,0.17167436052935459
LYN,4.2775041825415006
LYPLA1,74.13020988755157
LYPLA2,93.63138614010218
LYZL1,0.008974340625223573
MACROD1,2.238699896746841
MACROD2,1.1836164155332214
MAGEA2B,0.1626710879648594
MAK,0.10144965427007385
MAN1A1,0.02872499162942285
MAN1A2,4.853272075487176
MAN1B1,4.491947982984037
MAN1C1,4.6347567108394445
MAN2A1,1.9021282539701805
MAN2A2,29.622760209169822
MAN2B1,142.88378593601723
MAN2C1,20.690957572038254
MANBA,19.88730327509536
MANSC1,16.720823194630363
MAOA,67.09132137972124
MAOB,5.8626203819237634
MAP2K1,471.56359331920265
MAP2K2,290.53069181058197
MAP2K3,33.213759367410546
MAP2K4,13.301865183467868
MAP2K5,16.872009874369112
MAP2K6,3.6592903406111263
MAP2K7,3.181560189784911
MAP3K1,4.631823925885589
MAP3K10,7.428385495611359
MAP3K11,295.7528919539507
MAP3K12,3.4109726731034344
MAP3K13,3.8179685794520197
MAP3K14,5.200428659657784
MAP3K15,0.0056922330952459445
MAP3K2,5.877670435323846
MAP3K20,0.20179825659102824
MAP3K21,0.03839897316107535
MAP3K3,42.34854479612489
MAP3K4,2.152473855442142
MAP3K5,0.7331130524075306
MAP3K6,15.62759051715239
MAP3K7,0.4455535391069894
MAP3K8,0.06553104387609544
MAP3K9,0.5686200735218031
MAP4K1,2.482665050974206
MAP4K2,3.5616353637009515
MAP4K3,11.212258613632676
MAP4K5,24.424079784907978
MAPK1,299.9614995964014
MAPK10,0.17490939119463747
MAPK11,0.5123962677262967
MAPK12,4.688032353601955
MAPK13,0.9803843071964152
MAPK14,58.58390194795269
MAPK15,0.005116786118085151
MAPK3,116.67789672394237
MAPK4,0.02883953095868539
MAPK6,14.617645397876768
MAPK7,26.96449669676596
MAPK8,3.708235619019128
MAPK9,2.9573878696372207
MAPKAPK2,1.426078124496741
MAPKAPK3,29.633063790388185
MAPKAPK5,9.284612347275386
MARCH1,0.02158230808561761
MARCH10,0.014661663099697304
MARCH11,0.007982758707868126
MARCH2,27.20250994846894
MARCH3,0.9002695248339103
MARCH4,0.01575220754564257
MARCH5,5.043118876444781
MARCH6,19.9572068254277
MARCH7,31.749545993313212
MARCH8,5.386933876720208
MARCH9,25.276473333754296
MARK1,0.728012631079415
MARK2,16.853934795098787
MARK3,14.991566000267433
MARK4,11.986857314739892
MARS,318.1157372030768
MARS2,7.597246934275006
MAST1,0.09595137844990695
MAST2,27.798714230819908
MAST3,5.154027699704108
MAST4,0.7482381557542583
MASTL,0.14687247856532296
MAT1A,56.9934330345293
MAT2A,77.86807783262128
MAT2B,96.73838684056622
MATK,0.03958884178824804
MBOAT1,34.964809055907764
MBOAT2,5.308174342671202
MCAT,23.840583862976644
MCCC1,8.537616057707043
MCCC2,28.6559391512054
MCEE,2.665522747127764
MDH1,7255.561356372235
MDH1B,0.06844358773734331
MDH2,14316.332950507669
MDM2,0.06726892913703164
MDP1,28.445638903402198
ME1,7.688711948350736
ME2,22.733365852914982
ME3,0.09797515246181286
MECR,13.393292387655993
MED1,0.7131277767303641
MELK,0.4069612822483312
MERTK,0.29997673631000343
MET,10.05898954981865
METTL1,140.04407222319318
METTL3,19.18185376068224
MGAM,0.01046168179068537
MGAT1,228.07630024619075
MGAT2,4.785652367949442
MGAT3,0.05263396704806466
MGAT4A,1.1475472471318473
MGAT4B,44.932367776476426
MGAT4C,0.0012133904852147407
MGAT4D,0.02696149145334556
MGAT5,169.1194270731888
MGAT5B,28.240543180467903
MGLL,14.421213448916411
MGMT,18.995881765528658
MGRN1,48.99175094316622
MGST1,312.1989836341241
MGST2,50.04865416306041
MGST3,136.38916071636748
MIA3,11.923278912034617
MIB1,6.940149911674921
MIB2,6.307669756115643
MID1,7.562484161886967
MIF,140.49615036235662
MINK1,0.8583301147132681
MINPP1,9.668537716432903
MIOX,0.0017756536167930278
MIP,0.03124616641074278
MKNK1,6.6389599972409075
MKNK2,72.32872032679481
MKRN1,87.85628278063842
MKRN2,19.43645881152243
MKRN3,0.48830290162327256
MLKL,7.168209494052507
MLYCD,13.724814961755982
MMAA,0.3943809586188267
MOCS1,3.3923141884483647
MOCS2,12.938521700550268
MOGAT1,0.030440198287303988
MOGAT2,0.06171353466959499
MOGAT3,0.001824329903616158
MOGS,196.2634050001021
MOK,69.87734805087574
MOS,0.002684258501096832
MOXD1,0.7728406834402939
MPC1,27.8052229308476
MPC2,12.311032245951754
MPI,24.757323241040904
MPO,0.001537941443295092
MPST,2956.9962494173224
MRPL58,13.330417578133794
MSMO1,85.92519134418704
MSRA,6.916536874594142
MST1R,0.27360708000977463
MT1A,13.459494887394893
MT2A,4320.6396569357275
MT3,0.7868585709649661
MT4,0.3354345050980549
MTAP,26.684750241944826
MTFMT,7.095513508251444
MTHFD1,349.08203368071514
MTHFD1L,19.018542625796382
MTHFD2,14.843568875684806
MTHFD2L,0.891538008196961
MTHFD2P1,0.3354345050980549
MTHFR,2.0570889620663046
MTHFS,1.1180298014066468
MTMR1,2.3620152478930185
MTMR14,36.78200877749344
MTMR2,1.803227861161221
MTMR3,0.29052164588572893
MTMR6,2.2144102100859775
MTMR7,0.058218050093001975
MTMR8,0.3103676541159431
MTPAP,3.9979615663285113
MTR,0.8220284971194113
MTRR,8.834293587005003
MTTP,0.016238816892036385
MUL1,30.513764530138204
MUSK,0.02328751946053523
MUT,0.3354345050980549
MVD,276.4600800845837
MVK,14.07205104946774
MYBBP1A,336.6758789709354
MYCBP2,0.22416154048111506
MYLIP,34.33725498243602
MYLK,0.3838152292649825
MYLK2,0.03524672356552791
MYLK3,0.36535014929227094
MYLK4,0.17348299035311426
MYO3A,0.07299247231635841
MYO3B,0.015490504880166046
MYO5B,0.02128779274540856
NAA10,142.18971181796113
NAAA,2.0578773364651344
NADK,9.023914012492734
NADSYN1,7.228235376273665
NAGA,52.3390602124967
NAGK,27.290861200644517
NAGLU,43.466242395641466
NAGPA,21.58969576511725
NAGS,0.731087013142916
NAMPT,285.27181714018303
NANP,4.332992793118009
NANS,1937.435647795349
NAPRT,25.164291606310147
NAPSA,0.14471420854331432
NARS,4625.080737808116
NARS2,22.253202611661568
NAT1,3.611705685298902
NAT2,0.06650264120193841
NCOA1,10.913672474906626
NCOA2,0.36374802983847493
NCOA3,2.0487385341566138
NCOA6,21.90773103537878
NCOR1,0.08267189289989316
NCOR2,1.665073344020393
ND1,0.7496282848946749
ND2,6.647572110665278
ND3,3.518721426725826
ND4,15.91921099634504
ND4L,0.3354345050980549
ND5,3.9860139175064595
ND6,2.1511623729121254
NDST1,22.750427733832417
NDST2,2.463125457933597
NDST3,0.00226274030434901
NDST4,0.005981378058791417
NDUFA1,298.9252553662671
NDUFA10,46.82852205610278
NDUFA11,135.3409311531633
NDUFA12,10.007012623197825
NDUFA13,1993.1469879396323
NDUFA2,10.721768760259799
NDUFA3,38.21731541157253
NDUFA4,13.884866797613327
NDUFA5,23.465403089990907
NDUFA6,46.30404372980679
NDUFA7,7.755119656149657
NDUFA8,126.23125509136965
NDUFA9,45.075441666130125
NDUFAB1,250.95063179702606
NDUFB1,16.826253427064948
NDUFB10,156.74599866430916
NDUFB2,311.9525978019779
NDUFB3,110.34107020880856
NDUFB4,63.04399178322478
NDUFB5,208.44576573154959
NDUFB6,11.127221504718058
NDUFB7,174.7890058803423
NDUFB8,56.76379807394264
NDUFB9,36.40048770641819
NDUFC1,40.02940222306743
NDUFC2,14.387032364474495
NDUFS1,82.19770241085777
NDUFS2,44.780268634228975
NDUFS3,515.5337190018344
NDUFS4,30.506742109005533
NDUFS5,336.8175721567342
NDUFS6,25.184496191265268
NDUFS7,55.489807348187384
NDUFS8,81.16925644922532
NDUFV1,33.47522810242659
NDUFV2,35.892962337044146
NDUFV3,35.250036216787635
NEDD4,2.6766042512212715
NEDD4L,25.456203276332932
NEK1,4.253039757632991
NEK11,0.8957690351797487
NEK2,1.8541276607128496
NEK3,2.499769812425807
NEK4,10.397209833617156
NEK5,0.013753072811991889
NEK6,2.4259484246860605
NEK7,16.217870177601895
NEK8,0.29373003720014174
NEK9,3.351063621888461
NEU1,13.681355834144995
NEU2,0.07868648115252536
NEU3,1.6263409716493678
NEU4,0.11669966784576252
NEURL1,0.14715923590013888
NEURL1B,0.7705138206232245
NGLY1,19.042884785751916
NHLRC1,1.2288012691614167
NIT2,768.4540801643393
NKTR,5.019908128867816
NLK,4.168096527889257
NLN,52.35916588939687
NME1,17773.894007100367
NME2,1048.725197747859
NME3,28.200328181324814
NME4,223.5437996228805
NME6,0.9822591312103457
NME7,1.374008347034751
NMNAT1,3.042715440543091
NMNAT2,0.2410626477065688
NMNAT3,0.008768941892273447
NMRK1,2.9351673795914386
NMT1,117.41854722700305
NMT2,1.0097173508212882
NNMT,19.257663331077048
NNT,32.73199236230156
NOL9,2.812102934207214
NOS1,0.0008701292486889563
NOS2,0.029192181061285735
NOS2P1,0.3354345050980549
NOS2P2,0.3354345050980549
NOS3,0.5189440586661297
NOX1,0.199436987464703
NOX3,0.0011303293180315868
NOX4,3.4806546042686857
NOX5,0.6366843618782927
NPAS2,30.352379815973887
NPC1,104.79557720188909
NPC1L1,0.012402495890143047
NPR1,1.306653685021056
NPR2,1.3293470410168156
NQO1,120.26419715459015
NQO2,145.05759416337494
NR1D1,17.577422693450682
NRF1,1.3326826605562292
NSD1,6.787237676626455
NSD2,0.8117852405670956
NSD3,0.8238692165195934
NSDHL,1570.712546249033
NSF,78.36827407750918
NT5C,187.9271972451987
NT5C1A,0.11543095185262965
NT5C1B,0.042347086839445
NT5C1B-RDH14,0.037698419756150243
NT5C2,83.83829198250696
NT5C3A,4.209671716104311
NT5DC3,11.37042259914113
NT5E,153.9744292838627
NT5M,4.260982623859548
NTAN1,1.8370443686210718
NTRK1,0.014080964101257178
NTRK2,0.20365736205619323
NTRK3,0.000822637375076154
NUAK2,0.17233933485598407
NUDT10,1.4239802993778898
NUDT11,0.0246975093235251
NUDT12,0.7135981267421471
NUDT2,7.518550326434729
NUDT3,3.7563258990290525
NUDT4,0.21839833514177207
NUDT5,183.99696331579236
NUDT9,19.643017917649622
OARD1,11.970020898409903
OAT,458.2113552528566
OBSL1,1.877784086938942
OCRL,12.787161587904249
ODC1,9.674405690498856
OGA,13.207835039605774
OGDH,406.0910951117501
OGT,18.740348618710062
OLAH,0.010221807708365652
OPLAH,1.0750728140847865
OTC,0.0036249305422295717
OTUD5,47.13116031666504
OXCT1,108.30480864236387
OXCT2,0.28117318908369304
OXSM,8.799440548084947
OXSR1,20.33766646166034
P4HA1,43.57649370107586
P4HA2,59.83650892328258
P4HA3,0.011977154807435835
P4HB,2775.3409018974016
PADI1,0.009616181719314207
PADI2,0.07277187633959839
PADI3,0.013825002745965402
PADI4,0.05209897707717162
PADI6,0.0038733424747079566
PAFAH1B2,464.22029399674943
PAFAH1B3,591.6042834101768
PAFAH2,5.360470957427428
PAH,0.0007983313831391576
PAICS,722.2658675864344
PAK1,20.664223331848703
PAK2,126.49285976111686
PAK3,0.0030825214543194713
PAK4,2.4032404451754763
PAK5,0.1843105272396382
PAK6,1.5132883062157156
PAM,0.16625919769537317
PAN2,4.065711904632896
PANK1,0.8287229494809918
PANK2,16.71609830397116
PANK3,3.5909599011796995
PANK4,7.347173705360319
PAOX,1.197440394831666
PAPOLA,3.9062458231580615
PAPOLB,0.3750974336692488
PAPOLG,2.7763287832316736
PAPSS1,147.36812449796977
PAPSS2,5.768879935099648
PARP1,236.92474468895063
PARP10,3.646290993945371
PARP11,1.1841704401887758
PARP12,1.0929922860268135
PARP14,10.85134380893721
PARP15,0.0461686519885245
PARP16,12.556226551458142
PARP2,10.251502922452687
PARP3,23.126833910961853
PARP4,4.225570104710985
PARP6,12.090469477459965
PARP8,0.6643467279431391
PARP9,3.7116598438996293
PARS2,5.731568345920801
PASK,4.9221563770659795
PBK,5.425172788430129
PC,51.41879355484385
PCBD1,32.84861085573237
PCBD2,3.077862216290721
PCCA,13.349542568241098
PCCB,9.881053893456468
PCK1,0.31657172263754174
PCK2,15.72437046539423
PCMT1,806.0635384561624
PCYOX1,83.86909543566956
PCYT1A,17.085521114584683
PCYT1B,0.58425653192475
PCYT2,30.03324863254304
PDE10A,0.07018620152742966
PDE11A,0.3391158534457385
PDE1A,0.1085675877004134
PDE1B,0.07006894517430304
PDE1C,0.011387930164354874
PDE2A,0.15541684190189256
PDE3A,0.5127340237203281
PDE3B,32.55938898363875
PDE4A,9.129842822175329
PDE4B,15.96708641030608
PDE4C,0.1355414846913955
PDE4D,1.0536302105641417
PDE5A,0.1609604243875797
PDE6A,0.012503675252307908
PDE6B,0.00439020584827996
PDE6C,0.0007004550943839108
PDE6H,0.004107493344666623
PDE7A,2.6900485503292204
PDE7B,0.4248996592101287
PDE8A,15.46610005602878
PDE8B,0.03735775835001307
PDE9A,1.2834116827610043
PDF,2.328458445114415
PDGFRA,0.02678554691677379
PDGFRB,3.0416624162129913
PDHA1,209.3164997945292
PDHA2,0.0018581185760510371
PDHB,56.64286918014843
PDHX,17.839107147417423
PDIA2,0.0014039247866811774
PDIA3,2442.7599131999586
PDIA4,2257.19762887834
PDIA5,98.82196345495392
PDIA6,1393.2821960183694
PDK1,0.44075688059919593
PDK2,33.16636241535605
PDK3,13.87701511433159
PDK4,53.83457113968487
PDP1,27.004330228862123
PDP2,3.1469049141984384
PDPK1,0.9895785370426186
PDPR,17.686870287228945
PDXK,7.757431319321047
PDXP,207.17070912567664
PDZD4,5.096620364662987
PEAK1,10.226824635480433
PECR,173.40342635178018
PEMT,16.51097917324848
PEPD,111.58088867800583
PEX11A,6.4242083752976695
PFAS,138.99800100013397
PFKFB1,0.013885457634362854
PFKFB2,5.961786394444407
PFKFB3,22.781914300078977
PFKFB4,41.99051495635825
PFKL,154.73271145013467
PFKM,72.48419832505245
PFKP,686.5866134418579
PGAM1,35.2820515509279
PGAM2,1.4251198056844037
PGAM5,47.01524325150492
PGAP1,2.8107169200961493
PGD,1334.862814028801
PGGHG,0.02991860446325157
PGK1,881.1877980374837
PGK2,3.092612037964114
PGLS,1439.0169871574653
PGLYRP1,0.15825441933746415
PGLYRP2,13.13342928945454
PGLYRP3,0.0056006448571597495
PGLYRP4,0.003160339874653144
PGM1,750.4148475198693
PGM2,185.83636852733468
PGM2L1,0.07437420153734567
PGM3,34.52044035845093
PGP,41.40673937936707
PGS1,16.932024826001737
PHEX,0.050210569435011954
PHGDH,1726.5316864867202
PHKA1,0.0028198927945490737
PHKA2,6.011742804485612
PHKB,11.415623388003656
PHKG1,0.22158555640829986
PHKG2,4.419292281146701
PHLPP1,47.21891535414263
PHLPP2,2.0193123368756045
PHOSPHO1,0.32957291630994495
PHPT1,131.9725035563407
PHYH,7.977632655241795
PHYKPL,0.6462009571960334
PI4K2A,2.3286075768201964
PI4KA,1.559573949189256
PI4KB,1.9568050276440168
PIGA,4.172611631063809
PIGB,9.888087049679639
PIGC,48.99593508570179
PIGF,6.921922032903782
PIGG,21.90404684116791
PIGH,13.752480215513293
PIGK,13.439165804152973
PIGL,1.067218087337294
PIGM,7.612024059776659
PIGN,9.799680691930899
PIGO,5.814424839321252
PIGP,7.128557998374481
PIGQ,26.285779470176514
PIGS,17.46178413096287
PIGT,29.336023437680414
PIGU,3.1679456286644347
PIGV,9.106625051134154
PIGW,5.576026640235756
PIGX,2.5422735011260604
PIGY,274.8361761352987
PIGZ,1.728398213745983
PIK3C2A,1.2722002747175218
PIK3C2B,1.2239774580216773
PIK3C2G,0.08873409730034958
PIK3C3,0.4823450928597295
PIK3CA,6.761927465964859
PIK3CB,0.657648908287612
PIK3CD,27.829277184165345
PIK3CG,0.011429906772755235
PIK3R1,1.3746898151145461
PIK3R2,64.17888741523555
PIK3R3,27.717772375497724
PIK3R4,52.05348326961325
PIK3R5,0.10606270710584093
PIKFYVE,7.626807678444744
PIM1,8.488892231345966
PIM2,8.619899047491936
PIM3,142.92046164432907
PIN1,1194.0890686597072
PIN4,0.9372760882974585
PINK1,19.917518956590555
PIP4K2A,51.01116348897012
PIP4K2B,10.079816020250174
PIP4K2C,77.82399385378564
PIP5K1A,0.8237861194508972
PIP5K1B,0.0517332015247185
PIP5K1C,28.975677750933908
PIP5KL1,0.27070411977889697
PIPOX,0.05373561801216236
PISD,1.724846389178251
PJA1,33.53786663761136
PJA2,20.80415366356547
PKLR,20.309781656679853
PKM,541.3891072832749
PKMYT1,33.60357663658765
PKN1,172.49625574372072
PKN2,5.122317155760408
PKN3,19.697756710977036
PLA2G10,0.1236033983116998
PLA2G12A,0.6298265880214988
PLA2G12B,1.1304561412675453
PLA2G15,33.16995787650344
PLA2G16,37.009127799226476
PLA2G1B,0.03449129925337993
PLA2G2A,0.01604744906971128
PLA2G2C,0.007798703108824229
PLA2G2D,0.011773900110615429
PLA2G2E,0.10480083352838437
PLA2G2F,0.000784057762584671
PLA2G3,0.019881840717782588
PLA2G4A,15.58346521393809
PLA2G4B,0.0018921503988752963
PLA2G4C,10.389687470696966
PLA2G4D,0.0005502745656968192
PLA2G4E,0.003783188838361136
PLA2G4F,0.004477418994432383
PLA2G5,0.5520152581977903
PLA2G6,1.0474624034791309
PLA2G7,0.051196005032094344
PLB1,0.2688610843693704
PLCB1,0.08827885656957016
PLCB2,0.8686832928223885
PLCB3,0.7303143985657782
PLCB4,24.857976826226295
PLCD1,9.310063009792481
PLCD3,6.7315014747023305
PLCD4,1.6282535362649528
PLCE1,1.0887413141495468
PLCG1,4.483557426693073
PLCG2,5.2390345477006255
PLCH1,0.44608149382635137
PLCH2,0.0045389749801329465
PLCL1,2.5735261207856075
PLCL2,0.051655875498521124
PLCXD2,0.13955314469796168
PLCZ1,0.0011087287283761782
PLD1,21.161107584334427
PLD2,45.40539804211756
PLD3,15.249028985888708
PLD4,0.09090099364846961
PLD6,2.4327239195755705
PLG,0.00044658437950380136
PLIN1,0.04571888036900335
PLIN2,46.4657462858255
PLIN3,96.90299442506323
PLIN4,0.01805866887019174
PLK1,8.524362092742265
PLK2,9.385215061607994
PLK3,16.055219556289334
PLK4,5.268313604250634
PLOD1,71.05176176045097
PLOD2,15.656937586274944
PLOD3,219.9336380378919
PLPBP,1.3790311261442316
PLPP1,5.389883230682263
PLPP2,2.123055391477898
PLPP3,4.2032094621878
PLPP4,0.019762828557283812
PLPP5,0.0656688155578048
PLPP6,0.050042688733332445
PLPP7,1.1305815492037874
PLPPR2,0.3307009692228308
PLPPR3,0.9307949846236876
PLPPR4,0.11900942508124815
PLPPR5,0.012456429933028047
PLTP,48.12303285036026
PLXNB3,12.145619104183673
PMM1,10.943499887429013
PMM2,211.2786422784669
PMPCA,97.9677412000736
PMVK,297.1104773336131
PNCK,0.25493984825904187
PNKP,32.54524072322643
PNLIP,0.001683505249244101
PNLIPRP1,0.04876262171622993
PNLIPRP2,0.016983915285331525
PNLIPRP3,0.24079491175604453
PNMT,2.440112339582005
PNP,543.197029195755
PNPLA2,57.05511294583454
PNPLA3,3.6571135713186393
PNPLA4,10.940026263233433
PNPLA6,1.179063591431426
PNPLA7,0.1879330285058808
PNPLA8,9.090055792333263
PNPO,29.26310671254856
PNPT1,5.19435209488507
POLA1,11.180731044552587
POLA2,4.225350602910809
POLB,11.587467361617977
POLD1,3.8323394396653487
POLD2,22.555737293787935
POLD3,0.47153913374770684
POLD4,26.43849748857292
POLE,0.09691363730830366
POLE2,2.14940780659115
POLE3,107.780319670459
POLE4,67.28064648628727
POLG,53.273097770963446
POLG2,7.137060187666082
POLH,6.829031786303037
POLI,2.0637963842123477
POLK,2.44714375441011
POLL,6.281211498428424
POLM,9.448990898643979
POLN,0.012074080360477558
POLQ,1.7013664146787446
POLR1A,3.177402855351959
POLR1B,2.100230680933749
POLR1C,35.119064414931074
POLR1D,30.6669218101827
POLR1E,17.593442273253604
POLR2A,4.007759390667923
POLR2B,25.68732169281858
POLR2C,125.67289587584611
POLR2D,56.76024434098494
POLR2E,107.3169770721655
POLR2F,47.5350226519282
POLR2G,27.82535547277818
POLR2H,359.997559479667
POLR2I,33.18550475124871
POLR2J,25.97998321081815
POLR2K,82.89922639896712
POLR2L,646.8194767721678
POLR3A,0.3567321452538124
POLR3B,1.0954271309458603
POLR3C,1.6547738772337566
POLR3D,27.200680953262253
POLR3E,23.660474158146656
POLR3F,7.088617310515676
POLR3G,2.3951153454118024
POLR3GL,43.66868127126814
POLR3K,65.05419745962315
POLRMT,10.87386265704521
POMGNT1,118.10265678984693
POMT1,12.677487161408367
POMT2,19.54290285385223
PON3,0.05460466885700335
POR,305.28838998768066
PPA1,252.6326436041402
PPA2,226.42372658819664
PPARA,2.56323249820818
PPAT,19.288625038427185
PPCDC,2.5833332292192246
PPCS,89.92770782526492
PPEF1,0.15988257001141667
PPEF2,0.000585861840358626
PPIA,261.3256248641829
PPIAL4A,0.3354345050980549
PPIAL4C,0.3354345050980549
PPIAL4E,0.03831985525734876
PPIAL4G,14.831468934338812
PPIB,3751.7899127420883
PPIC,14.888172847788802
PPID,1178.053527695625
PPIE,18.45772585328977
PPIF,191.43757515604403
PPIG,16.124928740485394
PPIH,1118.4318939078048
PPIL1,250.329169413207
PPIL2,0.6300467785962744
PPIL3,50.493803182762676
PPIL4,2.1277639735559655
PPIL6,0.35114323382414325
PPIP5K1,1.241159440732328
PPIP5K2,3.519583497519698
PPM1A,1.3688850515922446
PPM1B,8.24627812380472
PPM1D,8.816796760628694
PPM1E,0.09087579377310309
PPM1F,26.381802750653932
PPM1G,34.3564910829197
PPM1K,43.779124687936026
PPM1M,5.1501468198532905
PPOX,10.891577303128749
PPP1CA,292.2151429985634
PPP1CB,183.3898922231623
PPP1CC,95.49815944669045
PPP1R1A,4.771473722035403
PPP1R1B,0.013615830422844396
PPP1R2,31.62994195011459
PPP1R3A,0.06646892507772041
PPP1R3B,12.214743332156036
PPP1R3C,0.09826811065754422
PPP2CA,120.77116765066275
PPP2CB,24.097913022934563
PPP2R1A,1099.7003465200166
PPP2R1B,11.964577106870285
PPP2R2A,68.67982139064279
PPP2R2B,0.01545434449688648
PPP2R2C,0.013636580709326572
PPP2R3A,4.490564507836039
PPP2R3B,0.6510722315099391
PPP3CA,538.0072265255624
PPP3CB,5.272972658685656
PPP3CC,3.8547979129633547
PPP3R1,253.13737687049382
PPP3R2,2.4370537589271226
PPP4C,133.72922974643865
PPP5C,47.61989491574422
PPP6C,171.05396129258622
PPT1,26.268157544098916
PPT2,1.9402926605889332
PPWD1,12.162860855584075
PRAG1,0.3354345050980549
PRDX1,32710.79140557726
PRDX2,1392.2156552038407
PRDX3,78.88856072814852
PRDX6,2038.9755072826695
PREP,167.10432357710656
PRKAA1,6.808009389650962
PRKAA2,3.84399070982374
PRKAB2,2.972013096282011
PRKACA,985.6831456364691
PRKACB,73.45067882940715
PRKACG,0.015493625067317534
PRKAG2,2.8880108622278873
PRKAR1A,136.2374709890997
PRKAR1B,19.428535482939957
PRKAR2A,39.449852121117985
PRKAR2B,19.990652035366814
PRKCA,4.353372140967361
PRKCB,0.5522664555421434
PRKCD,6.938510377859302
PRKCE,13.64885471631808
PRKCG,0.005155960077856163
PRKCH,3.529348233250091
PRKCI,2.654083686484356
PRKCQ,0.019868697572420147
PRKCSH,843.5384270029992
PRKCZ,1.512576895153377
PRKD1,1.5432801381016075
PRKD2,19.447480016388145
PRKD3,21.965382949074602
PRKDC,5.507256763271865
PRKG1,0.09995062746012758
PRKG2,23.82966111031259
PRKN,0.21524163632635238
PRKX,1.155388775926481
PRKY,0.6349304984857794
PRODH,0.28062902748476115
PRODH2,0.047452249121563574
PRPF19,498.40142227505606
PRPF4,440.2122423039447
PRPF4B,29.907177418730466
PRPS1,948.3040630614585
PRPS1L1,13.518081774921297
PRPS2,38.7826458874849
PRRT2,0.026329477882050555
PSAP,85.95879882470629
PSAT1,592.6544449575499
PSKH1,24.907601493620415
PSKH2,0.11813839957802594
PSPH,1610.7913925692028
PSPHP1,0.3354345050980549
PTDSS1,194.53024805855944
PTDSS2,22.595173560502325
PTEN,2.2166324854176147
PTGDS,0.1608025707989015
PTGES,166.62676348287644
PTGES2,67.72933164635205
PTGES3,6766.492379459124
PTGIS,16.210121195828954
PTGR1,196.56193011870113
PTGS1,0.7252298051875612
PTGS2,0.6617803222025161
PTK2,5.0084145414091985
PTK2B,0.5179001992141021
PTK6,0.7873090517422403
PTK7,1.883774529813265
PTP4A2,3.4780996898775034
PTP4A3,8.238505108611141
PTPDC1,2.2878259664834157
PTPMT1,23.398314757748658
PTPN1,60.57138544448477
PTPN11,13.000419563532294
PTPN12,5.114683271091217
PTPN13,11.59442138967241
PTPN14,7.45286242280494
PTPN18,40.26212872214259
PTPN2,6.539552350315229
PTPN21,5.923412698338152
PTPN22,0.07688070274417466
PTPN23,30.593539348557286
PTPN3,0.06713787628889256
PTPN4,2.3433791090579037
PTPN5,0.10542850184070834
PTPN6,1.864718027762374
PTPN7,0.03693094310299115
PTPN9,1.1810953614546094
PTPRA,0.9175428574694605
PTPRB,4.4140541669300815
PTPRC,0.08167874354617567
PTPRD,0.5213047903953925
PTPRE,1.3522898229534286
PTPRF,6.3545962088022
PTPRG,21.08717770861497
PTPRH,6.222333760964667
PTPRJ,27.412339827746013
PTPRK,5.2061484709853385
PTPRM,40.968918826255376
PTPRN,0.020006893552146507
PTPRN2,0.023268468148546724
PTPRO,0.05832819361599552
PTPRQ,0.00021173920233017143
PTPRR,0.8554689958700725
PTPRS,52.72063330405037
PTPRT,0.0006431298770096362
PTPRU,0.12436684250532239
PTPRZ1,4.766498415300408
PTRH1,14.226840345682596
PTRH2,3804.9260293546918
PTS,9.81093446407844
PUS1,6.693094616643253
PXDN,0.2049736496108832
PXDNL,0.08915858845461416
PXYLP1,0.3900283303635837
PYCR1,272.4298091857966
PYCR2,720.5353678933214
PYCR3,18.52640291410028
PYGB,1635.3272873268518
PYGL,347.81311854689653
PYGM,0.04623814997071025
PYURF,0.6402221518630032
QARS,854.2291110803163
QDPR,4780.744709407082
QPCT,146.75769677425967
QPRT,125.49688565154165
QTRT1,39.3434049554297
QTRT2,3.0803803903498332
RAD1,1.1627227150122572
RAD18,5.31209712250681
RAD9A,3.655041080282025
RAF1,0.5032075394927338
RAG1,0.2481778815188606
RALBP1,67.98535220017082
RARS,282.93165780530455
RARS2,10.822188903654679
RBBP6,0.5703925321599105
RBKS,0.23000971586374094
RBP1,11.955001215239488
RBP2,0.05529233774489272
RBP4,0.04464923930884182
RCHY1,19.77447100819414
RCL1,8.559846258640556
RDH10,2.1026992801926556
RDH11,637.8485354925509
RDH12,0.3916373435438865
RDH13,5.2205949665209435
RDH14,2.1496430277319427
RDH16,0.008318788494367966
RDH5,4.344856550555295
RDH8,0.0832616734211196
REG3A,0.002509890620005381
RENBP,64.8448163765062
RET,0.0050107390058590304
REV3L,4.082753445904069
RFC5,25.763884439399305
RFK,12.214862420182113
RFWD3,32.93319773146973
RGL1,2.964154801468098
RHAG,0.0029621309443654143
RHBG,0.002781492395365124
RHCG,5.010506755468597
RING1,4.034045335359569
RIOK1,1.0855719136189483
RIOK2,0.13630350437815836
RIOK3,18.490982491784045
RIPK1,12.626354853241496
RIPK2,6.789248478374697
RIPK3,0.3433931207445232
RIPK4,23.716989125089892
RIPOR1,1.8350848174091228
RNF103,10.64094908913741
RNF115,22.21298437621291
RNF123,37.915722062330715
RNF125,8.737605624973375
RNF126,30.211596172317385
RNF128,0.4142860022745941
RNF13,21.88135332487527
RNF130,66.15774535450814
RNF133,0.00722161485967149
RNF138,4.6946167952234426
RNF139,23.061970053563847
RNF14,11.834706190935004
RNF144A,80.51230821020107
RNF144B,6.982091608730622
RNF146,5.183077858425056
RNF149,11.482094840918176
RNF152,0.03204592452130078
RNF167,799.1623274209293
RNF180,0.004284167061285154
RNF182,2.5315754150563974
RNF185,29.284797494948627
RNF187,155.28697954100127
RNF19A,50.633170274120296
RNF19B,34.903168362226225
RNF2,5.477015767479191
RNF20,5.456300731718413
RNF216,20.83274732058025
RNF217,0.7239399657960083
RNF25,32.8545550700652
RNF31,29.32217304134072
RNF40,4.514573440753588
RNF41,10.790667893437877
RNF5,0.00048117837341580443
RNF8,6.541367753357293
RNGTT,4.586601362851239
RNMT,161.06865454009613
ROCK1,6.859673364149714
ROCK2,12.787036300317707
ROR1,0.6872680423597295
ROR2,0.0028783083753772384
RORA,0.3247151509201083
ROS1,0.16602267687961664
RPAP2,4.6624295690428506
RPE,113.70939070676174
RPE65,0.08467273625491159
RPIA,49.608698736241706
RPL14,1510.6218943766344
RPN1,2250.1366735241963
RPN2,1316.6680693871679
RPP14,70.75918988008517
RPS6KA1,25.940771439834233
RPS6KA2,5.5993478314523335
RPS6KA3,3.869443447762804
RPS6KA4,1.1225097736604814
RPS6KA5,6.547955412348574
RPS6KA6,0.00019032073517263233
RPS6KB1,2.9132580447689587
RPS6KB2,20.104602333429792
RPS6KC1,0.3544015495773026
RPUSD4,1.0870242969074768
RRM1,65.36350562352881
RRM2,29.82760092373161
RRM2B,8.224726785353969
RTCA,1.6973780629584712
RWDD2A,1.3389858339929994
RXRA,21.262451622771042
RYK,22.08404937002637
SACM1L,27.218504033314844
SAE1,540.7758382917739
SAP130,1.4830285369147511
SARDH,3.456671159838298
SARS,171.26657479627934
SARS2,8.894566189894963
SAT1,427.08259794536497
SAT2,38.81738172643712
SBK1,0.49542307478847236
SC5D,1.7142905425756392
SCARB1,144.54597823994996
SCARF2,20.865234615142146
SCD,678.6189789390578
SCD5,2.64543677673934
SCLY,0.17797507726447265
SCP2,174.80523023110368
SDC1,3.0042646545949245
SDHA,107.2397816277156
SDHB,216.97161302180564
SDHC,12.364265273612558
SDHD,1.0246614930674174
SDR16C5,0.006764620173595155
SDR42E1,0.07273099356533358
SDR42E2,0.3354345050980549
SDR9C7,0.0013642844191039964
SDS,0.022170470037498943
SDSL,7.602873785725522
SEC11A,457.08110752221705
SEC11C,30.51617936765952
SELENOI,0.1784505883933933
SEPHS1,312.6626803389406
SEPHS2,179.22101166755883
SERPINA1,1.3170251619137512
SERPINA3,11.548900757273833
SETD1A,0.5724166655303579
SETD1B,4.463273415085748
SETD2,0.060898584444348446
SETD5,32.09036558499934
SETD7,5.680498424530541
SETDB1,0.3881196406885826
SETDB2,8.847211942516166
SETMAR,6.798653466490282
SFXN3,2011.8103075846313
SGK1,293.56449769029797
SGK2,0.03372870376882214
SGK3,0.25183124998114753
SGMS1,0.8537653594631442
SGMS2,4.173693505268648
SGPL1,24.218692234094892
SGPP1,8.169589862060642
SGPP2,0.00914725982850235
SGSH,27.25243879858234
SH3RF1,3.4567147054715575
SH3RF2,0.0067475275947359485
SH3RF3,0.8613696905268162
SHMT1,237.97187960690556
SHMT2,4619.934029966277
SHPK,7.6794623202988115
SHPRH,0.6223823776167338
SI,0.18373547314711697
SIAE,4.124656267801896
SIAH1,5.929022230813027
SIAH2,21.939348514510687
SIK2,6.8130940637247015
SIK3,2.020200914355355
SIN3A,9.337785797943356
SIN3B,0.20071314528055503
SIRT1,3.41235772860879
SIRT2,74.85028141991386
SIRT3,8.209144390666053
SIRT5,2.641656755416292
SIRT6,21.953232318812148
SIRT7,15.696757312730153
SLC10A1,0.006172427648865676
SLC10A2,0.0005141449805841973
SLC10A6,0.049418415456906846
SLC11A1,0.5283747143582194
SLC11A2,20.76665950146673
SLC12A1,0.00037789224690712203
SLC12A2,2.07678044750125
SLC12A3,0.0018499934084337825
SLC12A4,0.5267545693858687
SLC12A5,0.3811436145494454
SLC12A6,0.09492855896919498
SLC12A7,0.19207084361682172
SLC13A1,0.0005110227672511168
SLC13A2,0.9791894450655247
SLC13A3,5.672908786409264
SLC13A4,0.015650495523025474
SLC13A5,0.0025187165817647504
SLC14A1,0.04583778762487996
SLC14A2,0.052867346971752514
SLC15A1,0.015843807311869726
SLC15A2,0.03576292065431827
SLC15A3,5.141516328558505
SLC15A4,26.717190421286865
SLC16A1,78.69827246236935
SLC16A10,0.8855075835153221
SLC16A2,0.8500619408878112
SLC16A3,283.11501781466757
SLC16A7,1.9738566241974997
SLC16A8,0.030087849276744662
SLC17A1,0.06505057075080632
SLC17A2,0.014797084619435076
SLC17A3,0.0480606884147512
SLC17A4,0.016758172785412122
SLC17A5,10.2129876118594
SLC17A6,0.03561924497624714
SLC17A7,0.3299589591270566
SLC17A8,0.023326127399307364
SLC18A1,0.015224367279890497
SLC18A2,0.7910954792223149
SLC18A3,0.06214561646399096
SLC19A1,31.444150553413028
SLC19A2,51.933982425644125
SLC19A3,0.6118491778194529
SLC1A1,1.0139804943256598
SLC1A2,0.0032892449755751382
SLC1A3,2.741943753308873
SLC1A4,25.4486767697024
SLC1A5,203.01330219176052
SLC1A6,0.0014112572608128452
SLC1A7,0.0007998607858452867
SLC20A1,115.13780427221339
SLC20A2,9.09839203999903
SLC22A1,0.033114814885440595
SLC22A10,0.10034501076203277
SLC22A11,0.20377100608576706
SLC22A12,1.368484858340572
SLC22A13,0.4146385452685862
SLC22A16,0.04770630188913201
SLC22A18,211.72624962869497
SLC22A2,0.0008678210333195252
SLC22A3,0.001825993305548276
SLC22A4,0.08433029700094889
SLC22A5,3.136366342146307
SLC22A6,0.3332262579895881
SLC22A7,0.3754031874781076
SLC22A8,0.6796964855365107
SLC22A9,0.11807453767167743
SLC23A1,0.003841826757287722
SLC23A2,29.660122950649537
SLC24A1,5.961772954188084
SLC24A2,0.0042856145687997236
SLC24A3,0.007124167849318686
SLC24A4,0.039979386212800345
SLC25A1,899.6824327971094
SLC25A10,11.206775202096287
SLC25A11,3928.089186710223
SLC25A12,179.25628987330157
SLC25A13,437.75265804716776
SLC25A14,4.362153231655996
SLC25A15,12.446729013142232
SLC25A16,2.1062513513022147
SLC25A17,12.527819507735185
SLC25A18,0.3520884268111037
SLC25A19,8.434780517258217
SLC25A2,0.06319115815963196
SLC25A20,8.001148509310775
SLC25A21,0.3782524693443188
SLC25A22,20.007303706235696
SLC25A26,14.05722173564243
SLC25A27,0.45024443485000937
SLC25A28,8.043765895171676
SLC25A29,3.1372591829996064
SLC25A3,1609.4773873398444
SLC25A37,11.69943076852567
SLC25A4,568.9501601976544
SLC25A5,7481.278684497014
SLC25A6,123.07830086273809
SLC26A1,0.23344042645335045
SLC26A11,10.876763713766548
SLC26A2,9.917114222360786
SLC26A3,0.004279288142748955
SLC26A4,2.4881648929718683
SLC26A6,9.124833007980452
SLC26A7,0.0017693379406372935
SLC26A8,0.004293736725455827
SLC26A9,0.00037859910242671264
SLC27A1,16.067721550935676
SLC27A2,0.0132902972517398
SLC27A3,253.97990387297057
SLC27A4,9.437386559654115
SLC27A5,1.939119728404083
SLC27A6,0.06403625466536879
SLC28A1,0.05797266048828553
SLC28A2,0.0599989594938462
SLC28A3,4.318327185006528
SLC29A1,63.89807114991964
SLC29A2,1.4716192841129017
SLC29A3,0.4956845840333627
SLC29A4,0.2653944224454491
SLC2A1,91.32882787496371
SLC2A10,38.59872820788057
SLC2A11,0.36167522596337154
SLC2A12,0.2818931909841012
SLC2A13,0.2863066823877871
SLC2A14,3.8038796131874926
SLC2A2,0.000580190206134933
SLC2A3,367.3269839400904
SLC2A4,0.41713788485902137
SLC2A5,0.5124462806564031
SLC2A6,8.672867814322428
SLC2A7,0.02769435809366143
SLC2A8,3.9868718986944827
SLC2A9,0.18382900331207513
SLC30A1,8.196103285991859
SLC30A6,12.645052125606767
SLC30A7,23.708003718009063
SLC31A1,101.99960690103232
SLC32A1,0.002045176174079409
SLC33A1,1700.9597169867793
SLC34A1,0.001399246777180805
SLC34A2,0.002613255854990176
SLC34A3,0.00396628879627869
SLC35A1,6.61221837244069
SLC35A2,29.397965372775403
SLC35A3,4.504998429725154
SLC35B2,4.288086721581035
SLC35B4,24.59776965183244
SLC35C1,22.413435637828083
SLC35D1,6.294906770407026
SLC35D2,34.70707697318285
SLC36A1,4.774498272641502
SLC36A2,0.0014202530926079808
SLC36A4,3.735647107785775
SLC37A1,5.649647463314108
SLC37A4,8.069195888905059
SLC38A1,0.02062833487092732
SLC38A2,38.007811048227225
SLC38A3,0.003658113223517358
SLC38A4,0.00048063644032697713
SLC38A5,0.3905535119517365
SLC39A7,9.199884898146642
SLC3A1,0.0023365135331809323
SLC3A2,390.9484121777774
SLC40A1,2.2362546883204715
SLC41A1,8.464003876057234
SLC41A2,0.723303840634515
SLC43A1,20.14987478163408
SLC43A2,0.7522818261778846
SLC46A1,0.5979561305788941
SLC47A1,1.6462360792455837
SLC47A2,0.019926091841757986
SLC4A1,0.5769754870291336
SLC4A10,0.002951008341839847
SLC4A2,79.79521492511171
SLC4A3,1.0872759092747115
SLC4A4,0.18263841330921582
SLC4A5,0.8389457445741003
SLC4A7,0.4978349883028049
SLC4A8,0.0022564156929485643
SLC4A9,0.0006186608315426683
SLC51A,0.15730939956507933
SLC51B,0.1317954273752661
SLC52A1,0.11277172956640528
SLC52A2,0.09357936368667576
SLC52A3,0.28454763876001143
SLC5A1,0.004871926058050023
SLC5A10,3.073098064746189
SLC5A11,0.01145056307452539
SLC5A12,0.42464673261698827
SLC5A2,0.2413125226872569
SLC5A3,7.523818064195416
SLC5A5,0.0005518530648914381
SLC5A6,59.68883860076218
SLC5A7,0.07302190367296232
SLC5A8,0.0006150431346662535
SLC5A9,0.04425629406651755
SLC6A1,0.040696580198547626
SLC6A10P,1.5873889650801878
SLC6A11,0.0011690427020540099
SLC6A12,1.232128342267942
SLC6A13,0.005241726536815547
SLC6A14,0.008728079628984612
SLC6A18,0.001078000201609166
SLC6A19,0.003418717251571328
SLC6A2,0.05126577654728052
SLC6A20,0.009511469203825644
SLC6A3,0.11152113387915114
SLC6A4,0.006807690598584062
SLC6A5,0.10319845039380167
SLC6A6,0.19049292229112996
SLC6A7,0.0005212061776790493
SLC6A8,141.01818935375923
SLC6A9,0.5827239563716354
SLC7A1,31.73726737383235
SLC7A10,0.44725159747283744
SLC7A11,0.4720584980855523
SLC7A2,28.753196769819276
SLC7A3,0.009840771527284443
SLC7A5,182.24377427274553
SLC7A6,20.070908564834877
SLC7A7,4.591151438004341
SLC7A8,158.66740896490725
SLC7A9,0.03255365361966312
SLC8A1,0.038603288852394856
SLC8A2,0.0014275593425210262
SLC8A3,0.23722842177089118
SLC8B1,0.13932836983899105
SLC9A1,49.179175303990746
SLC9A2,0.0007833191101332772
SLC9A3,0.5268476511875383
SLC9A4,0.0011128518771888031
SLC9A5,0.5037649585710684
SLC9A7,1.3711334801050388
SLC9A8,4.380788796363704
SLCO1A2,0.1835430545458555
SLCO1B1,0.5745214485775751
SLCO1B3,0.0006876627015134149
SLCO1C1,0.002254799064635288
SLCO2A1,1.479122810713348
SLCO2B1,0.26769335711495645
SLCO3A1,0.1519517704225549
SLCO4A1,26.272860003404816
SLK,9.565781982260006
SMARCD3,5.254342583615276
SMG1,1.1330686629162487
SMPD1,96.76369405745316
SMPD2,9.41184779494015
SMPD3,0.03798767130101828
SMPD4,14.997094093115415
SMS,156.53644162600784
SMURF1,11.451156763746248
SMURF2,9.529603933255652
SMYD3,18.247532374319242
SNRK,27.890068425064857
SOAT1,22.085620614141202
SOAT2,0.0011101000857597974
SOD1,3128.6981256744984
SOD2,37.68145496798252
SOD3,7.757209839135209
SORD,45.883852303766204
SPCS1,274.3663742128848
SPCS2,46.084284348898436
SPCS3,394.49076729302607
SPEG,0.018775852103799756
SPHK1,7.387053870910636
SPHK2,2.195517982483855
SPR,1254.73857374056
SPRYD3,21.049389614918276
SPTLC1,51.73181419222182
SPTLC2,5.4934350988111955
SPTLC3,0.9646786702411304
SQLE,2.280545226608676
SRC,14.141472637202142
SRD5A1,3.0714660912518195
SRD5A2,0.0053116299853593315
SRD5A3,10.826946550058286
SREBF1,32.90557441132899
SRM,1270.1390715304944
SRMS,0.02008399120791121
SRPK1,10.112790307669231
SRPK2,29.020530394616795
SRPK3,0.028061223328182255
SSH1,7.416843545732965
SSH2,2.9275416397452867
SSH3,3.3763900892160152
SSR4,1253.857020551639
SSU72,144.26274079069103
ST3GAL1,42.38259120817085
ST3GAL2,24.513251278731612
ST3GAL3,22.35502698928532
ST3GAL4,115.25217567921955
ST3GAL5,78.23869209015606
ST3GAL6,102.82019290529476
ST6GAL1,87.34055831229342
ST6GALNAC1,0.03225733376900652
ST6GALNAC2,40.50870481232463
ST6GALNAC3,19.028173897147916
ST6GALNAC4,27.973638859859427
ST6GALNAC5,0.024625625053098097
ST6GALNAC6,13.476243982617763
ST8SIA1,10.070918032427969
ST8SIA4,0.04527297113807903
ST8SIA5,0.02869818411711904
STAMBP,13.74128553206951
STAMBPL1,7.404181736710403
STARD3,18.361487996024504
STK10,3.597924553855587
STK11,31.95152970954347
STK16,1.5163779581412917
STK17A,11.38621951406655
STK17B,6.311834832906753
STK19,0.4773115018052687
STK24,91.33315765830827
STK25,4.79666470450874
STK26,0.629690691282171
STK3,17.975873026544917
STK31,0.0005413520432895708
STK32A,4.606776587319022
STK32B,13.355185613317868
STK32C,5.185661173570669
STK33,0.007839348454970455
STK35,16.157011532210817
STK36,4.076289800502569
STK38,12.028940735705893
STK38L,6.841381951112746
STK39,24.845142119708065
STK4,2.775320014071613
STRA6,0.6894660939567369
STS,5.9197986893180214
STT3A,19.14097873836099
STT3B,92.85094826731249
STUB1,58.785688048057004
STYK1,0.030178021115006313
STYXL1,59.28565096952171
SUCLA2,124.53462731683202
SUCLG1,587.5712465352873
SUCLG2,457.2636344320822
SULT1A1,5.337201264994015
SULT1A2,0.5222628518102767
SULT1A3,3.7503041530200782
SULT1B1,0.011831579390276903
SULT1C2,4.432582167405593
SULT1C4,0.014627788326762951
SULT1E1,1.3273511575593253
SULT2A1,0.0028498619580414474
SULT2B1,0.16158285236573486
SULT4A1,0.7628529321493973
SUOX,15.44444571752269
SUV39H1,10.72223169628159
SUV39H2,3.6192087907666757
SYK,0.11550339293090753
SYNJ1,0.060664502617267
SYNJ2,0.018876915510026435
SYVN1,0.7519084705700894
TAF1,4.777937458072844
TALDO1,285.0432106847132
TAOK1,1.8965434136479085
TAOK2,20.47863109245028
TAOK3,11.510081886659439
TARS,225.55478411871002
TARS2,2.5590531359379782
TARSL2,8.326807301497576
TAT,0.28571233464989304
TBCB,158.90710556785754
TBK1,0.5873880222793129
TBL1X,7.624599456077217
TBL1XR1,9.831243355056753
TBXAS1,3.5822502886569896
TCIRG1,10.45259898294607
TDO2,0.042069846511110426
TECR,217.12129636733818
TECRL,0.11400593534832566
TENT2,0.15316461371698084
TENT4A,0.45357387630786017
TESK1,14.284331469978378
TESK2,7.719189967689161
TFRC,178.80933085353863
TGDS,21.337057881046942
TGFBR1,93.3506852279512
TGFBR2,21.238986440311447
TGM1,0.2476200829291014
TGM2,10.955000949412582
TGM3,0.9821457174995852
TGM4,0.0006914860415325001
TGM5,0.4600146920929562
TGM6,0.018105422639918517
TGM7,0.013875193757600839
TGS1,17.115841852049883
TH,0.014936097516869527
THNSL1,2.9473813775282145
THTPA,2.990281216353489
TIAM2,0.7313225450639804
TICRR,0.05167590734814967
TIPARP,7.225242303127561
TK1,271.89989601825323
TK2,12.519236854066833
TKFC,17.655218887752373
TKT,422.43474512432584
TKTL1,3.075114707893064
TKTL2,0.0007547571803722264
TLK1,9.989966692272423
TLK2,0.29597661823022775
TM7SF2,2.2629516261674922
TMEM91,2.634743287481716
TMLHE,2.7723114643851896
TMX3,13.318027389708426
TNFRSF21,10.219635485249478
TNIK,11.799817803325581
TNK1,2.0708465475056697
TNK2,18.510962767214778
TNKS,8.028145084429037
TNKS2,7.543669783682817
TNNI3K,0.3354345050980549
TNS2,1.434061794943761
TOPORS,4.656566522751203
TP53RK,21.03025794236411
TPH1,0.02115220678027286
TPH2,0.011388405967228288
TPI1,13213.98555826796
TPI1P2,21.73583705618478
TPK1,0.14272455869264983
TPMT,10.654144849985887
TPO,0.000650344968219831
TPP1,795.6634701057241
TPSAB1,0.11152351932497126
TPSB2,0.16642043815432664
TPSD1,0.049661985032325426
TPST1,62.31430673824545
TPST2,7.451705555943122
TPTE,0.3354345050980549
TPTE2,0.010501109532732837
TRAF7,51.150030751707604
TRDMT1,0.24466937477185094
TREH,0.03098575332940984
TREX1,3.8491103862095444
TREX2,0.48964100600206506
TRHDE,0.1721352024341218
TRIB3,88.76769352282922
TRIM11,25.2929595318934
TRIM32,3.8085387455186663
TRIM33,6.986580000960738
TRIM63,72.09940657355244
TRIO,1.2502780397816895
TRIP12,25.302629021562957
TRIT1,16.195184635796114
TRMT1,11.340203767545114
TRMT11,1.881316278948627
TRMT1L,3.401835423037178
TRMU,3.6942963846177563
TRPM6,0.028241923952780138
TRPM7,7.621271140052097
TSSK1B,0.0008831135724757088
TSSK2,0.0231714118888251
TSSK3,0.6274303613881621
TSSK4,0.058147550662593764
TSSK6,1.0606942207611083
TST,35.28098198263267
TSTA3,454.31667873581875
TTC3,19.535568722889664
TTK,0.17557985187151656
TTL,2.7241675511520254
TTLL10,0.002677662386032982
TTN,0.00037160925631482387
TUSC3,3.452748922790025
TUT1,0.33303818174723054
TUT4,0.6950417161591614
TUT7,0.1907089895411479
TXN,725.6010140265886
TXN2,69.3315215449986
TXNRD1,116.23539911977291
TXNRD2,16.420410924228207
TXNRD3,1.6919911367033613
TYMP,10.816100337473525
TYMS,237.6718385459547
TYR,1008.8166148029251
TYRO3,26.09018115105088
TYRP1,25.872710352478677
UAP1,37.146340605034894
UAP1L1,63.534391379507994
UBA1,953.267919645971
UBA2,215.45147393124597
UBA3,45.465683375970016
UBA6,83.83642067990307
UBA7,14.457797485127998
UBE2A,46.937516440727265
UBE2B,7.247051557891931
UBE2C,21.3669944102394
UBE2D1,2.383427207824427
UBE2D2,20.59356111548153
UBE2D3,1341.0156240961053
UBE2D4,3.7668467623736257
UBE2E1,60.23276362648508
UBE2E2,1.0327596165663901
UBE2E3,11.673348053526615
UBE2F,1.1247595928998027
UBE2G1,39.96865495811962
UBE2G2,6.7038854091208595
UBE2H,319.6127769585957
UBE2I,1527.8816488164027
UBE2J1,8.67429850606286
UBE2J2,14.112274853227861
UBE2K,519.7011437687909
UBE2L3,603.3018930916882
UBE2L6,35.107268243065974
UBE2M,198.41720469357315
UBE2N,34.57705068791253
UBE2NL,12.352550322515564
UBE2O,45.41357872732466
UBE2Q1,9.553105651023715
UBE2Q2,1.424232867365116
UBE2QL1,0.0016354209334216094
UBE2R2,11.534120190535658
UBE2S,73.63855990210816
UBE2T,5.751508169524168
UBE2U,0.005835538144813183
UBE2W,4.584997062840322
UBE2Z,151.53411075501276
UBE3A,45.89641792098073
UBE3B,9.606989045152465
UBE3C,8.238732553034124
UBE4A,0.8764928618998027
UBE4B,2.9515436086170266
UBLCP1,39.34726347069635
UBR1,0.7048925379892883
UBR2,3.7204257004816284
UBR3,0.03333889018346984
UBR4,8.626652338778783
UBR5,0.6933848709658257
UBR7,16.81837377983775
UCK1,38.284489798603936
UCK2,6.053257081616545
UCKL1,15.579192215115933
UCP1,0.0028261387077788314
UCP2,2.524115592829533
UCP3,0.04273083837975466
UEVLD,7.942890653962309
UGCG,48.283274096496235
UGDH,158.94254464765254
UGGT2,8.346090908993602
UGP2,1217.3485901571948
UGT1A1,0.5818457107151666
UGT1A10,0.0009274953728649617
UGT1A3,1.0114790584917612
UGT1A4,0.0951329295757727
UGT1A5,0.4044927492424471
UGT1A6,0.17846484523713252
UGT1A7,0.0009540775642850408
UGT1A8,0.002241939906343869
UGT1A9,0.11549856641655931
UGT2A1,0.3354345050980549
UGT2A3,1.2389146853275619
UGT2B10,0.0001892262352996141
UGT2B11,0.23720441855058141
UGT2B15,0.6704297803167216
UGT2B17,0.6033232516115735
UGT2B28,0.012921991272479786
UGT2B4,0.018220268150588716
UGT2B7,0.9121204412261023
UGT3A1,0.12021469926971337
UGT3A2,0.0494868784154801
UGT8,4.202815595629782
UHMK1,26.646489098283876
UHRF1,3.6771830974017155
UHRF2,6.778850989180782
ULK1,7.022804431706985
ULK3,45.080930067178734
ULK4,2.053575906392092
UMPS,157.9486170231471
UPB1,0.0045558708938562165
UPP1,19.740023154966842
UPP2,0.0020400949741088766
UPRT,3.722684401158908
UQCR10,49.139539794054706
UQCR11,149.7096198704178
UQCRB,58.83548138402298
UQCRC1,2375.885883378543
UQCRC2,2010.5772822674692
UQCRFS1,275.0839917688667
UQCRH,45.784897447150115
UQCRQ,41.421425797337406
UROC1,0.01107759039809102
UROD,153.54016556343691
UROS,27.634861924329243
USP1,26.209240707176438
USP10,13.673397944137514
USP11,229.83077127650796
USP12,4.36471292477329
USP13,19.751747812424522
USP14,154.43109494085255
USP15,1.198849893183964
USP16,23.88507622100699
USP17L2,0.7544524097088302
USP17L22,0.04998256910149056
USP17L30,0.050968258904732194
USP17L5,0.050968258904732194
USP17L9P,0.3354345050980549
USP18,7.559134554691166
USP19,2.7293077322617973
USP2,1.8839134817748573
USP20,21.46451511901846
USP21,17.2425699448191
USP22,185.07345608990536
USP24,2.33006606364386
USP25,0.10069438563174321
USP26,0.08118014005684498
USP28,4.221212407449012
USP29,0.0005459748679572926
USP3,0.5038854970802679
USP30,0.17668788074458394
USP31,2.053649328278503
USP32,1.5223243132425115
USP33,28.995688070690196
USP34,14.975802815253362
USP35,0.5842927634936826
USP36,50.629151370456114
USP37,4.543094163049066
USP38,10.880317453234468
USP4,4.347657296986757
USP40,0.605347021346506
USP41,0.01834435481333142
USP42,4.094136562700302
USP43,0.21871071348744756
USP44,0.002285044281942782
USP45,0.42509592902564913
USP46,2.5272109576863135
USP47,6.616576193848827
USP48,0.8638815099900168
USP49,0.07499365265196141
USP51,4.007258756359755
USP6,0.2546863203709503
USP7,46.70121763905389
USP8,1.0264744375113297
USP9X,9.546375996928589
USP9Y,1.8101477354063797
UST,4.925371687990767
UXS1,73.31004902794508
VARS,72.66448578078517
VARS2,26.902740739338586
VKORC1,182.33397043976348
VNN1,0.01758276643066075
VNN2,0.19677860556407473
VNN3,0.001366268629100795
VRK1,35.37480304732544
VRK2,5.15665994817327
VRK3,42.825326063569264
WARS,1852.039479655818
WARS2,11.562880068252907
WDYHV1,13.626063102230088
WEE1,20.666312399511803
WEE2,0.00530106670754008
WNK1,5.3468872058024335
WNK2,1.6642181023548062
WNK3,0.6912879088152418
WNK4,57.43378810325613
WWOX,14.782154577796787
WWP1,19.070091653753295
WWP2,0.23904913337346187
XDH,0.049537617290389344
XPO6,0.7024373362381319
XPO7,28.30041716989842
XYLB,19.617031452820804
XYLT1,0.010504473889561142
XYLT2,32.43741187374313
YARS,4087.0226455183297
YARS2,36.27326311427736
YES1,18.92412982916494
ZADH2,17.44255274325605
ZAP70,0.03227359456485812
ZC3HAV1,2.345295069633175
ZNRD1,1.179132342862542
ZNRF1,5.33354289642997
ZNRF2,1.3980975715494124
ZSWIM2,0.015679988656711358
