A4GALT,1.03504525104657
A4GNT,0.00045181319880993457
AACS,178.18310402506518
AADAC,0.0014424436494103999
AADAT,1.7567184818450288
AAK1,3.433161377169624
AANAT,0.011936404555457632
AARS,730.4977958445227
AARS2,2.485496087908982
AASDH,1.151475314233674
AASDHPPT,8.47931187910298
AASS,0.1251434241389
AATK,0.9085263071444668
ABAT,5.713039715755482
ABCA1,0.24870087502131794
ABCA3,0.007343736763018508
ABCA4,0.00015553592518190892
ABCA8,8.084775265064955e-05
ABCB1,5.464186733489732
ABCB11,0.04664320692677182
ABCB4,0.046578237204549754
ABCB6,4.861557194011034
ABCC1,1.5163187513075218
ABCC11,0.004868116933994775
ABCC2,0.07634774271784502
ABCC3,15.204924111524178
ABCC4,4.688406029777157
ABCC5,2.026912605257646
ABCC8,0.0007582922389672879
ABCC9,0.010593688377167704
ABCD1,2.648028956573056
ABCD2,0.0009488629548825632
ABCD3,81.99127556951804
ABCG2,0.14058448713953414
ABCG5,0.3647235879025631
ABCG8,0.07276896235279003
ABHD12,51.05615519212608
ABHD5,2.410677898535662
ABHD6,6.8340699687285635
ABL1,11.7760613385676
ABL2,0.566236117694714
ABO,16.346625601895685
ACAA1,62.647798800800715
ACAA2,325.5348332824427
ACACA,13.619090971527543
ACACB,1.0352552023806736
ACAD10,5.654532538464174
ACAD11,0.04055150713222269
ACAD8,30.10962971109964
ACAD9,343.760872509355
ACADL,0.0007578453320983473
ACADM,21.617559437453824
ACADS,36.830516124531776
ACADSB,76.15225665113378
ACADVL,382.9517754335446
ACAT1,134.94233602945982
ACAT2,176.3141353916556
ACE,4.378576773337936
ACE2,26.90131944703943
ACER1,0.0009236280108635209
ACER2,0.16843497121797948
ACER3,2.7301858103247847
ACHE,3.753265322064063
ACLY,96.01071186315207
ACMSD,0.10436447862188088
ACO1,32.19077386877023
ACO2,54.83066875352683
ACOT1,0.6999326635912875
ACOT11,5.038266404673118
ACOT12,0.00038103588403035765
ACOT13,10.819182846162489
ACOT2,3.32169527573298
ACOT4,0.5805560669375841
ACOT6,0.005211402921109251
ACOT7,35.70501336734363
ACOT8,390.93231855019314
ACOX1,5.085436470422881
ACOX2,3.1507546059443583
ACOX3,9.054996121291536
ACP1,9238.538991388952
ACP2,6.2165150204767645
ACP4,0.0036202735317779565
ACP5,14.161877624332343
ACP6,32.09877755551254
ACP7,0.44999467512671487
ACPP,0.8566569625162977
ACSBG1,0.0158499969843077
ACSBG2,0.005113927607225792
ACSF2,17.722284392994773
ACSF3,10.16699500542368
ACSL1,7.790211773279147
ACSL3,12.000183562329283
ACSL4,5.66158834273033
ACSL5,73.00425723378929
ACSL6,1.1441910378412286
ACSM1,0.027425541763737304
ACSM2A,0.0585122933778039
ACSM2B,0.06320048198640206
ACSM3,14.88417547746961
ACSM4,0.24076687484729298
ACSM5,0.0007907137425717545
ACSS1,29.380600716731568
ACSS2,232.8518718752376
ACSS3,0.016652770445516874
ACVR1,7.57512943373492
ACVR1B,18.275436130327673
ACVR1C,0.21682072894887444
ACVR2A,1.0760359198829825
ACVR2B,0.1557293646205021
ACVRL1,19.20208041759306
ACY1,60.79677225853033
ACY3,93.98288894723804
ACYP1,5.384755291153304
ACYP2,1.2001086254038464
ADA,3.429564781444621
ADCY1,0.006851898954224743
ADCY10,0.0009283829765546213
ADCY2,0.011211125306367137
ADCY3,14.830988063690627
ADCY4,0.1014045630443549
ADCY5,0.16640227700278998
ADCY6,8.867009449249577
ADCY7,1.5001884747509016
ADCY8,0.10844658669179806
ADCY9,0.542451569415888
ADH1A,0.004409866691465167
ADH1B,0.005198100017948759
ADH1C,11.190083690037442
ADH4,0.8157896838178735
ADH5,508.34088362587437
ADH6,2.7742337846570773
ADH7,0.11332845673771044
ADHFE1,0.004341728326344161
ADI1,179.48315618507894
ADK,29.33101330412522
ADO,11.74345932492427
ADPGK,79.15335888082559
ADPRH,6.333945799052265
ADSL,836.6481997789004
ADSS,229.96048546304925
ADSSL1,0.03561195066531852
AFMID,14.952615764860814
AGA,39.177912589694905
AGK,7.824020874598457
AGL,0.18273018906810415
AGMAT,32.33457510452906
AGPAT1,1.1671697201452487
AGPAT2,110.8869476747886
AGPAT3,9.705119199814717
AGPAT4,0.04212983518639653
AGPAT5,15.636330660736558
AGPS,25.434515537546584
AGT,25.67229813085296
AGXT,0.7967575183516191
AGXT2,0.0014450840608875072
AHCY,38709.92565767258
AHCYL1,14.396214974386448
AHCYL2,18.30613558540775
AICDA,0.02460038993500046
AK1,94.95637941195062
AK2,457.6170327417428
AK3,17.325351693194193
AK4,144.08090006657542
AK5,0.005841033008379247
AK7,0.07122064195107322
AKR1A1,227.71504468105618
AKR1B1,30.20720211654185
AKR1B10,32.57345138077689
AKR1B15,0.1236371095020867
AKR1C1,0.80734196753514
AKR1C2,0.33546334879771605
AKR1C3,63.72384097664571
AKR1C4,0.08050814329278108
AKR1C8P,0.3354345050980549
AKR1D1,3.5763124860476507
AKR7A2,194.3707309327461
AKR7A3,27.885871244877475
AKT1,4.643639233198737
AKT2,1.5926320965027452
AKT3,0.2650374357981874
ALAD,178.45027772413897
ALAS1,51.62900837964374
ALAS2,0.003647152846670024
ALB,0.0008811138120998171
ALDH18A1,489.59231685377864
ALDH1A1,17.406065355957697
ALDH1A2,0.3512359543916519
ALDH1A3,2.1634207846538955
ALDH1B1,90.01927625345216
ALDH1L1,8.80934685306431
ALDH1L2,0.28594664905120504
ALDH2,3309.218397911637
ALDH3A1,0.6151865361699419
ALDH3A2,85.4884102324927
ALDH3B1,13.633018241990522
ALDH3B2,0.036029350399200306
ALDH4A1,17.866173079464613
ALDH5A1,1.8747611624953089
ALDH6A1,2.3413909586087405
ALDH7A1,30.732147886249546
ALDH9A1,987.7606343039444
ALDOA,11293.101398768935
ALDOB,8.569254795381747
ALDOC,143.78838592049811
ALG1,14.200471986305855
ALG10,0.6753152748757604
ALG11,1.6783406223191648
ALG12,23.89283860547365
ALG13,4.845935400777661
ALG14,18.114456339225022
ALG1L,0.8005866953226803
ALG1L2,0.01903836513222635
ALG2,50.66644617381233
ALG3,5.953801881666162
ALG5,184.18034261306724
ALG6,2.6707009031475786
ALG8,106.97308517235257
ALG9,2.657110123567409
ALK,0.0001956428455929622
ALLC,0.09874098907430014
ALOX12,0.020643637777717876
ALOX12B,0.005756063659938553
ALOX15,0.007204417009855499
ALOX15B,0.018171472497761753
ALOX5,11.985893056431355
ALPG,2.1334538652401167
ALPI,0.38535765533985905
ALPL,0.16595869675880515
ALPP,0.0038745126926115372
AMACR,120.40287550133422
AMD1,60.79803169691734
AMDHD1,0.05300359536941543
AMDHD2,5.714475069448221
AMFR,0.596246425729807
AMHR2,0.0004194489709840709
AMN,4.0682303968810976
AMPD1,0.003996665523779456
AMPD2,7.6599075879606575
AMPD3,4.586296751138491
AMT,22.033470296401713
AMY1A,2.6438139326066277
AMY1B,2.6438139326066277
AMY1C,2.6438139326066277
AMY2A,0.002554475775996125
AMY2B,0.3084604127003334
ANAPC11,174.2879767258384
ANGPTL4,0.7304903443539976
ANKRD1,0.8463575358607507
ANPEP,10.384045266186929
ANXA3,1719.2670998602437
AOAH,2.920744304783343
AOC1,0.022327631781835014
AOC2,0.0012437337192175253
AOC3,0.3961401899340201
AOX1,0.02255631196338038
APOA1,0.021322675303057547
APOA2,0.023991231853210393
APOA5,0.00039764798028035434
APOB,0.0004540219638972261
APOC1,39.682603435675205
APOC2,27.211319250515267
APOC3,46.87519708233557
APOE,16.81599243393253
APRT,3918.0379835669823
AQP1,55.67328198004292
AQP10,0.0004444277625296901
AQP2,2.053743019254548
AQP3,1.4024002356287397
AQP4,0.12071685379157386
AQP5,0.012730823466691174
AQP7,0.12105904014939013
AQP8,1.0903833179672586
AQP9,0.051512714329403034
ARAF,1.1819905524065581
ARCN1,285.49989044778425
ARG1,0.002902431117144343
ARG2,4.471768053830787
ARSA,9.108125421140867
ARSB,1.1880531887212646
ART1,12.508037072622695
ART3,0.4154651304117227
ART4,0.6605953935056178
ART5,0.06118965764306939
AS3MT,0.011990045553837909
ASAH1,65.66345312093694
ASAH2,0.00839694994343695
ASH1L,0.008834674145703126
ASL,2083.399938356304
ASMT,0.0006254596385337904
ASNS,487.12849287105223
ASPA,0.0005862475866569842
ASPG,0.001067190027304913
ASPH,152.35471332915446
ASRGL1,4.786460834742492
ASS1,1548.849666352813
ATE1,5.965325299276075
ATIC,1294.2887077496036
ATM,0.4149669638276945
ATP10A,0.1259527230875617
ATP11A,4.535059128556695
ATP11C,1.308184635099609
ATP1A1,175.15562084896186
ATP1A2,0.0018326676304577893
ATP1A3,0.36619814928223116
ATP1A4,0.00013894954758519976
ATP1B1,2099.652465620249
ATP1B2,0.005245104328955498
ATP1B3,125.46100794734731
ATP1B4,0.00010544632982553835
ATP2B1,9.30571732890926
ATP2B2,4.1827740675033375e-05
ATP2B3,3.8082211325943556
ATP2B4,1.0619711995163128
ATP4A,0.00016221923798886233
ATP4B,0.2703572249398832
ATP5F1A,124.53265572432873
ATP5F1B,167.30632217246165
ATP5F1C,21.50971022167614
ATP5F1D,155.46511749348954
ATP5F1E,125.55773209538297
ATP5MC1,4.311892001287344
ATP5MC2,2.868050998110428
ATP5MC3,5.997867959791037
ATP5ME,117.38991896387836
ATP5MF,1.481717785000078
ATP5MG,179.57272888452187
ATP5MGL,23.718922705117464
ATP5PB,5.524565248774745
ATP5PD,6.7181129554220975
ATP5PF,4.959033242795014
ATP5PO,42.13932100131758
ATP5S,0.3354345050980549
ATP6V0A1,1.0828951865992933
ATP6V0A2,1.1044255098475246
ATP6V0A4,0.5590999308309642
ATP6V0B,402.80731227570914
ATP6V0C,593.9977219858916
ATP6V0D1,964.1737044091985
ATP6V0D2,0.012709543215938346
ATP6V0E1,627.3834538161361
ATP6V1A,89.65031518638568
ATP6V1B1,0.004197902064457063
ATP6V1B2,330.67625504882557
ATP6V1C1,14.756149808630582
ATP6V1C2,0.7345971098914723
ATP6V1D,37.48212137281188
ATP6V1E1,160.67757945504442
ATP6V1E2,0.08936555418967052
ATP6V1F,73.07560242618229
ATP6V1G1,32.8633911350338
ATP6V1G2,0.0003191700016533274
ATP6V1G3,0.2330917175245828
ATP6V1H,15.080673848149633
ATP7A,0.322940647185631
ATP7B,1.7077380235546362
ATP8A1,0.8672301622997259
ATP8B1,39.86762351514945
ATP8B2,0.2318065956636865
ATR,0.037764927444369406
AUH,3.138213232127387
AURKA,0.7818806186934901
AURKB,12.567559089284263
AURKC,0.02085356707413774
AWAT1,0.0633604788899994
AWAT2,0.0009570040539406162
AXL,0.013279545009917059
AZIN2,0.7963414524148358
B3GALNT1,0.6678949418405606
B3GALNT2,6.1111015807062214
B3GALT1,0.04234203028732361
B3GALT2,0.002833857469026074
B3GALT4,0.5400973907953993
B3GALT5,1.4471442202492655
B3GALT6,3.0149896546236477
B3GAT1,0.0011928128571303067
B3GAT2,0.18502305591754267
B3GAT3,15.388530254757178
B3GLCT,0.7866139610071975
B3GNT2,20.59514458357309
B3GNT3,51.08481107606719
B3GNT4,0.10157424244729932
B3GNT5,9.371755711097457
B3GNT6,0.013140277753416777
B3GNT7,2.9469025818936188
B3GNT8,20.76998570911204
B3GNT9,0.9924493147506532
B3GNTL1,1.3259109767711124
B4GALNT1,0.02615904576157221
B4GALNT2,0.0003494010774373628
B4GALNT3,6.8067399697354585
B4GALNT4,1.0081881169357376
B4GALT1,21.004400695283
B4GALT2,19.29821856203733
B4GALT3,30.26164279501376
B4GALT4,19.84518400611713
B4GALT5,59.077080494977
B4GALT6,1.1689287679842606
B4GALT7,27.22537880453434
B4GAT1,2.277812689362301
BAAT,0.009613849335646017
BARD1,1.3108721920585165
BBOX1,0.003151139956079258
BCAP31,4008.618610679902
BCAT1,0.06468574078568112
BCAT2,18.52271571733785
BCHE,3.4966987221519132
BCKDHA,10.036424901394101
BCKDHB,11.538122562612418
BCKDK,49.27530855831904
BCO1,0.06461878427195712
BCR,0.47468236566742217
BDH1,27.13240333570718
BDH2,1.9367967613183692
BHMT,0.017421337054560202
BHMT2,0.008437890318744536
BIRC6,2.427865843863345
BLK,0.0027448416940056394
BLVRA,67.21924822223171
BLVRB,1469.7459842789535
BMP1,4.63858585091388
BMP2K,0.19652056280447638
BMPR1A,3.6999465718324207
BMPR1B,0.001616581750209619
BMPR2,2.191021197814709
BMX,0.014352804185372233
BPGM,6.011974246612285
BPNT1,108.17835377851804
BRAF,0.20370451676749468
BRAP,0.22519895757446187
BRPF1,3.0850562714615113
BRSK1,2.153325650953411
BRSK2,4.350934642901067
BSCL2,1.4833550243361784
BSG,201.3194183601368
BTD,7.762477198947797
BUB1,7.00616695291007
BUB1B,0.586069966974411
C1GALT1,10.165359464334397
CA1,0.05918667864915398
CA12,17.098861094968058
CA13,33.342252833478526
CA14,0.011650277314360304
CA2,48.35474877788333
CA3,0.07095534599039395
CA4,12.639357975760934
CA5A,0.08417582761312976
CA5B,0.12344580286453356
CA6,10.425839500790367
CA7,0.16427464893901847
CA8,0.14945848030197734
CA9,21.362301612593456
CAD,39.090011330002454
CALM1,192.2453402702816
CAMK1,6.99499638884018
CAMK1D,2.109173398760761
CAMK1G,0.00813878498429167
CAMK2A,0.0005081796631099185
CAMK2B,0.003278932833125042
CAMK2D,129.13851769622235
CAMK2G,9.499627993392023
CAMK4,0.02789189481490416
CAMKK1,1.9588608798640699
CAMKK2,7.122707273844968
CANT1,92.74804530885496
CARM1,14.045624643260313
CARNS1,0.007356775050645813
CARS,45.358232794471526
CARS2,38.91407991648277
CASK,43.552080766727556
CAT,166.17494098045722
CBLC,110.80138531869596
CBLL1,7.469664411385643
CBLL2,0.027434690025870352
CBR1,175.96612118264613
CBR3,69.796611966875
CBR4,35.05510157891627
CBS,0.4694303620486566
CBSL,0.3354345050980549
CBX1,95.22242919768082
CCNB1IP1,20.13168993148839
CD36,0.024072375968166002
CD38,0.07334720092629415
CDA,116.10214644225394
CDC14A,0.22253470844277168
CDC14B,1.451492857411653
CDC25A,5.62387166522211
CDC25B,35.29819013640321
CDC25C,8.908913087921992
CDC34,11.833205051253877
CDC42BPA,1.0358441946336494
CDC42BPB,1.1629169979212404
CDC42BPG,6.485423931624044
CDC7,0.7962148337951879
CDIPT,185.48305349278334
CDK1,70.2042859450226
CDK10,56.75305269463238
CDK11A,4.6931988815490815
CDK11B,7.011299124469786
CDK12,7.441520569923348
CDK13,5.9330262712650494
CDK14,0.1336616031496357
CDK15,0.0015473277842505408
CDK16,32.82435089475292
CDK17,1.868784979854578
CDK18,11.977237643521326
CDK19,2.6965172564273887
CDK2,35.014836639843544
CDK20,0.2662105054049481
CDK3,1.5727061588340354
CDK4,32.93512820854014
CDK5,69.96385709484831
CDK6,10.641160099938219
CDK7,108.18319815437005
CDK8,21.32243640101477
CDK9,18.24661604680373
CDKL1,0.27155741385524335
CDKL2,0.00628120608360566
CDKL3,0.14444312763867737
CDKL4,0.004135927427116723
CDKL5,0.026699998060849498
CDKN3,47.59016678908956
CDO1,0.0005177582212946986
CDS1,19.180679954765164
CDS2,1.6752269964345967
CDY1,0.256335927830294
CDY1B,0.256335927830294
CDY2A,0.04923577690024244
CDY2B,0.04923577690024244
CEL,1.4902853772853861
CEPT1,6.77595359051009
CERCAM,10.657377009576807
CERK,6.612094395308804
CERS1,0.00016089055061366557
CERS2,213.77042610001246
CERS3,0.204503049429499
CERS4,1.2496012255664835
CERS5,18.52614652845703
CERS6,9.877355740738759
CES1,22.798678366119404
CES2,834.7199850386073
CES3,24.08994263720816
CES5A,0.03703753789261324
CFTR,40.651443526087924
CH25H,1.2257185104281583
CHAT,0.014545141103376102
CHD9,1.6605159746956648
CHDH,15.113883822519098
CHEK1,3.03867696232513
CHEK2,25.522763731372045
CHFR,4.0515214537898245
CHI3L1,6.94679255434036
CHIA,0.00048605721268009925
CHIT1,0.049260743398478087
CHKA,9.705522229782401
CHKB,0.054186190397000324
CHMP4A,54.28415948793807
CHPF,39.88106564086259
CHPF2,24.275464195893804
CHPT1,141.72674893647925
CHST1,0.03252900352904767
CHST10,0.20469015070210092
CHST11,0.1973203592424756
CHST12,2.2912517198626556
CHST13,0.10406121081123851
CHST14,0.5540969892335832
CHST2,0.10716507520061393
CHST3,0.13257148565709445
CHST4,0.0015370029810798673
CHST5,17.79719283224978
CHST6,0.012825374189762083
CHST7,0.4682707044757223
CHST8,0.0006065467723521316
CHST9,0.3354345050980549
CHSY1,3.1160140734544215
CHSY3,0.09606819311225827
CHUK,1.8133928919132727
CHURC1-FNTB,0.0011020057145183905
CIDEA,0.3261466052049245
CINP,1.532505888361569
CIT,1.5760564301924171
CKB,2894.150237421366
CKM,0.014635117707499942
CKMT1A,59.78211593627824
CKMT1B,54.76069325584751
CKMT2,0.15670959491930608
CLC,1.416608020365395
CLCF1,1.3123715155494686
CLK1,0.6954710404069637
CLK2,10.282284177212206
CLK3,0.9185050986457305
CLK4,0.26574747076969346
CLOCK,0.8306548926300686
CLPS,9.828993754263943
CLTRN,0.5786685643266595
CLYBL,0.4860080402567893
CMA1,0.7504889198679588
CMAHP,0.044989758786901736
CMAS,90.6377051932307
CMPK1,1417.412283441741
CMPK2,1.064267527855875
CMTR1,4.115778316984253
CNDP1,0.004563826550889627
CNDP2,41.82850167875831
CNOT4,2.5466786697815884
CNP,18.409607994332085
COASY,1074.8559073568313
COL4A3BP,1.4667977665094023
COLGALT1,4.827811645801103
COLGALT2,0.08819212596505183
COMT,177.60479100930453
COMTD1,1479.1254855291681
COP1,0.4785008438550989
COPA,230.45049115323758
COPB1,380.30833622699504
COPB2,97.54259807864868
COPE,1024.4814907255516
COPG1,281.5875211666761
COPG2,98.09632053245102
COQ2,18.97179972623965
COQ3,10.653013817181664
COQ5,3.2567757332941776
COQ6,7.862582517272934
COQ7,0.532630958602413
COX1,7.766401376158287
COX17,70.58963517040786
COX2,5.3369352212394165
COX3,0.33446363282071023
COX4I1,4210.967749863255
COX4I2,0.24279852682590025
COX5A,1039.0065958771736
COX5B,1952.6231138233506
COX6A1,40.089518467190075
COX6A2,0.003487703740485014
COX6B1,385.77838757734526
COX6B2,0.16351033844251014
COX6C,275.6717990463811
COX7A1,3.5764939859017097
COX7A2,106.56124506145171
COX7A2L,430.0909325699126
COX7B,3380.6240925211505
COX7B2,0.0025613830935490326
COX7C,612.8751582155246
COX8A,4283.105457522458
COX8C,0.7410518340738615
CP,0.006708871768246274
CPA1,2.3131739981911728
CPA2,0.04028871354237767
CPA5,0.00035732619947639215
CPA6,0.005634462158431425
CPOX,107.51179569183142
CPS1,0.867584939749756
CPT1A,1.5125017534935943
CPT1B,0.027088003693527173
CPT1C,0.038400851066678364
CPT2,69.70106291097102
CRAT,4.965554560423257
CREBBP,0.11329308361680374
CRLS1,15.99523412104979
CROT,5.5394344663782515
CS,3802.513831109605
CSAD,1.0640011222200585
CSF1R,0.703170272412793
CSGALNACT1,0.1895527394356475
CSGALNACT2,1.7481792083046548
CSK,47.2658640006072
CSNK1A1,60.30477074437708
CSNK1A1L,0.05773978436873796
CSNK1D,58.30718938612717
CSNK1E,2.95760434177809
CSNK1G1,0.6858364074794681
CSNK1G2,47.383828842823476
CSNK1G3,11.700415686509276
CSNK2A1,217.72630452780888
CSNK2A2,259.5628469961309
CSNK2B,88.32606372031758
CTBP1,152.19680191849505
CTDP1,1.3663462817320275
CTDSP1,74.79740482504573
CTDSP2,48.70930536626944
CTDSPL,7.96952516351593
CTDSPL2,2.18647719181005
CTGF,0.3354345050980549
CTH,1.7921419269880885
CTPS1,0.2774814774265704
CTPS2,12.279975419074502
CTSA,824.348835840175
CTSB,390.50471571783464
CTSC,25.14274354107417
CTSD,1628.3600042189817
CTSE,0.23810635338002087
CTSF,5.80615045671444
CTSG,0.016281151715812844
CTSH,645.0115782514239
CTSK,65.22191120764583
CTSL,22.309476873829027
CTSO,2.1700301326386224
CTSS,208.5239431677623
CTSV,0.5139622638412911
CTSW,0.049691682225782845
CTSZ,36.9332411216622
CUBN,0.0014623567215089704
CWC27,13.08275637934791
CYB5D1,1.0356165553218466
CYB5R1,23.833295233744007
CYB5R2,7.493342612342619
CYB5R3,1282.419313378357
CYBB,0.670056859418395
CYBRD1,2.4265076718820273
CYC1,1953.3510275464253
CYLD,1.4876307849947663
CYP11A1,0.000786415837254703
CYP11B1,0.8426372984421979
CYP11B2,0.08105018928386314
CYP17A1,0.002091859820450054
CYP19A1,0.00031651695941210155
CYP1A1,0.4120444268680603
CYP1A2,0.00019614808573529893
CYP1B1,0.009391517464095944
CYP21A2,0.00010096787610447466
CYP24A1,0.03254825775132167
CYP26A1,0.0021096348342198993
CYP26B1,0.11138689860581032
CYP27A1,10.395464115036287
CYP27B1,0.6445102827476569
CYP2A13,0.04638837469548625
CYP2A6,0.05377674440315811
CYP2A7,0.0003096469440894156
CYP2B6,25.840060618335496
CYP2C18,0.9822573307938632
CYP2C19,0.0029691864440019675
CYP2C8,0.007857085773927443
CYP2C9,0.0021067239562509257
CYP2D6,0.23802678171735522
CYP2E1,0.03157862357128001
CYP2F1,0.0004319817134050075
CYP2J2,24.08818195990034
CYP2S1,248.6484247627156
CYP2U1,0.8477235984779222
CYP39A1,4.307844608438708
CYP3A4,0.007819942387754061
CYP3A43,0.000929263381428679
CYP3A5,4.229145104563692
CYP3A7,0.007559254032490745
CYP46A1,0.0017931455295748557
CYP4A11,1.6372931884537043
CYP4B1,0.18924655837091137
CYP4F11,2.0116167515478396
CYP4F12,3.233630115334827
CYP4F2,0.6551656805554559
CYP4F22,0.001957172911434051
CYP4F3,0.5942250229604426
CYP4F8,0.017512206148234014
CYP4V2,1.9886888959687548
CYP4X1,0.2300356855541536
CYP4Z1,0.08130083947706235
CYP51A1,467.33704471868896
CYP7A1,0.0006136816299429352
CYP7B1,0.030777118434859297
CYP8B1,0.00038500657143792765
CYTB,10.283962318241796
DAD1,856.0753795424008
DAGLA,3.0364832041311423
DAGLB,5.08127632605128
DAO,0.0005263509017814553
DAPK1,0.03346706557759358
DAPK2,13.469929081431124
DAPK3,2.4779464405575022
DARS,5970.1568785797035
DARS2,45.56955092346752
DBH,0.0018020520248346683
DBI,706.6513246805182
DBT,0.5945855413238764
DCK,21.589316477902564
DCLK1,0.43845697031042075
DCLK2,0.0658493651371099
DCT,0.45229416967959896
DCTD,22.27930003185964
DCTPP1,1149.262100428607
DCXR,256.4643824508361
DDAH1,176.49947724919159
DDAH2,24.98257515597695
DDC,110.38736111987588
DDO,0.050504589629278
DDOST,1441.6739609853933
DDR1,13.618318282749296
DDR2,0.08896055538228567
DECR1,181.90779771948905
DECR2,57.97151879377578
DEGS1,7.150912120845202
DEGS2,6.870942763587185
DERA,138.40002148354262
DGAT1,96.09570317624902
DGAT2,25.46097549650752
DGKA,2.623574882044662
DGKB,5.387880077829377e-05
DGKD,5.718868616375005
DGKE,0.6561040425602019
DGKG,0.12127345781626986
DGKH,0.20001971807578606
DGKI,0.0022259297228739874
DGKQ,11.45989495928907
DGKZ,14.627015410365473
DGUOK,56.976528614617926
DHCR24,9.017889994739711
DHCR7,241.34959913345125
DHDH,0.8993985786179027
DHFR,474.6318880083268
DHODH,10.515075250292833
DHRS2,0.8640369248427967
DHRS3,35.66981814777963
DHRS4,120.13497813254034
DHRS9,1.2556853902977967
DIO1,0.0021707646510748095
DIO2,0.5053086697747288
DIO3,0.29828151746804754
DLAT,923.1707645094854
DLD,2041.8383642156598
DLST,150.433132618296
DMGDH,0.0002002702661370576
DMPK,3.179223380471229
DNAJC6,0.7990966311420445
DNMT1,8.984883335090046
DNMT3A,3.4059863460134534
DNMT3B,0.7805743161039054
DNMT3L,0.03798289307998578
DOLPP1,14.95481869833403
DOT1L,4.182270181235098
DPAGT1,87.71722034536252
DPEP1,1070.925175216893
DPEP2,0.02289708354710676
DPEP3,0.05168794657761144
DPH5,73.28912701270905
DPM1,5335.709516728363
DPM2,43.71614693987729
DPM3,33.45389943031487
DPYD,0.04599696105234851
DPYS,5.275394804691691
DPYSL2,666.7010037643113
DPYSL3,10.083588244910471
DSTYK,0.48532263275799753
DTYMK,117.58198509644845
DUOX1,0.3653506604380756
DUOX2,149.7745416569974
DUPD1,0.11783200419515537
DUSP1,41.918937864578766
DUSP10,1.423611606365522
DUSP11,19.713115760259143
DUSP12,11.138042979419703
DUSP13,0.017076971331754013
DUSP14,1.4503969169074191
DUSP15,0.9599557734027027
DUSP16,10.597837984792317
DUSP18,3.4456852674792797
DUSP19,0.14974476746310947
DUSP2,2.5671468234165267
DUSP21,0.08186674790155296
DUSP22,10.765343932055242
DUSP23,143.5939327845255
DUSP27,20.19668486306658
DUSP28,0.7882341297387626
DUSP3,106.94258414788563
DUSP4,0.07748448657297874
DUSP5,1.8641600921477586
DUSP6,43.13909069716917
DUSP7,2.303211524365146
DUSP8,6.910409323728765
DUSP9,0.013643609421288018
DUT,352.70470282867797
DYRK1A,4.4802529929151715
DYRK1B,6.918858828309788
DYRK2,3.9792889013612265
DYRK3,0.07349537039681672
DYRK4,6.017071038133112
DZIP3,0.7449929760712438
EARS2,2.424340661215406
EBP,4341.566012961168
ECH1,997.0601964004153
ECHDC2,9.03364100853825
ECHS1,534.0284675933267
ECI1,205.95876223578415
ECI2,44.46987933325931
EGFR,0.4692838989882825
EHHADH,1.9265156332521094
EHMT1,0.3740634649897252
EHMT2,0.24609333819385265
EIF2AK1,134.53060542800011
EIF2AK2,25.31542061171452
EIF2AK3,5.936773449838131
EIF2AK4,0.2143929492493146
EIF4EBP3,7.998286276046464
ELOVL1,13.762595504536039
ELOVL2,0.001017953093814751
ELOVL3,0.014861769308421556
ELOVL4,0.020179959875511515
ELOVL5,2.4262414166967416
ELOVL6,15.387744173838703
ELOVL7,8.763195062753006
ELP3,2.0458830566545783
ENGASE,19.396189218402352
ENO1,872.8886513461301
ENO2,5.1221989273105315
ENO3,17.54784136979664
ENOPH1,414.2533662378846
ENPP1,0.09091813969309956
ENPP2,1.766927062505829
ENPP3,5.777698157712879
ENPP6,0.001485132812986621
ENPP7,0.2621620114119895
ENTPD1,1.0056323543598638
ENTPD2,6.448205807915791
ENTPD3,0.0032109292954110324
ENTPD4,3.264227646417336
ENTPD5,7.792961084412031
ENTPD6,208.2789417054732
ENTPD8,1.8210680910663959
EP300,1.1109843703852536
EPHA1,10.813705059973833
EPHA10,0.17908106484285513
EPHA2,2.0775196400533216
EPHA3,0.10268775448573668
EPHA4,0.01071661528421911
EPHA5,0.0012756871807259207
EPHA6,0.0003496442509990294
EPHA7,0.02082178036256326
EPHA8,0.0009314073618951945
EPHB1,0.36362554101779393
EPHB2,1.3453822501713715
EPHB3,80.2755622253872
EPHB4,1.6608100190442758
EPHB6,0.01092140754101171
EPHX1,30.60458824450795
EPHX2,5.702099270468172
EPM2A,0.22091247249754398
EPRS,69.85155517444954
EPX,0.005100121586565113
ERBB2,0.5903379858652497
ERBB3,80.16418147065977
ERBB4,2.7510918364618224e-05
ERN1,0.3965031595924851
ERN2,33.60455354539942
ESD,2075.2799144274486
ETFA,8801.106519085808
ETFB,3456.5203926583417
ETFDH,11.700106879484155
ETNK1,14.305149184030311
ETNK2,0.9568736443009853
ETNPPL,1.3663166774328985
EXT1,20.372236169694954
EXT2,51.49126271494418
EXTL1,0.0014429710824567922
EXTL2,4.060562215127681
EXTL3,2.247806487478401
EYA1,0.011240885696910003
EYA2,1.0552294713115806
EYA3,0.6408269592965368
EYA4,0.0030431835434181023
EZH1,1.8437709858768927
EZH2,0.3198643564168052
F13A1,0.06734428637004657
F13B,0.952082265681838
F2,0.11346886583476047
FAAH,53.31806860681208
FAAH2,2.783121110257291
FABP1,27678.296191279696
FABP12,0.07361943011456162
FABP2,5.905805677638617
FABP3,10.957280258574624
FABP4,0.01036370519574307
FABP5,357.0433612586096
FABP6,24.011090664012418
FABP7,2.482310752887457
FABP9,1.0553661478381027
FADS1,109.25544218689981
FADS2,43.58166113549503
FADS3,0.4672055285909613
FADS6,0.04590096577715789
FAH,19.98172195774183
FAM20B,3.960099440074375
FANCL,6.688474320438363
FAR1,44.13911801281515
FAR2,19.757504591252555
FARS2,2.9785310607525997
FARSA,1449.047813796208
FARSB,6.27293816952465
FAS,7.4062716193820535
FASN,58.90954598355749
FASTK,93.81943707170214
FAXDC2,0.014854582046724449
FBP1,25.70416223021879
FBP2,0.42363228832581495
FDFT1,575.3914307332873
FDPS,419.90563548876753
FDXR,10.896149925253233
FECH,0.5084731277138939
FER,0.2005168595154941
FES,2.2397192153005134
FGA,0.009016414211861331
FGFR1,1.4697908334394023
FGFR2,0.6860961560514595
FGFR3,9.94000143725078
FGFR4,92.85627094863328
FGGY,3.388908660252511
FGR,0.16989171968602948
FH,1270.833603438577
FHIT,3.04542130946292
FHL2,31.287981317844306
FIG4,2.9943706718712133
FITM1,0.018098747758544195
FITM2,13.433049453125367
FKBP10,46.8026944456413
FKBP11,45.03170380072726
FKBP14,1.320271816483123
FKBP1A,249.8521520673196
FKBP1B,0.5143746736608517
FKBP2,1476.9945013549627
FKBP3,724.1292109336553
FKBP4,491.6579856909905
FKBP5,1.157690972771732
FKBP6,0.0345624960497994
FKBP7,8.010060260458479
FKBP8,27.254876446751975
FKBP9,93.27126080475682
FKBP9P1,0.3354345050980549
FLAD1,13.612221629736776
FLT1,0.5227191608761923
FLT3,0.006973338717011504
FLT4,0.05921801123869569
FLVCR1,6.763316544362626
FMO1,0.013254472439858726
FMO2,0.000992177952892379
FMO3,0.02882427206556487
FMO4,0.727818755679303
FMO5,2.930238417053946
FMO6P,0.0009563431663424899
FN3K,13.379009619884203
FN3KRP,27.741532462836023
FNTA,71.50172132105527
FNTB,0.10693450540947867
FOLR1,0.31423423618584395
FOLR2,0.32944991223905223
FOLR3,0.0013384542243534687
FOSL1,4.778318908715796
FPGS,1.483939523059594
FPGT,2.378348874957744
FRK,0.8414104673823263
FRMPD2,0.014371669987526408
FTCD,0.00267259792300429
FTMT,0.0035228999322574864
FUCA1,62.454255206480696
FUCA2,66.04578690319849
FUK,18.513005305358405
FUT1,0.6782491908406532
FUT10,0.7743226902018633
FUT11,0.7718958568230815
FUT2,37.4491114690546
FUT3,112.169101178402
FUT4,13.036088644978024
FUT5,0.18252110513029438
FUT6,24.73421082232624
FUT7,0.11674153783196792
FUT8,0.6372929688773205
FUT9,2.4795074778996118e-05
FYN,12.116375186468353
G0S2,7.685057046968526
G6PC,0.2573661812362027
G6PC2,0.018216384410824384
G6PC3,58.05168701809538
G6PD,314.47755747172465
GAA,1.7172503316922323
GAD1,0.008256255379234773
GAD2,0.03730519390911924
GAK,5.613704952961047
GAL3ST1,1.1138323482910413
GAL3ST2,2.0882706999687466
GAL3ST3,0.10515018051485577
GAL3ST4,2.65809661653542
GALC,18.428411318035185
GALE,110.21286841058831
GALK1,732.291425340652
GALK2,66.00561447940457
GALM,42.0202588889264
GALNS,10.115453174626785
GALNT1,40.388382327796805
GALNT10,0.34662922755250636
GALNT11,17.574352419795726
GALNT12,11.640141419750988
GALNT13,0.13507794190168348
GALNT14,0.0023883791658347964
GALNT15,0.0116113720313577
GALNT2,55.421592590997
GALNT3,76.9536486361065
GALNT4,0.1390055556906321
GALNT5,3.3865835791612082
GALNT6,9.372668328406409
GALNT7,0.7614750465589285
GALNT8,0.17529221350330895
GALNT9,0.0010876346702598295
GALNTL5,0.008090665773634338
GALT,13.058268055195894
GAMT,0.577990409393593
GANC,2.4384119261357204
GAPDH,19224.406723910713
GAPDHS,0.37412858901866725
GARS,401.32968683562524
GART,216.663585930805
GATM,4.820244226332015
GBA,21.70006605311778
GBA2,9.569960586327163
GBA3,0.2763830934102545
GBE1,6.841980433513933
GBGT1,1.9768035071538181
GC,0.00031467365803493873
GCAT,171.40683438977288
GCDH,16.655721994623377
GCH1,5.295413010602112
GCK,0.022665469914159644
GCLC,11.174781553653231
GCLM,23.620878065025938
GCNT1,5.397576694840806
GCNT2,0.005274011428643812
GCNT2P,0.3354345050980549
GCNT3,147.56210572893627
GCNT4,0.01092397335373561
GCNT7,0.013842894206953118
GCSH,1.9792568441888503
GDA,0.8422495896764314
GDE1,48.5521750643012
GDPD2,0.6098454572443968
GFPT1,984.219299314308
GFPT2,0.11711159399411321
GGCT,197.80166967974122
GGH,346.49911137406735
GGPS1,699.4977867913345
GGT1,10.157166460688924
GGT2,1.2557625587889092
GGT3P,0.11469955609368288
GGT5,2.5762183199944593
GGT6,25.031354245019116
GGT7,44.83812708902921
GGTLC1,0.08540448333837551
GGTLC2,0.4518213502700074
GIF,0.3354345050980549
GK,4.8879670715950265
GK2,0.0004184596300818159
GK3P,0.16768092377167199
GLA,51.07267587444393
GLB1,111.71081323641106
GLB1L,0.39381214465217507
GLCE,0.8785698780168384
GLDC,0.14550181044587435
GLIPR1,1.5556726961785095
GLO1,3270.210624085758
GLRX,216.21180327582877
GLRX2,14.735837508531006
GLS,75.66096658162756
GLS2,1.2391274498447507
GLT6D1,0.06930364432416915
GLT8D1,1.4783713707634023
GLT8D2,1.9524409881205103
GLTP,11.152441860078195
GLUD1,939.2137660974415
GLUD2,54.54650116140977
GLUL,7.205807854101205
GLYAT,0.0002762928937130573
GLYCTK,13.090289265556528
GM2A,13.883002932952373
GMDS,1254.0562010161693
GMPPA,38.56682730085792
GMPPB,731.5529223278373
GMPR,0.8530452579005925
GMPR2,48.09945883257307
GMPS,302.0711143459128
GNE,6.69800255312982
GNMT,0.010073063494690239
GNPAT,40.201440792623686
GNPDA1,55.61889637901226
GNPDA2,3.0057949312348087
GNPNAT1,101.9506503702556
GNPTAB,7.438923112942768
GNS,9.322719548761546
GOT1,5308.419356841699
GOT2,4962.342629907287
GPAA1,152.00580551768164
GPAM,0.11019760759045939
GPAT2,0.0816166016123823
GPAT3,0.6582069289240687
GPAT4,1.352005973421296
GPCPD1,6.97893748816843
GPD1,31.302750015135825
GPD2,128.0681842669605
GPHN,8.272093356327437
GPI,4405.592718464897
GPIHBP1,0.006592788036769095
GPLD1,0.003424065975133978
GPT,1.0618817703894186
GPT2,51.81707129308773
GPX1,156.31874439653936
GPX2,1943.5993018323393
GPX3,3.4071647738876414
GPX4,284.00943745496244
GPX5,0.793289329058847
GPX6,2.01032323162201
GPX7,4.996934664363561
GPX8,1.6908221990363232
GRHL1,0.6346195169047051
GRHPR,81.55778638779638
GRK1,0.00035233805347919037
GRK2,4.014622265826703
GRK3,1.2623639556998993
GRK7,0.0023134732817904195
GSR,402.31834186837955
GSS,1260.7213817675113
GSTA1,0.0103395517843266
GSTA2,0.009765131914623082
GSTA3,3.8201241689736465
GSTA4,2.850289485750604
GSTA5,0.58469847618054
GSTK1,553.8107843090021
GSTM1,0.08120708164451211
GSTM2,0.08684230362825761
GSTM3,42.98891500092578
GSTM4,24.023044923047653
GSTM5,4.502125312985527
GSTO1,3192.0202199192877
GSTO2,9.850677722961931
GSTP1,16950.51050882152
GSTT1,0.0073404832607909636
GSTT2,0.16016225632210468
GSTZ1,6.853022751474011
GTF2F1,15.36764757537639
GTF3C4,0.5679609110037293
GUCA1A,0.002037266168103887
GUCY1A1,2.9663227089166733
GUCY1A2,0.004522451216711446
GUCY1B1,1.0453859436592674
GUCY1B2,0.0021887339637387516
GUCY2C,53.91624550996307
GUCY2D,0.0007924760768290057
GUCY2F,0.13808747592085474
GUK1,580.8470682859407
GUSB,10.900321514029976
GYG1,26.56980103962148
GYG2,6.337823683411136
GYS1,54.15790196675835
GYS2,0.000981317601754235
H6PD,6.964618862134313
HAAO,16.129554875907086
HACD1,0.6699772991826155
HACD2,3.095013644366691
HACD3,4.330319334841662
HACD4,0.5979568033382378
HACE1,0.2536766235260957
HACL1,34.07207489779194
HADH,2827.6728756576863
HADHA,961.7568715076526
HADHB,56.677007999002626
HAGH,92.32359524996349
HAGHL,3.13095971475422
HAL,0.11017018454298032
HAO1,0.19763453007540133
HAO2,0.00048143750070480756
HARS,198.09908313110503
HARS2,31.05726908796625
HAS1,0.0027159365419388037
HAS2,0.22945729939715565
HAS3,1.2736477823738452
HAT1,128.99825287587868
HCCS,28.924939145704037
HCK,0.6096442047718142
HCST,1.5377719052640737
HDAC3,1.230927358123992
HDC,0.0019213997103270045
HDLBP,105.71267598633744
HECTD1,2.0266233692976994
HECTD2,0.10850522792011959
HECTD3,3.2058188586958494
HECW1,0.009155269736408475
HECW2,0.03314516604666033
HELZ2,0.16199531088786426
HEPH,72.48873050108595
HERC1,0.11617289219554776
HERC2,0.10972125159274404
HERC3,2.0424679749731185
HERC4,12.709680935596227
HEXA,59.44505856872803
HEXB,8.096152069372241
HEXDC,0.3354345050980549
HGD,0.9336918358013393
HIBADH,95.36201053875399
HIBCH,27.908818093375178
HIF1AN,3.594851552369013
HIGD2A,25.882811976191828
HIPK1,4.0800049196015715
HIPK2,0.7549124273308336
HIPK3,4.081233519700211
HIRIP3,0.2838425428700771
HK1,174.53905450035396
HK2,74.90367555314303
HK3,0.07420648370393926
HKDC1,59.00051761779394
HLCS,1.912899699533681
HLTF,0.03955764424908447
HMBS,409.10835106312936
HMGCL,278.97616946544747
HMGCLL1,0.0036467348363501332
HMGCR,78.71693452791101
HMGCS1,117.12534902219957
HMGCS2,12.906809141471827
HMOX1,61.74417996233209
HMOX2,399.00336795315417
HNMT,28.275272986452535
HPD,0.005473394323428325
HPGD,4.162519752493887
HPGDS,0.003956777229064757
HPRT1,1229.8141487500686
HS2ST1,7.4496291173314635
HS3ST1,5.259782595535315
HS3ST2,0.001083276092134759
HS3ST3A1,0.025036414666685297
HS3ST3B1,0.0278027251641842
HS3ST4,0.000949558680198878
HS3ST5,0.001817494426803778
HS3ST6,0.0009570040539406162
HS6ST1,5.60772092615322
HS6ST2,5.801495522757299
HS6ST3,0.0002569777753321004
HSD11B1,0.16859805639632708
HSD11B1L,0.575091026944788
HSD11B2,377.0219936192029
HSD17B1,5.348059022483311
HSD17B10,505.86182810974407
HSD17B11,203.87318159666492
HSD17B12,1891.9633517482187
HSD17B14,0.21087498595756593
HSD17B2,10.592725862565025
HSD17B3,0.0024038505060674513
HSD17B4,164.49109184132195
HSD17B6,0.22631667593456464
HSD17B7,12.59867628796531
HSD17B7P2,1.9120549005950507
HSD17B8,0.9738890306570143
HSD3B1,0.2866007173092575
HSD3B2,0.5341804615866678
HSD3B7,44.86773387187468
HSPG2,0.05662303882682942
HTATIP2,160.19524570069262
HUNK,2.3680777165599696
HUWE1,2.4761113885591253
HYAL3,1.964061476382302
HYALP1,0.3354345050980549
HYI,15.133447674791238
HYKK,0.3304860018863759
IARS,1117.8282645689314
IARS2,144.23513282234552
ICK,2.3497457302310343
ICMT,16.539071513846693
IDH1,456.8203678198848
IDH2,1084.8349960511723
IDH3A,2990.29094530659
IDH3B,291.8678747143738
IDH3G,227.21579667177383
IDI1,216.8898677436983
IDI2,2.1388507678797213
IDO1,1.1790213295567527
IDO2,0.001549803268131101
IDS,7.175594473965475
IDUA,1.648353493717642
IGF1R,1.7707811381112575
IKBKB,7.620343790354207
IKBKE,15.127962354718742
IL4I1,0.4822166127632701
ILK,53.19327632062302
ILKAP,29.96461597758254
IMPA1,177.88490159563287
IMPA2,168.4506689318225
IMPDH1,43.2759267278662
IMPDH2,376.1139144754743
INMT,0.31468045623714047
INPP1,274.7828530028903
INPP4A,0.5290162520414694
INPP4B,0.5050422589912108
INPP5A,7.63063287821273
INPP5B,1.3001558568229803
INPP5D,11.740826421234754
INPP5E,5.263545502076527
INPP5F,0.26143610242410875
INPP5J,8.108358610068567
INPPL1,6.305985879666116
INSL3,0.17394553868855028
INSR,2.6317091175626484
INSRR,0.1005050945541876
IP6K1,7.6080822830558175
IP6K2,23.72198730817931
IP6K3,0.013334943193429998
IPMK,3.5415372073928757
IRAK1,116.52887798533229
IRAK2,3.115093791129598
IRAK3,0.03659871606844584
IRAK4,6.386067920015511
IREB2,7.193535384847588
ISYNA1,4.236940753486507
ITK,0.040781454760137247
ITPA,570.5472784773611
ITPK1,29.517420058142697
ITPKA,6.663195700638138
ITPKB,1.2490060195198254
ITPKC,15.27060008977162
IVD,375.02262447675486
JAK1,22.046122629609624
JAK2,0.5294594475584601
JAK3,0.35290349328386506
JMJD7-PLA2G4B,0.00017597475143597688
KALRN,1.840495428383246
KANSL3,6.36929691860008
KARS,1367.2801131182803
KAT2A,49.87317945246833
KAT2B,0.694217398451915
KAT5,23.784501632350953
KAT6A,2.334956968475993
KAT6B,0.7835961793195988
KAT7,6.030687113063264
KAT8,31.359204723933434
KCNJ11,0.38212948075236913
KCNJ8,0.2195235004610629
KDR,0.4181750631741033
KDSR,8.566169345708156
KHK,11.91993103878677
KIT,0.6215005266974649
KL,0.015185856639595359
KMO,0.004390216068283712
KMT2A,0.1132089503784727
KMT2B,0.3354345050980549
KMT2C,0.02724143815923862
KMT2D,0.256842919373976
KMT2E,0.08892210317369556
KMT5A,0.08744585611927874
KMT5B,0.052531638327043204
KMT5C,0.3350355754164824
KPNA6,14.907183071497188
KYAT1,0.41426786262502635
KYAT3,10.315561941178165
KYNU,0.0661712497826199
L1CAM,0.3439512488219265
L2HGDH,1.0099791063165353
LALBA,0.09996023381633702
LAP3,2011.7042690501328
LARS,559.9859713095505
LARS2,13.717397394632341
LATS1,0.20343792535144586
LATS2,0.6016284043091955
LBR,387.54447863657407
LCAT,0.6201134734606147
LCK,0.34879511263829166
LCLAT1,2.386793612350063
LCT,0.0037568762769392403
LDHA,16854.71359959234
LDHAL6A,0.007621614907333086
LDHAL6B,0.0034559567634471107
LDHB,1569.6247309732519
LDHC,0.000724303376212571
LDHD,2.54928431621174
LDLR,2.2244231117630853
LGALS13,0.16621830202908744
LGMN,46.61169044631224
LGSN,0.059118472577440906
LHPP,41.07702811099729
LIAS,1.2866340422194722
LIMK1,7.181916593414421
LIMK2,26.154203512063475
LIPA,39.7616898716502
LIPC,0.03633965952947109
LIPE,2.0789869796873255
LIPF,1.3406968406403874
LIPG,10.420523570611492
LIPT1,1.4477676421704642
LIPT2,1.6999850193776709
LMTK2,6.183256256482876
LMTK3,0.9294777905571623
LOC102724197,0.3354345050980549
LOC286297,0.0004684095572239384
LOC344967,0.09166150831830655
LOX,2.7495316373737073
LOXL2,13.048026115693983
LPCAT1,3.5084829880638138
LPCAT2,9.345570605309476
LPCAT3,70.53432873515196
LPCAT4,3.6771420605742624
LPIN1,5.435622590443762
LPIN2,2.699527807596568
LPIN3,18.11171921696656
LPL,7.742746057192879
LPO,0.010129688028045923
LRAT,0.00010182546060283709
LRP1,2.256698178724034
LRP2,0.00019432128445025552
LRRK1,0.18127451239770515
LRRK2,0.0034965862745804173
LRSAM1,3.1688657843555728
LRTOMT,0.6235940270339322
LSS,117.20869776530375
LTA4H,477.801085182625
LTC4S,0.0639394566362834
LTK,0.1815387146026546
LYN,16.97721546291582
LYPLA1,482.8881879099158
LYPLA2,138.50975529284818
LYZL1,1.4145390562382973
MACROD1,8.561800838201652
MACROD2,0.06935128791186422
MAGEA2B,0.1626710879648594
MAK,0.029793154032483393
MAN1A1,0.9009195300698702
MAN1A2,0.8296772007926421
MAN1B1,1.9654988053463605
MAN1C1,0.30188702570439063
MAN2A1,7.189713055805134
MAN2A2,6.898604280082917
MAN2B1,13.689215803964663
MAN2C1,21.18053515862651
MANBA,6.530120907863404
MANSC1,49.440016440083106
MAOA,143.73559594123643
MAOB,0.016493375398325582
MAP2K1,353.5714020782859
MAP2K2,132.8159111653195
MAP2K3,16.040085693782785
MAP2K4,11.551493269885388
MAP2K5,5.915435116781782
MAP2K6,21.948950867434895
MAP2K7,1.0850675932129428
MAP3K1,1.3307499822620223
MAP3K10,1.444138513554573
MAP3K11,46.423561687109306
MAP3K12,0.2621538138117659
MAP3K13,1.0538852516608657
MAP3K14,2.8019729987714133
MAP3K15,0.0011690835694904843
MAP3K2,2.218383154268501
MAP3K20,0.20179825659102824
MAP3K21,0.03839897316107535
MAP3K3,1.149832101007488
MAP3K4,2.534965121667227
MAP3K5,3.1642585202054145
MAP3K6,0.5466603113637334
MAP3K7,0.4560686223067396
MAP3K8,2.6588208406172704
MAP3K9,0.04079920205430817
MAP4K1,0.1863709370059923
MAP4K2,13.242279429701924
MAP4K3,10.65165742685088
MAP4K5,11.254606412156983
MAPK1,319.6981206806965
MAPK10,0.10263063128879124
MAPK11,0.15817185452553123
MAPK12,0.11052435182446609
MAPK13,380.7809024626758
MAPK14,44.21539897736527
MAPK15,0.27917835527940615
MAPK3,242.2262949131624
MAPK4,0.027541921396854765
MAPK6,15.425430866944918
MAPK7,2.5018643270127487
MAPK8,8.440320319934518
MAPK9,7.067924649992416
MAPKAPK2,2.2479906872786013
MAPKAPK3,35.08852461737157
MAPKAPK5,63.30828880209573
MARCH1,0.05947742389618656
MARCH10,0.0013728905139668353
MARCH11,0.000561083920301587
MARCH2,7.7725603271226715
MARCH3,4.336928878615403
MARCH4,0.003430341598771178
MARCH5,7.902402341016459
MARCH6,11.90815147566482
MARCH7,17.203875761779344
MARCH8,1.099260360491891
MARCH9,4.169147263405508
MARK1,0.0068536779767838785
MARK2,33.48854625357889
MARK3,8.960386371956497
MARK4,1.6652323157974298
MARS,169.90459613525164
MARS2,7.046704188496003
MAST1,0.046133781211117185
MAST2,4.4571586566118135
MAST3,0.5383157817339923
MAST4,0.25957918397141716
MASTL,0.16672833453706365
MAT1A,0.14920079349379597
MAT2A,134.11662573061096
MAT2B,322.68600823076713
MATK,0.03155190976155685
MBOAT1,4.79905474040982
MBOAT2,4.509364976886195
MCAT,24.37783575896482
MCCC1,11.141220710322767
MCCC2,90.6972759828509
MCEE,8.482173315738594
MDH1,5667.469365524242
MDH1B,0.01767366116535297
MDH2,22682.880132148064
MDM2,0.0073177269476020716
MDP1,31.515057571292758
ME1,441.4624177422854
ME2,34.60040734485371
ME3,6.379607272757748
MECR,4.085633478691599
MED1,0.3257694401525332
MELK,0.7638921523752904
MERTK,1.117401603460165
MET,7.704591679454287
METTL1,57.21900221265859
METTL3,6.644675907453124
MGAM,0.00393530119381806
MGAT1,35.13103324611194
MGAT2,3.184543822810648
MGAT3,0.23907452041001456
MGAT4A,6.237219396486805
MGAT4B,283.6688948517352
MGAT4C,0.3354345050980549
MGAT4D,0.02696149145334556
MGAT5,8.651191160483073
MGAT5B,0.0016219185583998266
MGLL,60.02985326160867
MGMT,18.29129810872303
MGRN1,24.791340239250754
MGST1,1408.1435951638464
MGST2,149.83609269763483
MGST3,229.54615831353348
MIA3,4.473151219273159
MIB1,1.4511225788268134
MIB2,2.3049274389919656
MID1,2.4329163028183345
MIF,140.49615036235662
MINK1,0.24498971790981422
MINPP1,9.191092215205462
MIOX,0.0006139950395044
MIP,0.004452118763280717
MKNK1,2.420837378523242
MKNK2,62.04471169687351
MKRN1,63.953954832232455
MKRN2,12.2594487848908
MKRN3,0.376491099424174
MLKL,54.38078329609021
MLYCD,15.654428952726397
MMAA,0.5601231110623851
MOCS1,0.9096067121307826
MOCS2,26.11576175662556
MOGAT1,0.2051541774322825
MOGAT2,35.09371050265475
MOGAT3,27.016463699771887
MOGS,100.09951401670546
MOK,0.35216657277322033
MOS,0.09191795284698573
MOXD1,0.7736193013540016
MPC1,27.8052229308476
MPC2,12.311032245951754
MPI,15.92776783022366
MPO,0.001440468659398594
MPST,8578.838607936927
MRPL58,13.330417578133794
MSMO1,152.4559641264832
MSRA,3.780323194098655
MST1R,16.770446485825676
MT1A,0.05646038459656924
MT2A,57.918038805290706
MT3,0.058177121778755975
MT4,0.00630277489766263
MTAP,277.85183279431595
MTFMT,6.064231236931622
MTHFD1,173.30426472465257
MTHFD1L,11.313095018431634
MTHFD2,29.54534957442996
MTHFD2L,0.2048224095302834
MTHFD2P1,0.3354345050980549
MTHFR,1.0406737965225352
MTHFS,1.2108362594212132
MTMR1,1.3031918909176834
MTMR14,21.85533318300001
MTMR2,0.7916764688439651
MTMR3,0.14657095481059554
MTMR6,8.84655651167464
MTMR7,0.036943144005079746
MTMR8,0.23005205651286872
MTPAP,3.5758042921789217
MTR,0.225738522836259
MTRR,9.169543155308057
MTTP,0.029697259421321034
MUL1,16.056237775870162
MUSK,0.02328751946053523
MUT,0.3354345050980549
MVD,477.42136306603334
MVK,26.47281776541036
MYBBP1A,38.08773539494673
MYCBP2,0.04167309652140017
MYLIP,7.234014134416287
MYLK,0.35339617897540815
MYLK2,0.006795565468997782
MYLK3,0.0018960675176569672
MYLK4,0.11774235351539052
MYO3A,7.953823036517345e-05
MYO3B,0.004043752615630543
MYO5B,12.590429122239703
NAA10,176.54391746547446
NAAA,5.936546725573367
NADK,14.433023611798367
NADSYN1,164.21608659298772
NAGA,20.34390318904308
NAGK,15.123389592143111
NAGLU,14.583470583122569
NAGPA,10.089992853111793
NAGS,1.9114645716071499
NAMPT,686.0110575721967
NANP,2.6374896858567407
NANS,1511.9684526231342
NAPRT,25.164291606310147
NAPSA,0.1339686186784974
NARS,3114.8581681654164
NARS2,25.791022128254074
NAT1,12.009020790974223
NAT2,6.077674828407474
NCOA1,2.7467721273372723
NCOA2,0.12291695325680264
NCOA3,2.538809939654637
NCOA6,23.633714197177863
NCOR1,0.06383759450560052
NCOR2,0.8545755192126508
ND1,0.7496282848946749
ND2,6.647572110665278
ND3,3.518721426725826
ND4,15.91921099634504
ND4L,0.3354345050980549
ND5,3.9860139175064595
ND6,2.1511623729121254
NDST1,1.897010928019238
NDST2,1.9863976467071185
NDST3,0.005749317437060957
NDST4,0.024005586560330774
NDUFA1,1410.8830555071036
NDUFA10,80.34334680080097
NDUFA11,169.98067277511774
NDUFA12,44.37442480414759
NDUFA13,2051.764877476365
NDUFA2,42.26497162708127
NDUFA3,77.74391510218906
NDUFA4,21.44769912792546
NDUFA5,71.76006789405542
NDUFA6,88.49213122263733
NDUFA7,8.36618443979923
NDUFA8,103.26452200068958
NDUFA9,121.41828682309304
NDUFAB1,862.0172398610478
NDUFB1,98.4013321333839
NDUFB10,346.07097126316506
NDUFB2,1091.5816016879544
NDUFB3,219.03501714943715
NDUFB4,144.6656730021168
NDUFB5,501.2161253510564
NDUFB6,30.956441938476942
NDUFB7,399.9825710743517
NDUFB8,164.18842607313235
NDUFB9,58.487464263076404
NDUFC1,44.660239456391146
NDUFC2,34.81968687603589
NDUFS1,95.98042716027251
NDUFS2,82.10951432599113
NDUFS3,1135.112489810073
NDUFS4,186.06629823068917
NDUFS5,520.3474305412932
NDUFS6,80.80792279111235
NDUFS7,66.47730182774848
NDUFS8,250.91472295645886
NDUFV1,130.3667960506005
NDUFV2,64.47836443850075
NDUFV3,20.530843921517643
NEDD4,3.8851667513671906
NEDD4L,3.2055053621410137
NEK1,0.299665879800105
NEK11,0.7408993872633065
NEK2,13.07933244838278
NEK3,29.1163641882866
NEK4,4.696540022188215
NEK5,0.04715646752598672
NEK6,0.8898651760232561
NEK7,32.48964420586168
NEK8,0.9247724204935578
NEK9,0.5396216242655234
NEU1,11.818450249455521
NEU2,0.0008591402866811245
NEU3,0.8350294365925058
NEU4,0.13949524596521093
NEURL1,0.14715923590013888
NEURL1B,4.478106517049488
NGLY1,14.673241556369742
NHLRC1,0.8673724879087443
NIT2,1611.372859585556
NKTR,3.3909206879575176
NLK,3.9871943109372925
NLN,60.77217770864383
NME1,11693.39578850512
NME2,537.1641189664053
NME3,89.74666927541782
NME4,329.09540283063944
NME6,1.3922410089376156
NME7,0.6264688947617995
NMNAT1,2.163592706077408
NMNAT2,0.15262714101942548
NMNAT3,1.2825668626077205
NMRK1,2.9351673795914386
NMT1,62.24927166603894
NMT2,2.0526672166595845
NNMT,15.649424329717927
NNT,10.828498617133851
NOL9,0.7122059153551318
NOS1,7.070592915905613e-05
NOS2,10.191838395375642
NOS2P1,0.3354345050980549
NOS2P2,0.3354345050980549
NOS3,0.14270024953910765
NOX1,658.7376411909728
NOX3,0.00036608338141896706
NOX4,0.03348918891925552
NOX5,0.0020826997782234327
NPAS2,11.694849147872862
NPC1,4.844973078486532
NPC1L1,0.005684232324847068
NPR1,0.06803459742730569
NPR2,0.42919336935522384
NQO1,2487.9924312283074
NQO2,134.01927454129785
NR1D1,7.7729221778918305
NRF1,1.2352605620587178
NSD1,1.766993863674319
NSD2,0.8117852405670956
NSD3,0.8238692165195934
NSDHL,2186.8930644642196
NSF,75.41274911313795
NT5C,222.94710361872168
NT5C1A,0.058725969276404735
NT5C1B,0.00021612898386472382
NT5C1B-RDH14,0.037698419756150243
NT5C2,90.30642317624311
NT5C3A,4.209671716104311
NT5DC3,1.391955755856885
NT5E,17.0149827355216
NT5M,0.05972495070292223
NTAN1,1.884689557544
NTRK1,0.0006193644582952629
NTRK2,0.34844816240091026
NTRK3,0.0023134732817904195
NUAK2,9.794331595717448
NUDT10,0.00037768691964362727
NUDT11,0.038567003161779106
NUDT12,12.545158802930276
NUDT2,8.520175635245698
NUDT3,1.2560297832094776
NUDT4,0.5407798302299802
NUDT5,609.9723834580382
NUDT9,9.432101390131523
OARD1,11.970020898409903
OAT,525.1061106452248
OBSL1,0.17276049502639823
OCRL,10.196356490644266
ODC1,21.550431595524827
OGA,13.207835039605774
OGDH,291.6035739503589
OGT,31.028071215912636
OLAH,0.8033434226009533
OPLAH,13.875288130560962
OTC,1.1366047589022976
OTUD5,30.141262931971788
OXCT1,139.75497932123852
OXCT2,0.030092364127869965
OXSM,12.029368686164394
OXSR1,11.08005568299389
P4HA1,46.05850963491456
P4HA2,93.56078964982103
P4HA3,0.09214669009414901
P4HB,2994.9510172344867
PADI1,0.10163123417986095
PADI2,23.90574635697896
PADI3,0.005596459120382022
PADI4,0.0003148775769738817
PADI6,0.3354345050980549
PAFAH1B2,814.0199898723605
PAFAH1B3,933.2442651004757
PAFAH2,7.537772676178912
PAH,0.004275341701121464
PAICS,599.309835485975
PAK1,79.07426220338888
PAK2,98.35373337998664
PAK3,0.0076482777506815085
PAK4,0.997528511390397
PAK5,0.1843105272396382
PAK6,1.0542120217155546
PAM,0.3051591900518751
PAN2,3.9098710657195883
PANK1,2.4344646736280966
PANK2,2.904786220298224
PANK3,4.993026729338846
PANK4,3.842721389544702
PAOX,1.549807831340113
PAPOLA,4.22549925084725
PAPOLB,0.22083996012201612
PAPOLG,0.9793454574769718
PAPSS1,47.98248708960725
PAPSS2,25.954076583455453
PARP1,82.53334616459433
PARP10,2.5965238347140467
PARP11,0.5932726274534518
PARP12,3.52251673079568
PARP14,8.096891094157879
PARP15,0.0324235812160475
PARP16,4.725361850030523
PARP2,8.467968978454918
PARP3,28.671379666888118
PARP4,11.420258861444914
PARP6,4.695822093940792
PARP8,0.20946276891425503
PARP9,7.744905893129044
PARS2,1.9720766382047936
PASK,1.6571688966044846
PBK,9.108583458279382
PC,35.965487656829616
PCBD1,309.5864391968942
PCBD2,9.458755736582471
PCCA,41.127431502558316
PCCB,9.677406705615493
PCK1,15.790489927908972
PCK2,70.24843601675363
PCMT1,732.5482494451791
PCYOX1,33.316330414553
PCYT1A,13.761743208822228
PCYT1B,0.0008318690400958864
PCYT2,29.742821517135237
PDE10A,0.00896829009078487
PDE11A,0.018361760802815763
PDE1A,0.12727576787071834
PDE1B,0.009352036602016707
PDE1C,0.007642295770702274
PDE2A,0.040775202427888235
PDE3A,3.8867054262056886
PDE3B,1.3415922313517046
PDE4A,0.4270728688114733
PDE4B,0.2063335208516834
PDE4C,0.0019865304426017333
PDE4D,0.14076091136097482
PDE5A,0.35948562261864686
PDE6A,0.12013904972621424
PDE6B,0.020566786227274276
PDE6C,0.0010613921615003294
PDE6H,1.0083333333333333
PDE7A,1.3461473892334408
PDE7B,0.003386506645392658
PDE8A,15.010205768470922
PDE8B,0.06702523009586042
PDE9A,1.762602988409243
PDF,2.2332727685291123
PDGFRA,3.920642237917677
PDGFRB,8.616303002595899
PDHA1,518.8074462600679
PDHA2,0.0006467518340776688
PDHB,131.92115778482236
PDHX,22.479567135862286
PDIA2,0.44034262541207986
PDIA3,4629.474771389874
PDIA4,4452.106140606938
PDIA5,88.72685786690208
PDIA6,1465.8419491665607
PDK1,0.7813201262243845
PDK2,13.005759954420851
PDK3,4.756957937704743
PDK4,2.077791160423724
PDP1,4.546631957383444
PDP2,3.7914470188418963
PDPK1,1.4307366319830521
PDPR,2.5832431221181094
PDXK,18.36156326101654
PDXP,61.66791370281461
PDZD4,0.005081893775129117
PEAK1,1.0771819965197118
PECR,337.3456285728717
PEMT,12.490811780352644
PEPD,58.81334883949448
PEX11A,7.041990962043953
PFAS,70.53880027757404
PFKFB1,0.0035677424791127005
PFKFB2,15.428657440534868
PFKFB3,9.681372550565321
PFKFB4,1.1860184459523406
PFKL,182.7960542573152
PFKM,17.953115904385495
PFKP,1210.651950409404
PGAM1,86.2175660594186
PGAM2,0.20248958499966252
PGAM5,150.10472392462214
PGAP1,1.0191790562996708
PGD,3602.894075860678
PGGHG,0.02991860446325157
PGK1,1913.4040009275386
PGK2,2.7658520918732843
PGLS,602.3997049243627
PGLYRP1,0.0011235918875177027
PGLYRP2,0.00041357125088668025
PGLYRP3,0.08774218244576816
PGLYRP4,0.3016819087140155
PGM1,407.9965480887436
PGM2,308.49766050484
PGM2L1,1.043797463609769
PGM3,72.47230200237146
PGP,128.68194035382567
PGS1,7.174573922151936
PHEX,0.019489301450612655
PHGDH,584.9342343455457
PHKA1,0.18599427560062143
PHKA2,3.014984428381552
PHKB,27.229528816818707
PHKG1,0.03614519242832718
PHKG2,7.988527215203621
PHLPP1,1.8864583758169864
PHLPP2,1.6454049433760312
PHOSPHO1,0.008415104341129931
PHPT1,50.06483275055351
PHYH,92.7273322049392
PHYKPL,0.6462009571960334
PI4K2A,0.8270195228449171
PI4KA,1.175416634318641
PI4KB,0.8169581036837795
PIGA,2.7823424696948598
PIGB,5.278634879982972
PIGC,46.43868586740763
PIGF,6.973866020841103
PIGG,13.538434122596229
PIGH,3.350719346878177
PIGK,4.263073162323154
PIGL,3.143691812311225
PIGM,3.7052467246174383
PIGN,3.4653872239299117
PIGO,10.481830033186961
PIGP,12.8483846889986
PIGQ,18.296427853971814
PIGS,14.28260584131942
PIGT,62.048738208639676
PIGU,7.577414260865281
PIGV,2.9355858019759804
PIGW,6.500196006829742
PIGX,2.2085374400078757
PIGY,70.94171399906634
PIGZ,3.2901814713763313
PIK3C2A,1.1363845093428273
PIK3C2B,7.188723480553574
PIK3C2G,0.00010318579418034984
PIK3C3,0.11806763212348075
PIK3CA,1.2988572993676948
PIK3CB,0.37752354745214295
PIK3CD,0.06474354406660258
PIK3CG,0.017717681220935446
PIK3R1,1.4465569620826764
PIK3R2,8.653487593297314
PIK3R3,0.9505519246783911
PIK3R4,16.25405531562123
PIK3R5,0.045143422128639484
PIKFYVE,0.9523843872627842
PIM1,5.521914751827117
PIM2,21.937271616889664
PIM3,64.48805605004381
PIN1,507.8659286992826
PIN4,2.041903132104622
PINK1,10.143985330561769
PIP4K2A,2.7152110521660107
PIP4K2B,2.641252996938483
PIP4K2C,15.894017440970796
PIP5K1A,0.44256068318696745
PIP5K1B,0.5090805980382557
PIP5K1C,2.1313822128984445
PIP5KL1,0.0050569038308586715
PIPOX,16.590779031618805
PISD,2.3004929402217584
PJA1,3.7125684636578367
PJA2,14.678611705465867
PKLR,1.0356631942921615
PKM,541.3891072832749
PKMYT1,24.50894660979975
PKN1,14.399166544537971
PKN2,3.4542062492476813
PKN3,1.0916779875666847
PLA2G10,1.4512751627346465
PLA2G12A,0.41871870975677955
PLA2G12B,18.018376463252547
PLA2G15,10.420257582828832
PLA2G16,23.26838712517677
PLA2G1B,0.0066828915103165284
PLA2G2A,3.835903777373588
PLA2G2C,0.3354345050980549
PLA2G2D,0.009710645721315789
PLA2G2E,0.10480083352838437
PLA2G2F,0.002555854732213008
PLA2G3,0.5720249119319515
PLA2G4A,0.6590679094017394
PLA2G4B,0.0025339405997134175
PLA2G4C,1.2560364588996622
PLA2G4D,0.013034333193590528
PLA2G4E,0.017818359816926237
PLA2G4F,3.9913096406610653
PLA2G5,0.03822594018329152
PLA2G6,2.615954790699218
PLA2G7,0.7813172024782764
PLB1,0.17554059624320553
PLCB1,0.6828142700869221
PLCB2,0.44658514779963265
PLCB3,6.805431758372428
PLCB4,13.150726075013983
PLCD1,2.5885496147200056
PLCD3,15.41148367162979
PLCD4,0.15129166878716088
PLCE1,1.5712408471014556
PLCG1,2.7774513299018553
PLCG2,0.10534024485092545
PLCH1,0.6456793703577133
PLCH2,0.009654715462359655
PLCL1,0.02406586746736873
PLCL2,0.40142703882245506
PLCXD2,0.04292190060151443
PLCZ1,0.07175189323406331
PLD1,2.8442198900150744
PLD2,3.6374084338124018
PLD3,7.871156866647146
PLD4,0.009984516568294676
PLD6,0.6117464278002586
PLG,0.0003496442509990294
PLIN1,0.019810896800350638
PLIN2,58.962880047406486
PLIN3,45.68432201803815
PLIN4,0.0020342861386678257
PLK1,18.981555947372165
PLK2,1.292482640156494
PLK3,1.6417977790231075
PLK4,2.177240131395746
PLOD1,14.50945502429961
PLOD2,41.3989281278331
PLOD3,77.53520447572092
PLPBP,1.3790311261442316
PLPP1,5.389883230682263
PLPP2,2.123055391477898
PLPP3,4.2032094621878
PLPP4,0.019762828557283812
PLPP5,0.0656688155578048
PLPP6,0.050042688733332445
PLPP7,1.1305815492037874
PLPPR2,0.3307009692228308
PLPPR3,0.9307949846236876
PLPPR4,0.11900942508124815
PLPPR5,0.012456429933028047
PLTP,2479.256314994354
PLXNB3,0.014910107220590683
PMM1,12.794243876547489
PMM2,587.5124409395298
PMPCA,43.13577854091068
PMVK,320.7403763959991
PNCK,6.264778652496561
PNKP,40.83732381072743
PNLIP,0.01735944451270558
PNLIPRP1,0.17781849358830923
PNLIPRP2,2.5627551931783223
PNLIPRP3,0.018139233522564087
PNMT,0.004232026091107579
PNP,2645.091933173655
PNPLA2,70.21290836843637
PNPLA3,0.09827462684456666
PNPLA4,6.386132574751373
PNPLA6,0.46853304949546226
PNPLA7,0.06721034203644671
PNPLA8,8.119973931437166
PNPO,18.171611630669837
PNPT1,8.116397463637357
POLA1,5.684176908727418
POLA2,10.68149069371045
POLB,21.136836818917583
POLD1,2.192717472852876
POLD2,12.68193923479942
POLD3,1.0520673998780052
POLD4,545.9433716850829
POLE,0.09873275568887618
POLE2,6.566493527376119
POLE3,54.54790472110702
POLE4,28.952996148983097
POLG,10.551727706331238
POLG2,2.916758526283068
POLH,0.47759053467498147
POLI,0.5802654938064857
POLK,1.687088211672098
POLL,6.816903633038952
POLM,6.487558584487646
POLN,0.006434030610451071
POLQ,0.5113075455086374
POLR1A,1.2677556718842036
POLR1B,0.8376830994199538
POLR1C,37.71481172503441
POLR1D,771.8346520731881
POLR1E,15.432841117879216
POLR2A,1.4928186210691796
POLR2B,16.70895839239462
POLR2C,251.5346023954831
POLR2D,32.01793469911857
POLR2E,128.27668249246133
POLR2F,52.000983146447204
POLR2G,60.82911341066539
POLR2H,579.4297278070152
POLR2I,39.98879883176121
POLR2J,40.19607238186215
POLR2K,212.99304957237896
POLR2L,358.9826037085669
POLR3A,0.22298691181819327
POLR3B,1.209590299817046
POLR3C,1.3210105864889012
POLR3D,9.046446687624375
POLR3E,32.09293541490534
POLR3F,8.24042347564654
POLR3G,0.8499135078762483
POLR3GL,14.671552352766149
POLR3K,272.1051007811367
POLRMT,9.047596485204675
POMGNT1,9.495312656950954
POMT1,3.4350675050470607
POMT2,0.4901429527870857
PON3,3.8415876381206253
POR,480.98444532186187
PPA1,2924.670868368437
PPA2,463.53293076285325
PPARA,1.9331252040400417
PPAT,14.87307221378794
PPCDC,3.9727458133703974
PPCS,111.43400406769639
PPEF1,0.06014434892897009
PPEF2,0.0029998798848477047
PPIA,617.738020964894
PPIAL4A,0.3354345050980549
PPIAL4C,0.3354345050980549
PPIAL4E,0.03750048225103103
PPIAL4G,15.590768049027899
PPIB,4849.299808515256
PPIC,77.07530144682599
PPID,743.1446135864765
PPIE,7.501988163382745
PPIF,360.77830400172917
PPIG,16.446509854988623
PPIH,2347.9732216855464
PPIL1,183.51292935673425
PPIL2,1.093838192454798
PPIL3,98.41549855032345
PPIL4,3.520474419888558
PPIL6,0.005476577765898809
PPIP5K1,1.9577279157567915
PPIP5K2,5.98965466534422
PPM1A,0.9679823242926143
PPM1B,10.862722463056288
PPM1D,1.742656796862722
PPM1E,0.25542285285780836
PPM1F,8.065249040689968
PPM1G,37.37196179132335
PPM1K,0.14244378191245372
PPM1M,1.997525351094486
PPOX,6.141913637688376
PPP1CA,822.5500602445928
PPP1CB,249.87133854677242
PPP1CC,262.6108136621834
PPP1R1A,0.012598602672631564
PPP1R1B,1692.6812772184962
PPP1R2,77.33675244950778
PPP1R3A,0.06646892507772041
PPP1R3B,2.9237855596509057
PPP1R3C,0.15624142801134797
PPP2CA,235.54645371142036
PPP2CB,31.83567702074092
PPP2R1A,1102.9010985318612
PPP2R1B,35.788104101323974
PPP2R2A,118.47938897459905
PPP2R2B,0.00046880767608481575
PPP2R2C,0.5357555653954642
PPP2R3A,0.17775339447982022
PPP2R3B,0.20671987281983847
PPP3CA,250.1163310330358
PPP3CB,6.287781753360099
PPP3CC,1.1784051295500566
PPP3R1,213.09989963257794
PPP3R2,2.4370537589271226
PPP4C,275.74765835307517
PPP5C,53.258144740850774
PPP6C,112.91438319940669
PPT1,5.743556688877072
PPT2,0.06661644241894168
PPWD1,15.165757497014166
PRAG1,0.3354345050980549
PRDX1,21334.970754024478
PRDX2,7855.693991577029
PRDX3,723.9746825157705
PRDX6,990.815035149764
PREP,347.73502592868084
PRKAA1,31.393494295307136
PRKAA2,0.00041701567643303395
PRKAB2,1.7810260067265318
PRKACA,427.40042096301016
PRKACB,135.5782089183745
PRKACG,0.0111863761803235
PRKAG2,9.667684638089877
PRKAR1A,14.671252112804874
PRKAR1B,14.85356945753941
PRKAR2A,25.455018740179128
PRKAR2B,7.522553849882846
PRKCA,0.6921800958985128
PRKCB,0.011887153241213236
PRKCD,6.52381433444727
PRKCE,0.7090592056898395
PRKCG,0.191688417754961
PRKCH,1.1535241849397422
PRKCI,4.143182194456445
PRKCQ,0.6199441490364038
PRKCSH,572.3106075848609
PRKCZ,9.281674676621272
PRKD1,0.03920431067563493
PRKD2,15.32797916868142
PRKD3,5.148827761926245
PRKDC,1.6277117954130602
PRKG1,0.42946941331650956
PRKG2,0.0004950864430028634
PRKN,0.21524163632635238
PRKX,1.4890700775561247
PRKY,0.016863834222957008
PRODH,0.19873463218601323
PRODH2,0.047452249121563574
PRPF19,900.500197815198
PRPF4,152.38670034158054
PRPF4B,23.72747840155335
PRPS1,567.538973337078
PRPS1L1,4.863970608113792
PRPS2,122.03078605966216
PRRT2,0.15702451607564624
PSAP,32.37005794043589
PSAT1,199.65430637988453
PSKH1,13.310149567689834
PSKH2,0.0008428568184550726
PSPH,1925.995027648943
PSPHP1,0.3354345050980549
PTDSS1,118.9926169704157
PTDSS2,9.56404182864012
PTEN,3.585294812159821
PTGDS,0.9798253715049859
PTGES,36.29150364209322
PTGES2,121.28527367381913
PTGES3,9415.009054989425
PTGIS,0.773464635234416
PTGR1,123.144502496247
PTGS1,2.203787313943891
PTGS2,0.24294583181710214
PTK2,5.127358157439033
PTK2B,5.057242938438975
PTK6,130.33663925301403
PTK7,2.4179151160013532
PTP4A2,2.0598699246023893
PTP4A3,45.83429867333439
PTPDC1,0.3572631689860898
PTPMT1,30.26575542686006
PTPN1,52.068499117798616
PTPN11,15.635614989855497
PTPN12,5.6732308648356975
PTPN13,0.05395686313414336
PTPN14,0.13828825291956945
PTPN18,30.09633960056151
PTPN2,5.606404967404601
PTPN21,0.5209400332532463
PTPN22,0.09536721469645404
PTPN23,6.1884020985809665
PTPN3,1.6922627116836781
PTPN4,1.150887950910402
PTPN5,0.0009799397050888259
PTPN6,27.62963039831389
PTPN7,0.12630014184348945
PTPN9,0.685640175726328
PTPRA,0.23295154820429034
PTPRB,1.5509239683800058
PTPRC,0.3746764087853642
PTPRD,0.5681396924113012
PTPRE,3.1915275062446544
PTPRF,46.240431309878225
PTPRG,2.3962959757059803
PTPRH,19.30772156525647
PTPRJ,2.0946231167950975
PTPRK,36.825780556496554
PTPRM,0.4999678483370807
PTPRN,0.004147575997889795
PTPRN2,3.859307238151749
PTPRO,9.894513585839281
PTPRQ,0.3354345050980549
PTPRR,0.7302972763083049
PTPRS,0.113370348952797
PTPRT,0.00012583749160319097
PTPRU,0.16031449283293916
PTPRZ1,4.800619703998344e-05
PTRH1,7.425976408250573
PTRH2,2497.9671417075947
PTS,65.15777913595069
PUS1,17.228202859535596
PXDN,0.5512153948698381
PXDNL,0.0030630254487829397
PXYLP1,0.3900283303635837
PYCR1,254.8579278472172
PYCR2,767.701425345268
PYCR3,18.52640291410028
PYGB,3419.7325897700343
PYGL,3.2827763242319072
PYGM,0.09840847098640382
PYURF,0.6402221518630032
QARS,914.0266429495659
QDPR,1180.6194110706595
QPCT,66.68462191701443
QPRT,539.6783895593005
QTRT1,40.6671087714598
QTRT2,3.0803803903498332
RAD1,1.4364032390256003
RAD18,4.876091369205898
RAD9A,8.53937078097587
RAF1,0.2604352210802906
RAG1,0.057546707863562856
RALBP1,11.13716919565626
RARS,530.8363924289845
RARS2,18.353872052127727
RBBP6,0.23147694636367483
RBKS,2.6732461709027047
RBP1,174.36716440216253
RBP2,8.088161095743692
RBP4,67.24171155230692
RCHY1,4.1366100857887815
RCL1,11.080948021918925
RDH10,6.86852533968252
RDH11,379.84045803714406
RDH12,0.008769640756677596
RDH13,16.278257882547297
RDH14,0.6449175377722567
RDH16,0.022624552246248205
RDH5,0.17529221350330895
RDH8,0.3354345050980549
REG3A,0.23563986880057392
RENBP,1.9845375751106877
RET,0.8399247451087101
REV3L,0.4559792342861098
RFC5,63.719840600972944
RFK,29.930578310512534
RFWD3,30.788463080978076
RGL1,0.8158618331334296
RHAG,0.3012257575781964
RHBG,0.0003711355671825123
RHCG,0.2782108279016379
RING1,1.3601406444290762
RIOK1,0.8307778416251738
RIOK2,0.2185136245073189
RIOK3,15.979655923003323
RIPK1,6.239780767343657
RIPK2,3.8240984194067815
RIPK3,18.981083571126135
RIPK4,1.0432705456735607
RIPOR1,1.8350848174091228
RNF103,9.629961444268096
RNF115,14.662735788031647
RNF123,10.902982423158479
RNF125,0.44642586002545215
RNF126,57.47682693012945
RNF128,54.79579757634893
RNF13,25.783484893344266
RNF130,47.20999435594218
RNF133,0.0030602220557520367
RNF138,5.941133663808932
RNF139,9.079359868979594
RNF14,11.09306216924093
RNF144A,0.17234155402219886
RNF144B,0.25122428588051354
RNF146,4.153415432534123
RNF149,20.18905972084999
RNF152,0.041023809470121214
RNF167,131.27618275619778
RNF180,0.012205202587293466
RNF182,0.10012489373749157
RNF185,6.71660463900324
RNF187,85.02903556151816
RNF19A,8.263039811775894
RNF19B,11.18186129104948
RNF2,7.361501893184337
RNF20,1.4845592197988644
RNF216,6.246456433463858
RNF217,0.7606121628927757
RNF25,11.551214599455585
RNF31,8.11988807802813
RNF40,2.5901618220593488
RNF41,7.2737124660408785
RNF5,0.0005283904052187019
RNF8,2.9953252096731804
RNGTT,3.4966350907062855
RNMT,25.070799378514675
ROCK1,2.20272655859206
ROCK2,7.086900819272385
ROR1,0.03747960782032716
ROR2,0.007549680004590769
RORA,0.03656850169120288
ROS1,0.016359044595050595
RPAP2,1.9132573410007667
RPE,74.48935656117644
RPE65,0.011728131313476612
RPIA,83.60526732053131
RPL14,2088.8332813176316
RPN1,2443.619211959526
RPN2,2401.984610984359
RPP14,52.16373160812791
RPS6KA1,56.87576896530251
RPS6KA2,1.459750739741958
RPS6KA3,3.7916468863575017
RPS6KA4,1.9683957752875825
RPS6KA5,1.0184849379654717
RPS6KA6,0.26991216163739407
RPS6KB1,0.9839326833293376
RPS6KB2,104.92667961628969
RPS6KC1,0.17815861140274286
RPUSD4,1.8269835476542275
RRM1,64.2351213377539
RRM2,44.90565895104011
RRM2B,4.427386670070228
RTCA,1.6973780629584712
RWDD2A,4.276387895821642
RXRA,5.035129172574211
RYK,22.06004282860431
SACM1L,20.477820396364095
SAE1,552.9385938806722
SAP130,0.6645043979257697
SARDH,0.11695375853972534
SARS,108.24415439243528
SARS2,22.313357203483257
SAT1,1326.181374494655
SAT2,48.59078861680194
SBK1,0.04217246996577379
SC5D,1.7142905425756392
SCARB1,68.4455717409836
SCARF2,0.47218505392208343
SCD,572.8974890753267
SCD5,4.20999042332875
SCLY,0.05157882531823823
SCP2,229.71907788400907
SDC1,17.835551928162715
SDHA,240.22144168889346
SDHB,539.6989189470977
SDHC,22.34580851917649
SDHD,7.573146617201295
SDR16C5,0.19748737090184368
SDR42E1,0.9221365445156051
SDR42E2,0.3354345050980549
SDR9C7,0.6181733836443202
SDS,0.2611338621185408
SDSL,9.769917610101947
SEC11A,360.50996330455314
SEC11C,20.01787665069819
SELENOI,0.1784505883933933
SEPHS1,591.8880735538587
SEPHS2,324.74808580656037
SERPINA1,100.5633431250138
SERPINA3,0.19983625014485662
SETD1A,0.2532308471590307
SETD1B,2.4663493421869784
SETD2,0.027042043032871572
SETD5,8.329520621077412
SETD7,2.774176502075004
SETDB1,0.2991036951870808
SETDB2,1.4883269592935047
SETMAR,4.414388241045841
SFXN3,1398.6310022284874
SGK1,6.497323940341186
SGK2,16.703049704153486
SGK3,0.0005568002361554532
SGMS1,3.7338121873984975
SGMS2,0.7814749372696694
SGPL1,36.718211502298004
SGPP1,1.7492134467186382
SGPP2,12.541767221065633
SGSH,9.853681740936556
SH3RF1,5.183656893600975
SH3RF2,15.77967187062119
SH3RF3,0.15488714647919227
SHMT1,291.2556265422174
SHMT2,1121.159364754625
SHPK,4.792985994011084
SHPRH,0.3217510706389886
SI,0.08154523495624508
SIAE,89.2970679870519
SIAH1,7.3159891032747355
SIAH2,7.864773901101401
SIK2,3.0067394174668167
SIK3,1.9071912139295315
SIN3A,4.2812625769789046
SIN3B,0.03631283587719825
SIRT1,3.8960826125403827
SIRT2,31.957137320965835
SIRT3,7.41956405278928
SIRT5,2.977841806745733
SIRT6,22.18896823989718
SIRT7,17.817915865884082
SLC10A1,0.000509857243891128
SLC10A2,0.058748703153154044
SLC10A6,0.01217253040285822
SLC11A1,0.13367857888016274
SLC11A2,35.20593223669671
SLC12A1,0.12604246262781418
SLC12A2,16.199191508847345
SLC12A3,0.0006435148268115502
SLC12A4,0.09776386111583572
SLC12A5,0.01419503690156505
SLC12A6,0.03291590691985068
SLC12A7,2.91224216899728
SLC13A1,0.0007397533536445167
SLC13A2,6.221210026347562
SLC13A3,0.5724549987598898
SLC13A4,0.02621901084848132
SLC13A5,0.006167952073439594
SLC14A1,0.008837166158470093
SLC14A2,0.0008924575490291203
SLC15A1,2.0353467316672056
SLC15A2,0.0946607147084833
SLC15A3,3.228361373659059
SLC15A4,7.387516632811902
SLC16A1,43.694887765751226
SLC16A10,0.2692990045393847
SLC16A2,2.675234241791049
SLC16A3,55.87469427059345
SLC16A7,0.0008195549341415169
SLC16A8,0.0031267779251112223
SLC17A1,0.0011785918512505192
SLC17A2,0.014797084619435076
SLC17A3,0.0480606884147512
SLC17A4,0.3607320245172925
SLC17A5,6.937793974768126
SLC17A6,0.03561924497624714
SLC17A7,0.0010577301262419893
SLC17A8,0.023326127399307364
SLC18A1,0.0022597070097595444
SLC18A2,3.566612634742909
SLC18A3,0.0002857269169144903
SLC19A1,13.781545894418777
SLC19A2,6.479969549807072
SLC19A3,3.8186351501451905
SLC1A1,2.826153716187694
SLC1A2,0.00027443644285381566
SLC1A3,0.020544031189300982
SLC1A4,5.009210551679224
SLC1A5,245.24511847310242
SLC1A6,0.07694788869193199
SLC1A7,5.3034120017439665
SLC20A1,12.326493553580285
SLC20A2,13.3473035298494
SLC22A1,0.013693922057184959
SLC22A10,0.10034501076203277
SLC22A11,0.10477376811007529
SLC22A12,0.0001890955127086228
SLC22A13,0.002012398287846488
SLC22A16,0.0010569481676593162
SLC22A18,105.85177631165223
SLC22A2,0.0007481242966228021
SLC22A3,2.520803211884591
SLC22A4,0.47622774633076154
SLC22A5,6.416467690933313
SLC22A6,0.3332262579895881
SLC22A7,0.0002632410299580896
SLC22A8,0.6796964855365107
SLC22A9,0.11807453767167743
SLC23A1,0.5228606634650245
SLC23A2,0.2163351750141623
SLC24A1,0.8893846564647392
SLC24A2,0.0006692916607131617
SLC24A3,0.5072424756617882
SLC24A4,0.0005032769982676456
SLC25A1,1412.3613904042056
SLC25A10,98.78404328464202
SLC25A11,1196.3699259216485
SLC25A12,199.71071508145673
SLC25A13,387.70826058590757
SLC25A14,2.878004412658761
SLC25A15,15.007316974073921
SLC25A16,8.168685124093473
SLC25A17,8.851565069139767
SLC25A18,0.02077442466472769
SLC25A19,6.358613211400426
SLC25A2,0.040082846413219804
SLC25A20,19.486539322488685
SLC25A21,0.0006988622751020998
SLC25A22,12.43603728801872
SLC25A26,10.920049107657324
SLC25A27,0.253856240619094
SLC25A28,19.30045231841063
SLC25A29,3.206445507681096
SLC25A3,2785.6065991841942
SLC25A37,3.5735932744584202
SLC25A4,92.79771893743315
SLC25A5,11578.068522743291
SLC25A6,61.73791393774972
SLC26A1,0.39934266974942856
SLC26A11,1.4182220975611948
SLC26A2,27.460191857691242
SLC26A3,145.50928546461896
SLC26A4,0.018569617875466272
SLC26A6,42.81423510795278
SLC26A7,0.00061149527374747
SLC26A8,0.02340313249969694
SLC26A9,0.0005247416503464042
SLC27A1,0.42591896844983906
SLC27A2,22.510659029152944
SLC27A3,7.171469629607066
SLC27A4,2.7865712886248097
SLC27A5,1.3972572136886945
SLC27A6,0.00022579856567183206
SLC28A1,0.020625859995216683
SLC28A2,0.008172755498379291
SLC28A3,0.97207381094773
SLC29A1,55.206264228507756
SLC29A2,24.831524122183087
SLC29A3,8.509872266370719
SLC29A4,0.4901676810051086
SLC2A1,37.10196127450287
SLC2A10,0.7711440780621595
SLC2A11,0.8064546675108378
SLC2A12,0.5659969148679412
SLC2A13,0.8000163020392299
SLC2A14,0.0009119180490828032
SLC2A2,0.7271472329221568
SLC2A3,0.5203962375961967
SLC2A4,0.3032783778050866
SLC2A5,0.0379511495181418
SLC2A6,0.8563277690163769
SLC2A7,0.0015355374647994164
SLC2A8,36.86209340150683
SLC2A9,2.3704644217652944
SLC30A1,5.671153176253603
SLC30A6,7.227519166455274
SLC30A7,12.009427926703303
SLC31A1,15.1247028522341
SLC32A1,0.005521313482222322
SLC33A1,1329.2630798459336
SLC34A1,0.0012927333661792509
SLC34A2,0.007310099161276042
SLC34A3,0.005343668615451326
SLC35A1,18.327287655048575
SLC35A2,48.89619233880232
SLC35A3,22.0814303236671
SLC35B2,1.5086096507231148
SLC35B4,0.35155406804150857
SLC35C1,50.6257970130347
SLC35D1,5.563943522569605
SLC35D2,42.55306609400083
SLC36A1,2.0378195140707636
SLC36A2,0.07419499914014951
SLC36A4,0.2866782843004666
SLC37A1,20.363540893745874
SLC37A4,62.108378854492756
SLC38A1,24.15403636202129
SLC38A2,36.07197623678257
SLC38A3,0.056089188372528805
SLC38A4,0.5854438984457517
SLC38A5,130.22418339462266
SLC39A7,8.962569473314678
SLC3A1,9.078497796053309
SLC3A2,113.7370929429274
SLC40A1,366.6084096224186
SLC41A1,1.9721205896294196
SLC41A2,3.675728134894349
SLC43A1,24.14538576337629
SLC43A2,10.024628524147314
SLC46A1,0.1293962016769916
SLC47A1,0.04567515084926686
SLC47A2,0.0022163959412202124
SLC4A1,0.0005008183034144524
SLC4A10,0.03625898630826939
SLC4A2,49.059294789866186
SLC4A3,0.027583796306240593
SLC4A4,0.003713635252895892
SLC4A5,0.40975767294686094
SLC4A7,0.40570662574086724
SLC4A8,0.009598465161840505
SLC4A9,0.005389285116705283
SLC51A,0.15730939956507933
SLC51B,0.1317954273752661
SLC52A1,0.11277172956640528
SLC52A2,0.09357936368667576
SLC52A3,0.28454763876001143
SLC5A1,47.64976164131977
SLC5A10,2.390664695327233
SLC5A11,0.15226705522209616
SLC5A12,0.0012336270577998044
SLC5A2,0.3187247505731793
SLC5A3,0.6012519515278887
SLC5A5,0.0004455225902155622
SLC5A6,56.554540445869385
SLC5A7,0.07302190367296232
SLC5A8,0.0005044013042618012
SLC5A9,1.5598242110133242
SLC6A1,0.010045442556286949
SLC6A10P,0.3011690169605815
SLC6A11,0.0003804742633012415
SLC6A12,0.01376621902533113
SLC6A13,0.06160939658238241
SLC6A14,1.238366039424334
SLC6A18,0.04137007577409988
SLC6A19,0.07489486930712659
SLC6A2,0.05126577654728052
SLC6A20,2.7910947943945597
SLC6A3,0.001071173720559567
SLC6A4,0.4278910039790907
SLC6A5,0.10319845039380167
SLC6A6,2.027163894939018
SLC6A7,0.05406127903486186
SLC6A8,65.80450733549073
SLC6A9,1.6723412015019443
SLC7A1,11.526126161520667
SLC7A10,0.001088181565679068
SLC7A11,0.19909751325815583
SLC7A2,0.0035308024647859888
SLC7A3,0.00031446996104011104
SLC7A5,9.74505578054761
SLC7A6,16.43663676005993
SLC7A7,3.739519555460385
SLC7A8,6.551812342897685
SLC7A9,0.13125543045510205
SLC8A1,0.08698273562410133
SLC8A2,0.004586997779892837
SLC8A3,0.0014439514616885211
SLC8B1,0.13932836983899105
SLC9A1,6.851364500194022
SLC9A2,1.3416384203266927
SLC9A3,17.44393828722845
SLC9A4,0.0006520345721183248
SLC9A5,0.0377299252094224
SLC9A7,0.2956842365626718
SLC9A8,11.255810351973446
SLCO1A2,0.1835430545458555
SLCO1B1,0.017486674275914344
SLCO1B3,3.422391496364842
SLCO1C1,0.0017082340890318352
SLCO2A1,0.8073945768663309
SLCO2B1,17.298482868952533
SLCO3A1,5.730215903618881
SLCO4A1,117.23389344923413
SLK,15.28572668433525
SMARCD3,1.1964771682582833
SMG1,0.726405176804687
SMPD1,9.820478082163028
SMPD2,16.863379786815088
SMPD3,5.362878894739652
SMPD4,8.798831510436164
SMS,178.80553322219933
SMURF1,6.613519265234829
SMURF2,2.5898031233999874
SMYD3,14.442224224034943
SNRK,2.3656916125238423
SOAT1,5.062222163368879
SOAT2,0.0027428986190240353
SOD1,5869.918218292162
SOD2,119.7638658444265
SOD3,375.8805188044894
SORD,57.844581030563305
SPCS1,639.0330696855459
SPCS2,293.6630294856966
SPCS3,327.7358605627617
SPEG,0.008617211975174252
SPHK1,0.5073754707055493
SPHK2,3.010991607140129
SPR,975.1034978735613
SPRYD3,25.84205785241015
SPTLC1,37.874794343779605
SPTLC2,2.201248514967036
SPTLC3,0.02451731895092818
SQLE,1.4566433584280816
SRC,36.50068629101484
SRD5A1,11.159612438658389
SRD5A2,0.001411380796057814
SRD5A3,5.602792894533308
SREBF1,32.46932856084775
SRM,587.1082326305248
SRMS,10.326590363704009
SRPK1,23.394311897028306
SRPK2,9.080708314573823
SRPK3,1.8753999870380504
SSH1,1.2498007703033174
SSH2,0.7882012440889161
SSH3,51.44251059282236
SSR4,2260.4805613293915
SSU72,146.98892763876628
ST3GAL1,1.4163283445232744
ST3GAL2,11.952175070662085
ST3GAL3,0.2524791522870989
ST3GAL4,9.853662246195034
ST3GAL5,0.10881837493356598
ST3GAL6,0.06249437133805483
ST6GAL1,64.39807086369912
ST6GALNAC1,35.91954088490188
ST6GALNAC2,0.016863344318348173
ST6GALNAC3,0.040841036512798884
ST6GALNAC4,6.778597500246269
ST6GALNAC5,0.0798819321235599
ST6GALNAC6,2.1584078358589824
ST8SIA1,0.014394295812752067
ST8SIA4,0.059163049864027706
ST8SIA5,0.024541924233633564
STAMBP,14.181482722339608
STAMBPL1,19.11614812518952
STARD3,11.566272147886176
STK10,0.33672550688277625
STK11,33.13391453069987
STK16,1.8599099965109716
STK17A,5.1364152577700075
STK17B,4.350373042285621
STK19,0.4071009817825716
STK24,100.97834321110292
STK25,3.9629002654354846
STK26,0.629690691282171
STK3,10.526461772507377
STK31,0.05053777476454986
STK32A,0.04689363934999416
STK32B,0.011994244373550832
STK32C,10.058901636269592
STK33,0.26295176276129745
STK35,2.6515431328135017
STK36,3.2453664930724155
STK38,18.131491166191907
STK38L,36.38338225814016
STK39,64.18588794848841
STK4,4.732321355684478
STRA6,0.04854870531430886
STS,0.913709478164948
STT3A,35.264968365074886
STT3B,132.38221988648976
STUB1,54.382904164801346
STYK1,2.292068083690713
STYXL1,37.65610209840622
SUCLA2,219.14583232944017
SUCLG1,1374.2012330234725
SUCLG2,1522.9752556789615
SULT1A1,9.583409413154799
SULT1A2,2.340661818191618
SULT1A3,3.7503041530200782
SULT1B1,5.824181679624982
SULT1C2,0.051264082080894516
SULT1C4,0.06933616834500099
SULT1E1,0.08276930215993986
SULT2A1,0.11196177091748286
SULT2B1,3.597722742327207
SULT4A1,0.0002781043113344328
SUOX,9.902116368866153
SUV39H1,11.09078127407636
SUV39H2,3.3232073947838616
SYK,9.84758697535086
SYNJ1,0.01837234916182618
SYNJ2,0.06242903899046994
SYVN1,1.3997803867191074
TAF1,2.0764164770334466
TALDO1,1253.4571830811492
TAOK1,1.0706925983147975
TAOK2,10.537908876026936
TAOK3,8.981624889873936
TARS,410.054772900875
TARS2,2.6403600970952756
TARSL2,1.7321875294931126
TAT,0.0018049306348271886
TBCB,192.32593837079983
TBK1,1.0426671988517608
TBL1X,3.0703091520901618
TBL1XR1,12.419543843685474
TBXAS1,5.864494110477491
TCIRG1,35.746711167375025
TDO2,0.4122887094501307
TECR,449.33840151551345
TECRL,0.11400593534832566
TENT2,0.15316461371698084
TENT4A,0.45357387630786017
TESK1,6.965411149569916
TESK2,0.528788219345485
TFRC,469.8320528460584
TGDS,21.248556888979792
TGFBR1,3.0277912124086557
TGFBR2,18.142637843701834
TGM1,0.026297925450516912
TGM2,138.6736875006236
TGM3,0.0615133202508314
TGM4,0.0005768044111066331
TGM5,0.00023471639013111374
TGM6,0.018105422639918517
TGM7,0.0008449978453219157
TGS1,6.821936812318283
TH,0.28880564983135204
THNSL1,2.888163685161728
THTPA,3.3737074329895758
TIAM2,0.019901051656592176
TICRR,0.05167590734814967
TIPARP,3.2497706995614717
TK1,257.0820331353208
TK2,7.154461408397962
TKFC,17.655218887752373
TKT,541.265421252894
TKTL1,0.00021919957081680653
TKTL2,0.3040568295727089
TLK1,4.802655063227603
TLK2,0.12911493256014914
TM7SF2,60.81699762562097
TMEM91,0.12970720303047092
TMLHE,1.3622817177253421
TMX3,3.255881261871119
TNFRSF21,28.871950701438944
TNIK,0.939730883323239
TNK1,3.178490739638129
TNK2,3.1165760148647617
TNKS,1.7595816316905337
TNKS2,6.6222852888413755
TNNI3K,0.3354345050980549
TNS2,1.434061794943761
TOPORS,1.920155855525085
TP53RK,47.7582074879092
TPH1,0.0004358295472956324
TPH2,0.08567194949607831
TPI1,16480.175218968026
TPI1P2,26.08986512078664
TPK1,9.289200245189145
TPMT,39.75909316332597
TPO,0.00019441194419296767
TPP1,70.42518568882772
TPSAB1,0.22923650748210397
TPSB2,0.26025231283932554
TPSD1,0.006597032271075425
TPST1,0.5690192092112234
TPST2,11.790449369785662
TPTE,0.3354345050980549
TPTE2,0.0025910926354287453
TRAF7,68.93753718527891
TRDMT1,0.12709396581296442
TREH,0.24820204825133094
TREX1,2.5503694615207415
TREX2,0.06993253252627223
TRHDE,0.008960388791542382
TRIB3,34.24640124302335
TRIM11,20.182738796972764
TRIM32,0.6950361171500138
TRIM33,1.727993870455134
TRIM63,0.019604459204288428
TRIO,0.7623597824027161
TRIP12,8.251726219521348
TRIT1,6.071417833680192
TRMT1,4.324074937866295
TRMT11,7.236272379781322
TRMT1L,5.333311871779172
TRMU,13.636326876998146
TRPM6,0.047944284813922544
TRPM7,2.4775035105670975
TSSK1B,0.00027596567586615545
TSSK2,0.0231714118888251
TSSK3,0.13452772056042778
TSSK4,0.09220632520223822
TSSK6,0.32497709860052476
TST,316.06211685004916
TSTA3,914.1685036457278
TTC3,5.006823798270252
TTK,0.4526702940709255
TTL,0.5512645867941085
TTLL10,0.009425053191139619
TTN,0.004246400887662098
TUSC3,0.15141297320371022
TUT1,0.43911304668699985
TUT4,0.6950417161591614
TUT7,0.1907089895411479
TXN,2058.1408187880616
TXN2,84.95071140013223
TXNRD1,278.73772763551045
TXNRD2,17.538463874676836
TXNRD3,0.6382124504022468
TYMP,17.73516818501096
TYMS,44.10335499918942
TYR,0.0003606325341365466
TYRO3,0.9270389647608701
TYRP1,0.01800382920795141
UAP1,53.29225603972735
UAP1L1,1.352830193538128
UBA1,761.5242801715358
UBA2,254.40789396540876
UBA3,90.19025632911142
UBA6,80.3452103415256
UBA7,14.952502728504014
UBE2A,98.3858343203851
UBE2B,58.74056324880278
UBE2C,175.7774452803159
UBE2D1,19.59487929122492
UBE2D2,48.99063170238237
UBE2D3,923.6189560288466
UBE2D4,1.3061904936605295
UBE2E1,66.81183591445367
UBE2E2,0.5381965511985011
UBE2E3,10.924586710894967
UBE2F,1.2329074134608635
UBE2G1,10.736410923667831
UBE2G2,3.8772627150108443
UBE2H,138.6032579670703
UBE2I,2203.6252825780657
UBE2J1,11.29477464558324
UBE2J2,20.642163974995505
UBE2K,848.7490944828627
UBE2L3,1043.8164397269322
UBE2L6,47.891466278448476
UBE2M,134.0305224015553
UBE2N,124.71255263878757
UBE2NL,34.047794062295985
UBE2O,4.244631808757048
UBE2Q1,6.613676052666614
UBE2Q2,2.0546641971807045
UBE2QL1,0.04126381567413527
UBE2R2,8.555864483782338
UBE2S,32.5357620528827
UBE2T,27.095301635211406
UBE2U,0.023784263818109993
UBE2W,3.814572241648401
UBE2Z,79.97852969891262
UBE3A,18.560364166658204
UBE3B,6.866880685622765
UBE3C,5.892825326932141
UBE4A,0.9022500721947666
UBE4B,1.6522076300828816
UBLCP1,58.74129286493485
UBR1,0.5650542667369114
UBR2,1.954916681826692
UBR3,0.01935434673111369
UBR4,3.5454283072601105
UBR5,0.39893288987019765
UBR7,10.68740727362582
UCK1,5.917490467386703
UCK2,9.838261815405938
UCKL1,80.6261825926585
UCP1,0.058364989262093596
UCP2,65.04740026389253
UCP3,0.0023202964196661134
UEVLD,11.53114682600587
UGCG,2.4774088734292325
UGDH,218.4416460132037
UGGT2,3.2511661232497415
UGP2,2256.8095693596333
UGT1A1,0.03745379034203498
UGT1A10,1.9307437060360473
UGT1A3,0.0022889005537385875
UGT1A4,0.0951329295757727
UGT1A5,0.4044927492424471
UGT1A6,5.186854646718741
UGT1A7,0.817507176308654
UGT1A8,0.2608742666811622
UGT1A9,0.11549856641655931
UGT2A1,0.3354345050980549
UGT2A3,0.10522719077634278
UGT2B10,0.0022748527519147084
UGT2B11,0.23720441855058141
UGT2B15,0.10726414217243006
UGT2B17,1.6245144407245586
UGT2B28,0.6936387983112186
UGT2B4,0.7544150219594951
UGT2B7,0.29398667239567633
UGT3A1,0.12021469926971337
UGT3A2,0.0494868784154801
UGT8,6.448364418210925
UHMK1,10.365957562946834
UHRF1,0.7688154454469762
UHRF2,3.749816747014507
ULK1,4.208377568163941
ULK3,18.787974878560064
ULK4,0.26623249068845983
UMPS,172.02546669220368
UPB1,0.14652210009264197
UPP1,2.6833908119979117
UPP2,0.0002602503944258891
UPRT,2.875556050473468
UQCR10,70.67293871992908
UQCR11,547.7520894723602
UQCRB,49.447463765286905
UQCRC1,4553.286394757014
UQCRC2,10699.258478915264
UQCRFS1,597.0899296363073
UQCRH,91.90884009327478
UQCRQ,178.46691617769986
UROC1,0.0013015546389679728
UROD,34.32073413191418
UROS,35.146584855962104
USP1,12.946111649308333
USP10,9.947661634101193
USP11,14.381687738476069
USP12,6.575778296606296
USP13,0.6496421771023247
USP14,76.30677717266757
USP15,2.8436969949336453
USP16,21.640732631672797
USP17L2,0.7544524097088302
USP17L22,0.04998256910149056
USP17L30,0.050968258904732194
USP17L5,0.050968258904732194
USP17L9P,0.3354345050980549
USP18,2.5449227812799435
USP19,0.9882726551702983
USP2,0.8057651118826207
USP20,2.008275162961361
USP21,15.804399702332255
USP22,26.08678645258999
USP24,0.7345362782193603
USP25,0.06275778452864089
USP26,0.08118014005684498
USP28,4.2302429807594955
USP29,0.08228852752006045
USP3,0.8937518942198897
USP30,0.22421488426354969
USP31,1.1624841969324515
USP32,0.24475640460300327
USP33,8.870829071569625
USP34,2.702078014274881
USP35,1.13933047069083
USP36,6.27690516985754
USP37,4.320750460738999
USP38,3.2596411886676364
USP4,2.8571817374131037
USP40,0.4661205879928702
USP41,0.01834435481333142
USP42,2.1830984297741587
USP43,1.6047808578900056
USP44,0.00045200047484887824
USP45,1.1048067219923339
USP46,0.45906316270063435
USP47,2.239186633971923
USP48,0.27627731240934744
USP49,0.010198953001548773
USP51,0.0063174866048106015
USP6,0.010746608155843872
USP7,51.711271859890964
USP8,0.615735449422737
USP9X,4.073895182146282
USP9Y,0.012014051717109361
UST,0.0923065041197633
UXS1,16.129867675509047
VARS,38.06977344372552
VARS2,13.271105626144713
VKORC1,169.3723042363559
VNN1,0.21099226426357828
VNN2,0.04016268945413417
VNN3,0.0022808070024338705
VRK1,87.19112128758594
VRK2,3.530811998713268
VRK3,37.95721686848265
WARS,546.2937089945926
WARS2,12.245873807298642
WDYHV1,11.510746128696322
WEE1,15.178292958791504
WEE2,0.0021479287066701676
WNK1,1.0719127714667802
WNK2,7.811469566458963
WNK3,0.0005147464027211129
WNK4,6.480292636830039
WWOX,2.243016509087029
WWP1,9.181388957501694
WWP2,0.26061177802606283
XDH,6.864609456645639
XPO6,0.6109047498465252
XPO7,12.254041653118653
XYLB,3.110591906374236
XYLT1,1.4922604121868137
XYLT2,5.693230162765332
YARS,2250.0715920147213
YARS2,34.937855952792916
YES1,10.590322430529588
ZADH2,3.3796766140429515
ZAP70,0.14133611722648476
ZC3HAV1,1.4653911409623879
ZNRD1,1.8746688965748275
ZNRF1,4.883852349481696
ZNRF2,12.103903918957782
ZSWIM2,0.015679988656711358
