A4GALT,2.096527718676197
A4GNT,0.0004261226852187172
AACS,120.617423251777
AADAC,0.0004893029229992129
AADAT,6.666011981394929
AAK1,15.728150902616298
AANAT,0.004236686772901725
AARS,671.5883444853046
AARS2,4.726084906229915
AASDH,1.9496944951511608
AASDHPPT,9.099433456331294
AASS,1.344580683373699
AATK,0.07384801163848978
ABAT,1.222799550301711
ABCA1,4.183897366710841
ABCA3,3.0231559325754183
ABCA4,0.46520039295721644
ABCA8,8.123101905849176e-05
ABCB1,0.09489989227219937
ABCB11,0.001020244932746218
ABCB4,0.039036714062780406
ABCB6,1.5822019731437826
ABCC1,1.2564074013044126
ABCC11,0.0022527376459090583
ABCC2,0.0669267649410798
ABCC3,0.09859269334656535
ABCC4,0.13740128501122717
ABCC5,12.78108432549223
ABCC8,0.0009619289885169003
ABCC9,0.11982308783196066
ABCD1,9.145372097802053
ABCD2,0.23977985037603095
ABCD3,92.10291181881405
ABCG2,0.02693381371728064
ABCG5,0.007712795505898268
ABCG8,0.006198899802767312
ABHD12,12.115288978044758
ABHD5,11.817898827430497
ABHD6,0.6450361685683439
ABL1,26.925304422183807
ABL2,4.064964578442001
ABO,0.9938095823226553
ACAA1,16.818177024974673
ACAA2,163.21228566435215
ACACA,39.14442115504328
ACACB,0.3867691061537694
ACAD10,4.054810310215604
ACAD11,0.06280501425421978
ACAD8,9.03266653806199
ACAD9,456.0395684758164
ACADL,0.13592368846263986
ACADM,61.31105821877769
ACADS,2.872288522453817
ACADSB,31.35658358184943
ACADVL,206.55349435016686
ACAT1,18.2397949369907
ACAT2,49.52201435282336
ACE,10.184924272431285
ACE2,2.51524033139026
ACER1,0.0022605471026186847
ACER2,0.40001227005216383
ACER3,2.6329910340736005
ACHE,0.018449192361795402
ACLY,168.32363078963397
ACMSD,0.003295579232485841
ACO1,8.874445243050443
ACO2,64.59594608780748
ACOT1,1.1365196073887787
ACOT11,0.49497734549286876
ACOT12,0.0017090626343787567
ACOT13,22.61525162028778
ACOT2,7.337768401785833
ACOT4,1.8660561031849257
ACOT6,0.009249174054857125
ACOT7,6.033316327843651
ACOT8,2.555510743562954
ACOX1,3.6777048879445653
ACOX2,5.1376694887958605
ACOX3,3.054824792607592
ACP1,10551.436564684245
ACP2,12.238066752498927
ACP4,0.0036202735317779565
ACP5,8.056517585532552
ACP6,3.4566445396954006
ACP7,0.44999467512671487
ACPP,0.002252181590451068
ACSBG1,0.02043444415067951
ACSBG2,0.02993700182173199
ACSF2,7.263458614454209
ACSF3,1.735562963768047
ACSL1,8.188432158462293
ACSL3,9.572710445758942
ACSL4,2.1097802918186246
ACSL5,4.531054971738138
ACSL6,0.8959649792120976
ACSM1,0.9874339717330303
ACSM2A,0.00020575578112951487
ACSM2B,0.06320048198640206
ACSM3,1.236083470880755
ACSM4,0.24076687484729298
ACSM5,0.00027421944556478057
ACSS1,3.9468994967521693
ACSS2,18.35751199884697
ACSS3,1.4216200010311262
ACVR1,18.231422398954663
ACVR1B,10.470145749564397
ACVR1C,0.009480200091911499
ACVR2A,2.7423256778888607
ACVR2B,0.3359404635394677
ACVRL1,1.0872182836721902
ACY1,17.60155640815215
ACY3,2.2038910742910987
ACYP1,5.666238638065506
ACYP2,3.94209559001213
ADA,3.8629741363825394
ADCY1,0.06528891095041034
ADCY10,0.0044149060842249
ADCY2,0.09457273303463788
ADCY3,16.390283274566528
ADCY4,0.22120984169766603
ADCY5,0.15512333949892154
ADCY6,7.314694602220587
ADCY7,2.1761465935497073
ADCY8,0.001265101461275927
ADCY9,6.17849565416061
ADH1A,0.0005388891041453141
ADH1B,0.00023699168773689094
ADH1C,0.010455125563567855
ADH4,0.00813482301722331
ADH5,568.2037097884336
ADH6,0.00522866629998783
ADH7,0.11332845673771044
ADHFE1,0.340700414819751
ADI1,256.48765742442623
ADK,31.109595490699114
ADO,9.258717788899528
ADPGK,84.7809263820163
ADPRH,9.261999856757328
ADSL,1070.0900198293684
ADSS,554.7278229387722
ADSSL1,11.537981818445187
AFMID,3.495846397667701
AGA,217.84664172566175
AGK,6.909642317472182
AGL,0.41454463870769964
AGMAT,0.18350180739023395
AGPAT1,3.4348582059838395
AGPAT2,22.16375172031736
AGPAT3,10.290859702748284
AGPAT4,0.22759527903396845
AGPAT5,4.097672356236939
AGPS,34.596671826963735
AGT,34.59231990724368
AGXT,1.1981950333722313
AGXT2,0.0007361493732067388
AHCY,17711.765376915107
AHCYL1,28.877237191838535
AHCYL2,2.4364365008579476
AICDA,0.02460038993500046
AK1,294.5694447649957
AK2,407.84841896225987
AK3,24.49765505447269
AK4,87.45088216730838
AK5,0.012029692404469897
AK7,0.12248465429473643
AKR1A1,177.0157251203887
AKR1B1,10.399076204426322
AKR1B10,0.006215378470664185
AKR1B15,0.02007300828241383
AKR1C1,20.473517672253884
AKR1C2,24.037933434748158
AKR1C3,27.74223756287899
AKR1C4,0.01665700217182629
AKR1C8P,0.3354345050980549
AKR1D1,0.00023353753757498957
AKR7A2,65.97221476581055
AKR7A3,0.07436343029559365
AKT1,9.146903781530956
AKT2,1.291917964637854
AKT3,0.362749427844821
ALAD,249.2277420452559
ALAS1,84.66050521312229
ALAS2,0.0015472358287373289
ALB,70.0017793015632
ALDH18A1,360.6586257155097
ALDH1A1,0.5785645174677472
ALDH1A2,0.011447825464292394
ALDH1A3,42.42929152937
ALDH1B1,127.46534513183748
ALDH1L1,1.6192344852196263
ALDH1L2,4.2095292225671574
ALDH2,221.69768985054444
ALDH3A1,0.06371479129824975
ALDH3A2,73.65474463528876
ALDH3B1,1.141366404758263
ALDH3B2,7.642458341501109
ALDH4A1,1.9694239486266825
ALDH5A1,13.642336264220114
ALDH6A1,29.068197366005567
ALDH7A1,17.41050774781018
ALDH9A1,2553.2489861794484
ALDOA,4768.582155309232
ALDOB,0.0034385800222259373
ALDOC,72.65856912806403
ALG1,5.530955501527829
ALG10,1.4125124177506598
ALG11,1.3422772568862715
ALG12,2.9883757811280094
ALG13,2.984955847939993
ALG14,6.242058555585076
ALG1L,0.25567838173971175
ALG1L2,0.022323415427320564
ALG2,49.41003177507986
ALG3,5.444864524938888
ALG5,39.371602117899066
ALG6,9.962959562261712
ALG8,23.35185855477193
ALG9,3.361674684568671
ALK,0.0008992929354145084
ALLC,0.09874098907430014
ALOX12,0.30740566940486713
ALOX12B,0.003291855718536051
ALOX15,0.0006307173800728812
ALOX15B,0.4802194058862973
ALOX5,1.5429400068569774
ALPG,2.1334538652401167
ALPI,0.09522613776587274
ALPL,5.899385547871576
ALPP,0.12394730653401177
AMACR,25.694630421099394
AMD1,1032.5740766713764
AMDHD1,0.00154518819871632
AMDHD2,3.8148924350324305
AMFR,0.21904937059042767
AMHR2,0.001056820336354537
AMN,0.15134766664220953
AMPD1,0.0026885913809315968
AMPD2,4.911748092478255
AMPD3,2.6010227369896444
AMT,0.502171763763553
AMY1A,2.6438139326066277
AMY1B,2.6438139326066277
AMY1C,2.6438139326066277
AMY2A,0.033033519612919504
AMY2B,0.5371563211437992
ANAPC11,50.05303540712544
ANGPTL4,9.317454992855467
ANKRD1,0.09219466234929617
ANPEP,90.98064446746535
ANXA3,566.0812881702811
AOAH,0.6756537159992265
AOC1,0.022327631781835014
AOC2,0.037909405287867445
AOC3,0.6165861846826467
AOX1,0.10392884265578603
APOA1,0.0011147357392531558
APOA2,0.007338993664683971
APOA5,0.11645175048604357
APOB,0.0002850700812884833
APOC1,30.41902956820532
APOC2,27.211319250515267
APOC3,46.87519708233557
APOE,282.8433403243734
APRT,1018.5196566809877
AQP1,65.32060810344055
AQP10,0.0004194112879633728
AQP2,0.0042467225909320885
AQP3,208.66110403398687
AQP4,0.015832100317445204
AQP5,40.67350783575456
AQP7,0.0032733454170776476
AQP8,0.0017424056000541607
AQP9,0.8785637558425807
ARAF,1.578054225938827
ARCN1,196.2414432175571
ARG1,0.04002492485402593
ARG2,11.855325408496842
ARSA,7.968641806802068
ARSB,5.828549448050979
ART1,12.508037072622695
ART3,32.86230331316212
ART4,0.000611940065796739
ART5,0.06234566926628719
AS3MT,0.052605957804519196
ASAH1,25.31395978653746
ASAH2,0.017623710865808495
ASH1L,0.029735719910747832
ASL,235.6635247845456
ASMT,0.0002187873539519125
ASNS,1285.997641561404
ASPA,0.020570931842162885
ASPG,0.1367038644234292
ASPH,75.90437158199137
ASRGL1,14.290891551154651
ASS1,1102.8351065054815
ATE1,3.9146689622785167
ATIC,954.0067183633342
ATM,0.4557813517363673
ATP10A,1.2876827948811052
ATP11A,4.425341362279967
ATP11C,12.554546607514952
ATP1A1,139.42583526236407
ATP1A2,0.00257521717931957
ATP1A3,0.02009813762801518
ATP1A4,0.003547648853492708
ATP1B1,185.98197894222767
ATP1B2,0.055579300687528164
ATP1B3,47.455970044097036
ATP1B4,0.006738895253033617
ATP2B1,3.017802109925539
ATP2B2,0.00011471006577831005
ATP2B3,0.012712896304972913
ATP2B4,27.99430224873925
ATP4A,0.004118254780638121
ATP4B,0.0014397526375510101
ATP5F1A,124.53265572432873
ATP5F1B,167.30632217246165
ATP5F1C,21.50971022167614
ATP5F1D,155.46511749348954
ATP5F1E,125.55773209538297
ATP5MC1,4.311892001287344
ATP5MC2,2.868050998110428
ATP5MC3,5.997867959791037
ATP5ME,117.38991896387836
ATP5MF,1.481717785000078
ATP5MG,179.57272888452187
ATP5MGL,23.718922705117464
ATP5PB,5.524565248774745
ATP5PD,6.7181129554220975
ATP5PF,4.959033242795014
ATP5PO,42.13932100131758
ATP5S,0.3354345050980549
ATP6V0A1,2.09444737826662
ATP6V0A2,0.8332277986484182
ATP6V0A4,0.3763844513510228
ATP6V0B,143.8286572348214
ATP6V0C,488.00622739815225
ATP6V0D1,308.5693740553769
ATP6V0D2,0.01177383131908764
ATP6V0E1,733.299067331377
ATP6V1A,326.7497159593002
ATP6V1B1,27.09363139273404
ATP6V1B2,268.8833833312207
ATP6V1C1,31.545751724586367
ATP6V1C2,4.108678315357484
ATP6V1D,50.8184660723783
ATP6V1E1,108.67558027167146
ATP6V1E2,1.007052925353245
ATP6V1F,31.2511116118006
ATP6V1G1,38.426903895157594
ATP6V1G2,0.0018645763626417634
ATP6V1G3,0.0016558555736347204
ATP6V1H,16.593762486134622
ATP7A,2.1015119096173587
ATP7B,0.36243003489953096
ATP8A1,0.1256301251887199
ATP8B1,15.073036578557382
ATP8B2,0.6218722888679562
ATR,0.08454182233565656
AUH,2.2566808161047898
AURKA,0.1353228597762967
AURKB,9.459794484024002
AURKC,1.7095350627957526
AWAT1,0.0633604788899994
AWAT2,0.0008780192124730233
AXL,0.011116787093755562
AZIN2,0.7963414524148358
B3GALNT1,34.75344674669451
B3GALNT2,23.23380508502171
B3GALT1,0.0031151173199514474
B3GALT2,0.00249822933546947
B3GALT4,0.4361201788669124
B3GALT5,0.05902342579565298
B3GALT6,6.3138058034388935
B3GAT1,0.0007228065198616395
B3GAT2,0.004768670011993493
B3GAT3,29.54807964784658
B3GLCT,0.7866139610071975
B3GNT2,28.37672063930244
B3GNT3,47.94385706492993
B3GNT4,0.15894195021645038
B3GNT5,41.79253785988784
B3GNT6,0.3354345050980549
B3GNT7,27.71716429542474
B3GNT8,0.6893865539532087
B3GNT9,6.084473485000081
B3GNTL1,0.8103608554420417
B4GALNT1,0.07040188487682554
B4GALNT2,0.035114917394262535
B4GALNT3,6.030535407544515
B4GALNT4,12.05264040955548
B4GALT1,544.0268254114565
B4GALT2,27.781609899531453
B4GALT3,36.23852804698257
B4GALT4,11.194940237380418
B4GALT5,13.683380851423294
B4GALT6,1.2409736686731405
B4GALT7,13.12002722909449
B4GAT1,2.277812689362301
BAAT,0.00042851512225366463
BARD1,6.497074229298233
BBOX1,1.2497947494298005
BCAP31,1774.3874422281087
BCAT1,0.27141123570342984
BCAT2,21.62202477656278
BCHE,8.25054313426021
BCKDHA,5.410971892063738
BCKDHB,12.039576992947246
BCKDK,21.10785792641381
BCO1,0.06461878427195712
BCR,0.6102278171257912
BDH1,45.69552672441835
BDH2,1.6250485297625616
BHMT,0.05334263759868287
BHMT2,3.2138440989527886
BIRC6,4.789937853750553
BLK,0.00935232888996519
BLVRA,734.5476225905967
BLVRB,1106.9486415791107
BMP1,4.775793281046421
BMP2K,0.29615640010612093
BMPR1A,2.2912732460986627
BMPR1B,0.8522749151270613
BMPR2,10.767966000125949
BMX,0.008887987927236876
BPGM,8.352467701463146
BPNT1,73.29896137847467
BRAF,1.2358292708708898
BRAP,0.21545843367719902
BRPF1,7.724546801628987
BRSK1,0.4539282279304332
BRSK2,0.005370885825023846
BSCL2,1.4450530820506857
BSG,77.8096224989173
BTD,10.64761292864726
BUB1,59.62269861444105
BUB1B,0.3411391952870179
C1GALT1,7.653237140021723
CA1,0.0026205865489618333
CA12,11.942302544496203
CA13,14.55728550751417
CA14,0.05097803139452311
CA2,2.1689694167923337
CA3,2.250100495584977
CA4,0.5954040821098942
CA5A,0.004030984768948521
CA5B,0.23876939972440847
CA6,0.20716595906593951
CA7,0.0039011364896438913
CA8,5.56381241353112
CA9,247.7991180184812
CAD,110.36178242152663
CALM1,122.21584826249564
CAMK1,3.3206779669525273
CAMK1D,1.9378612241476856
CAMK1G,0.013413007881348303
CAMK2A,0.007979446769540368
CAMK2B,0.4665684353276226
CAMK2D,90.55941822779154
CAMK2G,8.954661563630298
CAMK4,0.099714054562946
CAMKK1,3.055112623195448
CAMKK2,10.100600527622298
CANT1,34.82075990739471
CARM1,19.049878046801933
CARNS1,0.016682717154981968
CARS,35.061423103246106
CARS2,38.27797821814542
CASK,58.3722332582848
CAT,348.26637809366264
CBLC,10.9010707707431
CBLL1,10.36162405465695
CBLL2,0.027434690025870352
CBR1,19.895161765510764
CBR3,265.5063060979032
CBR4,68.62296756476843
CBS,35.61677628827417
CBSL,0.3354345050980549
CBX1,387.70912674790543
CCNB1IP1,18.8998362131495
CD36,0.5495944094323688
CD38,0.4178931153875101
CDA,3.141865292551044
CDC14A,0.20456365338962446
CDC14B,1.8896663385531953
CDC25A,5.209638285225683
CDC25B,77.70061409704324
CDC25C,3.867338256285312
CDC34,5.2469368054405585
CDC42BPA,2.6387597336473037
CDC42BPB,2.8826700642620198
CDC42BPG,10.812699230356811
CDC7,4.984959021516712
CDIPT,94.9117921373452
CDK1,16.92231384811043
CDK10,11.012317047670761
CDK11A,2.724392102959027
CDK11B,8.260557249246267
CDK12,15.045784711818069
CDK13,20.78761660759998
CDK14,5.831836724362128
CDK15,0.0005235285711650173
CDK16,82.54234224863256
CDK17,4.562153866236595
CDK18,14.522842248505052
CDK19,64.4816661143365
CDK2,68.72122526732603
CDK20,0.6453673973747368
CDK3,1.5727061588340354
CDK4,31.166889910389994
CDK5,14.888101566192207
CDK6,16.842870639152295
CDK7,80.0539395519694
CDK8,11.49458389447935
CDK9,20.40846145813368
CDKL1,1.5853546264424372
CDKL2,0.014326708935303164
CDKL3,0.1425965731416615
CDKL4,0.0013496785544430641
CDKL5,3.103614965260126
CDKN3,15.917137447852316
CDO1,1.9420437316982524
CDS1,7.486781178576751
CDS2,3.1937368197736675
CDY1,0.256335927830294
CDY1B,0.256335927830294
CDY2A,0.04923577690024244
CDY2B,0.04923577690024244
CEL,0.3463340674284868
CEPT1,5.016704320515336
CERCAM,7.420364948243837
CERK,2.5539036873635577
CERS1,0.026971169744883512
CERS2,212.71880847528786
CERS3,0.12596738076214004
CERS4,143.72788292606762
CERS5,16.980132491613105
CERS6,17.59081435713654
CES1,0.3093822923611256
CES2,5.582326553073423
CES3,2.2879812432430646
CES5A,0.0002647330585234675
CFTR,0.08531161751814445
CH25H,0.06079924991875728
CHAT,0.0002313621266211677
CHD9,2.422286061998187
CHDH,7.15542899739366
CHEK1,1.6216629081993574
CHEK2,9.380435075248018
CHFR,3.2448507477346062
CHI3L1,1795.4336827331063
CHIA,0.015335952705210189
CHIT1,0.06473465436521174
CHKA,8.130470093402073
CHKB,0.009068294607384403
CHMP4A,44.24810607492575
CHPF,47.717086295129754
CHPF2,13.50921077258924
CHPT1,85.55068463415697
CHST1,0.5832805226839907
CHST10,17.37417338143103
CHST11,1.6475732135085224
CHST12,8.440509937073008
CHST13,0.25188781889168327
CHST14,0.8520720461518904
CHST2,19.316658069964653
CHST3,10.906154768663558
CHST4,2.5219402389005916
CHST5,0.0008536763552944314
CHST6,0.23397168737921042
CHST7,0.2543499703537327
CHST8,0.8152032996979317
CHST9,0.0019774621718119173
CHSY1,43.827078080840515
CHSY3,0.1711345510002719
CHUK,1.527289398404795
CHURC1-FNTB,0.0005670024067593612
CIDEA,0.025112859248753193
CINP,1.7698748524848062
CIT,3.5877224787826902
CKB,468.735805381001
CKM,0.034669431303918044
CKMT1A,9.19746268661009
CKMT1B,6.768063526459569
CKMT2,1.6587204798556825
CLC,0.0018246802776535108
CLCF1,0.295815777022622
CLK1,0.41053238718384827
CLK2,27.381330658647716
CLK3,0.8048062865368864
CLK4,0.24472285425156182
CLOCK,2.241047268340627
CLPS,0.14567447778584383
CLTRN,0.5786685643266595
CLYBL,0.6423781439680942
CMA1,0.0035925102590936404
CMAHP,3.4619333006825155
CMAS,158.69504896216776
CMPK1,808.2969316923678
CMPK2,14.195870855349579
CMTR1,4.115778316984253
CNDP1,0.003953427233874572
CNDP2,22.589050079340886
CNOT4,4.084889065287829
CNP,149.82263081613738
COASY,621.2100448692827
COL4A3BP,1.1777869776656058
COLGALT1,4.827811645801103
COLGALT2,0.08819212596505183
COMT,121.90256930065367
COMTD1,433.77300312222684
COP1,0.4785008438550989
COPA,501.50578524461446
COPB1,235.80057308359454
COPB2,236.14979031350387
COPE,826.3233069723588
COPG1,197.99025183784508
COPG2,222.07329117698634
COQ2,14.583093396479725
COQ3,41.10298805828516
COQ5,2.045923980323403
COQ6,6.901319028845234
COQ7,0.5436505442942907
COX1,7.766401376158287
COX17,10.73129128539698
COX2,5.3369352212394165
COX3,0.33446363282071023
COX4I1,947.7346226812634
COX4I2,0.36662034391283604
COX5A,689.4666232947548
COX5B,1971.4187641803069
COX6A1,13.680651551199752
COX6A2,0.0030512557272070816
COX6B1,224.29159597429845
COX6B2,0.046610235870673686
COX6C,348.6026174208085
COX7A1,0.5697534189787705
COX7A2,69.65937946131643
COX7A2L,303.50383552047714
COX7B,1268.6759137604938
COX7B2,0.0022664345824366418
COX7C,296.9933063307156
COX8A,440.2343849438469
COX8C,0.016602827542008515
CP,3.610493957754464
CPA1,0.0027275058201190225
CPA2,0.02401971642066995
CPA5,0.0024127147609063586
CPA6,0.0018179100368190418
CPOX,67.11277482803303
CPS1,0.02001221147558259
CPT1A,0.09160976501132516
CPT1B,0.006313013127592739
CPT1C,0.10862071164361438
CPT2,85.18694482369322
CRAT,3.748655815988655
CREBBP,0.5586130622049251
CRLS1,8.441590153477362
CROT,7.047750568109662
CS,4693.3124814866005
CSAD,3.4807649962422325
CSF1R,5.283738470295008
CSGALNACT1,0.6281165706622942
CSGALNACT2,8.18140040047471
CSK,57.25890317025008
CSNK1A1,118.67018861425112
CSNK1A1L,0.2404106338296513
CSNK1D,51.910459517346645
CSNK1E,4.093996319325874
CSNK1G1,5.727733646241295
CSNK1G2,30.01043337767138
CSNK1G3,7.932179916776186
CSNK2A1,472.829608710839
CSNK2A2,299.84440865041415
CSNK2B,167.76426859760608
CTBP1,45.23969166424866
CTDP1,0.836666186559057
CTDSP1,25.643738160574298
CTDSP2,74.68045382874986
CTDSPL,8.251109309308042
CTDSPL2,1.7595497787436292
CTGF,0.3354345050980549
CTH,9.87756649747918
CTPS1,0.2774814774265704
CTPS2,22.25593098030725
CTSA,69.08215560811594
CTSB,211.32506985642598
CTSC,18.153439312984215
CTSD,1968.0706092294195
CTSE,0.0008206446078265631
CTSF,31.81764145000585
CTSG,0.0010689673126200614
CTSH,64.16692444572502
CTSK,17.01739955220366
CTSL,22.309476873829027
CTSO,22.816995225907952
CTSS,37.447581647478806
CTSV,0.5139622638412911
CTSW,1.8320777324804207
CTSZ,10.601613088203067
CUBN,0.011894364208633572
CWC27,30.859742359624857
CYB5D1,3.1480029045430507
CYB5R1,26.20035357865481
CYB5R2,51.66992907866872
CYB5R3,1998.8459984052515
CYBB,4.081230251865372
CYBRD1,22.578049802801054
CYC1,396.4121792603815
CYLD,3.3888267490707404
CYP11A1,0.10406368425477776
CYP11B1,0.8426372984421979
CYP11B2,0.0005555699924674849
CYP17A1,0.0010512321443350897
CYP19A1,0.001104625055761641
CYP1A1,0.015836391416417805
CYP1A2,0.0005082107403288865
CYP1B1,1.5321065556373776
CYP21A2,1.4176517903577938e-05
CYP24A1,0.0160308360120049
CYP26A1,0.0025773535061237984
CYP26B1,0.3338524332212649
CYP27A1,46.442666999903615
CYP27B1,0.38455035253875947
CYP2A13,0.04638837469548625
CYP2A6,0.05377674440315811
CYP2A7,0.0002961258203222155
CYP2B6,0.02889595120271605
CYP2C18,0.0012062006321016646
CYP2C19,0.1750227487879086
CYP2C8,0.0003528196312358789
CYP2C9,0.13627582512980346
CYP2D6,0.322965941621217
CYP2E1,0.02338447752822862
CYP2F1,0.00040809182050454936
CYP2J2,18.571774270932703
CYP2S1,0.14175127942825774
CYP2U1,0.9742326162186399
CYP39A1,7.325716037486033
CYP3A4,0.005804069449031706
CYP3A43,0.002273830835539989
CYP3A5,0.015400516485962745
CYP3A7,0.0003399282742185231
CYP46A1,0.037800507463580046
CYP4A11,0.0006773247417648943
CYP4B1,0.0008585270572688333
CYP4F11,0.10492810906708636
CYP4F12,1.3064341556509818
CYP4F2,1.3721447209835187
CYP4F22,0.0006565003366274776
CYP4F3,1.1915183478147022
CYP4F8,0.0003843743626606919
CYP4V2,1.3777346109388813
CYP4X1,1.0559380263454088
CYP4Z1,0.12526873157397253
CYP51A1,147.33541569594368
CYP7A1,0.015615087844251259
CYP7B1,2.4086750672862927
CYP8B1,0.0001371007223568408
CYTB,10.283962318241796
DAD1,693.5122457451386
DAGLA,2.142590866895334
DAGLB,12.861106226839205
DAO,1.8577966562707513
DAPK1,3.733304002845606
DAPK2,21.67745427270546
DAPK3,4.61658526990157
DARS,9579.034760229904
DARS2,17.745098109453576
DBH,0.0002275791086728757
DBI,1343.2905199073368
DBT,1.4845328952510668
DCK,10.324212630450626
DCLK1,7.221964905793973
DCLK2,4.959335267802922
DCT,0.45229416967959896
DCTD,15.22454871295784
DCTPP1,107.30503130537937
DCXR,107.21162629799908
DDAH1,86.15541418915492
DDAH2,43.6708682985415
DDC,0.28510885481777165
DDO,1.1373344671467256
DDOST,719.2302907680775
DDR1,40.6212592545551
DDR2,5.877864658420032
DECR1,100.54043789733146
DECR2,61.197835393668385
DEGS1,22.391630763715334
DEGS2,2.9901740594542754
DERA,154.06079881246004
DGAT1,8.253164887806472
DGAT2,27.48509499282819
DGKA,4.092044273780495
DGKB,0.000534651587179457
DGKD,1.7695442630470741
DGKE,0.2711257573485827
DGKG,0.02356986740080403
DGKH,0.4495331905788942
DGKI,0.060619514925008354
DGKQ,0.39473047488229834
DGKZ,11.030973194400008
DGUOK,39.77852148046275
DHCR24,4.884020295731453
DHCR7,47.345611648223546
DHDH,2.1253138095812467
DHFR,301.8958402212423
DHODH,1.4752325498779633
DHRS2,0.03840716366870892
DHRS3,17.294338538624583
DHRS4,273.7688504052005
DHRS9,0.0034641214556231405
DIO1,0.028763933454572305
DIO2,0.7537241592861456
DIO3,0.018356718769954896
DLAT,564.7223148896844
DLD,1534.8591422087695
DLST,129.43560612886318
DMGDH,0.5719865573077054
DMPK,1.341815942543666
DNAJC6,0.034725457566418
DNMT1,41.226451655104285
DNMT3A,10.936813654026425
DNMT3B,2.350415893638914
DNMT3L,0.004374921907715816
DOLPP1,9.573655212590186
DOT1L,2.58503072705536
DPAGT1,21.129578238187005
DPEP1,0.00906567204151185
DPEP2,0.07384906486071918
DPEP3,0.0031059994936519313
DPH5,100.44766488226529
DPM1,1263.3232151032214
DPM2,15.372673727416643
DPM3,18.030417387527187
DPYD,0.27857798393132693
DPYS,0.0003297872004626413
DPYSL2,2055.2609896918048
DPYSL3,71.94028378086236
DSTYK,4.88337530818343
DTYMK,19.033308967454527
DUOX1,0.752615223053145
DUOX2,0.07128524201923075
DUPD1,0.11783200419515537
DUSP1,18.639060405345393
DUSP10,3.043712685815694
DUSP11,36.47437880373719
DUSP12,8.72896232298698
DUSP13,0.0010813546191960459
DUSP14,2.0743187913783325
DUSP15,0.775524474922716
DUSP16,27.457889064060574
DUSP18,0.7356874545552948
DUSP19,0.1181955393911421
DUSP2,18.45361887488778
DUSP21,0.08186674790155296
DUSP22,17.452342225775414
DUSP23,162.69584227636764
DUSP27,0.003947424987910744
DUSP28,0.38873603784325816
DUSP3,266.39982605306113
DUSP4,0.4314943318228972
DUSP5,1.469802436099743
DUSP6,2.9600770848306603
DUSP7,10.435799102476224
DUSP8,2.3989342917343675
DUSP9,9.910360203665196
DUT,147.86527108508307
DYRK1A,11.776580612828267
DYRK1B,3.0783036506539943
DYRK2,4.952461026606573
DYRK3,5.729424935018726
DYRK4,34.74192568100232
DZIP3,2.5313140905014886
EARS2,2.372108994995646
EBP,1157.6311779137588
ECH1,115.55455483167583
ECHDC2,13.994624043029066
ECHS1,112.51212185487286
ECI1,103.45286027914855
ECI2,14.351987745383102
EGFR,1.230751494709274
EHHADH,8.896610249758236
EHMT1,1.163901362941248
EHMT2,0.6368007677489543
EIF2AK1,143.26765882387855
EIF2AK2,69.64457168600796
EIF2AK3,12.50689832439031
EIF2AK4,0.281158094251847
EIF4EBP3,3.6030410008244607
ELOVL1,10.872409613494186
ELOVL2,0.6129260606125173
ELOVL3,3.2865240345638833
ELOVL4,0.42378125034723163
ELOVL5,2.2749440987953147
ELOVL6,1.018654461574411
ELOVL7,4.720505457362427
ELP3,1.3397046535802264
ENGASE,1.7600896235990213
ENO1,510.04183418353506
ENO2,7.948445757739255
ENO3,11.617903099443009
ENOPH1,194.48151425246124
ENPP1,11.963958446237053
ENPP2,0.8701377463453975
ENPP3,0.28926552694870333
ENPP6,0.14004252612807944
ENPP7,0.0028610165236279237
ENTPD1,2.401626771946594
ENTPD2,27.337255803079405
ENTPD3,0.16547389008847418
ENTPD4,3.641467463259764
ENTPD5,4.8276117523064315
ENTPD6,37.027883913211774
ENTPD8,0.08243787245471997
EP300,3.222984195073175
EPHA1,6.347852451956357
EPHA10,0.005875589219770428
EPHA2,0.6044323530720201
EPHA3,0.025444627792451602
EPHA4,2.2712353164449426
EPHA5,0.11374458455259583
EPHA6,0.0005905166354815965
EPHA7,0.0004667549175886797
EPHA8,0.0006239694653293503
EPHB1,1.5181010835709172
EPHB2,0.08413780333810941
EPHB3,254.9312670052064
EPHB4,2.5919540853693435
EPHB6,0.8478574264767937
EPHX1,73.95463648286612
EPHX2,3.5212979174672436
EPM2A,4.485189000698452
EPRS,445.1708650493641
EPX,0.006901863142023719
ERBB2,1.7151265887092941
ERBB3,62.06211918739098
ERBB4,0.00020412315767345061
ERN1,1.6932999566897478
ERN2,0.03477004984952408
ESD,2272.746025188497
ETFA,5278.220257947341
ETFB,1577.1404799505442
ETFDH,27.96222338110508
ETNK1,13.977705578120624
ETNK2,1.986261566277313
ETNPPL,1.3663166774328985
EXT1,55.9723845016386
EXT2,161.1473092673339
EXTL1,0.040682979106240864
EXTL2,8.994249350510575
EXTL3,6.025421366968592
EYA1,0.0007945572680059136
EYA2,5.990412224154074
EYA3,1.3304347270320864
EYA4,0.0003769864193658687
EZH1,6.680643823692374
EZH2,0.4406831513833834
F13A1,0.5207582477570557
F13B,0.952082265681838
F2,0.00035629867150871485
FAAH,10.256750774908573
FAAH2,2.8136654877555856
FABP1,53.54695633547291
FABP12,0.07361943011456162
FABP2,2.0423800119197857
FABP3,8.206463362125499
FABP4,0.005800153328505967
FABP5,136.56282791159347
FABP6,8.840866386083169
FABP7,942.8476802989697
FABP9,1.0553661478381027
FADS1,6.805113429292929
FADS2,12.097435694997385
FADS3,0.7769254498713023
FADS6,0.003366942840582701
FAH,50.73715418516955
FAM20B,40.57871540780587
FANCL,23.38146134826341
FAR1,23.167760261475745
FAR2,12.311248978292745
FARS2,4.403676416085825
FARSA,1628.6627790625205
FARSB,4.696890552648255
FAS,5.708790273550652
FASN,19.644859649084832
FASTK,30.293995325061378
FAXDC2,0.014854582046724449
FBP1,0.40236648073939085
FBP2,0.04536356865973918
FDFT1,40.25262802374637
FDPS,166.21452705919742
FDXR,5.028916321495931
FECH,3.19951516560103
FER,1.3352472585821136
FES,4.442710384237777
FGA,6.990622680771628
FGFR1,4.939188028811509
FGFR2,10.849481994975408
FGFR3,6.0167769258657575
FGFR4,3.1002688290156626
FGGY,7.569791150394482
FGR,0.4931385922539956
FH,2783.988121956431
FHIT,0.9993354544158313
FHL2,54.64343209573592
FIG4,40.14293565713357
FITM1,0.02126119997014192
FITM2,0.23473941706412552
FKBP10,10.069201012371696
FKBP11,12.07320823996019
FKBP14,10.044109995149325
FKBP1A,352.24130063984745
FKBP1B,0.24937333550629054
FKBP2,428.3582671481563
FKBP3,816.0341832435885
FKBP4,1094.4286176941534
FKBP5,5.845561230576866
FKBP6,0.03491867139434083
FKBP7,9.96274242242767
FKBP8,41.38218325524345
FKBP9,151.7033450057566
FKBP9P1,0.3354345050980549
FLAD1,20.856200133274335
FLT1,0.9627612206543854
FLT3,0.01584436587057105
FLT4,0.31161860483443155
FLVCR1,3.2384689742271515
FMO1,58.3252164885948
FMO2,3.806473368918933
FMO3,0.12348347910426846
FMO4,2.35387326170895
FMO5,0.24996081084211952
FMO6P,0.01659178341978222
FN3K,8.304355223470552
FN3KRP,26.610985661029403
FNTA,75.62406302704366
FNTB,0.17201785618570178
FOLR1,97.48073264893274
FOLR2,1.4788668966282068
FOLR3,0.018990343241441023
FOSL1,0.3474782352578678
FPGS,1.1559764645247848
FPGT,3.7907437849562533
FRK,10.52176824858514
FRMPD2,9.130496129248103e-05
FTCD,0.054819668202178255
FTMT,0.02582919353872314
FUCA1,7.314437521288091
FUCA2,137.8866227018903
FUK,4.961174026020733
FUT1,0.5799966209096353
FUT10,0.4903030698626952
FUT11,2.8462326878005206
FUT2,19.81767116101844
FUT3,3.107945712463448
FUT4,2.326399059193966
FUT5,0.17738901024511589
FUT6,0.042572352354553054
FUT7,0.01509477333132358
FUT8,0.3181021687081683
FUT9,0.005477796243988742
FYN,87.74572189432891
G0S2,0.5837831686733302
G6PC,0.2573661812362027
G6PC2,0.018216384410824384
G6PC3,34.080245073005635
G6PD,346.9814255248924
GAA,26.401187496143415
GAD1,0.007666279008288351
GAD2,0.03730519390911924
GAK,0.9480235673311298
GAL3ST1,0.1806249772382142
GAL3ST2,0.05357637236120522
GAL3ST3,0.00046695367724328233
GAL3ST4,6.118633538958851
GALC,7.327761940552638
GALE,7.693017462502215
GALK1,207.8641763304866
GALK2,30.73358738215268
GALM,19.377198799454426
GALNS,12.1161200809792
GALNT1,149.1942277367228
GALNT10,0.3330106926184005
GALNT11,15.708775871219627
GALNT12,6.079876227653082
GALNT13,0.30703745219710976
GALNT14,2.4663872793712893
GALNT15,0.0116113720313577
GALNT2,64.10906199752411
GALNT3,68.1892249573836
GALNT4,0.007426662080423067
GALNT5,1.9029301910502763
GALNT6,5.607613386126151
GALNT7,0.3438852121966648
GALNT8,0.42725603565123615
GALNT9,0.0005598784089763944
GALNTL5,0.0003629173129365088
GALT,14.48980457356327
GAMT,8.269518258680591
GANC,0.7966086721565606
GAPDH,26131.806445457583
GAPDHS,0.702826721937987
GARS,687.5845763824952
GART,177.9134275793995
GATM,2.657071427336723
GBA,27.640952838713016
GBA2,14.236100812314662
GBA3,1.1492996206511428
GBE1,18.535879977058027
GBGT1,1.9338802925936163
GC,0.1128901827185453
GCAT,186.52499012815872
GCDH,28.551323918746277
GCH1,1.5203009751753196
GCK,0.001387708055548257
GCLC,7.255375316016224
GCLM,29.03439703364868
GCNT1,7.872250223158531
GCNT2,18.00864421546195
GCNT2P,0.3354345050980549
GCNT3,0.03967856146534021
GCNT4,0.005600717264690322
GCNT7,0.17120642366858194
GCSH,0.5286642975907887
GDA,0.017583946804198832
GDE1,29.609657464334813
GDPD2,0.006053886074533468
GFPT1,276.0986432610911
GFPT2,3.569896324944121
GGCT,392.57934546233344
GGH,33.998441690560604
GGPS1,1323.340149833562
GGT1,18.108537847910416
GGT2,1.2557625587889092
GGT3P,0.2485182002719756
GGT5,2.3554198767508474
GGT6,6.822216853923141
GGT7,12.244675687589663
GGTLC1,0.10129971115180877
GGTLC2,0.7208146367632071
GIF,0.3354345050980549
GK,4.576077930281501
GK2,0.9456388863331135
GK3P,0.4702212604170998
GLA,7.283241974882836
GLB1,75.84800680243657
GLB1L,7.71637790002925
GLCE,1.6206519870402134
GLDC,1.1357287951769568
GLIPR1,24.911494883647563
GLO1,2461.3253246531335
GLRX,244.17068673085905
GLRX2,9.262513017768265
GLS,40.59500508983684
GLS2,0.25382007755570046
GLT6D1,0.06930364432416915
GLT8D1,1.0803228975210317
GLT8D2,0.824780175311107
GLTP,32.00779553286826
GLUD1,152.76605238783043
GLUD2,7.957813780179922
GLUL,13.551695646576388
GLYAT,0.0025817692488759015
GLYCTK,0.045053358364483514
GM2A,42.88305159984259
GMDS,411.64562865782074
GMPPA,14.823089360657775
GMPPB,400.8285490187811
GMPR,2.5972598213700455
GMPR2,47.91475837790445
GMPS,1464.7306555025807
GNE,4.190978671882824
GNMT,0.060156424666714156
GNPAT,94.30993818321411
GNPDA1,26.24494313200057
GNPDA2,1.3420917600617013
GNPNAT1,55.528661981103305
GNPTAB,17.856096845846572
GNS,26.63196697545392
GOT1,2361.175863006203
GOT2,1536.5955487103677
GPAA1,219.84388101527574
GPAM,0.18971516373779784
GPAT2,13.985137992246356
GPAT3,0.6582069289240687
GPAT4,1.352005973421296
GPCPD1,5.183433352901627
GPD1,0.08538779389312719
GPD2,190.68298813162247
GPHN,0.4169720752141707
GPI,3005.725446407565
GPIHBP1,0.02981796762503493
GPLD1,0.5364335115991701
GPT,4.47081549840533
GPT2,22.85405792016331
GPX1,83.87557984510124
GPX2,0.02480405279732943
GPX3,8.60574026404121
GPX4,165.1183564144246
GPX5,0.00021179111997978136
GPX6,2.01032323162201
GPX7,57.30791523054896
GPX8,23.88491499240085
GRHL1,11.031313829441665
GRHPR,87.3592266444074
GRK1,0.0015849007824826284
GRK2,4.014622265826703
GRK3,1.2623639556998993
GRK7,0.002054748917367228
GSR,148.61466987685415
GSS,448.9263680296286
GSTA1,233.4249250927949
GSTA2,1.0395438514003394
GSTA3,0.06983328792193634
GSTA4,77.23635966330126
GSTA5,1.517002979820435
GSTK1,252.71942806799055
GSTM1,0.2512478691981952
GSTM2,3.4300576279604513
GSTM3,27.645879470679226
GSTM4,5.592680390215851
GSTM5,3.2539560198353454
GSTO1,895.8419784847816
GSTO2,4.394206795608463
GSTP1,6784.51188283294
GSTT1,0.3354345050980549
GSTT2,0.07287512415985846
GSTZ1,7.655779258246224
GTF2F1,7.217285192245063
GTF3C4,2.5257527203416146
GUCA1A,0.0343756109199267
GUCY1A1,2.9663227089166733
GUCY1A2,0.044397881440808834
GUCY1B1,1.0453859436592674
GUCY1B2,0.03814261764507657
GUCY2C,0.6656635532071337
GUCY2D,0.025528475318658816
GUCY2F,0.0004009340527616297
GUK1,268.4889732409992
GUSB,25.58693251957553
GYG1,82.46536340827446
GYG2,2.2230146227180834
GYS1,78.33929647981503
GYS2,0.0013508971127117427
H6PD,11.605057031897768
HAAO,10.108084291658244
HACD1,0.6699772991826155
HACD2,3.095013644366691
HACD3,4.330319334841662
HACD4,0.5979568033382378
HACE1,5.171544881325861
HACL1,5.210776933485665
HADH,3519.9464523290017
HADHA,1054.639706824463
HADHB,90.94259503595846
HAGH,51.601707045503936
HAGHL,1.4714817466862222
HAL,0.002970496585696209
HAO1,0.034357057200525704
HAO2,2.123937704953015
HARS,143.13288080825302
HARS2,22.999523733330694
HAS1,0.030193092155986388
HAS2,0.4915040133527296
HAS3,0.274045068032036
HAT1,183.70573177886874
HCCS,51.092390992753025
HCK,3.3932938454513937
HCST,7.121156638208939
HDAC3,1.1909352350275932
HDC,0.001718214616138053
HDLBP,178.15875502196627
HECTD1,5.8847892829056505
HECTD2,1.8876384019596575
HECTD3,0.9337101251489384
HECW1,0.003463246300603264
HECW2,0.17854874593968714
HELZ2,0.16199531088786426
HEPH,111.29611691167227
HERC1,0.5552201415155865
HERC2,0.11287732306954633
HERC3,4.498297066654766
HERC4,18.107211518843673
HEXA,68.90413070453782
HEXB,6.772536152845985
HEXDC,0.3354345050980549
HGD,0.12180863887821049
HIBADH,161.68285211376985
HIBCH,17.668592706837785
HIF1AN,6.611335078180416
HIGD2A,20.038473768231466
HIPK1,9.787584714440914
HIPK2,0.9101207131395486
HIPK3,18.928578475212056
HIRIP3,0.35540640272067225
HK1,386.04228702821496
HK2,66.54860104041387
HK3,0.2857950502996504
HKDC1,0.029768756931271845
HLCS,5.388672687161403
HLTF,0.2585716200371884
HMBS,105.06798811664156
HMGCL,54.26685135278873
HMGCLL1,0.03395259243292736
HMGCR,15.512992053420502
HMGCS1,66.19477797348463
HMGCS2,0.0012611869317717555
HMOX1,46.62441159920127
HMOX2,578.2486138041816
HNMT,4.309997518699269
HPD,0.00969665068738091
HPGD,0.009184446924745501
HPGDS,0.05394629849726616
HPRT1,1884.5339223150515
HS2ST1,8.144672114246456
HS3ST1,0.2938370148376533
HS3ST2,0.005814160230337865
HS3ST3A1,0.044114998716320256
HS3ST3B1,0.016134096202516733
HS3ST4,0.0004912476826567727
HS3ST5,0.0022326471594724937
HS3ST6,0.15586777293905116
HS6ST1,34.62538211690967
HS6ST2,0.3087631820610432
HS6ST3,0.0003716254748750495
HSD11B1,0.11718448778523406
HSD11B1L,3.2437072511082836
HSD11B2,8.319911445735196
HSD17B1,9.011640780969872
HSD17B10,231.84501604489108
HSD17B11,17.083066142995722
HSD17B12,709.7207418438268
HSD17B14,0.36543681907748016
HSD17B2,7.027926686293982
HSD17B3,0.0037820391304296177
HSD17B4,31.028557120879107
HSD17B6,0.7771106336709532
HSD17B7,4.28802431417715
HSD17B7P2,0.27057228157994023
HSD17B8,0.9084100557708843
HSD3B1,0.8561440324619417
HSD3B2,0.00039458383211277506
HSD3B7,1.718520465120481
HSPG2,0.24257257932793574
HTATIP2,81.96168006748287
HUNK,0.0047633459518403
HUWE1,11.206534834789956
HYAL3,0.5195370173261675
HYALP1,0.3354345050980549
HYI,15.133447674791238
HYKK,0.3304860018863759
IARS,1598.7775389558228
IARS2,176.9879770019573
ICK,17.106718215749424
ICMT,33.62150455769619
IDH1,46.58777853843168
IDH2,1488.6907393157692
IDH3A,735.9707208990723
IDH3B,311.620903169881
IDH3G,170.83388688957922
IDI1,85.96282603790786
IDI2,4.707137723475807
IDO1,2.0051916012778617
IDO2,0.0002955785058175759
IDS,15.858087632249777
IDUA,0.6357414466148457
IGF1R,6.228420185132393
IKBKB,5.583899541979524
IKBKE,10.862870964413117
IL4I1,47.08880318790502
ILK,28.970025357180845
ILKAP,15.750709359192262
IMPA1,67.86402742670673
IMPA2,216.80917312909497
IMPDH1,29.011820047668095
IMPDH2,267.33940207754284
INMT,0.010563585000824997
INPP1,164.7153075254275
INPP4A,6.2428418989255565
INPP4B,0.10049618038149384
INPP5A,5.155999585465212
INPP5B,2.869595155502514
INPP5D,2.030852506863694
INPP5E,5.546196637042988
INPP5F,0.41840158218128315
INPP5J,0.5490151182907863
INPPL1,4.680849175699068
INSL3,0.06702804576899676
INSR,11.397613194806475
INSRR,0.002382672097412278
IP6K1,10.992689846692102
IP6K2,15.941675903786983
IP6K3,0.17386386152441718
IPMK,1.7398659177793876
IRAK1,52.412675494198844
IRAK2,0.1551890434658096
IRAK3,4.543189287086043
IRAK4,12.795748857545068
IREB2,24.890801642109853
ISYNA1,79.18788339542189
ITK,0.1581631947481099
ITPA,472.326313585865
ITPK1,22.697338140379802
ITPKA,0.02385742131259764
ITPKB,12.748318880465401
ITPKC,9.043987650642917
IVD,101.38674130153923
JAK1,83.02543672948688
JAK2,2.523098345036272
JAK3,1.1930580157362207
JMJD7-PLA2G4B,0.0012195583894077417
KALRN,1.5721226581696237
KANSL3,15.184050004431292
KARS,729.2932269872042
KAT2A,42.76006956298678
KAT2B,0.44318424585274796
KAT5,10.589267566823338
KAT6A,8.192955473309416
KAT6B,5.006191599434022
KAT7,26.561818216971005
KAT8,16.613346657355546
KCNJ11,0.0831042882779511
KCNJ8,1.290473890678509
KDR,1.1090581800711894
KDSR,3.6225917411268114
KHK,1.0173041895923858
KIT,17.232591579773015
KL,0.004510191330039517
KMO,0.17160488797109172
KMT2A,0.1132089503784727
KMT2B,0.3354345050980549
KMT2C,0.02724143815923862
KMT2D,0.256842919373976
KMT2E,0.08892210317369556
KMT5A,0.08744585611927874
KMT5B,0.052531638327043204
KMT5C,0.3350355754164824
KPNA6,42.39392981411495
KYAT1,0.41426786262502635
KYAT3,10.315561941178165
KYNU,19.109867966353846
L1CAM,0.9820136856568592
L2HGDH,0.9973526234417217
LALBA,3.7792816159815135
LAP3,689.213447609803
LARS,612.2048849931945
LARS2,8.903038074009343
LATS1,1.3267976115631603
LATS2,2.8679477489021807
LBR,148.70104176713153
LCAT,0.6870858723817656
LCK,2.979030772932576
LCLAT1,7.057682143403064
LCT,0.5974041213173106
LDHA,11817.056425974943
LDHAL6A,0.03962183126707058
LDHAL6B,0.00302449831496904
LDHB,2838.403332491271
LDHC,0.19876224226843378
LDHD,0.1114025348260166
LDLR,1.697916900630065
LGALS13,0.16621830202908744
LGMN,154.70421985670689
LGSN,0.3819025934614423
LHPP,189.6148619188546
LIAS,0.19081061602867772
LIMK1,21.460125679257356
LIMK2,37.81224305650809
LIPA,15.105773775723797
LIPC,0.022540142965572666
LIPE,0.12564112580139755
LIPF,1.3406968406403874
LIPG,1.1132988429963373
LIPT1,5.372473897031617
LIPT2,0.41102864863487026
LMTK2,5.187471545558515
LMTK3,0.46233842506008954
LOC102724197,0.3354345050980549
LOC286297,0.015974762407827664
LOC344967,0.010861725645123952
LOX,38.903463732195874
LOXL2,39.078196568064705
LPCAT1,2.201550508257478
LPCAT2,1.297638669908683
LPCAT3,37.43485364220537
LPCAT4,0.19098496334304849
LPIN1,17.66292850670386
LPIN2,7.7403268003466605
LPIN3,0.45905147654400447
LPL,120.78627638159233
LPO,0.6004182565850128
LRAT,0.18418312217790853
LRP1,1.0950233221762775
LRP2,1.1414106852146098
LRRK1,0.5093772030749976
LRRK2,0.04245764849433694
LRSAM1,2.940959869962082
LRTOMT,0.25112911391989395
LSS,59.337075304145166
LTA4H,660.7651655099914
LTC4S,2.2916064719800144
LTK,0.009609966566575852
LYN,17.87063176503183
LYPLA1,138.0789856951715
LYPLA2,45.88701352796875
LYZL1,0.006064428466544321
MACROD1,5.150784987427078
MACROD2,0.026821550482352133
MAGEA2B,0.1626710879648594
MAK,0.15267829607298555
MAN1A1,0.19236651653831088
MAN1A2,3.323055686713166
MAN1B1,3.3878281380304496
MAN1C1,0.30728930886871464
MAN2A1,6.00264292543441
MAN2A2,4.764837033831372
MAN2B1,145.3108370635618
MAN2C1,21.11190560263632
MANBA,6.183803289047252
MANSC1,170.7899039925395
MAOA,10.079117497742397
MAOB,20.537629871405777
MAP2K1,293.5860390446177
MAP2K2,126.5909917140519
MAP2K3,12.701434040798128
MAP2K4,20.363309981954657
MAP2K5,9.117280612519249
MAP2K6,25.155044954053018
MAP2K7,1.553963846333931
MAP3K1,21.294191945005956
MAP3K10,0.9703095650877263
MAP3K11,23.348152907646252
MAP3K12,0.2153222955750711
MAP3K13,4.617183335498836
MAP3K14,1.944901458731361
MAP3K15,0.015339462442622284
MAP3K2,8.248079428823633
MAP3K20,0.20179825659102824
MAP3K21,0.03839897316107535
MAP3K3,5.104739263745287
MAP3K4,5.2049546454631095
MAP3K5,9.271096556268308
MAP3K6,30.912428997190506
MAP3K7,1.818016531930372
MAP3K8,6.920310133518387
MAP3K9,0.4730301585596627
MAP4K1,0.5719988518370441
MAP4K2,12.621819805100042
MAP4K3,11.354221240975432
MAP4K5,26.403394624578315
MAPK1,535.7767372939829
MAPK10,0.7523698934948005
MAPK11,0.3173178069432256
MAPK12,0.27399891658812653
MAPK13,115.67739870420041
MAPK14,93.51945731579468
MAPK15,1.2654842636504435
MAPK3,89.48097512523245
MAPK4,51.472038819513685
MAPK6,12.41712802794974
MAPK7,6.059654050101251
MAPK8,33.16317295695744
MAPK9,9.041454009730993
MAPKAPK2,3.840254838657922
MAPKAPK3,15.755898461208082
MAPKAPK5,15.557286099652742
MARCH1,0.4604627786469237
MARCH10,0.0004665563023386121
MARCH11,0.0013986335956471608
MARCH2,24.427187007787804
MARCH3,2.4982786473353626
MARCH4,0.0034360314369974916
MARCH5,16.87271016558261
MARCH6,25.452650837270113
MARCH7,99.82606495640006
MARCH8,3.0254932266380927
MARCH9,3.6139330868654316
MARK1,10.195524263684419
MARK2,28.17589926759672
MARK3,36.82039093339111
MARK4,8.978468490517322
MARS,183.85723119571978
MARS2,2.9523528913154364
MAST1,0.08222580878898686
MAST2,13.536832862042662
MAST3,2.0713617249759295
MAST4,0.290199849725415
MASTL,0.26256446851393467
MAT1A,3.363606908945793
MAT2A,281.0884035770593
MAT2B,345.1975013742706
MATK,0.0715359550224254
MBOAT1,128.13078907132763
MBOAT2,15.138316592635576
MCAT,20.280724528258872
MCCC1,184.95527765357176
MCCC2,39.67932448788129
MCEE,23.618326372582057
MDH1,9934.792962545424
MDH1B,0.09660365239695677
MDH2,13341.423608991774
MDM2,0.014755989391119547
MDP1,8.047254659425828
ME1,343.81928794682113
ME2,66.57799635565554
ME3,1.8164428028456898
MECR,10.605785939034398
MED1,1.4171893211721898
MELK,0.5777835380979026
MERTK,6.788183450747885
MET,2.8640700896869973
METTL1,44.73099402829107
METTL3,6.638019642331577
MGAM,0.002018110253621751
MGAT1,39.0549628647553
MGAT2,2.5094323892436883
MGAT3,1.2538151772167434
MGAT4A,0.7960430577639239
MGAT4B,48.322766906717675
MGAT4C,0.000376251796540861
MGAT4D,0.02696149145334556
MGAT5,17.14260415001992
MGAT5B,0.021327301399827327
MGLL,1.1320591945214649
MGMT,14.609227857652124
MGRN1,64.43803506044007
MGST1,1737.6275555641125
MGST2,51.796120276046146
MGST3,150.41302168752642
MIA3,23.5439677791031
MIB1,23.834485811171582
MIB2,2.8212332808033285
MID1,13.226015096534452
MIF,140.49615036235662
MINK1,0.1555834333589737
MINPP1,1.337862976339138
MIOX,0.00406407071303562
MIP,0.4037412759029347
MKNK1,10.269492030106605
MKNK2,35.5714029952834
MKRN1,27.552520768472398
MKRN2,14.958654607288919
MKRN3,0.34005796077665834
MLKL,11.699085867094237
MLYCD,2.481715039849808
MMAA,2.2910580566852117
MOCS1,0.3100157732695234
MOCS2,54.023229939296364
MOGAT1,0.0008397623031187682
MOGAT2,3.8549903172750204
MOGAT3,0.06832763191888709
MOGS,210.85321942747325
MOK,5.496890476648619
MOS,0.09191795284698573
MOXD1,14.943773358295635
MPC1,27.8052229308476
MPC2,12.311032245951754
MPI,31.948922370989195
MPO,0.04366950715840536
MPST,3353.7909123417544
MRPL58,13.330417578133794
MSMO1,25.43025408991568
MSRA,2.7730815332471717
MST1R,4.792822994281811
MT1A,0.044588195393923065
MT2A,298.27938979418104
MT3,0.35161173428172793
MT4,0.3354345050980549
MTAP,298.8375984604807
MTFMT,3.2102858376668735
MTHFD1,330.78404004633916
MTHFD1L,115.29086973682828
MTHFD2,85.63307065187045
MTHFD2L,1.0060502024067248
MTHFD2P1,0.3354345050980549
MTHFR,0.24733974817512297
MTHFS,0.6668044882051848
MTMR1,3.8620431033873404
MTMR14,14.881613055975373
MTMR2,1.4847424849759507
MTMR3,0.1846634030779377
MTMR6,4.033791310963537
MTMR7,0.0798799549832741
MTMR8,0.3129494531186993
MTPAP,8.094867540374125
MTR,0.9820070190264177
MTRR,6.858884307283281
MTTP,0.007766166769550529
MUL1,3.7175298447712577
MUSK,0.0002245824703923003
MUT,0.3354345050980549
MVD,64.18624362081724
MVK,2.604482444600089
MYBBP1A,73.00601772418712
MYCBP2,0.11982910607470841
MYLIP,11.710381956608048
MYLK,2.1755867475222765
MYLK2,0.02362229076182962
MYLK3,0.27157147587545455
MYLK4,0.10504089208754465
MYO3A,0.23151108729612888
MYO3B,1.073046169294083
MYO5B,56.74031228770331
NAA10,97.75392392107088
NAAA,6.430509069116389
NADK,11.418088822392995
NADSYN1,10.826388871520468
NAGA,24.173125716093097
NAGK,51.13969557447376
NAGLU,21.198353334192362
NAGPA,6.6908279533313495
NAGS,0.13020975527896858
NAMPT,667.419912464152
NANP,2.909768773753412
NANS,860.9390871255893
NAPRT,25.164291606310147
NAPSA,0.0075410366417651324
NARS,6157.8051580175115
NARS2,11.06913273184315
NAT1,2.8603358024795993
NAT2,0.07950588529633414
NCOA1,27.171314783342147
NCOA2,0.4551181481892815
NCOA3,1.9720089446948692
NCOA6,49.38518374307327
NCOR1,0.10626665480663795
NCOR2,1.1387593951654946
ND1,0.7496282848946749
ND2,6.647572110665278
ND3,3.518721426725826
ND4,15.91921099634504
ND4L,0.3354345050980549
ND5,3.9860139175064595
ND6,2.1511623729121254
NDST1,25.132082208944052
NDST2,6.450350213002235
NDST3,0.0002048270910605004
NDST4,0.024005586560330774
NDUFA1,904.4333473524962
NDUFA10,39.26738856726863
NDUFA11,80.82427297854024
NDUFA12,24.999520797017386
NDUFA13,1551.2902417834357
NDUFA2,11.565594874981691
NDUFA3,29.788047246037134
NDUFA4,20.72184447737297
NDUFA5,44.48757642215223
NDUFA6,60.829277853543715
NDUFA7,7.901826290161313
NDUFA8,123.03866012211394
NDUFA9,152.03203709079682
NDUFAB1,506.44389430969017
NDUFB1,65.33817953608902
NDUFB10,202.3452584431668
NDUFB2,314.6561220276059
NDUFB3,133.61489640330478
NDUFB4,115.76241968786238
NDUFB5,565.789087537535
NDUFB6,18.760672036525154
NDUFB7,122.79722836490222
NDUFB8,58.1217629302615
NDUFB9,67.67992213938167
NDUFC1,45.53355490456786
NDUFC2,11.245585445181439
NDUFS1,82.12698767967612
NDUFS2,83.81444455395032
NDUFS3,576.0569357024461
NDUFS4,170.35557448928603
NDUFS5,568.6233873505881
NDUFS6,39.02577472929626
NDUFS7,20.037196040257314
NDUFS8,77.54658424019132
NDUFV1,47.20770051493744
NDUFV2,70.32653139841591
NDUFV3,14.76206227009475
NEDD4,1.083504365433032
NEDD4L,6.38745320150652
NEK1,3.8922873713306663
NEK11,1.0545494840069412
NEK2,7.277486417379285
NEK3,1.7034355666392438
NEK4,4.880937449949828
NEK5,0.007083613482824254
NEK6,0.67315257420026
NEK7,26.38047573899432
NEK8,0.2954731337204908
NEK9,0.7781486816136571
NEU1,6.231225549370339
NEU2,0.07868648115252536
NEU3,0.8571586429071216
NEU4,0.08023968723894895
NEURL1,0.14715923590013888
NEURL1B,5.16199056809229
NGLY1,9.711205030412113
NHLRC1,7.163157654114242
NIT2,1067.143683463754
NKTR,7.470953436221015
NLK,8.175479885230715
NLN,154.32514501414
NME1,7465.645212105395
NME2,532.4072375996244
NME3,36.98108056646527
NME4,326.19452155144154
NME6,0.7211856540303251
NME7,1.454633518428889
NMNAT1,0.5574191453591987
NMNAT2,0.05170890595972908
NMNAT3,4.321172271090542
NMRK1,2.9351673795914386
NMT1,74.56542790920948
NMT2,1.4118456028721087
NNMT,26.876872650408348
NNT,33.3297590742406
NOL9,2.878117775469129
NOS1,0.00041955320794244606
NOS2,0.039030511732237684
NOS2P1,0.3354345050980549
NOS2P2,0.3354345050980549
NOS3,0.17477097971796043
NOX1,0.05076297011029322
NOX3,0.0009269901994918871
NOX4,0.07085150181319498
NOX5,0.037621138919134045
NPAS2,12.914065646048888
NPC1,39.74730883541486
NPC1L1,0.04175523714292926
NPR1,0.3713297960176166
NPR2,0.12213265864125987
NQO1,144.58324700808754
NQO2,244.49471187881355
NR1D1,3.483991409683644
NRF1,1.4907251061778333
NSD1,10.345896573812633
NSD2,0.8117852405670956
NSD3,0.8238692165195934
NSDHL,1286.0305183415057
NSF,98.9627269219849
NT5C,46.78936542356375
NT5C1A,0.0022058933291161337
NT5C1B,0.002637055575757025
NT5C1B-RDH14,0.037698419756150243
NT5C2,112.00653987399436
NT5C3A,4.209671716104311
NT5DC3,2.8392448089660816
NT5E,1.2514287888906108
NT5M,1.4611637047520547
NTAN1,8.225805885968704
NTRK1,0.008141085155545267
NTRK2,0.6272088774683738
NTRK3,3.4665657057188675
NUAK2,0.7598456981431185
NUDT10,0.0034888927379592544
NUDT11,0.004351708518081472
NUDT12,2.1138172967400255
NUDT2,9.467452530071524
NUDT3,3.677280500037986
NUDT4,0.03384170056985468
NUDT5,922.7250499894092
NUDT9,9.769721825537719
OARD1,11.970020898409903
OAT,1144.2608032780336
OBSL1,1.2602273244709348
OCRL,33.468701309404125
ODC1,7.665698310792398
OGA,13.207835039605774
OGDH,980.4278673408362
OGT,65.08046734870653
OLAH,0.09092375315852427
OPLAH,7.097222601556316
OTC,2.3305572451444374
OTUD5,46.950879919149216
OXCT1,408.5200322514145
OXCT2,0.013710238560593018
OXSM,6.037392038403393
OXSR1,18.015870233997227
P4HA1,63.612101582260685
P4HA2,146.88194717272137
P4HA3,0.13431744814196445
P4HB,1232.1721069648747
PADI1,0.1979086992249419
PADI2,159.88885776440216
PADI3,0.04948784317000873
PADI4,0.0008017575470481041
PADI6,0.3354345050980549
PAFAH1B2,359.37868941773615
PAFAH1B3,645.9212909353165
PAFAH2,1.8232347835998126
PAH,0.08855446838081042
PAICS,419.66102621043837
PAK1,52.145160862667296
PAK2,376.44498335072973
PAK3,0.3786590337489722
PAK4,0.8590149797159059
PAK5,0.1843105272396382
PAK6,1.059593117483649
PAM,1.096441818865306
PAN2,3.5136436704998553
PANK1,0.3366216304131905
PANK2,12.678458799748567
PANK3,12.467624837417057
PANK4,3.9862799933060376
PAOX,0.6607272013910432
PAPOLA,7.819504518975248
PAPOLB,0.6170802309922765
PAPOLG,4.17300113136915
PAPSS1,300.2111595864797
PAPSS2,7.5365803615761235
PARP1,237.07391171813745
PARP10,2.27957060208058
PARP11,0.1532555412807792
PARP12,2.460326543821825
PARP14,12.27975916150834
PARP15,0.01768430507178957
PARP16,5.204094025127251
PARP2,18.58362369079873
PARP3,15.073489277646766
PARP4,4.101546749300142
PARP6,24.612477378532148
PARP8,0.18361641945495882
PARP9,9.141790647438903
PARS2,4.787977417778112
PASK,1.4001042514058977
PBK,5.6883177058735095
PC,123.97999729707334
PCBD1,119.98109303664488
PCBD2,4.454545304649611
PCCA,8.211736987265054
PCCB,8.064931415014247
PCK1,0.0029792140058102707
PCK2,39.30159192644719
PCMT1,1664.026461894927
PCYOX1,103.9069482181349
PCYT1A,39.282007105981094
PCYT1B,0.031999152627483304
PCYT2,7.481202616972855
PDE10A,0.027243664336171616
PDE11A,0.003802808606987504
PDE1A,0.06783101437288556
PDE1B,0.8962468515617226
PDE1C,0.4921078151356331
PDE2A,0.06510718105215212
PDE3A,0.12865935090641967
PDE3B,0.11198223869850318
PDE4A,6.173771685451034
PDE4B,63.77693230141227
PDE4C,0.007099127915951232
PDE4D,0.2679727008403853
PDE5A,0.7641648583595618
PDE6A,0.008742555562548795
PDE6B,0.06481209086167851
PDE6C,0.0019972638350806674
PDE6H,0.001443841374507064
PDE7A,14.656208932932346
PDE7B,0.6649126159774915
PDE8A,16.623329966060357
PDE8B,0.8908171072543261
PDE9A,4.292592012275665
PDF,0.9967000032918034
PDGFRA,0.9175842119787068
PDGFRB,8.792433689075592
PDHA1,395.2463340354093
PDHA2,0.0006019845689001634
PDHB,73.22728634102633
PDHX,47.7280727814061
PDIA2,0.054138917714736425
PDIA3,1741.7126016728062
PDIA4,1282.1014419529663
PDIA5,69.95239799762618
PDIA6,1562.8080514232668
PDK1,1.7854972907303168
PDK2,13.375624932645078
PDK3,32.15725549170111
PDK4,0.5093719465241686
PDP1,3.314154886927609
PDP2,1.8401013383138631
PDPK1,1.4171998895294924
PDPR,3.6072188238501988
PDXK,19.616661965147127
PDXP,34.02045339209089
PDZD4,0.028165406483356963
PEAK1,3.70310022884867
PECR,53.06764043804577
PEMT,22.45550452269821
PEPD,49.570530159500514
PEX11A,6.915408783839333
PFAS,65.4103084725205
PFKFB1,0.013033016715113888
PFKFB2,3.1556444316197156
PFKFB3,7.028032900237742
PFKFB4,1.3656137549165546
PFKL,118.92929880482161
PFKM,46.453021572995674
PFKP,1013.202564563061
PGAM1,26.74735604682324
PGAM2,1.430704540332721
PGAM5,27.079493161284315
PGAP1,0.22613737836774872
PGD,2472.425904177408
PGGHG,0.02991860446325157
PGK1,1263.2683392526505
PGK2,3.2842509184518907
PGLS,1251.2511377391038
PGLYRP1,0.0010247929480908097
PGLYRP2,0.0038076461646812123
PGLYRP3,0.019776442242344972
PGLYRP4,0.14834868506574675
PGM1,600.9879935815068
PGM2,112.80939099397179
PGM2L1,0.9726184899216593
PGM3,94.67563981550221
PGP,57.571402315205624
PGS1,7.252424195249686
PHEX,0.9738176525170401
PHGDH,1824.5145975368762
PHKA1,0.37568542115532544
PHKA2,4.696184561767276
PHKB,15.546865551428052
PHKG1,0.8745399134324872
PHKG2,2.175831175513937
PHLPP1,1.1150695252306262
PHLPP2,0.6321957990678649
PHOSPHO1,0.01070424871801044
PHPT1,18.138539726387368
PHYH,29.36009980767375
PHYKPL,0.6462009571960334
PI4K2A,0.6736682404786505
PI4KA,2.1571987968217754
PI4KB,1.561994181825848
PIGA,6.728346438883289
PIGB,2.008023583146658
PIGC,63.37768633341599
PIGF,2.78770190984452
PIGG,2.417869212987767
PIGH,3.354960907148784
PIGK,11.242879922807097
PIGL,1.450895721319019
PIGM,10.542958668663875
PIGN,3.7493136578741293
PIGO,37.64658556745338
PIGP,5.506305653794458
PIGQ,28.136584981588022
PIGS,33.83660531647347
PIGT,9.999195862375727
PIGU,2.852180105811874
PIGV,3.9034319429055957
PIGW,12.127960104917562
PIGX,3.986281654605409
PIGY,152.32872959657917
PIGZ,3.4224873445982666
PIK3C2A,1.0926459217197877
PIK3C2B,3.809016139242587
PIK3C2G,0.6211108247807715
PIK3C3,0.20808744088089753
PIK3CA,33.66880668388543
PIK3CB,0.5691306404345443
PIK3CD,0.5712552939122543
PIK3CG,0.053735270744069
PIK3R1,3.584706468143768
PIK3R2,46.09338427368628
PIK3R3,47.86227793760099
PIK3R4,34.19380331466459
PIK3R5,0.19299482028109866
PIKFYVE,1.7369534293605196
PIM1,12.76799172197506
PIM2,10.999504050387289
PIM3,13.744241567575921
PIN1,645.6539155953938
PIN4,2.7809504186833793
PINK1,3.3690719918426715
PIP4K2A,9.090757516234609
PIP4K2B,10.552144480237496
PIP4K2C,26.061212063514603
PIP5K1A,0.5860292475831187
PIP5K1B,0.07598140145924583
PIP5K1C,12.834255730942973
PIP5KL1,0.08841457436240854
PIPOX,0.06749470477725672
PISD,0.9018568128065069
PJA1,22.49702528384415
PJA2,45.58577948306487
PKLR,0.00018761285356925855
PKM,541.3891072832749
PKMYT1,29.457711648301675
PKN1,84.94100384476832
PKN2,5.352978808969021
PKN3,0.47556688277933296
PLA2G10,0.006813950574238862
PLA2G12A,0.5571131500808427
PLA2G12B,0.0008441141416458496
PLA2G15,7.006236740920245
PLA2G16,2.533134904067756
PLA2G1B,0.015208202820388202
PLA2G2A,0.10160423190969886
PLA2G2C,0.3354345050980549
PLA2G2D,0.008181539054128635
PLA2G2E,0.10480083352838437
PLA2G2F,0.017105401618544066
PLA2G3,0.016124058463727338
PLA2G4A,59.596416514517
PLA2G4B,0.004359101003930431
PLA2G4C,0.2809245325599457
PLA2G4D,0.017480461012693616
PLA2G4E,0.12132771224114479
PLA2G4F,0.020941527219363935
PLA2G5,0.00038753400766024227
PLA2G6,2.500768580313846
PLA2G7,1.6170107443900583
PLB1,1.086003767734369
PLCB1,1.7245288708530997
PLCB2,0.6940314319448555
PLCB3,1.438379479581868
PLCB4,1.8660157941387892
PLCD1,6.3167897026026605
PLCD3,5.7188248234695624
PLCD4,0.3554973343471285
PLCE1,6.177042372361098
PLCG1,0.819251127768649
PLCG2,4.220727470328341
PLCH1,19.15665047501349
PLCH2,0.16006461259625607
PLCL1,0.4052120571859126
PLCL2,0.18289515997109124
PLCXD2,0.005078581003471204
PLCZ1,0.001609792484141123
PLD1,18.280280941309325
PLD2,7.374857665943697
PLD3,37.3243390246431
PLD4,0.029732497089200456
PLD6,0.9942508256166467
PLG,0.0003328862658301534
PLIN1,0.007728740976711527
PLIN2,187.7406823755476
PLIN3,91.68556658027957
PLIN4,0.04118464373838032
PLK1,12.564530589024317
PLK2,645.7720123183282
PLK3,1.2191160860502936
PLK4,5.543881298921886
PLOD1,49.38091554882085
PLOD2,74.89541154826958
PLOD3,54.07840191180999
PLPBP,1.3790311261442316
PLPP1,5.389883230682263
PLPP2,2.123055391477898
PLPP3,4.2032094621878
PLPP4,0.019762828557283812
PLPP5,0.0656688155578048
PLPP6,0.050042688733332445
PLPP7,1.1305815492037874
PLPPR2,0.3307009692228308
PLPPR3,0.9307949846236876
PLPPR4,0.11900942508124815
PLPPR5,0.012456429933028047
PLTP,3.2424443443624305
PLXNB3,10.425977017635882
PMM1,5.876507449547374
PMM2,358.73954555937553
PMPCA,35.890054682375826
PMVK,407.9053627593181
PNCK,0.8278099124955319
PNKP,36.18129048844137
PNLIP,0.0014383941162513588
PNLIPRP1,0.04876262171622993
PNLIPRP2,0.0005486884332273353
PNLIPRP3,0.018139233522564087
PNMT,0.046286385744819046
PNP,557.4087073019299
PNPLA2,42.578441427762336
PNPLA3,0.054524949975463546
PNPLA4,0.11515938814172176
PNPLA6,0.392756284016793
PNPLA7,0.7813236480102849
PNPLA8,6.934289081106239
PNPO,13.099167497832687
PNPT1,9.528113191521445
POLA1,13.609747561414531
POLA2,3.5981751116909044
POLB,19.186450619316133
POLD1,2.951991649566448
POLD2,18.44861966643615
POLD3,1.3331445446934813
POLD4,24.629310399362016
POLE,0.07039849513933805
POLE2,4.987598808371585
POLE3,60.39546145871463
POLE4,16.88116914581982
POLG,18.08791304319739
POLG2,5.129361004757706
POLH,10.71204601029121
POLI,1.9857980737872925
POLK,3.2420722875185928
POLL,4.429841479425022
POLM,9.404845431149749
POLN,0.01677716366869328
POLQ,0.550317223358132
POLR1A,2.7640587649558777
POLR1B,2.3510091334169996
POLR1C,40.234418296441234
POLR1D,46.25467224666848
POLR1E,43.93986556572898
POLR2A,3.0704445568279795
POLR2B,21.180766134324784
POLR2C,84.338159807387
POLR2D,54.00839622245389
POLR2E,31.647996878985044
POLR2F,44.51294369687578
POLR2G,35.46610476826215
POLR2H,783.4177046333664
POLR2I,29.943941125758933
POLR2J,21.9963760733613
POLR2K,238.70978825907193
POLR2L,236.18266117617287
POLR3A,0.3746324263556293
POLR3B,1.9674226883106989
POLR3C,2.0808093665624066
POLR3D,4.806932142930744
POLR3E,51.44005257468028
POLR3F,4.438644960776724
POLR3G,3.1899208721152705
POLR3GL,34.692362545088066
POLR3K,88.5454355184904
POLRMT,3.8521501858089406
POMGNT1,18.617306343184005
POMT1,2.823503693212812
POMT2,1.8221144084003276
PON3,19.775403509839556
POR,216.72606428459085
PPA1,1393.3369098346354
PPA2,368.93285886274583
PPARA,1.102996623040169
PPAT,12.109670596764028
PPCDC,2.27025301614227
PPCS,66.62376632716457
PPEF1,0.040695252379736965
PPEF2,0.000449068101834242
PPIA,1200.6624804408646
PPIAL4A,0.3354345050980549
PPIAL4C,0.3354345050980549
PPIAL4E,0.08009522462945401
PPIAL4G,34.08710135446094
PPIB,3691.3175183206968
PPIC,64.89311136434753
PPID,1079.2737133766714
PPIE,5.298239551891172
PPIF,454.3774140999872
PPIG,33.90506078188603
PPIH,1266.55720262163
PPIL1,209.94406322536813
PPIL2,0.9980425507422683
PPIL3,41.83511019159849
PPIL4,7.024192853542462
PPIL6,0.5565034127277185
PPIP5K1,0.6955535851930166
PPIP5K2,8.381968589739524
PPM1A,2.0730032435942713
PPM1B,16.00182437593941
PPM1D,14.393472883888117
PPM1E,0.01554392183410041
PPM1F,10.537726050161115
PPM1G,48.30326722772017
PPM1K,4.038105406626985
PPM1M,6.878010651903752
PPOX,4.630670833791011
PPP1CA,304.61988395695516
PPP1CB,617.9764905674476
PPP1CC,112.31325901657037
PPP1R1A,27.58570036247439
PPP1R1B,560.7572407100347
PPP1R2,181.9460955839864
PPP1R3A,0.0001217550304344415
PPP1R3B,6.835738910655128
PPP1R3C,2.370645467705848
PPP2CA,252.40523418292887
PPP2CB,19.365407653284286
PPP2R1A,881.4018777972076
PPP2R1B,16.923137812755147
PPP2R2A,50.572119624507856
PPP2R2B,0.0037017976583337284
PPP2R2C,0.017739366085802698
PPP2R3A,10.942403185408937
PPP2R3B,0.6420038496039078
PPP3CA,446.14635587680147
PPP3CB,27.831022279525108
PPP3CC,1.2358197315896717
PPP3R1,450.4685650622746
PPP3R2,2.4370537589271226
PPP4C,166.46642617131258
PPP5C,36.838559849607556
PPP6C,179.47146439752328
PPT1,10.023244960615203
PPT2,0.07281143367150236
PPWD1,14.950452474534709
PRAG1,0.3354345050980549
PRDX1,26463.231935126765
PRDX2,5872.744603690978
PRDX3,112.30203115045293
PRDX6,1456.4047053170277
PREP,348.5208080322964
PRKAA1,27.42742591546091
PRKAA2,1.182485743253332
PRKAB2,2.4501376366830265
PRKACA,290.3909977767903
PRKACB,26.630196504159144
PRKACG,0.012853358005053044
PRKAG2,10.056916857811572
PRKAR1A,34.052923482252766
PRKAR1B,5.63921592869625
PRKAR2A,36.58998352308024
PRKAR2B,116.80782581451946
PRKCA,0.2360818004331001
PRKCB,0.042308932008739225
PRKCD,4.051820642993038
PRKCE,1.5048657723218224
PRKCG,0.00019067255468396675
PRKCH,9.10824787642048
PRKCI,10.079987461717867
PRKCQ,0.048918784013192385
PRKCSH,899.0985106795019
PRKCZ,2.4556458818193034
PRKD1,0.03890818269459036
PRKD2,10.647880827556852
PRKD3,21.74429400380584
PRKDC,4.373430533354271
PRKG1,0.044641307704506576
PRKG2,0.11572348321613984
PRKN,0.21524163632635238
PRKX,42.19925907782954
PRKY,0.15087724705667105
PRODH,0.46638883177438395
PRODH2,0.047452249121563574
PRPF19,926.165364688693
PRPF4,289.00583381059516
PRPF4B,46.897377163692774
PRPS1,322.26376459845807
PRPS1L1,2.3613871972011884
PRPS2,166.11769010890453
PRRT2,0.1773850373357507
PSAP,52.03900191651664
PSAT1,439.7888851072322
PSKH1,5.583589833938004
PSKH2,0.11813839957802594
PSPH,1813.0573784782357
PSPHP1,0.3354345050980549
PTDSS1,44.651994607600194
PTDSS2,5.9597067176813985
PTEN,1.1002713615048412
PTGDS,2.9202678660408603
PTGES,146.87314276062637
PTGES2,56.8635514026874
PTGES3,6961.296021742735
PTGIS,37.454962262451865
PTGR1,265.65705405697463
PTGS1,1.2603651445180384
PTGS2,7.547243769330502
PTK2,5.801224019602631
PTK2B,2.4286752328329957
PTK6,0.5389067660266033
PTK7,7.811029007567261
PTP4A2,2.260271420356105
PTP4A3,22.499196517449697
PTPDC1,0.4515843392262115
PTPMT1,36.86567955966285
PTPN1,22.565908448138597
PTPN11,19.466416468427155
PTPN12,14.360826749924858
PTPN13,1.057104554132877
PTPN14,5.33098133459857
PTPN18,29.338720483816534
PTPN2,19.103493432770097
PTPN21,1.9799393228166418
PTPN22,5.079197566585298
PTPN23,9.983959450009571
PTPN3,3.0407112108220558
PTPN4,3.499509011509467
PTPN5,0.0005063783531784543
PTPN6,11.25193760844264
PTPN7,0.2451632081496212
PTPN9,0.7986067238511121
PTPRA,0.5406975855524782
PTPRB,0.053603713426602216
PTPRC,1.6152262757901952
PTPRD,0.27774684726510346
PTPRE,0.779624937260399
PTPRF,236.78242047066692
PTPRG,2.4364180470205876
PTPRH,0.02632843891465916
PTPRJ,8.712090888814837
PTPRK,196.06637026938932
PTPRM,0.34667929360795297
PTPRN,0.03214370061475361
PTPRN2,0.028281764199677352
PTPRO,0.06015865206974152
PTPRQ,0.014627737780798589
PTPRR,0.02130496072607616
PTPRS,21.716015518632364
PTPRT,0.004842832951644274
PTPRU,5.301657511214174
PTPRZ1,0.09685646743718467
PTRH1,2.309143579889048
PTRH2,2120.8064914959173
PTS,45.61099091649631
PUS1,9.189170008283305
PXDN,15.193976930274621
PXDNL,3.3404643966791965
PXYLP1,0.3900283303635837
PYCR1,31.07058583427984
PYCR2,450.57523261429594
PYCR3,18.52640291410028
PYGB,856.1855602959555
PYGL,61.91982849731979
PYGM,0.02658185445127476
PYURF,0.6402221518630032
QARS,561.7335982061584
QDPR,277.53106445361306
QPCT,2.9114854922709195
QPRT,5.447618250688822
QTRT1,37.34528011003135
QTRT2,3.0803803903498332
RAD1,3.1327635383315307
RAD18,4.998893981105358
RAD9A,3.2741890034664043
RAF1,0.37152052299898586
RAG1,0.2674217748049845
RALBP1,96.93527970857937
RARS,353.777030724646
RARS2,35.92607635144931
RBBP6,0.5767222130580127
RBKS,1.649023141141657
RBP1,3257.5447065702215
RBP2,0.0890207508917294
RBP4,0.14871000586428523
RCHY1,3.462204745437194
RCL1,16.70225007914951
RDH10,8.61813064323609
RDH11,340.5225891416966
RDH12,0.06217678419179049
RDH13,9.320269876488046
RDH14,1.7259059660662321
RDH16,0.03500719172702499
RDH5,0.0044766536009998815
RDH8,0.3354345050980549
REG3A,15.598236131061894
RENBP,3.5607927397668857
RET,1.2509435742023298
REV3L,43.62995216236174
RFC5,40.79716590252638
RFK,8.266493599839182
RFWD3,22.25145528998679
RGL1,8.253311617386721
RHAG,0.0003779081478467924
RHBG,0.4933092371585071
RHCG,1.3876843130108307
RING1,8.167143130749057
RIOK1,3.0233488360447427
RIOK2,0.2637843154493223
RIOK3,84.85348161269219
RIPK1,10.197258755084126
RIPK2,4.996374143404835
RIPK3,6.346212970332852
RIPK4,3.059565354244777
RIPOR1,1.8350848174091228
RNF103,11.816411088200761
RNF115,34.08158252332131
RNF123,6.117112289859244
RNF125,0.15767865587112742
RNF126,10.094376397996761
RNF128,0.7427711472376213
RNF13,50.270239208780865
RNF130,196.4429675131086
RNF133,0.0005692256026087934
RNF138,11.621955986522778
RNF139,28.01316120042572
RNF14,11.814243968363124
RNF144A,15.114991521213334
RNF144B,27.196204884724786
RNF146,45.86994930546615
RNF149,41.90132094913734
RNF152,1.0008328557044843
RNF167,93.14975415992176
RNF180,0.6987104496889359
RNF182,1.1323274729246169
RNF185,7.437240148065725
RNF187,121.10864784295194
RNF19A,51.230712433876185
RNF19B,20.34810024720054
RNF2,14.212360893339932
RNF20,3.9505464881515686
RNF216,20.351542212520393
RNF217,4.836404215126946
RNF25,6.690681567000646
RNF31,10.285508266966566
RNF40,1.8238313562200053
RNF41,7.063293599972832
RNF5,0.09013082658543353
RNF8,10.008045598513213
RNGTT,10.97140009355107
RNMT,98.5064673867599
ROCK1,10.823473511900524
ROCK2,13.214611125794226
ROR1,0.9231128262354888
ROR2,0.016517295655334736
RORA,1.7735935874630018
ROS1,0.06452981179236096
RPAP2,4.0064194100080694
RPE,60.760482711385905
RPE65,0.17038208850012118
RPIA,66.24905148775271
RPL14,1316.341544501602
RPN1,1733.0563417933022
RPN2,1056.2836995920625
RPP14,44.87646510370361
RPS6KA1,25.808312874302334
RPS6KA2,2.791957229490265
RPS6KA3,1.9827085529803434
RPS6KA4,0.4937587241095693
RPS6KA5,3.142909419548189
RPS6KA6,0.26108582942165526
RPS6KB1,3.7423686226687667
RPS6KB2,29.917788009586637
RPS6KC1,0.7256574282786229
RPUSD4,0.5096879936757329
RRM1,144.48055490152032
RRM2,13.456568268158945
RRM2B,5.823211407715558
RTCA,1.6973780629584712
RWDD2A,2.045052935164314
RXRA,7.530671841585682
RYK,16.660080490035433
SACM1L,7.963960645637845
SAE1,266.5233224195772
SAP130,1.5866015790100885
SARDH,0.06198829755649712
SARS,142.1941644961964
SARS2,9.932136706990377
SAT1,284.5668814496313
SAT2,12.925317052054709
SBK1,10.051730980172307
SC5D,1.7142905425756392
SCARB1,159.8091006659648
SCARF2,2.7358801764430725
SCD,68.61007599865324
SCD5,0.7233127918550896
SCLY,0.0096836342308495
SCP2,223.67027330431063
SDC1,17.812499422267933
SDHA,166.4253710115651
SDHB,192.589495583097
SDHC,17.250881238442886
SDHD,2.6994158851595906
SDR16C5,0.0014110193956461095
SDR42E1,8.4683470446475
SDR42E2,0.3354345050980549
SDR9C7,0.0004281719430989742
SDS,3.232130315429928
SDSL,1.4624758807094922
SEC11A,386.08167091653763
SEC11C,13.683223639932153
SELENOI,0.1784505883933933
SEPHS1,1136.9487077308813
SEPHS2,138.32336963532555
SERPINA1,4.731677294478612
SERPINA3,5487.27776713703
SETD1A,0.2639332246959708
SETD1B,4.753300991338687
SETD2,0.05816265462546455
SETD5,26.116209215078005
SETD7,7.9159395851293795
SETDB1,0.5633505043383916
SETDB2,1.4898898479047054
SETMAR,36.24099411531369
SFXN3,304.83134114301913
SGK1,37.49962946373764
SGK2,0.16052574599171796
SGK3,0.013508780107740835
SGMS1,3.748507730325696
SGMS2,1.5069873650379066
SGPL1,75.66081416606521
SGPP1,1.1780300118143983
SGPP2,2.1496168694705022
SGSH,5.024812922870706
SH3RF1,8.791660609926954
SH3RF2,1.8823432199078265
SH3RF3,0.927149023528157
SHMT1,213.13776668666702
SHMT2,988.7939324746419
SHPK,2.469760040753371
SHPRH,3.604292090158156
SI,7.57279433122352e-05
SIAE,1.056253412043772
SIAH1,3.519499812093015
SIAH2,52.37601961136725
SIK2,6.719146153446492
SIK3,3.137423224356751
SIN3A,10.735954481973693
SIN3B,0.10716898078846329
SIRT1,7.309521483966275
SIRT2,22.99228458226486
SIRT3,4.914258368474381
SIRT5,8.946876318812174
SIRT6,5.982082796969164
SIRT7,8.103501901433965
SLC10A1,0.05053369823063262
SLC10A2,0.058748703153154044
SLC10A6,0.024734045259513577
SLC11A1,0.9131148931130542
SLC11A2,37.62147504486305
SLC12A1,0.008745508911488476
SLC12A2,3.7871757385580516
SLC12A3,0.0003988993123421932
SLC12A4,0.13245849171385857
SLC12A5,0.005295665790306
SLC12A6,0.057439227142302915
SLC12A7,3.1009755275459145
SLC13A1,1.3898493503991496
SLC13A2,1.0641534401174246
SLC13A3,0.2844333704142638
SLC13A4,0.11555336103643142
SLC13A5,0.0059758053338285376
SLC14A1,0.0008256168677651517
SLC14A2,0.00011565761301819001
SLC15A1,0.12099761995420863
SLC15A2,2.6251760995028737
SLC15A3,12.597771826845447
SLC15A4,7.772873105091239
SLC16A1,8.590081216555141
SLC16A10,2.4117746799044837
SLC16A2,9.837924230788097
SLC16A3,13.02426900708916
SLC16A7,0.024376031040245938
SLC16A8,0.5968840200836505
SLC17A1,0.06505057075080632
SLC17A2,0.0007497695374061319
SLC17A3,0.0019558503707615515
SLC17A4,0.016758172785412122
SLC17A5,25.171559786428283
SLC17A6,0.0026186975772269977
SLC17A7,0.009407738429578986
SLC17A8,0.000961724145678672
SLC18A1,0.0009756618447840076
SLC18A2,0.7254874875605859
SLC18A3,0.012602546341027964
SLC19A1,8.556310437903155
SLC19A2,7.77231029932538
SLC19A3,0.6048589266055493
SLC1A1,0.3074189525666037
SLC1A2,0.8777220513331353
SLC1A3,3.7906219665255425
SLC1A4,6.465164643290989
SLC1A5,204.84184020844305
SLC1A6,0.07694788869193199
SLC1A7,0.002312048620386438
SLC20A1,25.79220985494198
SLC20A2,27.46001466016602
SLC22A1,0.028419991409652963
SLC22A10,0.10034501076203277
SLC22A11,0.20377100608576706
SLC22A12,1.368484858340572
SLC22A13,0.0024628286115168092
SLC22A16,0.3378663913765921
SLC22A18,0.4584293502269378
SLC22A2,0.00025997817172664187
SLC22A3,0.005745797790312949
SLC22A4,0.13574840014441086
SLC22A5,2.2816637195567795
SLC22A6,0.3332262579895881
SLC22A7,0.0017975234004138322
SLC22A8,0.6796964855365107
SLC22A9,0.11807453767167743
SLC23A1,0.014296694122997533
SLC23A2,3.3364889650614877
SLC24A1,1.676466290685456
SLC24A2,0.003656392597669397
SLC24A3,4.799054588006118
SLC24A4,0.005490635377857775
SLC25A1,552.2805212179372
SLC25A10,33.67361853471566
SLC25A11,623.6116143328225
SLC25A12,337.6136578403577
SLC25A13,418.48094212038467
SLC25A14,3.498529698975288
SLC25A15,7.227276676188115
SLC25A16,8.813357164996908
SLC25A17,14.098504370364006
SLC25A18,0.021700972861082073
SLC25A19,2.594921454903431
SLC25A2,0.0041453976323725635
SLC25A20,1.7925057414958663
SLC25A21,0.13949110259089254
SLC25A22,5.522808921261803
SLC25A26,2.747523389686723
SLC25A27,0.5253389056268356
SLC25A28,20.591089301398014
SLC25A29,32.458020755585224
SLC25A3,3985.081289573245
SLC25A37,19.191924816028543
SLC25A4,280.8841331489912
SLC25A5,10403.996151337391
SLC25A6,241.39869521574803
SLC26A1,0.05190340247021642
SLC26A11,1.2902134287411753
SLC26A2,13.231903759054802
SLC26A3,0.0010058220717352703
SLC26A4,0.039066036524954
SLC26A6,2.238969857571497
SLC26A7,0.38325784122583184
SLC26A8,0.04041979442731343
SLC26A9,1.4778481559852237
SLC27A1,2.0278401097174603
SLC27A2,0.10411052178110358
SLC27A3,5.1565839404716405
SLC27A4,1.906148031885058
SLC27A5,0.6558585063343068
SLC27A6,3.2377112263028778
SLC28A1,0.4239477971827713
SLC28A2,0.000267319852166364
SLC28A3,7.235552982423865
SLC29A1,152.2410817675888
SLC29A2,3.1244330840965278
SLC29A3,8.975291636787452
SLC29A4,6.548932182023348
SLC2A1,44.048022267140155
SLC2A10,0.816942087409519
SLC2A11,0.7674125885771621
SLC2A12,4.930341573258297
SLC2A13,0.5114224598484927
SLC2A14,0.01181718532856814
SLC2A2,0.7271472329221568
SLC2A3,1.5371738629937426
SLC2A4,0.08292224845461187
SLC2A5,0.46453280078490955
SLC2A6,0.47288690015495716
SLC2A7,0.02769435809366143
SLC2A8,2.757189617639307
SLC2A9,0.22184186191298683
SLC30A1,6.4086267693638534
SLC30A6,12.82685702211989
SLC30A7,15.519216604150818
SLC31A1,26.674564941993545
SLC32A1,0.0002511698952718969
SLC33A1,2213.704478723141
SLC34A1,0.00044028897772867244
SLC34A2,55.9349277239361
SLC34A3,0.002860138457369224
SLC35A1,61.4859738760253
SLC35A2,21.298242234568942
SLC35A3,7.229493894611094
SLC35B2,1.860140908104553
SLC35B4,1.7007539348757434
SLC35C1,18.753345102862898
SLC35D1,2.069787322321902
SLC35D2,7.330096134866395
SLC36A1,3.4015927670333976
SLC36A2,0.009220903292331993
SLC36A4,4.936437379719166
SLC37A1,10.821922776397196
SLC37A4,10.254074269525422
SLC38A1,110.4639971805755
SLC38A2,61.38844198635627
SLC38A3,41.33951210424533
SLC38A4,0.00036098667728363216
SLC38A5,1.3480049506837333
SLC39A7,8.131263955601183
SLC3A1,0.00029090655265036434
SLC3A2,83.86046302973718
SLC40A1,5.0074728711307905
SLC41A1,16.656922850519805
SLC41A2,1.62063823650253
SLC43A1,4.963811041291502
SLC43A2,18.597768031270363
SLC46A1,0.1401176669171815
SLC47A1,0.03052447484469095
SLC47A2,0.0019716334541331256
SLC4A1,0.0007066992006848245
SLC4A10,0.0017786070681988472
SLC4A2,10.37827419429912
SLC4A3,0.656995035019275
SLC4A4,0.002542307311939952
SLC4A5,1.5672301115928553
SLC4A7,0.2803602126777077
SLC4A8,0.011676206215594672
SLC4A9,0.000178996002738297
SLC51A,0.15730939956507933
SLC51B,0.1317954273752661
SLC52A1,0.11277172956640528
SLC52A2,0.09357936368667576
SLC52A3,0.28454763876001143
SLC5A1,3.6190845514254977
SLC5A10,2.115449078895291
SLC5A11,0.0845745154979851
SLC5A12,0.42464673261698827
SLC5A2,0.01124801151336593
SLC5A3,1.256822356554386
SLC5A5,0.012469895953698917
SLC5A6,175.92285586916225
SLC5A7,0.00025137696003018245
SLC5A8,0.01683723357749849
SLC5A9,0.02833938399161906
SLC6A1,0.028003685760487843
SLC6A10P,0.2849078969967013
SLC6A11,0.7974116731978682
SLC6A12,0.0035274582776059897
SLC6A13,0.0005173080243540839
SLC6A14,77.02134586509474
SLC6A18,0.020564936803086797
SLC6A19,0.00024952380650416177
SLC6A2,0.05436284785021533
SLC6A20,0.017808905481021632
SLC6A3,0.0001378896562809269
SLC6A4,0.2959485022495034
SLC6A5,0.10319845039380167
SLC6A6,0.3769756913076493
SLC6A7,0.04722346488247808
SLC6A8,37.75535810721816
SLC6A9,9.064910890484427
SLC7A1,15.979678763446646
SLC7A10,1.8867242796834962
SLC7A11,1.1493412015242739
SLC7A2,0.15707335497081867
SLC7A3,0.008915286118124824
SLC7A5,14.922575796975329
SLC7A6,1.0028368555235332
SLC7A7,1.3598515270245335
SLC7A8,2.5502544803422595
SLC7A9,0.017605327861925122
SLC8A1,0.1072354722888479
SLC8A2,0.008014581932895113
SLC8A3,0.00022204317677650031
SLC8B1,0.13932836983899105
SLC9A1,7.3594930426595315
SLC9A2,0.5442719374574733
SLC9A3,0.0357661589383257
SLC9A4,0.04489315569342045
SLC9A5,0.06144458893036331
SLC9A7,0.8670732799793094
SLC9A8,1.5908379747574173
SLCO1A2,0.0030781434063939105
SLCO1B1,0.001593214372432062
SLCO1B3,0.05954746912947922
SLCO1C1,0.0029815684691044
SLCO2A1,0.3998888713279584
SLCO2B1,2.2226499401073387
SLCO3A1,0.5571380483937972
SLCO4A1,0.895008265338765
SLK,23.542993677984168
SMARCD3,3.7433646653216393
SMG1,2.4815411994214305
SMPD1,18.010473434783123
SMPD2,16.74484984962703
SMPD3,0.020452581193344564
SMPD4,11.591998433274455
SMS,272.38442087518445
SMURF1,10.386400251038708
SMURF2,15.974197892941419
SMYD3,15.662387010401183
SNRK,8.051567332539943
SOAT1,9.722490174436665
SOAT2,0.007618290816849335
SOD1,2317.547584493762
SOD2,1045.0497230101394
SOD3,24.306401541407638
SORD,4.513890412642125
SPCS1,179.1418864795819
SPCS2,88.42486701502136
SPCS3,319.1453259195459
SPEG,2.310582056658829
SPHK1,62.44633030652615
SPHK2,0.6813676954834603
SPR,625.262244936483
SPRYD3,5.383149752802006
SPTLC1,28.578623759578015
SPTLC2,3.171729443362632
SPTLC3,3.439577191077628
SQLE,1.0935681325751099
SRC,10.108336107641625
SRD5A1,7.469016337106277
SRD5A2,0.3465187254623027
SRD5A3,25.32550416140738
SREBF1,53.654698039713665
SRM,249.3219934489808
SRMS,1.108488308988108
SRPK1,44.25615266088548
SRPK2,28.20156267241859
SRPK3,0.9396387279530996
SSH1,2.8978327965347184
SSH2,5.242601268376238
SSH3,8.308788575803067
SSR4,1242.6422082129554
SSU72,166.79324156493922
ST3GAL1,5.536665313022986
ST3GAL2,0.8027792910246436
ST3GAL3,0.995506319330091
ST3GAL4,7.4071267434172325
ST3GAL5,0.4964254138710806
ST3GAL6,6.343451447999065
ST6GAL1,356.9075121920515
ST6GALNAC1,0.002484754203562557
ST6GALNAC2,32.83789901895605
ST6GALNAC3,0.0172284870079952
ST6GALNAC4,4.263101298646237
ST6GALNAC5,3.9093492100419684
ST6GALNAC6,5.427130610036117
ST8SIA1,1.2367793552749236
ST8SIA4,0.5800598661979538
ST8SIA5,0.010201062111550988
STAMBP,24.55335343524122
STAMBPL1,0.23884320134470563
STARD3,32.08862588163917
STK10,0.6060009840887337
STK11,14.125306931364321
STK16,0.8389368096163478
STK17A,5.918308510480669
STK17B,3.0788417880267573
STK19,1.0174079824119888
STK24,91.32465994239438
STK25,3.8423656876596124
STK26,0.629690691282171
STK3,17.642502043730843
STK31,0.88955344716745
STK32A,0.010562417975071662
STK32B,0.012617284955008795
STK32C,0.08577194710965988
STK33,0.001105432758360997
STK35,10.872442409597152
STK36,1.1324670614913965
STK38,48.0096973320874
STK38L,76.04063444766234
STK39,6.191061954321599
STK4,0.7458669020575651
STRA6,0.3478258007523014
STS,2.1120067644826097
STT3A,18.0972312667841
STT3B,105.52037164726592
STUB1,49.66640502219231
STYK1,5.838516467902178
STYXL1,18.59554228718136
SUCLA2,116.27635254929653
SUCLG1,751.1565323502332
SUCLG2,537.7659562003944
SULT1A1,0.9687149431551753
SULT1A2,0.15871239251629782
SULT1A3,3.7503041530200782
SULT1B1,0.003087566457428033
SULT1C2,0.016851071941369415
SULT1C4,2.6795384022731397
SULT1E1,0.05678312067696664
SULT2A1,3.553854432798619
SULT2B1,0.32094157801162915
SULT4A1,0.8004253121220383
SUOX,7.924479514395141
SUV39H1,12.074693998547
SUV39H2,7.395319854385803
SYK,14.817103196345728
SYNJ1,0.028044546400558933
SYNJ2,0.07346996056123575
SYVN1,0.38016883952494185
TAF1,4.977939701676212
TALDO1,1319.3652900610427
TAOK1,5.312097822197712
TAOK2,6.698051032114996
TAOK3,32.11780493090588
TARS,962.9363212967335
TARS2,1.7781835835962525
TARSL2,9.207566068774845
TAT,0.006760729367681454
TBCB,169.7989866578086
TBK1,0.6953234046721455
TBL1X,17.228443526959452
TBL1XR1,33.61345620428294
TBXAS1,0.42436636021388474
TCIRG1,27.484254215117872
TDO2,2.4736985271633136
TECR,138.1640304178903
TECRL,0.11400593534832566
TENT2,0.15316461371698084
TENT4A,0.45357387630786017
TESK1,46.18159646745143
TESK2,1.6558187257760693
TFRC,472.1823946679754
TGDS,3.1904579209425985
TGFBR1,20.695006669347062
TGFBR2,9.884679845722696
TGM1,0.12857936697208971
TGM2,5.756661507075261
TGM3,0.04371948126840598
TGM4,0.0009564017161373933
TGM5,0.45262870305000347
TGM6,0.0002959431900247988
TGM7,0.0020748797456963592
TGS1,12.622928070827939
TH,0.008553351322592096
THNSL1,5.302623825430813
THTPA,3.637746862586042
TIAM2,2.3045203477153953
TICRR,0.05167590734814967
TIPARP,9.185620521036745
TK1,91.07879043398952
TK2,1.1921728993252276
TKFC,17.655218887752373
TKT,178.02677355245564
TKTL1,0.00021230769660106173
TKTL2,0.0005937976974544129
TLK1,7.785845199222062
TLK2,0.34602591259137505
TM7SF2,4.596037535416144
TMEM91,0.9810813386657212
TMLHE,0.015053414958188086
TMX3,4.508562281977373
TNFRSF21,46.07309246212574
TNIK,0.03903457259181076
TNK1,5.081734663004053
TNK2,18.611451079752815
TNKS,1.881632113393647
TNKS2,21.690463089048272
TNNI3K,0.3354345050980549
TNS2,1.434061794943761
TOPORS,7.02826593467703
TP53RK,2.5602784104092957
TPH1,0.024491655357237633
TPH2,0.0007565152412886078
TPI1,13130.91706262574
TPI1P2,26.089018139481766
TPK1,0.05164156087980272
TPMT,14.686866156659695
TPO,0.00238133386902515
TPP1,53.849036278477435
TPSAB1,0.3080766163155553
TPSB2,0.2633516705396038
TPSD1,0.030923681038097263
TPST1,6.125845734378724
TPST2,2.315804977003223
TPTE,0.010614368402596738
TPTE2,0.003141716102731016
TRAF7,155.7169514443542
TRDMT1,0.7452757332812476
TREH,0.0010648919450316065
TREX1,3.0892705587106004
TREX2,0.5263193483752561
TRHDE,0.16805755992133736
TRIB3,7.525098480626972
TRIM11,24.61548766441718
TRIM32,1.801263107800273
TRIM33,4.453870932863366
TRIM63,0.5828185949801588
TRIO,0.8481034359860298
TRIP12,21.086402471338886
TRIT1,14.13422811459552
TRMT1,4.9463931064459326
TRMT11,14.976575992661036
TRMT1L,6.147082339997649
TRMU,1.247043229920716
TRPM6,0.5963757692486987
TRPM7,1.6990815100588617
TSSK1B,0.003337017243504062
TSSK2,0.0231714118888251
TSSK3,0.3238138465812538
TSSK4,0.1354881734901563
TSSK6,0.19036659614416077
TST,25.527426042726386
TSTA3,284.41363483041744
TTC3,18.539105143464692
TTK,0.9719449226507785
TTL,2.543437263709372
TTLL10,0.007158938745731078
TTN,0.019818602635296688
TUSC3,1.938122938611484
TUT1,0.44921382754950173
TUT4,0.6950417161591614
TUT7,0.1907089895411479
TXN,1404.0015466149803
TXN2,35.128336757566146
TXNRD1,137.69802556197357
TXNRD2,7.159445611543324
TXNRD3,1.39960831781894
TYMP,36.79924904640041
TYMS,219.48304140692835
TYR,0.00034295745640410805
TYRO3,0.8696709474540975
TYRP1,0.19111561348885042
UAP1,125.31131793237503
UAP1L1,4.03247362318813
UBA1,1020.6608309286053
UBA2,250.9185112781464
UBA3,76.02756867603311
UBA6,95.90796641496634
UBA7,9.624307274295596
UBE2A,79.62038039867791
UBE2B,26.165302590588578
UBE2C,8.27775228121716
UBE2D1,7.275163250299518
UBE2D2,34.044436148154865
UBE2D3,1086.1896109562538
UBE2D4,12.165325053912158
UBE2E1,49.69826596615105
UBE2E2,2.005895292468228
UBE2E3,16.80153853488725
UBE2F,0.7127499773124186
UBE2G1,17.339174733683603
UBE2G2,4.836351408161954
UBE2H,223.90575685941897
UBE2I,3207.5891824605633
UBE2J1,21.980611909983583
UBE2J2,12.735932547997377
UBE2K,389.3462612015666
UBE2L3,875.5137199872463
UBE2L6,66.06568904728842
UBE2M,89.42278331189897
UBE2N,45.213898188048944
UBE2NL,12.056523002433389
UBE2O,10.50597316927328
UBE2Q1,7.424696882392509
UBE2Q2,4.951819397012192
UBE2QL1,0.007372871846119114
UBE2R2,8.802635744324727
UBE2S,16.55333149071264
UBE2T,17.111599463785954
UBE2U,0.0755761841867185
UBE2W,4.21389414356502
UBE2Z,103.21137217324919
UBE3A,14.72911767622732
UBE3B,8.990115305370283
UBE3C,8.758934649422146
UBE4A,1.3066295418488745
UBE4B,1.8515632727515203
UBLCP1,111.20201134465555
UBR1,0.27587038694591687
UBR2,3.5330162169741577
UBR3,0.045600771841686906
UBR4,5.689477329839763
UBR5,1.2358663294824792
UBR7,47.12154785764614
UCK1,7.272814529662004
UCK2,9.853401278731765
UCKL1,19.69465804081991
UCP1,0.01807647311351897
UCP2,20.518880085858918
UCP3,0.07461045838242741
UEVLD,8.364640253918221
UGCG,3.3176208835518977
UGDH,43.091733466615786
UGGT2,0.3580777759692594
UGP2,3914.2890208454824
UGT1A1,0.5818457107151666
UGT1A10,0.14272264379251745
UGT1A3,1.0114790584917612
UGT1A4,0.0951329295757727
UGT1A5,0.4044927492424471
UGT1A6,0.17846484523713252
UGT1A7,0.817507176308654
UGT1A8,0.1293154038699776
UGT1A9,0.11549856641655931
UGT2A1,0.3354345050980549
UGT2A3,1.2389146853275619
UGT2B10,1.2536713325042186
UGT2B11,0.0004492541733392251
UGT2B15,0.6704297803167216
UGT2B17,0.6033232516115735
UGT2B28,0.002880895370287806
UGT2B4,0.000334229693488468
UGT2B7,0.021381645831407513
UGT3A1,0.12021469926971337
UGT3A2,0.0013221612205695313
UGT8,20.000600845476622
UHMK1,35.04885832440145
UHRF1,2.2770554664431577
UHRF2,15.290715147533893
ULK1,8.076409760573183
ULK3,12.721110276660172
ULK4,0.13552712237921535
UMPS,156.3044982137417
UPB1,0.004312219521397208
UPP1,0.6963514168141602
UPP2,0.00025048177817016756
UPRT,5.397748277755837
UQCR10,33.72093119232728
UQCR11,48.891422118151624
UQCRB,40.90832691224562
UQCRC1,1743.2615497925558
UQCRC2,7237.666646852412
UQCRFS1,441.4826242693953
UQCRH,125.27926515421713
UQCRQ,48.057439331083145
UROC1,0.16551260261649578
UROD,26.168217309198663
UROS,45.736231433241905
USP1,222.25679787954152
USP10,10.781649374719525
USP11,44.56397805419494
USP12,6.473297624129085
USP13,13.450735561003764
USP14,209.6019326640893
USP15,3.3439718240341403
USP16,32.70480670150013
USP17L2,0.7544524097088302
USP17L22,0.04998256910149056
USP17L30,0.050968258904732194
USP17L5,0.050968258904732194
USP17L9P,0.3354345050980549
USP18,11.789921339011686
USP19,0.9194650444023424
USP2,0.3694437328109908
USP20,5.7784418301753115
USP21,17.977028497042994
USP22,85.11620893485795
USP24,2.5831965193130504
USP25,0.10183322972068613
USP26,0.008401795811358876
USP28,5.119329501065395
USP29,0.08228852752006045
USP3,1.0525095124735782
USP30,0.1984867442720692
USP31,4.844838392201047
USP32,0.9485656510733462
USP33,25.525430501774895
USP34,44.516257738753005
USP35,0.561587257994093
USP36,7.219835819357887
USP37,3.601255196286791
USP38,10.718501033398079
USP4,2.69942042775694
USP40,0.2929187043091378
USP41,0.01834435481333142
USP42,8.648172956813244
USP43,0.6184019666817251
USP44,0.06494150366883918
USP45,1.622673353474407
USP46,2.387167339380464
USP47,5.090811805641698
USP48,0.2264031423536475
USP49,1.5670316943063376
USP51,1.3255272315078355
USP6,0.09225941881470888
USP7,75.39193518063655
USP8,0.3642669139769391
USP9X,10.392628125331646
USP9Y,3.666968706397356e-05
UST,0.3980642322934365
UXS1,33.173491721997834
VARS,53.62807647159228
VARS2,10.724852907137722
VKORC1,98.45458241332311
VNN1,0.679538888042433
VNN2,0.4120262256361543
VNN3,0.11433776398925909
VRK1,137.26148772068862
VRK2,15.289348393141273
VRK3,20.87410147273981
WARS,1597.6065573545895
WARS2,25.387106970625645
WDYHV1,30.598345179581365
WEE1,19.85319611940535
WEE2,0.0009291315060026984
WNK1,4.723290632736882
WNK2,3.1618252171606915
WNK3,0.446522052553324
WNK4,4.807413394443313
WWOX,3.7245069217802564
WWP1,4.79671147272592
WWP2,0.1231987511005237
XDH,9.867407830338045
XPO6,0.4972131951219274
XPO7,19.491946340491552
XYLB,2.6701920630750156
XYLT1,6.574617051973049
XYLT2,4.492703367490856
YARS,3183.5952795727485
YARS2,46.91527579047006
YES1,299.1899122818557
ZADH2,1.2279656319559233
ZAP70,0.2380418375189998
ZC3HAV1,3.4046711765472213
ZNRD1,1.5966579055257792
ZNRF1,5.986970099072948
ZNRF2,6.172326132891314
ZSWIM2,0.015679988656711358
