A4GALT,4.942799797943362
A4GNT,0.1286816957820679
AACS,74.08773032759375
AADAC,0.0006205197406953801
AADAT,1.2982547249748588
AAK1,12.609031612109415
AANAT,0.005816008989318207
AARS,390.5517163453402
AARS2,4.259581696063355
AASDH,1.2389663335982712
AASDHPPT,8.69555920528332
AASS,0.8875910912361337
AATK,0.24105559067790028
ABAT,1.0525284049298778
ABCA1,11.581622649687016
ABCA3,15.774494310891306
ABCA4,0.0032106421098687496
ABCA8,0.4862155583315338
ABCB1,26.427846305765957
ABCB11,0.04664320692677182
ABCB4,0.07260139959215771
ABCB6,20.922131804305845
ABCC1,1.0202523245515758
ABCC11,0.002090627482269277
ABCC2,23.31707833477329
ABCC3,142.15229211845767
ABCC4,4.393075802186728
ABCC5,2.5827577199921268
ABCC8,0.0024903186010535637
ABCC9,0.6705968418334468
ABCD1,16.795472290848874
ABCD2,0.09911914901506617
ABCD3,61.18139054114662
ABCG2,0.5957930334621969
ABCG5,0.00028361725033071097
ABCG8,0.026673876708283938
ABHD12,47.2420600885782
ABHD5,1.2442199652700943
ABHD6,11.100020987389062
ABL1,11.741471482023588
ABL2,1.5363081053996932
ABO,0.9358682417347078
ACAA1,58.49583590167248
ACAA2,301.30812973727467
ACACA,9.107932142585614
ACACB,6.673925279558394
ACAD10,20.940012058209696
ACAD11,0.6764144918576807
ACAD8,28.68020279404838
ACAD9,360.96815509412914
ACADL,14.926296062391943
ACADM,59.347175073537585
ACADS,119.8292950734523
ACADSB,99.96277061975421
ACADVL,675.2093211728567
ACAT1,209.09063495630804
ACAT2,6.403092199258223
ACE,9.620397528744423
ACE2,195.75304127536586
ACER1,0.0010980202105531783
ACER2,0.12414474977188919
ACER3,2.5297295086703295
ACHE,0.25892893751985613
ACLY,252.6372992805849
ACMSD,185.74818087155634
ACO1,32.86362659155998
ACO2,144.2031037015326
ACOT1,7.535714768301704
ACOT11,1.7591830561844228
ACOT12,0.0004535431064309814
ACOT13,5.718086691638596
ACOT2,17.31287714623352
ACOT4,2.8057396115698627
ACOT6,0.1382137840537609
ACOT7,32.857543798588914
ACOT8,12.57508594352213
ACOX1,2.9112272440731135
ACOX2,4.986437088382525
ACOX3,3.8927128435249125
ACP1,5540.062598192171
ACP2,11.65463318914085
ACP4,0.0036202735317779565
ACP5,753.5311672195314
ACP6,9.439820569959837
ACP7,0.44999467512671487
ACPP,0.08457850425371079
ACSBG1,0.009570185705706197
ACSBG2,0.0505571021081561
ACSF2,71.6059521294101
ACSF3,5.805437442071827
ACSL1,173.47280921298812
ACSL3,2.7020117679767375
ACSL4,2.850512009493838
ACSL5,6.532344097848565
ACSL6,0.071670448734505
ACSM1,0.175029771180369
ACSM2A,173.96482635839473
ACSM2B,211.45753287671693
ACSM3,29.24933959519487
ACSM4,0.0015199743490605952
ACSM5,8.939367010969994
ACSS1,41.96251880883071
ACSS2,30.410427548055925
ACSS3,11.211190771390346
ACVR1,8.560605677147512
ACVR1B,24.071735086361002
ACVR1C,0.0012270737540706542
ACVR2A,0.6896371474896179
ACVR2B,0.23095761992984382
ACVRL1,11.60693823252467
ACY1,29.062447686991426
ACY3,249.62820394793593
ACYP1,2.706054173784745
ACYP2,2.928676773292866
ADA,6.957866588681157
ADCY1,0.06654688393939577
ADCY10,0.008417963915919958
ADCY2,0.05873158206590108
ADCY3,6.33221043562769
ADCY4,1.7470610763162626
ADCY5,2.5021132505779473
ADCY6,11.10389335974887
ADCY7,7.575580601336666
ADCY8,23.73914993576391
ADCY9,3.578788883738185
ADH1A,0.120428199976736
ADH1B,13.464562623857862
ADH1C,0.04869514289843605
ADH4,0.009624571218572792
ADH5,379.32907599822886
ADH6,1.2537617325662915
ADH7,0.11332845673771044
ADHFE1,7.0919859673686965
ADI1,177.68060330164042
ADK,7.754710286373705
ADO,12.753055537691253
ADPGK,72.9497116711468
ADPRH,21.566289520056042
ADSL,689.3811559659694
ADSS,77.81916481492378
ADSSL1,18.225956714050906
AFMID,12.866299812970004
AGA,69.390804909682
AGK,10.576252506464076
AGL,0.31463770290196585
AGMAT,10.65822090513978
AGPAT1,1.9738022554037378
AGPAT2,47.29021175084989
AGPAT3,17.25275490883645
AGPAT4,0.17020334328038098
AGPAT5,5.9381799672407505
AGPS,34.449198880083415
AGT,940.9002102836308
AGXT,1.3350880822238358
AGXT2,49.28672144262999
AHCY,11863.820866946453
AHCYL1,25.417201748970513
AHCYL2,5.883264054551145
AICDA,0.22156264700465272
AK1,44.89228538807398
AK2,450.7057944448582
AK3,9.151574643706661
AK4,731.845773836296
AK5,0.00422976475722691
AK7,0.5021165212883257
AKR1A1,512.7561601771414
AKR1B1,1041.3222521293062
AKR1B10,0.5111084386833694
AKR1B15,0.0016844361171253527
AKR1C1,2.2872306178595183
AKR1C2,0.4889334107170965
AKR1C3,79.3257640169717
AKR1C4,0.02806003843693208
AKR1C8P,0.3354345050980549
AKR1D1,0.0007960216703812803
AKR7A2,325.2445514516377
AKR7A3,3.6788739194834266
AKT1,6.192122052930601
AKT2,1.4946392409817355
AKT3,2.036803624244312
ALAD,237.29215511182966
ALAS1,22.89618017845221
ALAS2,0.013742944996031953
ALB,0.04244125843059291
ALDH18A1,235.37853880575886
ALDH1A1,1720.8493136903248
ALDH1A2,0.5244921836088927
ALDH1A3,2.8307943655505823
ALDH1B1,13.900873785162256
ALDH1L1,61.72429682761654
ALDH1L2,0.08340645738387933
ALDH2,1649.7061228656355
ALDH3A1,0.2406027934086017
ALDH3A2,155.6083481632925
ALDH3B1,66.78617761408485
ALDH3B2,0.06025565155656529
ALDH4A1,133.99017580850193
ALDH5A1,9.772578907044796
ALDH6A1,15.564134624714274
ALDH7A1,21.136869965927673
ALDH9A1,937.6763059136305
ALDOA,11768.401508074625
ALDOB,18.744897215116016
ALDOC,208.20417321333622
ALG1,3.2570292135409797
ALG10,0.3231547719279919
ALG11,1.0152513033279191
ALG12,30.500387381083137
ALG13,3.1699658377813353
ALG14,13.01696829467713
ALG1L,0.06705344122649448
ALG1L2,0.001301178069115667
ALG2,46.58624911462713
ALG3,2.108764330200501
ALG5,53.771538802381826
ALG6,2.639151216091327
ALG8,22.13965294718214
ALG9,3.2227938500499684
ALK,0.05193702479397953
ALLC,0.09874098907430014
ALOX12,0.3194709883203754
ALOX12B,0.13723687750162106
ALOX15,0.017006527344520236
ALOX15B,2.4442875192445066
ALOX5,29.95475845445638
ALPG,2.1334538652401167
ALPI,0.11497180262532539
ALPL,234.14303189298607
ALPP,0.12394730653401177
AMACR,245.60981028119065
AMD1,30.052981208395778
AMDHD1,0.08443858085193429
AMDHD2,15.049135027005578
AMFR,0.49658268389113697
AMHR2,0.003807527849888932
AMN,198.23575635381061
AMPD1,0.011527127222970274
AMPD2,8.567230299999823
AMPD3,8.21324294004778
AMT,7.075604065424431
AMY1A,8.842371339100488e-05
AMY1B,2.6438139326066277
AMY1C,2.6438139326066277
AMY2A,0.010497751580219454
AMY2B,0.7306421312947904
ANAPC11,55.878607254619816
ANGPTL4,3374.166973441414
ANKRD1,0.3574558777439307
ANPEP,353.24548302027256
ANXA3,30.856200282226148
AOAH,18.95741137115725
AOC1,0.022327631781835014
AOC2,0.04108333192110479
AOC3,12.849041322294655
AOX1,9.893159407492186
APOA1,0.09264171459486767
APOA2,180.33762034675766
APOA5,0.00047328797945234727
APOB,1.1359376308770224
APOC1,18579.14323272446
APOC2,27.211319250515267
APOC3,46.87519708233557
APOE,26176.242045307456
APRT,1731.4060435364704
AQP1,1896.9950107840232
AQP10,0.0005288836133009493
AQP2,0.0004219334290569372
AQP3,200.0664497475447
AQP4,0.24503215516682955
AQP5,0.0025825477777454784
AQP7,2.557135027523937
AQP8,0.0041942670824228
AQP9,0.988642077459691
ARAF,1.1073473771727458
ARCN1,200.66473952363995
ARG1,0.0034449074052046004
ARG2,31.43717521669119
ARSA,19.61700009391882
ARSB,15.841303522810342
ART1,0.00882776307158724
ART3,0.000557381638525588
ART4,0.9919574994452756
ART5,0.20560113949033673
AS3MT,0.04145516357189948
ASAH1,192.38928434236584
ASAH2,0.003603338559244774
ASH1L,0.010967288825906007
ASL,509.1085453825144
ASMT,0.0566304971118221
ASNS,282.73932744822605
ASPA,8.004040035329888
ASPG,63.49591065351799
ASPH,494.84791855234215
ASRGL1,91.02285457556152
ASS1,356.96757155392044
ATE1,4.930999190189704
ATIC,766.23922009
ATM,1.0540759880404584
ATP10A,1.6203287687709946
ATP11A,21.853040909631083
ATP11C,3.725468589108597
ATP1A1,122.47854924223438
ATP1A2,0.16762583151852187
ATP1A3,0.11189099190372552
ATP1A4,0.0012632643175438472
ATP1B1,971.3035656149324
ATP1B2,0.9720443853694014
ATP1B3,24.82056118749882
ATP1B4,0.0009590398699032147
ATP2B1,9.454735236229062
ATP2B2,0.08487645246673055
ATP2B3,0.008289164077793893
ATP2B4,27.519949928327154
ATP4A,0.0005339003688254408
ATP4B,0.001899658842791504
ATP5F1A,124.53265572432873
ATP5F1B,167.30632217246165
ATP5F1C,21.50971022167614
ATP5F1D,155.46511749348954
ATP5F1E,125.55773209538297
ATP5MC1,4.311892001287344
ATP5MC2,2.868050998110428
ATP5MC3,5.997867959791037
ATP5ME,117.38991896387836
ATP5MF,1.481717785000078
ATP5MG,179.57272888452187
ATP5MGL,23.718922705117464
ATP5PB,5.524565248774745
ATP5PD,6.7181129554220975
ATP5PF,4.959033242795014
ATP5PO,42.13932100131758
ATP5S,0.3354345050980549
ATP6V0A1,2.4377913635276243
ATP6V0A2,0.5641808479387752
ATP6V0A4,0.03078314165459858
ATP6V0B,392.6224841059958
ATP6V0C,776.6067891543163
ATP6V0D1,461.20757181057974
ATP6V0D2,2.37614932447148
ATP6V0E1,844.8653883160466
ATP6V1A,212.27030245673814
ATP6V1B1,0.05896686278862208
ATP6V1B2,750.9222112221659
ATP6V1C1,43.56703997516248
ATP6V1C2,0.04763057557914498
ATP6V1D,60.64628670193318
ATP6V1E1,147.25772152662407
ATP6V1E2,0.33414442299902447
ATP6V1F,92.24990122146754
ATP6V1G1,32.402624743522644
ATP6V1G2,0.003113201218456932
ATP6V1G3,0.002196039849365799
ATP6V1H,35.48579606727747
ATP7A,1.1951523054493356
ATP7B,4.39086712662346
ATP8A1,2.3914494333485266
ATP8B1,0.9253301489496554
ATP8B2,3.566312670773466
ATR,0.021360067422563005
AUH,3.3210824222857305
AURKA,0.02707658805450563
AURKB,0.7499216665220978
AURKC,0.316368317686859
AWAT1,0.0633604788899994
AWAT2,0.6905945531355334
AXL,0.0897380850527269
AZIN2,0.7963414524148358
B3GALNT1,7.56912435159289
B3GALNT2,1.2601736212510963
B3GALT1,0.0011039634682400833
B3GALT2,0.06717613940568044
B3GALT4,0.29976441327778386
B3GALT5,0.08132088178730172
B3GALT6,9.753299509828215
B3GAT1,0.10000391771174293
B3GAT2,0.18502305591754267
B3GAT3,45.58743963296167
B3GLCT,0.7866139610071975
B3GNT2,19.949809559397604
B3GNT3,13.393887152740666
B3GNT4,15.701504560075817
B3GNT5,3.548264664862207
B3GNT6,0.0034415353159408745
B3GNT7,0.6848369309343098
B3GNT8,0.7726823723049155
B3GNT9,1.8400703168658958
B3GNTL1,3.1864651964443476
B4GALNT1,0.06331872863898326
B4GALNT2,3.932303694483849
B4GALNT3,0.5548766493082744
B4GALNT4,0.9567773111422133
B4GALT1,72.98157161181486
B4GALT2,23.441916066773977
B4GALT3,21.444303812787666
B4GALT4,13.919326961734628
B4GALT5,40.1801311042676
B4GALT6,0.184529033548197
B4GALT7,48.713274698090174
B4GAT1,2.277812689362301
BAAT,0.007472655785302318
BARD1,0.22474632861043872
BBOX1,60.83314983252674
BCAP31,2150.0208469826234
BCAT1,0.6757124742675203
BCAT2,16.63816052922667
BCHE,0.005798020329773897
BCKDHA,13.99611469035544
BCKDHB,2.2915572654559777
BCKDK,108.11671407158732
BCO1,0.06461878427195712
BCR,0.5409284368281773
BDH1,0.2725727952684048
BDH2,12.163395186413675
BHMT,499.66816138442675
BHMT2,454.087665262938
BIRC6,2.6569828409025225
BLK,0.30227400283963696
BLVRA,1778.405793340413
BLVRB,2873.1677236169025
BMP1,9.811844380984246
BMP2K,0.7615578085180139
BMPR1A,0.8946163136918518
BMPR1B,0.016702341625205334
BMPR2,5.417501489109396
BMX,0.41686878844675035
BPGM,14.532306895203742
BPNT1,10.131863106752522
BRAF,0.6958214094879114
BRAP,0.20643116679211565
BRPF1,2.5006787888180377
BRSK1,0.14161152351553208
BRSK2,0.006318771944126452
BSCL2,2.2722337043874354
BSG,267.0799222386215
BTD,8.726999119105471
BUB1,1.1267003964472322
BUB1B,0.06525522919669433
C1GALT1,6.286583735611274
CA1,0.0035345724872508956
CA12,813.2514545253217
CA13,5.0847616814900425
CA14,0.07283070060524474
CA2,46.06451308331862
CA3,0.09599495542392684
CA4,9.092718912442198
CA5A,0.01167761881756058
CA5B,0.2531134623007555
CA6,10.425839500790367
CA7,0.1495136882661207
CA8,0.005137055872259616
CA9,1121.261569288208
CAD,27.588290941251806
CALM1,188.58979558360352
CAMK1,10.321589671261854
CAMK1D,0.8762564341340981
CAMK1G,0.21825106746482334
CAMK2A,0.002545585598337589
CAMK2B,0.007049372454764906
CAMK2D,103.67586912137459
CAMK2G,6.48664679041562
CAMK4,0.33937037737075826
CAMKK1,1.6204564549879377
CAMKK2,13.39209998935473
CANT1,13.675259657104164
CARM1,10.442994897389003
CARNS1,0.02769400801861182
CARS,16.167587166728126
CARS2,22.996033153734178
CASK,13.486729532708802
CAT,274.91604000932955
CBLC,0.3871395526544635
CBLL1,4.040848384583384
CBLL2,0.027434690025870352
CBR1,37.13722430216626
CBR3,37.462014336853414
CBR4,24.65025918677316
CBS,0.42846267111520847
CBSL,0.3354345050980549
CBX1,77.91369319825502
CCNB1IP1,25.79114509192892
CD36,22.249170940046977
CD38,2.261677100501117
CDA,30.66898525662856
CDC14A,0.4890690244735847
CDC14B,1.5680365478589622
CDC25A,0.08269739152230048
CDC25B,7.540581033527693
CDC25C,0.3080802856971276
CDC34,6.494579789691711
CDC42BPA,1.0612038835484938
CDC42BPB,2.7433327673139307
CDC42BPG,1.7567271887892628
CDC7,0.3206555290789367
CDIPT,154.94202213885936
CDK1,1.5716967473336108
CDK10,51.250079967094514
CDK11A,1.6895917165432244
CDK11B,5.521200390944939
CDK12,3.079868325021065
CDK13,7.425499754879414
CDK14,15.272134843686102
CDK15,0.007040376716903794
CDK16,19.99997080118688
CDK17,4.596118949172038
CDK18,246.9256602166695
CDK19,4.881666511750134
CDK2,6.270650320608015
CDK20,1.907173847831314
CDK3,1.5727061588340354
CDK4,14.211554053385708
CDK5,41.29381676440245
CDK6,13.028493052290457
CDK7,76.50671424651907
CDK8,2.0350987263792155
CDK9,23.358254079511504
CDKL1,9.172128852315675
CDKL2,0.3774060466266123
CDKL3,0.3735492259672883
CDKL4,0.0124926335095224
CDKL5,0.23820587293888967
CDKN3,1.5216661077869111
CDO1,0.07715736883256767
CDS1,3.063786144030687
CDS2,9.416412790835338
CDY1,0.256335927830294
CDY1B,0.256335927830294
CDY2A,0.04923577690024244
CDY2B,0.04923577690024244
CEL,0.013272421840365896
CEPT1,5.570671545257679
CERCAM,22.120824024647533
CERK,31.921688122109185
CERS1,0.020208063671182358
CERS2,954.4415841298331
CERS3,0.011714556227879843
CERS4,41.416874569786884
CERS5,31.704540404509274
CERS6,2.071769428380332
CES1,9.933897026851776
CES2,93.58784330413911
CES3,0.24732157405061544
CES5A,0.000328239476879343
CFTR,0.0060229228952366
CH25H,0.2833536610938256
CHAT,0.0002854475598085458
CHD9,3.1608822965666463
CHDH,24.354133301314267
CHEK1,0.5838820342586984
CHEK2,2.1026769514555297
CHFR,8.188148006068602
CHI3L1,34.549248030153905
CHIA,0.0028936984871330376
CHIT1,223.47832376307846
CHKA,1.8808221202544029
CHKB,0.017753717503061837
CHMP4A,91.86540565044633
CHPF,146.18062502297653
CHPF2,25.78644460728207
CHPT1,146.22965563849053
CHST1,0.23274212774752379
CHST10,0.7630263387982279
CHST11,11.953694005402141
CHST12,20.961460083234602
CHST13,18.241542250483914
CHST14,2.161909618737362
CHST2,2.388638976296548
CHST3,3.2235583557412126
CHST4,0.00036493553439572015
CHST5,0.012847668615260889
CHST6,0.0007774521118550407
CHST7,1.630852036666525
CHST8,0.007631911766747997
CHST9,1.6918031245419676
CHSY1,13.957654895759227
CHSY3,0.25766528615318113
CHUK,1.075149317599676
CHURC1-FNTB,0.0036172155816607396
CIDEA,0.3261466052049245
CINP,1.3214241412804577
CIT,1.2121129394912338
CKB,1019.5851275021148
CKM,0.012496728151602902
CKMT1A,0.29319468364175477
CKMT1B,0.2370000463664264
CKMT2,0.10060216818498395
CLC,0.0024285816861413867
CLCF1,15.093462264712944
CLK1,0.7796029599905998
CLK2,5.9844008799397175
CLK3,1.1702992686109144
CLK4,0.6124219534582636
CLOCK,1.1113958645867177
CLPS,9.828993754263943
CLTRN,0.5786685643266595
CLYBL,1.4460035469674457
CMA1,0.1032574453011362
CMAHP,2.4542337896572897
CMAS,35.973609884243075
CMPK1,612.2415937820799
CMPK2,0.5015612270437114
CMTR1,4.115778316984253
CNDP1,0.17782805860448195
CNDP2,1096.663946836759
CNOT4,3.1436310271828627
CNP,13.580979898768831
COASY,458.4275375271107
COL4A3BP,3.3860564491801046
COLGALT1,4.827811645801103
COLGALT2,0.08819212596505183
COMT,145.31793812595762
COMTD1,672.8196363551318
COP1,0.4785008438550989
COPA,194.42731714159302
COPB1,202.14019069391264
COPB2,74.15414127860042
COPE,857.5307636217775
COPG1,199.82292887318573
COPG2,84.30482160795691
COQ2,4.101371232012623
COQ3,3.613246886014056
COQ5,4.031273762538181
COQ6,15.245536394962567
COQ7,0.30997755008848416
COX1,7.766401376158287
COX17,30.44234621864898
COX2,5.3369352212394165
COX3,0.33446363282071023
COX4I1,1821.2709847962708
COX4I2,5.875578418339758
COX5A,356.9908523279792
COX5B,1052.5545349764436
COX6A1,27.722893832587115
COX6A2,0.07168130014190084
COX6B1,153.11302665585396
COX6B2,0.010212201984864016
COX6C,324.58753050188415
COX7A1,6.734498753086794
COX7A2,42.23196318320058
COX7A2L,292.5254143295564
COX7B,619.7668582402746
COX7B2,0.0030406492765910477
COX7C,878.5231174981277
COX8A,2052.850548846509
COX8C,0.003141884957188777
CP,4.847749923207555
CPA1,2.3131739981911728
CPA2,0.014184673821932423
CPA5,0.02251219259411606
CPA6,0.012104324447272018
CPOX,42.03749527983648
CPS1,0.0164995539962002
CPT1A,0.6275909306152468
CPT1B,0.002437606432017975
CPT1C,0.25043323007628177
CPT2,137.93060140564057
CRAT,9.259604364350505
CREBBP,0.14845027321322252
CRLS1,19.887603103016637
CROT,6.336788265903769
CS,4523.161909913928
CSAD,1.5495973399350018
CSF1R,62.17887012352889
CSGALNACT1,0.6338463717119741
CSGALNACT2,8.07032140037374
CSK,46.97075852255109
CSNK1A1,62.45500722774471
CSNK1A1L,0.11556030660292259
CSNK1D,69.72552689128811
CSNK1E,2.4597756700137174
CSNK1G1,1.559341718391749
CSNK1G2,29.812068751040528
CSNK1G3,4.286167346721361
CSNK2A1,231.1340159449262
CSNK2A2,282.10058225854135
CSNK2B,58.221474396081156
CTBP1,104.64310087427322
CTDP1,1.344435679100247
CTDSP1,144.40599476973375
CTDSP2,149.51737729690313
CTDSPL,8.314986563649313
CTDSPL2,1.4329809000494036
CTGF,0.3354345050980549
CTH,1.0314598809076376
CTPS1,0.2774814774265704
CTPS2,2.3632727946993977
CTSA,468.10128930847014
CTSB,3049.0659352685366
CTSC,66.947054143879
CTSD,33732.002896190286
CTSE,0.03098584540585061
CTSF,86.76897397501676
CTSG,0.4566164725435403
CTSH,513.7091408567953
CTSK,21.41580144816111
CTSL,22.309476873829027
CTSO,49.61940936998821
CTSS,300.5225046362186
CTSV,0.5139622638412911
CTSW,33.85585676413331
CTSZ,94.70708801507763
CUBN,246.58796754318092
CWC27,9.687042342048128
CYB5D1,6.896273425337334
CYB5R1,74.13366239925278
CYB5R2,0.31590377195456487
CYB5R3,9425.612702276241
CYBB,48.60792131295578
CYBRD1,24.39802901931305
CYC1,1726.4108514894622
CYLD,3.3043129306261756
CYP11A1,1.6625454809340725
CYP11B1,0.00019524595835392828
CYP11B2,0.08105018928386314
CYP17A1,0.6364532132998052
CYP19A1,0.0034158660492188218
CYP1A1,0.00030490120080765956
CYP1A2,0.0006453959344249553
CYP1B1,6.523398332867462
CYP21A2,0.010252891670039172
CYP24A1,0.02034195960424618
CYP26A1,0.008221868568360345
CYP26B1,1.2226470370639742
CYP27A1,307.11187037639195
CYP27B1,0.08098093854572466
CYP2A13,0.04638837469548625
CYP2A6,0.007472655785302318
CYP2A7,0.05996477628878289
CYP2B6,0.13822440352685963
CYP2C18,0.0003160263894505688
CYP2C19,0.1750227487879086
CYP2C8,0.011067224516545408
CYP2C9,0.026461720382130436
CYP2D6,0.10840561798559423
CYP2E1,0.34837918104531135
CYP2F1,0.0014197977700594155
CYP2J2,59.32326907237324
CYP2S1,1.0068631565998414
CYP2U1,1.785170850830144
CYP39A1,0.19679961656366293
CYP3A4,0.010529255201714651
CYP3A43,0.0030509370501136178
CYP3A5,1.3471553007989856
CYP3A7,0.07793254559225085
CYP46A1,0.12013339376576607
CYP4A11,28.60571712191205
CYP4B1,0.09970076474148275
CYP4F11,1.3484699719231437
CYP4F12,0.1016488242445644
CYP4F2,0.1786101302120914
CYP4F22,0.013076551213975187
CYP4F3,0.04269562570673663
CYP4F8,0.0024173795428874285
CYP4V2,15.36228888104863
CYP4X1,0.5955279036409625
CYP4Z1,0.0024136647984597916
CYP51A1,80.04968498095955
CYP7A1,0.0007299707366713827
CYP7B1,9.148057695820253
CYP8B1,2.0095943271800687
CYTB,10.283962318241796
DAD1,971.3255014217735
DAGLA,1.3443661145448011
DAGLB,8.200089047289055
DAO,0.018294296315892276
DAPK1,13.776121416768266
DAPK2,0.7158549967041286
DAPK3,3.8618573509737533
DARS,6380.603327457223
DARS2,6.7269382617262625
DBH,0.0430348330910267
DBI,93.22017087594652
DBT,1.10303961832899
DCK,8.566736703799652
DCLK1,40.954690193804225
DCLK2,0.8691684234976101
DCT,0.00863734984110674
DCTD,23.92765879356432
DCTPP1,54.75521523538199
DCXR,61.38845175234855
DDAH1,217.74479310445685
DDAH2,13.947749402169434
DDC,195.27675422144094
DDO,7.125606285800767
DDOST,1445.8184188751345
DDR1,8.163738946729767
DDR2,0.8234990301524298
DECR1,516.6430353387002
DECR2,98.43549080410499
DEGS1,12.251822539290847
DEGS2,1.5121935825458555
DERA,155.79877995684163
DGAT1,18.6108410215542
DGAT2,0.18298520444141353
DGKA,3.962428471849083
DGKB,0.06908178366763372
DGKD,4.453328083178456
DGKE,0.24016890301403582
DGKG,0.47825615959512663
DGKH,0.11196227370997157
DGKI,0.04698043513910645
DGKQ,2.0499280074194304
DGKZ,14.477105305842056
DGUOK,23.929191681448177
DHCR24,3.6019370439429186
DHCR7,14.411286624261939
DHDH,0.9878742526850579
DHFR,194.47313985593937
DHODH,4.872373350146014
DHRS2,0.004403586331173752
DHRS3,277.8599054696683
DHRS4,274.7998624404247
DHRS9,3.266385484440442
DIO1,0.00995478863294831
DIO2,0.08916179927643685
DIO3,0.01794839716116956
DLAT,415.60320164044305
DLD,1388.269925631905
DLST,208.83156135481335
DMGDH,67.56901155675621
DMPK,3.5385494751937827
DNAJC6,3.437988559737739
DNMT1,6.1086072459568985
DNMT3A,1.8893206863961722
DNMT3B,0.40974221731029403
DNMT3L,0.13132651191453193
DOLPP1,2.154787852124534
DOT1L,2.4017558484558377
DPAGT1,23.402848203892223
DPEP1,95.08449886358603
DPEP2,7.81877059755857
DPEP3,0.005846277773230857
DPH5,71.07597678931842
DPM1,406.57789722552553
DPM2,19.516747225865615
DPM3,19.1594420522511
DPYD,5.06357391969844
DPYS,138.3486166044709
DPYSL2,2464.176887810902
DPYSL3,22.259784715770667
DSTYK,2.044859236266057
DTYMK,23.59086712823334
DUOX1,0.03282011391698629
DUOX2,0.003554180828309305
DUPD1,0.006267076103801857
DUSP1,1660.580782696501
DUSP10,1.8637734016732348
DUSP11,12.34726707407557
DUSP12,4.7007982793020915
DUSP13,0.001411858393545422
DUSP14,1.8453112765450166
DUSP15,0.22954366435190096
DUSP16,9.579975404978109
DUSP18,0.958730758581894
DUSP19,0.2644628411776948
DUSP2,8.370761101502357
DUSP21,0.0014836566113770478
DUSP22,10.199586811994742
DUSP23,481.4056671231807
DUSP27,0.0040277171361948055
DUSP28,0.4913522548799042
DUSP3,355.65824244793885
DUSP4,1.2784133256240997
DUSP5,14.910776302319045
DUSP6,25.011392906975377
DUSP7,5.258233397495222
DUSP8,1.485551969083213
DUSP9,5.298983256759715
DUT,140.58544445710737
DYRK1A,5.66054213861057
DYRK1B,9.124845834093453
DYRK2,4.586747186145898
DYRK3,1.9198048540236705
DYRK4,10.155161181565331
DZIP3,4.769171082886651
EARS2,1.493328521002415
EBP,500.00624505755684
ECH1,1123.8729308867373
ECHDC2,36.01011099441436
ECHS1,537.4786966718223
ECI1,203.36195900215958
ECI2,75.85219946682905
EGFR,8.52380529340845
EHHADH,71.46462659979579
EHMT1,0.5109167438253728
EHMT2,0.17427123236730896
EIF2AK1,68.32666690981601
EIF2AK2,16.436633569301748
EIF2AK3,5.1257750246540565
EIF2AK4,0.32945568686210924
EIF4EBP3,26.99047438652423
ELOVL1,12.07386788159555
ELOVL2,0.30744946291303066
ELOVL3,0.006372446174210662
ELOVL4,0.026991466053455544
ELOVL5,1.69104542399371
ELOVL6,1.5268421324441064
ELOVL7,20.847193535689268
ELP3,1.7745742211749744
ENGASE,2.183520164110117
ENO1,8240.162495691837
ENO2,208.18039190465012
ENO3,13.750590323011597
ENOPH1,187.22473784750457
ENPP1,0.830669566045625
ENPP2,37.91293162119134
ENPP3,240.38833643854568
ENPP6,0.00797878997561106
ENPP7,1.54370043684323
ENTPD1,3.100841756074833
ENTPD2,1.938952288563206
ENTPD3,0.002917010722221381
ENTPD4,2.8979936064212217
ENTPD5,21.376208540575856
ENTPD6,52.0206717043875
ENTPD8,0.0029408992720180768
EP300,1.3791307360785512
EPHA1,0.9544680811011127
EPHA10,0.011321260343225028
EPHA2,3.097176510912503
EPHA3,0.5453961647963707
EPHA4,1.2675509588174165
EPHA5,0.00016723322097305057
EPHA6,0.7731126829752959
EPHA7,9.130639843138725
EPHA8,0.00010467626119380992
EPHB1,0.08270417203095702
EPHB2,0.054137743807321524
EPHB3,0.19522204560581072
EPHB4,0.6870712118165756
EPHB6,1.7858867405613994
EPHX1,85.78258785303967
EPHX2,10.226657400811108
EPM2A,0.8922646721157301
EPRS,47.932088169355005
EPX,0.008388465438597996
ERBB2,0.5926398421035508
ERBB3,111.13912538821955
ERBB4,0.017685453249617115
ERN1,1.4038140651197293
ERN2,0.0026055826951169414
ESD,2455.1469383757253
ETFA,3541.0816927311344
ETFB,3238.184713222059
ETFDH,27.718980182066012
ETNK1,4.9101370289318815
ETNK2,78.0700941722485
ETNPPL,1.3663166774328985
EXT1,45.65715797850846
EXT2,36.932497773234
EXTL1,0.01708109188665958
EXTL2,5.130959162424145
EXTL3,4.770205434056848
EYA1,14.406542715909485
EYA2,0.1056182526149088
EYA3,0.9752183325944628
EYA4,0.036352672350105336
EZH1,7.983437894825761
EZH2,0.036708250102858414
F13A1,8.488272433503328
F13B,0.952082265681838
F2,0.1891625176629655
FAAH,26.4111332512409
FAAH2,2.6616229360561645
FABP1,4.1995879183285565
FABP12,0.07361943011456162
FABP2,0.007979532766927562
FABP3,698.5822699298707
FABP4,6.77359042831103
FABP5,257.87498209928003
FABP6,142.66436715289032
FABP7,3423.3040071534006
FABP9,1.0553661478381027
FADS1,5.41725206771661
FADS2,1.633878642610648
FADS3,1.008429314703271
FADS6,0.0004332821373444485
FAH,116.73717179553284
FAM20B,8.401712981951126
FANCL,4.1441549994503415
FAR1,13.408796117118033
FAR2,1.3020209268432186
FARS2,2.609181208181285
FARSA,1081.9449980004151
FARSB,1.7543424307321394
FAS,14.847123325130507
FASN,8.614459363942025
FASTK,53.85571406398353
FAXDC2,0.014854582046724449
FBP1,38.19750705264773
FBP2,0.04898730954831665
FDFT1,26.927788278078697
FDPS,49.861837610982164
FDXR,20.838512983500483
FECH,5.4183794850884714
FER,0.4646307748878301
FES,6.491109011018511
FGA,4.368992183718537
FGFR1,6.2735761180183625
FGFR2,6.139312599100479
FGFR3,10.051450486955392
FGFR4,31.194424588554266
FGGY,8.1149653449397
FGR,18.28189663722654
FH,512.0544920323796
FHIT,10.559303507784911
FHL2,14.957634924025436
FIG4,7.48441922942029
FITM1,0.09257801889200332
FITM2,2.5642788776334817
FKBP10,268.98560069350805
FKBP11,18.94740251931158
FKBP14,2.520733144060584
FKBP1A,431.0415530415891
FKBP1B,0.9140114993393101
FKBP2,1444.9364804533159
FKBP3,589.1757157680839
FKBP4,325.1080371212065
FKBP5,3.169444752188609
FKBP6,0.0345624960497994
FKBP7,10.102230283785959
FKBP8,51.0729779846561
FKBP9,156.61577465137626
FKBP9P1,0.3354345050980549
FLAD1,5.118213616099
FLT1,22.657584522727767
FLT3,0.4840576386893944
FLT4,7.693910724747456
FLVCR1,0.8143422183119499
FMO1,112.8059346984288
FMO2,0.20709562729584816
FMO3,7.473575312431769
FMO4,5.212424887931496
FMO5,0.12776291556779784
FMO6P,0.0031397182779615103
FN3K,36.07605436695498
FN3KRP,25.828593428924425
FNTA,47.78222955684576
FNTB,0.2777158233965728
FOLR1,477.944197221493
FOLR2,28.755724771303576
FOLR3,0.9607791441592912
FOSL1,2.2064502653247264
FPGS,0.7689371098601991
FPGT,1.761654000675355
FRK,1.4037545066782748
FRMPD2,0.0527957005431719
FTCD,1.7328563538479274
FTMT,0.03188362433016419
FUCA1,253.64574226999343
FUCA2,118.40261763184543
FUK,10.686319016871275
FUT1,0.25366432425083196
FUT10,0.33320753219913407
FUT11,15.78037946713212
FUT2,0.013775453885584873
FUT3,0.2179570824357345
FUT4,1.0124247923988348
FUT5,0.02402147984834871
FUT6,15.051130923453501
FUT7,0.14463077884399442
FUT8,0.39824888611123105
FUT9,2.962666614218048e-05
FYN,61.03978607255383
G0S2,21.853841508662995
G6PC,0.8913144773523547
G6PC2,0.008022746410291728
G6PC3,54.25360308788475
G6PD,287.3416571289483
GAA,210.97302018717124
GAD1,0.001410166812323138
GAD2,0.0002547773913985058
GAK,2.3489624422879714
GAL3ST1,361.67724029881816
GAL3ST2,0.012496728151602902
GAL3ST3,0.0062532482295881014
GAL3ST4,8.181331077611905
GALC,24.41102539561706
GALE,91.0390299751448
GALK1,264.8976119333804
GALK2,31.819503868151603
GALM,44.311806232593035
GALNS,39.039626514229646
GALNT1,31.261823014613988
GALNT10,0.3368163707621137
GALNT11,141.76999710873176
GALNT12,0.401566405981674
GALNT13,0.0007462719437538903
GALNT14,303.95408366688247
GALNT15,0.0116113720313577
GALNT2,26.835503515450686
GALNT3,0.42830446718223153
GALNT4,0.03247878921386545
GALNT5,0.0032231020793958075
GALNT6,1.2078604715744423
GALNT7,0.23733126817935776
GALNT8,0.005649097260573649
GALNT9,1.1357165153491833
GALNTL5,0.43999999999999995
GALT,22.02439617664848
GAMT,96.33817060439962
GANC,1.1965285519117224
GAPDH,120271.97782797767
GAPDHS,0.16543567064425294
GARS,272.46226660954574
GART,47.321550455201155
GATM,65.95964838010235
GBA,35.83842161146807
GBA2,27.376408643430207
GBA3,92.86021258327001
GBE1,19.6087169560824
GBGT1,5.7677687219015725
GC,0.016077101810167707
GCAT,87.64028636581106
GCDH,9.73393019207978
GCH1,1.9871804915491087
GCK,0.0006620851427028337
GCLC,5.954589224129436
GCLM,37.274897470047584
GCNT1,0.30793703445972026
GCNT2,3.5513694389592065
GCNT2P,0.3354345050980549
GCNT3,2.4184351807107296
GCNT4,0.25516697432784746
GCNT7,0.005936163170745001
GCSH,1.1754464020192907
GDA,0.4905787176178117
GDE1,15.231872410352457
GDPD2,0.021385938571558894
GFPT1,227.4441142232962
GFPT2,1.2999676703150833
GGCT,27.482665090503424
GGH,31.833234945804627
GGPS1,350.70222838806814
GGT1,156.62386190348988
GGT2,1.2557625587889092
GGT3P,1.3742340297571694
GGT5,35.89352879883306
GGT6,0.029822196875895924
GGT7,12.380715895870193
GGTLC1,0.9339687395367713
GGTLC2,5.8835192243001355
GIF,0.3354345050980549
GK,2.3433814120933203
GK2,0.0004980227471546829
GK3P,0.1471312703615643
GLA,31.041566431582137
GLB1,43.692895726832
GLB1L,19.02514096133421
GLCE,0.1692430626617856
GLDC,0.5990981052800467
GLIPR1,7.690522398264835
GLO1,1201.2983222501944
GLRX,633.996714514847
GLRX2,3.359457897384581
GLS,298.82658857951355
GLS2,0.6106624101339045
GLT6D1,0.06930364432416915
GLT8D1,1.005654545035249
GLT8D2,0.8856539115400907
GLTP,29.69815805019003
GLUD1,848.9039070238331
GLUD2,77.20331388889096
GLUL,16.494150640318836
GLYAT,90.43147157745418
GLYCTK,2.116718608589643
GM2A,207.925832168985
GMDS,99.60606637092997
GMPPA,23.26289495209655
GMPPB,164.3593240085636
GMPR,3.5421863614806
GMPR2,48.970143359639124
GMPS,112.667952583742
GNE,7.322660904185483
GNMT,0.043057695180531874
GNPAT,26.496767984627503
GNPDA1,62.34852199561541
GNPDA2,6.059330258540567
GNPNAT1,32.44332114502871
GNPTAB,16.00649284505375
GNS,109.9184528543094
GOT1,7714.565130893769
GOT2,1623.961323790291
GPAA1,604.6998304648943
GPAM,0.09348639111057438
GPAT2,0.22818377094838946
GPAT3,0.6582069289240687
GPAT4,1.352005973421296
GPCPD1,5.52192347110732
GPD1,6.868287073120939
GPD2,95.79596235736096
GPHN,5.50420164153497
GPI,3348.0402832815066
GPIHBP1,3.193727924448883
GPLD1,0.04869217672406642
GPT,6.767246619986472
GPT2,6.297216687625852
GPX1,213.97538269043628
GPX2,0.039937464736090104
GPX3,32955.36569793867
GPX4,307.872534946405
GPX5,0.793289329058847
GPX6,0.0015604809718886622
GPX7,1.177409332734196
GPX8,13.801472796243653
GRHL1,0.06562521919838142
GRHPR,349.6017624387569
GRK1,0.0011583634388111028
GRK2,4.014622265826703
GRK3,1.2623639556998993
GRK7,0.0041872276628800555
GSR,202.41367320387172
GSS,410.25062878736435
GSTA1,15.011965217580792
GSTA2,367.36471667148936
GSTA3,3.8201241689736465
GSTA4,13.115259416493487
GSTA5,0.7559817965453953
GSTK1,898.5878565765364
GSTM1,0.14858301331080204
GSTM2,2.932766166262549
GSTM3,11.116716635037063
GSTM4,25.44089916608135
GSTM5,12.70525880719971
GSTO1,1975.8758321026173
GSTO2,0.8516730346687074
GSTP1,18945.4770701546
GSTT1,95.85302548790361
GSTT2,0.022196429994681806
GSTZ1,12.356471520773876
GTF2F1,9.696129627279303
GTF3C4,0.5588965173240642
GUCA1A,0.0803580412103317
GUCY1A1,2.9663227089166733
GUCY1A2,0.4313605823881212
GUCY1B1,1.0453859436592674
GUCY1B2,0.7796608157087663
GUCY2C,0.2829985815621888
GUCY2D,0.037433748023357215
GUCY2F,0.00018276355158853866
GUK1,681.4231276405028
GUSB,14.49876998001817
GYG1,19.802385996728486
GYG2,0.23946113403757263
GYS1,88.6308327553706
GYS2,0.05005690644839826
H6PD,36.36305451926631
HAAO,101.67162348904056
HACD1,0.6699772991826155
HACD2,3.095013644366691
HACD3,4.330319334841662
HACD4,0.5979568033382378
HACE1,1.289700628640464
HACL1,2.578060595289426
HADH,1287.4531710179813
HADHA,1152.3126699482082
HADHB,137.6996419330108
HAGH,74.59811547249969
HAGHL,14.435828015182738
HAL,0.008868184497884636
HAO1,0.005807060969596164
HAO2,21.932411319639208
HARS,211.5623475941953
HARS2,37.21775229820479
HAS1,0.0011673224067573636
HAS2,0.1675658239833798
HAS3,0.03743314232008868
HAT1,60.831279723504
HCCS,7.412881254174817
HCK,26.305023961088107
HCST,88.41121981648783
HDAC3,1.4582163603100826
HDC,0.06423245044515292
HDLBP,142.8226804392222
HECTD1,4.189880648567492
HECTD2,0.627522683744861
HECTD3,2.36306078698224
HECW1,0.2834621000808417
HECW2,0.59138818070846
HELZ2,0.16199531088786426
HEPH,1.8464549932660044
HERC1,0.3089035571571138
HERC2,0.08940736434536739
HERC3,7.867178884218813
HERC4,9.366909311382747
HEXA,329.6496139958376
HEXB,9.939658799763112
HEXDC,0.3354345050980549
HGD,47.740517989157
HIBADH,196.72612966138988
HIBCH,8.66576781337001
HIF1AN,6.3138152602123885
HIGD2A,25.063094844730777
HIPK1,8.899083552612405
HIPK2,99.72777214740793
HIPK3,17.273608254763438
HIRIP3,0.1675962511206954
HK1,363.8608128044247
HK2,34.752801330665044
HK3,1.0411881889182222
HKDC1,14.089291272298718
HLCS,0.8507803903613212
HLTF,0.06910276241984935
HMBS,107.10892528768098
HMGCL,522.234945730654
HMGCLL1,0.018216875751924332
HMGCR,8.970353556779619
HMGCS1,18.235108575273326
HMGCS2,47.370549969049726
HMOX1,1024.9448170055819
HMOX2,141.10248674293967
HNMT,24.33852642973726
HPD,97.89195009121306
HPGD,0.46706182923317524
HPGDS,0.15769480681186876
HPRT1,319.56498473129835
HS2ST1,9.969468216679045
HS3ST1,2.1968163323395165
HS3ST2,16.91953530759628
HS3ST3A1,0.02767356825571625
HS3ST3B1,0.12020345485120776
HS3ST4,0.012466929075615836
HS3ST5,0.0002830115302872289
HS3ST6,0.0011376414004087149
HS6ST1,8.573739344696696
HS6ST2,0.0023233287875684553
HS6ST3,0.0029259992341854626
HSD11B1,0.4035109525710513
HSD11B1L,0.7571331174182925
HSD11B2,7.346434274351437
HSD17B1,3.9472010981636636
HSD17B10,96.23448522064338
HSD17B11,248.09585439015183
HSD17B12,302.96848247267644
HSD17B14,69.644620237182
HSD17B2,1.5402413331656846
HSD17B3,0.010930816959863724
HSD17B4,89.59356307130939
HSD17B6,0.12943077511812892
HSD17B7,2.682991127518639
HSD17B7P2,0.3059894812476634
HSD17B8,0.6703715494466947
HSD3B1,0.8561440324619417
HSD3B2,0.008599017019314018
HSD3B7,35.02823312658902
HSPG2,0.36548254519074586
HTATIP2,107.47240451809296
HUNK,0.28735308817625554
HUWE1,3.3841573715906885
HYAL3,0.2015432472451249
HYALP1,0.3354345050980549
HYI,15.133447674791238
HYKK,0.3304860018863759
IARS,501.091953849009
IARS2,76.98614864434094
ICK,2.3962002373237707
ICMT,21.391228288442207
IDH1,36.33894190015541
IDH2,367.0088554200345
IDH3A,722.6487880320557
IDH3B,293.53969776254064
IDH3G,121.13557430361463
IDI1,9.448004922401195
IDI2,1.2615328613029575
IDO1,8.765625770890514
IDO2,0.019474847392700476
IDS,47.60493335986216
IDUA,2.0784405471763354
IGF1R,9.057491887742424
IKBKB,5.2430615452590015
IKBKE,2.1684346477652916
IL4I1,6.707718634422754
ILK,41.56415823592601
ILKAP,11.680921481861231
IMPA1,276.0704438957156
IMPA2,294.2130310108653
IMPDH1,20.42230542257558
IMPDH2,188.65170989782504
INMT,9.240304045166306
INPP1,237.0952198352936
INPP4A,2.774657155464173
INPP4B,1.8872295359726439
INPP5A,8.67743072535025
INPP5B,1.9459643614301214
INPP5D,12.220141445589709
INPP5E,5.931185605251003
INPP5F,0.24001017702603086
INPP5J,0.08518274178584842
INPPL1,6.523410811910893
INSL3,0.05620974090927286
INSR,27.717021984402
INSRR,0.0007606621443950208
IP6K1,9.04136081673178
IP6K2,10.482361790100871
IP6K3,0.6969152147010113
IPMK,1.454803854641584
IRAK1,60.46411767681018
IRAK2,0.7264650284661663
IRAK3,0.5324844895322571
IRAK4,3.3519340929337917
IREB2,7.251436036894632
ISYNA1,49.974016964879
ITK,1.925780779644798
ITPA,598.6930966880741
ITPK1,27.60532527216144
ITPKA,0.08863111583683513
ITPKB,5.958620446098089
ITPKC,21.090677027300178
IVD,411.9579948404768
JAK1,134.6436021317749
JAK2,2.0656728882407154
JAK3,4.138315725387851
JMJD7-PLA2G4B,0.000209688080592145
KALRN,0.7232514256104143
KANSL3,10.854567116499707
KARS,599.9674712412427
KAT2A,12.223524526970309
KAT2B,4.340766388906983
KAT5,17.671514595645434
KAT6A,2.95860657002167
KAT6B,2.1852186035752976
KAT7,6.34625592382089
KAT8,16.55872863980704
KCNJ11,0.14079814274848795
KCNJ8,13.296276385328845
KDR,39.14281704157189
KDSR,17.72934174932856
KHK,170.64286124492642
KIT,0.5385262440123815
KL,5.410378886970996
KMO,1.1271368479737442
KMT2A,0.1132089503784727
KMT2B,0.3354345050980549
KMT2C,0.02724143815923862
KMT2D,0.256842919373976
KMT2E,0.08892210317369556
KMT5A,0.08744585611927874
KMT5B,0.052531638327043204
KMT5C,0.3350355754164824
KPNA6,25.763375893270112
KYAT1,0.41426786262502635
KYAT3,10.315561941178165
KYNU,4.6227592397640285
L1CAM,0.17832020242874944
L2HGDH,0.8354632748381542
LALBA,0.09996023381633702
LAP3,1230.1643904515036
LARS,487.0418107571888
LARS2,1.8128539260323004
LATS1,0.30876936227890084
LATS2,7.001371204388022
LBR,53.459412399210365
LCAT,2.203098789362915
LCK,14.082172984615331
LCLAT1,1.7026391497624804
LCT,0.0006423829285517583
LDHA,19497.055266618336
LDHAL6A,0.007741283188235279
LDHAL6B,0.0014848845672779415
LDHB,3157.998379171555
LDHC,0.0065697923291796025
LDHD,2.9866932515113556
LDLR,0.3144315425579514
LGALS13,0.16621830202908744
LGMN,339.80290165044414
LGSN,0.18473620210069805
LHPP,151.06654286004343
LIAS,0.7450310468327196
LIMK1,17.134516040573814
LIMK2,15.040852645040864
LIPA,703.5339618596556
LIPC,169.64792912185155
LIPE,0.8565057469619106
LIPF,1.3406968406403874
LIPG,0.09181163361505404
LIPT1,1.8118963641011927
LIPT2,1.6536311938023953
LMTK2,9.062992256964716
LMTK3,0.18132427405422366
LOC102724197,0.3354345050980549
LOC286297,0.0019295397271979614
LOC344967,0.042628031046453047
LOX,170.00910474532802
LOXL2,24.61668928552864
LPCAT1,26.310127455890388
LPCAT2,2.2491381604358347
LPCAT3,293.4012637591653
LPCAT4,0.8164258455872296
LPIN1,1.514253720421392
LPIN2,17.64075519474658
LPIN3,3.7236098162038767
LPL,6.198611490524024
LPO,0.0006929271719820498
LRAT,0.41095305211386
LRP1,9.470622420933664
LRP2,150.27955180468498
LRRK1,0.13024597012932473
LRRK2,23.03561741455381
LRSAM1,4.7879617750056624
LRTOMT,0.643330453038163
LSS,20.181059514417058
LTA4H,993.4866188041301
LTC4S,6.589826942268495
LTK,0.05017425522569738
LYN,15.43529039901444
LYPLA1,184.9945413845587
LYPLA2,105.60539673456407
LYZL1,1.4145390562382973
MACROD1,8.784550959193641
MACROD2,0.24519481512310412
MAGEA2B,0.1626710879648594
MAK,0.061469069513668574
MAN1A1,2.375883888830131
MAN1A2,2.726580832700214
MAN1B1,3.7008160081080432
MAN1C1,1.9968658590905202
MAN2A1,9.591677496352288
MAN2A2,10.390112897244716
MAN2B1,190.5802590693703
MAN2C1,24.71327765295955
MANBA,32.70646475597538
MANSC1,2.4610710418665387
MAOA,1082.6746983861053
MAOB,238.31196115635615
MAP2K1,302.23861623960113
MAP2K2,184.89245973126756
MAP2K3,12.971539688135213
MAP2K4,17.6341194609545
MAP2K5,6.716995173232109
MAP2K6,4.590685736100322
MAP2K7,2.07989486370788
MAP3K1,7.062615529705597
MAP3K10,2.921019806759113
MAP3K11,46.38292557777438
MAP3K12,1.7633324096420173
MAP3K13,1.591883001302819
MAP3K14,18.513814936123964
MAP3K15,0.04058819100027403
MAP3K2,5.177205052161447
MAP3K20,0.20179825659102824
MAP3K21,0.03839897316107535
MAP3K3,10.843911703942265
MAP3K4,3.6431047418622344
MAP3K5,4.1314925152003985
MAP3K6,4.486256257176847
MAP3K7,0.4551681476302603
MAP3K8,1.5419465798371395
MAP3K9,0.08490422034067818
MAP4K1,4.419656820950872
MAP4K2,3.412415325685481
MAP4K3,3.6054187146117362
MAP4K5,10.97854282538469
MAPK1,734.9088245286702
MAPK10,2.3987536833433096
MAPK11,9.329877900912123
MAPK12,23.507936662047566
MAPK13,27.55395832052883
MAPK14,39.69370613951811
MAPK15,7.05528279085907
MAPK3,146.72067330118608
MAPK4,0.006083697920258249
MAPK6,7.13859169939441
MAPK7,5.917266279385261
MAPK8,6.835299269732826
MAPK9,5.263917172021962
MAPKAPK2,2.9548991383534227
MAPKAPK3,22.162889537588047
MAPKAPK5,11.539771232863279
MARCH1,2.9750440991839735
MARCH10,0.0005906398712399265
MARCH11,0.007982758707868126
MARCH2,45.21433866299573
MARCH3,0.22359869775098734
MARCH4,0.008105993769257577
MARCH5,6.893608104136891
MARCH6,61.032398285935194
MARCH7,16.979870466397518
MARCH8,5.997643980547763
MARCH9,18.527677053443764
MARK1,0.11371589305657995
MARK2,17.85883161189823
MARK3,12.16971229253756
MARK4,6.8260141338216265
MARS,84.22375614168845
MARS2,2.2067816750822526
MAST1,0.00515643871997801
MAST2,3.849511726680498
MAST3,3.323993177113777
MAST4,8.020781540260314
MASTL,0.06763181361249
MAT1A,0.7023895379943734
MAT2A,162.5029156124263
MAT2B,347.51396500913035
MATK,2.202003440368187
MBOAT1,0.8427994050167331
MBOAT2,0.8079866600098815
MCAT,21.568108350742747
MCCC1,10.288969762635409
MCCC2,61.491534256734845
MCEE,4.777935222197403
MDH1,4219.162575113316
MDH1B,0.08014126651973276
MDH2,13682.322150761565
MDM2,0.027718305741889715
MDP1,41.33987735866878
ME1,377.6322079632153
ME2,22.902088595417542
ME3,6.514132693524196
MECR,10.920695235314339
MED1,0.38784667151486146
MELK,0.09756617960195893
MERTK,4.3099989554957
MET,11.53239318364819
METTL1,56.524676601489475
METTL3,8.285638055736415
MGAM,43.77151956631588
MGAT1,229.9700681556563
MGAT2,3.0458532780640413
MGAT3,25.932493150999864
MGAT4A,7.649709609577331
MGAT4B,150.89605009170694
MGAT4C,0.0013051240964429423
MGAT4D,0.02696149145334556
MGAT5,7.462719349243992
MGAT5B,0.013806386262006675
MGLL,231.0363453184259
MGMT,22.948769106701203
MGRN1,16.757331756098665
MGST1,3046.1542035259913
MGST2,74.69989483935977
MGST3,189.5272806192738
MIA3,8.050643063546408
MIB1,2.380843510690397
MIB2,11.401071864106516
MID1,3.707551605640087
MIF,140.49615036235662
MINK1,0.23317640962720648
MINPP1,11.231544393750678
MIOX,4.563697256187761
MIP,0.4037412759029347
MKNK1,8.012607271669355
MKNK2,46.14823192899849
MKRN1,45.022009793104715
MKRN2,3.87974263177437
MKRN3,0.0014397838248161327
MLKL,15.856096975074534
MLYCD,24.570401703656685
MMAA,1.9449420144807166
MOCS1,4.583238601378634
MOCS2,87.71023849627768
MOGAT1,0.008285469549178682
MOGAT2,0.003406460981699618
MOGAT3,1.074771019910568
MOGS,90.73936954154719
MOK,2.0277551554198094
MOS,0.09191795284698573
MOXD1,8.823531985363132
MPC1,27.8052229308476
MPC2,12.311032245951754
MPI,92.9422147159817
MPO,0.01305317218266298
MPST,4699.265563757812
MRPL58,13.330417578133794
MSMO1,22.182474026005696
MSRA,11.531192987510734
MST1R,0.019295240718532676
MT1A,2.4950558888576886
MT2A,1685.5658312027292
MT3,274.0612439448711
MT4,0.3354345050980549
MTAP,150.52475848201797
MTFMT,2.55216612569202
MTHFD1,207.79752163594802
MTHFD1L,8.37013182146761
MTHFD2,16.606736458731554
MTHFD2L,0.46289295900744587
MTHFD2P1,0.3354345050980549
MTHFR,4.87618990901732
MTHFS,2.757912332353067
MTMR1,1.6156682002940044
MTMR14,22.808122893408456
MTMR2,0.9547980960076468
MTMR3,0.22162628745822752
MTMR6,4.086632558450957
MTMR7,0.026813576985287173
MTMR8,0.07085375550124086
MTPAP,1.6982706605661104
MTR,0.652672893024696
MTRR,20.992393733750408
MTTP,0.011800008547360429
MUL1,32.07332642010007
MUSK,0.0007643997776683298
MUT,0.3354345050980549
MVD,69.5761305964891
MVK,42.08325156519888
MYBBP1A,34.46679071843499
MYCBP2,0.07896063461559934
MYLIP,15.72979069333441
MYLK,1.3958536910749342
MYLK2,0.002917010722221381
MYLK3,0.01266884860825522
MYLK4,0.907630874444585
MYO3A,0.6266935353333744
MYO3B,0.006653160097399103
MYO5B,3.691829204245397
NAA10,51.953601035393675
NAAA,13.233517780817598
NADK,17.470863056754578
NADSYN1,27.98028835013074
NAGA,33.60704454658048
NAGK,75.78341238478605
NAGLU,35.07342634910147
NAGPA,12.96117339414776
NAGS,3.5769904910494796
NAMPT,371.3849337555481
NANP,0.6151253159191142
NANS,565.2908777480404
NAPRT,25.164291606310147
NAPSA,96.76218540953259
NARS,2752.4795657341
NARS2,6.184142106811134
NAT1,3.345689852943581
NAT2,0.1455165520870789
NCOA1,6.743226030358237
NCOA2,0.5770932067214739
NCOA3,1.706551054535335
NCOA6,5.432195644497205
NCOR1,0.0860717273274723
NCOR2,1.568675304493315
ND1,0.7496282848946749
ND2,6.647572110665278
ND3,3.518721426725826
ND4,15.91921099634504
ND4L,0.3354345050980549
ND5,3.9860139175064595
ND6,2.1511623729121254
NDST1,26.620540529352827
NDST2,4.602526499345214
NDST3,0.0026612061219050153
NDST4,0.00021189803724692781
NDUFA1,895.4278732379321
NDUFA10,49.44978711438469
NDUFA11,80.65390051808271
NDUFA12,28.583289595500332
NDUFA13,2167.355300934559
NDUFA2,34.28819541675477
NDUFA3,36.304812304698224
NDUFA4,14.8893725516731
NDUFA5,67.59683507461821
NDUFA6,45.63203506119937
NDUFA7,7.460980351053437
NDUFA8,68.82519210853393
NDUFA9,66.95979799345511
NDUFAB1,216.23106063434062
NDUFB1,91.60311237271222
NDUFB10,211.52230200958877
NDUFB2,1067.344903436472
NDUFB3,91.55004994469174
NDUFB4,120.167246958392
NDUFB5,277.49308592090756
NDUFB6,19.356228471518587
NDUFB7,214.31026910050838
NDUFB8,97.88153151937234
NDUFB9,91.85554150741717
NDUFC1,130.6324680488498
NDUFC2,10.72974481742901
NDUFS1,67.2630255061736
NDUFS2,53.180480362930666
NDUFS3,358.6025222728358
NDUFS4,278.09047655715085
NDUFS5,429.65752452749484
NDUFS6,49.55366956212436
NDUFS7,49.11422310964563
NDUFS8,116.55332131897671
NDUFV1,75.28019545581591
NDUFV2,54.498425432913756
NDUFV3,2.7292310424690083
NEDD4,1.840587993131818
NEDD4L,4.804682369072698
NEK1,2.0045917569512897
NEK11,2.3855766176035336
NEK2,0.07353154991139543
NEK3,1.0809071908899885
NEK4,1.4949490161956065
NEK5,0.0599914975746863
NEK6,2.1464410158137377
NEK7,30.268367467424603
NEK8,0.9023488731194856
NEK9,1.1853766584935108
NEU1,20.84046117459113
NEU2,0.0010214601307256261
NEU3,0.6558942684355433
NEU4,0.005961544658145176
NEURL1,0.14715923590013888
NEURL1B,9.16483345611768
NGLY1,5.026907600642145
NHLRC1,0.39614256489356514
NIT2,2810.6096694202192
NKTR,2.661002306814911
NLK,3.1333084616008082
NLN,115.41741977115078
NME1,3306.370502474611
NME2,908.6872814922618
NME3,121.6094283497047
NME4,215.22596584751815
NME6,0.464126915199531
NME7,1.2048071824421247
NMNAT1,2.0304845246838124
NMNAT2,0.019705331021865124
NMNAT3,4.064289176808479
NMRK1,2.9351673795914386
NMT1,59.95412589029706
NMT2,1.800429143066069
NNMT,2112.568905107063
NNT,43.94700869797349
NOL9,1.509283619787863
NOS1,0.0021118242325744666
NOS2,0.22943615194062045
NOS2P1,0.3354345050980549
NOS2P2,0.3354345050980549
NOS3,2.1090596844161675
NOX1,0.027641499861463126
NOX3,0.09198887034239282
NOX4,5.407886346216739
NOX5,0.008922287315806913
NPAS2,5.388528280974701
NPC1,18.3360784421213
NPC1L1,0.2416686026229952
NPR1,6.42691171085985
NPR2,1.1896216300590874
NQO1,176.16089450195415
NQO2,413.14703425920413
NR1D1,5.465288760330592
NRF1,1.00741536148809
NSD1,5.618541674901593
NSD2,0.8117852405670956
NSD3,0.8238692165195934
NSDHL,625.6055555047867
NSF,46.381367637461835
NT5C,167.65871954890034
NT5C1A,0.058725969276404735
NT5C1B,0.0002574608329618632
NT5C1B-RDH14,0.037698419756150243
NT5C2,57.0838002263183
NT5C3A,4.209671716104311
NT5DC3,7.123795058423728
NT5E,1.257551350808312
NT5M,3.461746231913806
NTAN1,2.4890348370691764
NTRK1,0.012760437524286026
NTRK2,0.15271055233927272
NTRK3,0.09227143209833512
NUAK2,11.182791760430307
NUDT10,0.036270988351132266
NUDT11,0.02195077890978632
NUDT12,4.421241456848507
NUDT2,6.182906127454167
NUDT3,1.7722944560426814
NUDT4,0.06549869749732835
NUDT5,256.53287747814454
NUDT9,8.82998881288688
OARD1,11.970020898409903
OAT,223.41142730805925
OBSL1,0.9914590992141966
OCRL,4.902163259633834
ODC1,11.800478052635421
OGA,13.207835039605774
OGDH,769.7218304918565
OGT,26.789067235278132
OLAH,0.0005108096600650143
OPLAH,31.340569662559517
OTC,0.0005980125497363855
OTUD5,37.53264192855218
OXCT1,201.76442685800814
OXCT2,0.01504262439238435
OXSM,4.9180206606635055
OXSR1,8.783613357244718
P4HA1,138.092887388233
P4HA2,270.89319971761427
P4HA3,0.07728476399268096
P4HB,7952.960265641636
PADI1,0.08545466423239133
PADI2,3.6918013986711906
PADI3,0.0210755200321322
PADI4,0.016087505683214546
PADI6,0.000983401764881982
PAFAH1B2,432.9990139298114
PAFAH1B3,218.64952231017804
PAFAH2,6.0499641134781905
PAH,7.161642979695354
PAICS,211.41089030738777
PAK1,36.978998753628176
PAK2,98.72948600047322
PAK3,0.12140934467984715
PAK4,0.6227456412911088
PAK5,0.1843105272396382
PAK6,0.01631884448832718
PAM,2.012443333142261
PAN2,5.318514449491705
PANK1,1.2039477332986996
PANK2,5.971558176805722
PANK3,3.8332761581783172
PANK4,6.558778100400548
PAOX,3.748840805437936
PAPOLA,3.3682293763812003
PAPOLB,0.22014524112557918
PAPOLG,0.8516656334278834
PAPSS1,49.05925743866699
PAPSS2,11.396024507516827
PARP1,46.275869952570915
PARP10,7.474209303017198
PARP11,2.0018063112749
PARP12,3.46011099612395
PARP14,20.926253025415367
PARP15,0.22507137205821695
PARP16,4.495984154085665
PARP2,6.105454109586633
PARP3,9.508982521437131
PARP4,5.576764121654544
PARP6,11.141569748284596
PARP8,4.553194666652257
PARP9,4.991620122273082
PARS2,1.4832542901092893
PASK,0.47920417373473234
PBK,0.6250777314079305
PC,54.25149705508422
PCBD1,344.22872921223626
PCBD2,9.52368932467353
PCCA,8.127152309870533
PCCB,8.996735308784547
PCK1,2.2381467607101686
PCK2,55.23715123236679
PCMT1,471.16471962397327
PCYOX1,83.38171788685668
PCYT1A,13.07403413166148
PCYT1B,0.07174810295544333
PCYT2,5.790214116881529
PDE10A,2.55592584563677
PDE11A,0.0295082717633699
PDE1A,0.8980161032886311
PDE1B,1.4021623822958833
PDE1C,0.058921591551769584
PDE2A,3.7016295362527067
PDE3A,1.638318383252914
PDE3B,0.7549556055115868
PDE4A,7.163342637416804
PDE4B,3.0545016175805078
PDE4C,0.017993334212112938
PDE4D,3.2673067921979455
PDE5A,1.6182857004677391
PDE6A,0.2352585898274918
PDE6B,5.609304961720394
PDE6C,0.004367224088070607
PDE6H,0.0019052520385803315
PDE7A,11.389972920617446
PDE7B,0.6066092730534912
PDE8A,12.292400433203118
PDE8B,0.17735483099800736
PDE9A,2.160707472933229
PDF,2.2248136994277625
PDGFRA,1.8554572265967608
PDGFRB,48.806033820286345
PDHA1,214.9790169742721
PDHA2,0.0007692509085507865
PDHB,38.849780410584216
PDHX,9.61836831405503
PDIA2,0.13831707342522656
PDIA3,3071.309445604187
PDIA4,2706.1547171102397
PDIA5,290.9944491083342
PDIA6,1056.2176699830309
PDK1,2.520685363735302
PDK2,31.595136498716883
PDK3,6.538068218481772
PDK4,161.68753478643157
PDP1,5.620009196378582
PDP2,0.587751370832976
PDPK1,1.077940096488602
PDPR,6.752703164825184
PDXK,11.209929427242018
PDXP,47.516072346599074
PDZD4,0.43845151024522266
PEAK1,2.335007756860992
PECR,218.65566832711943
PEMT,28.27738482898628
PEPD,89.52610127207332
PEX11A,5.9194959988695715
PFAS,73.43755296765976
PFKFB1,0.005871015124169341
PFKFB2,0.5887840045031081
PFKFB3,123.2432477137199
PFKFB4,14.498818363535278
PFKL,182.77620002643243
PFKM,33.819979759522695
PFKP,5506.558262664879
PGAM1,153.2338582302808
PGAM2,3.249355294586001
PGAM5,44.62829556360263
PGAP1,0.1632450303524168
PGD,2531.682967201164
PGGHG,0.02991860446325157
PGK1,1978.9062264117285
PGK2,2.7151932120460343
PGLS,1772.9935322578506
PGLYRP1,0.0013353725100566818
PGLYRP2,0.0013593710107838296
PGLYRP3,0.002715913125916093
PGLYRP4,0.0038992046586625527
PGM1,642.727938757646
PGM2,106.14437331764917
PGM2L1,0.5646399930374035
PGM3,45.039668569797314
PGP,26.78766468402622
PGS1,8.684290512319903
PHEX,0.19152405649557436
PHGDH,451.81299449558236
PHKA1,0.19467288421132475
PHKA2,27.932353150393077
PHKB,14.013253178030604
PHKG1,0.021467156664807783
PHKG2,1.6531575380261763
PHLPP1,0.5784979286423826
PHLPP2,0.5436573029073607
PHOSPHO1,0.14535193446304134
PHPT1,92.14508863470252
PHYH,93.69718206361605
PHYKPL,0.6462009571960334
PI4K2A,1.152897378604702
PI4KA,1.5842722391556159
PI4KB,0.8414775264921572
PIGA,1.3799660253881814
PIGB,6.600270000066502
PIGC,16.253714134337358
PIGF,3.244308154130816
PIGG,11.983414368490212
PIGH,12.072604616272478
PIGK,9.113345129064687
PIGL,1.8112785329221621
PIGM,2.033683679101939
PIGN,3.6071476090382983
PIGO,16.327623231042857
PIGP,10.714844832180939
PIGQ,15.8053857248376
PIGS,26.10110119318943
PIGT,11.869041079755341
PIGU,1.456160647822609
PIGV,4.851398647507865
PIGW,1.3582641228898213
PIGX,1.4479304887645803
PIGY,61.905420276981374
PIGZ,0.09479931814492068
PIK3C2A,0.87335958478165
PIK3C2B,1.623181065724256
PIK3C2G,0.0009385087122859934
PIK3C3,0.15751620897671573
PIK3CA,3.8560719675913266
PIK3CB,0.5700170498979156
PIK3CD,11.641413226430341
PIK3CG,0.9779391032750762
PIK3R1,2.116978578813152
PIK3R2,24.82679501928936
PIK3R3,5.338728290666533
PIK3R4,18.01477826332889
PIK3R5,5.4488181106555205
PIKFYVE,2.198187228533355
PIM1,26.113835478361686
PIM2,18.63253361912595
PIM3,76.76893470828881
PIN1,760.479489163594
PIN4,0.8610402079111441
PINK1,125.80126827171448
PIP4K2A,19.60218768171301
PIP4K2B,5.426287658980079
PIP4K2C,21.48754376174943
PIP5K1A,0.34001400263327913
PIP5K1B,0.022434928738971592
PIP5K1C,10.56928477733076
PIP5KL1,0.024329913091201097
PIPOX,25.92380566273112
PISD,1.4905387955654164
PJA1,5.019980257949193
PJA2,67.67922207211687
PKLR,17.584270568097168
PKM,541.3891072832749
PKMYT1,0.5548883098521444
PKN1,216.80109367836664
PKN2,3.318993520261049
PKN3,1.7267287429264984
PLA2G10,0.001247973692333199
PLA2G12A,0.5408451544831716
PLA2G12B,24.71327765295955
PLA2G15,46.16578664319812
PLA2G16,336.9365828751533
PLA2G1B,1.7977655438202609
PLA2G2A,0.04527678817170153
PLA2G2C,0.019841372981903593
PLA2G2D,17.804387574148336
PLA2G2E,0.10480083352838437
PLA2G2F,0.00028683337339706875
PLA2G3,0.00031064497676545964
PLA2G4A,6.148094915810142
PLA2G4B,0.005990317794602354
PLA2G4C,6.440347317675013
PLA2G4D,0.04579614343295605
PLA2G4E,0.0013275988160558216
PLA2G4F,0.0075858314940963865
PLA2G5,0.03368815243902942
PLA2G6,1.2263584281862825
PLA2G7,36.986605564753994
PLB1,0.32674198936131904
PLCB1,1.7650941295445797
PLCB2,5.92545747001059
PLCB3,0.731311958281442
PLCB4,0.2603041402791962
PLCD1,1.730623858280713
PLCD3,5.608889849530679
PLCD4,0.42333238349919955
PLCE1,3.8289287410801
PLCG1,1.2552578422807856
PLCG2,5.043047941524537
PLCH1,0.31740806993090614
PLCH2,0.25925114877101113
PLCL1,1.6839622781936219
PLCL2,3.472870117547579
PLCXD2,0.0711509212526342
PLCZ1,0.0011772295515153455
PLD1,3.1192053962767248
PLD2,5.902827403899796
PLD3,49.95882728003917
PLD4,12.146421700585654
PLD6,1.483153064921512
PLG,0.0015942123529035567
PLIN1,0.040610670600079675
PLIN2,526.2462044570531
PLIN3,47.245317349456336
PLIN4,0.024069152248420635
PLK1,0.5966627082263218
PLK2,293.4479106225171
PLK3,8.32518240094204
PLK4,0.18640433348717447
PLOD1,109.60329155122118
PLOD2,136.96816690500665
PLOD3,55.43951423898198
PLPBP,1.3790311261442316
PLPP1,5.389883230682263
PLPP2,2.123055391477898
PLPP3,4.2032094621878
PLPP4,0.019762828557283812
PLPP5,0.0656688155578048
PLPP6,0.050042688733332445
PLPP7,1.1305815492037874
PLPPR2,0.3307009692228308
PLPPR3,0.9307949846236876
PLPPR4,0.11900942508124815
PLPPR5,0.012456429933028047
PLTP,181.14544008939194
PLXNB3,0.0973326430803391
PMM1,20.84707154435227
PMM2,154.4910915492507
PMPCA,28.855879663680664
PMVK,380.3762719379168
PNCK,311.31478841255586
PNKP,22.922729653591887
PNLIP,0.0006871723627151875
PNLIPRP1,0.001931723828946818
PNLIPRP2,0.0019298125126695391
PNLIPRP3,0.018139233522564087
PNMT,0.005020352294430758
PNP,1334.970602311261
PNPLA2,74.01067612782862
PNPLA3,0.2870360182439508
PNPLA4,7.024551410946994
PNPLA6,0.8157807440268513
PNPLA7,0.6248098311649554
PNPLA8,4.667384162460246
PNPO,18.974401882942878
PNPT1,1.9698823927767914
POLA1,1.8540394926161485
POLA2,1.8781763586635631
POLB,7.586867857752145
POLD1,0.9951796309976612
POLD2,7.3859470804628184
POLD3,0.38272204190980996
POLD4,192.27550460824563
POLE,0.043535869400844425
POLE2,0.2572610203549688
POLE3,23.181794049682033
POLE4,18.21160521658663
POLG,14.629864479587129
POLG2,1.7344768530875239
POLH,3.1991775729881553
POLI,1.63489325360265
POLK,5.814987785574018
POLL,14.754653865304736
POLM,8.578789473471401
POLN,0.040044771536957235
POLQ,0.04011508510195928
POLR1A,0.5801056113719323
POLR1B,0.6639128606804958
POLR1C,16.1817275511774
POLR1D,36.06229148083329
POLR1E,29.342193731848383
POLR2A,2.5513940892928644
POLR2B,10.291560865054343
POLR2C,102.83890722382964
POLR2D,14.971034692095069
POLR2E,89.92656763096893
POLR2F,13.605584384413412
POLR2G,30.986135341073325
POLR2H,316.01403766713264
POLR2I,28.16980111632852
POLR2J,22.792501988271795
POLR2K,108.72082496584774
POLR2L,220.24512755890908
POLR3A,0.14346183498982323
POLR3B,1.3569236767733723
POLR3C,1.032195339931253
POLR3D,4.535727410113256
POLR3E,10.362755513673477
POLR3F,2.5328705567878353
POLR3G,0.37535662458743474
POLR3GL,32.86588762914921
POLR3K,10.272128783432326
POLRMT,5.356038234629061
POMGNT1,50.37702072702184
POMT1,5.2458666458413274
POMT2,4.900030306461391
PON3,0.1013570949393336
POR,219.5831275947264
PPA1,582.8961710813827
PPA2,189.9738508401808
PPARA,4.230132448479713
PPAT,5.364791340952561
PPCDC,2.8246591876599427
PPCS,114.78211893045425
PPEF1,0.009479648075173517
PPEF2,0.0010284858254306862
PPIA,429.0135055691965
PPIAL4A,0.3354345050980549
PPIAL4C,0.3354345050980549
PPIAL4E,0.03731858311568402
PPIAL4G,9.607457659569402
PPIB,3249.211896090849
PPIC,43.732538831957925
PPID,537.0170477848993
PPIE,8.206485506186175
PPIF,169.20301232532802
PPIG,7.8701297334879605
PPIH,593.9263086281868
PPIL1,61.893022204486535
PPIL2,0.9631685051904062
PPIL3,51.91269011351638
PPIL4,2.2772449578004537
PPIL6,0.25956714280000404
PPIP5K1,1.7986601788340708
PPIP5K2,8.222879685842367
PPM1A,1.3780077656011518
PPM1B,4.097601334314372
PPM1D,4.521618064986374
PPM1E,0.0023167090882478124
PPM1F,28.897417913047807
PPM1G,17.849643066503123
PPM1K,0.6583205299880951
PPM1M,14.32955078558365
PPOX,6.263329899530443
PPP1CA,324.01411303110405
PPP1CB,167.65292899206827
PPP1CC,162.19020229526186
PPP1R1A,13.641236284966421
PPP1R1B,0.02993426392937734
PPP1R2,33.88271578216796
PPP1R3A,0.00040519939692742037
PPP1R3B,36.166252208349356
PPP1R3C,9.32292923853211
PPP2CA,181.33246093503217
PPP2CB,41.04460069220768
PPP2R1A,805.0468822114942
PPP2R1B,8.550061608161982
PPP2R2A,54.43062236478743
PPP2R2B,2.0745470122573
PPP2R2C,0.2114702224599469
PPP2R3A,4.934865669117248
PPP2R3B,0.07006633830364117
PPP3CA,169.3725304099601
PPP3CB,9.746155612788424
PPP3CC,4.557276554647628
PPP3R1,120.65695984279236
PPP3R2,2.4370537589271226
PPP4C,70.72373849328895
PPP5C,25.114755217181607
PPP6C,101.89486296306441
PPT1,18.898026030613455
PPT2,0.17307533543536077
PPWD1,11.533460278239003
PRAG1,0.3354345050980549
PRDX1,16123.682947960568
PRDX2,3442.034927469766
PRDX3,393.54480887786036
PRDX6,1222.7101833514735
PREP,61.946873945246914
PRKAA1,19.64946324824432
PRKAA2,6.054055550697154
PRKAB2,2.2752175981330307
PRKACA,350.1515018749878
PRKACB,51.81635240586874
PRKACG,0.006654692329465745
PRKAG2,10.598931434888307
PRKAR1A,23.1859028717379
PRKAR1B,27.079731087576175
PRKAR2A,11.874956971006657
PRKAR2B,14.278270580557647
PRKCA,3.5418517878786906
PRKCB,1.4840572727972836
PRKCD,2.728061797260002
PRKCE,2.0377578470364255
PRKCG,0.0006450935649017586
PRKCH,13.676890660001167
PRKCI,2.695724838414986
PRKCQ,1.504927599841187
PRKCSH,772.3226472849459
PRKCZ,8.744695108040874
PRKD1,0.6217129834371701
PRKD2,15.138819789621914
PRKD3,4.132200693099159
PRKDC,1.7686080163414348
PRKG1,0.600183603639194
PRKG2,0.3362524167295927
PRKN,0.21524163632635238
PRKX,3.9523040424287057
PRKY,0.2929066827939767
PRODH,3.103012565914685
PRODH2,12.788612677259875
PRPF19,277.4462800569611
PRPF4,101.12326043302495
PRPF4B,13.655813172613604
PRPS1,464.99928811564445
PRPS1L1,2.979984130889196
PRPS2,14.469573444131324
PRRT2,0.08632738458413716
PSAP,189.9423140928861
PSAT1,19.930765936939807
PSKH1,14.94531072870625
PSKH2,0.11813839957802594
PSPH,705.2650277136008
PSPHP1,0.3354345050980549
PTDSS1,197.92779946696254
PTDSS2,23.449800789883835
PTEN,6.742530911858202
PTGDS,700.026428933406
PTGES,10.18264304462652
PTGES2,58.84812080241097
PTGES3,5282.393206683622
PTGIS,15.591157644916336
PTGR1,372.71223008941877
PTGS1,80.33807319118395
PTGS2,0.17417498533262374
PTK2,8.253694193606526
PTK2B,8.391805526377215
PTK6,0.34343625668437083
PTK7,0.48379162723790187
PTP4A2,1.7680818515417274
PTP4A3,59.02568441314007
PTPDC1,0.5096941614889658
PTPMT1,18.57678911892941
PTPN1,33.864269172661096
PTPN11,20.81446507200055
PTPN12,5.618168644682304
PTPN13,2.507441492991431
PTPN14,2.1017347550316323
PTPN18,27.969624990940606
PTPN2,5.76783260971306
PTPN21,2.082436431173761
PTPN22,1.2136486732607326
PTPN23,6.3048526357616765
PTPN3,2.316304893558063
PTPN4,1.2869618898165034
PTPN5,0.009990635648519106
PTPN6,62.90527919104565
PTPN7,2.417005322053432
PTPN9,0.645332436534737
PTPRA,0.395282915465291
PTPRB,6.687149408162279
PTPRC,29.900490612999572
PTPRD,0.06794984926243863
PTPRE,5.737431448569535
PTPRF,92.33117065515141
PTPRG,5.499957347359956
PTPRH,0.12434411658123207
PTPRJ,8.169134352210055
PTPRK,17.50963631054144
PTPRM,67.95001908563282
PTPRN,0.7941506404247656
PTPRN2,1.8474300746452175
PTPRO,0.7247971465157576
PTPRQ,0.0006791836738415607
PTPRR,0.04066183856814456
PTPRS,11.366840397418619
PTPRT,2.9983080175515923e-05
PTPRU,19.155786264906332
PTPRZ1,0.0024591794639208207
PTRH1,4.44107991286001
PTRH2,985.2470243181892
PTS,12.03543702185143
PUS1,8.558866168902409
PXDN,2.4182586853694223
PXDNL,0.03402992714421046
PXYLP1,0.3900283303635837
PYCR1,24.00771218787838
PYCR2,449.40486254138636
PYCR3,18.52640291410028
PYGB,463.78268899124106
PYGL,40.323966743390955
PYGM,0.31220411213417637
PYURF,0.6402221518630032
QARS,367.0772862248493
QDPR,1244.217494881408
QPCT,3.372009269540038
QPRT,32.330615137088955
QTRT1,35.42944854321327
QTRT2,3.0803803903498332
RAD1,0.8556599335224281
RAD18,0.32853897585191244
RAD9A,2.357807992227406
RAF1,0.20484098737309514
RAG1,0.41337521467317584
RALBP1,26.38049884389918
RARS,335.2047733521866
RARS2,17.8321451673055
RBBP6,0.1684971503451705
RBKS,16.03078167551631
RBP1,239.24989552212003
RBP2,0.005936163170745001
RBP4,10.777013801325918
RCHY1,4.202339260795211
RCL1,6.038725826250017
RDH10,10.620293891713889
RDH11,281.3476838771624
RDH12,0.08292386497509485
RDH13,27.8214681392398
RDH14,1.7523597657442058
RDH16,0.021361331869788426
RDH5,1.2604794603134737
RDH8,0.3354345050980549
REG3A,0.0029960686190897
RENBP,36.07076473036217
RET,0.03799811035960317
REV3L,1.7530745614702306
RFC5,25.730026867078873
RFK,10.429793710834689
RFWD3,2.879241286925813
RGL1,28.653138848385836
RHAG,0.3012257575781964
RHBG,0.003369543677708584
RHCG,0.08279270940003494
RING1,2.241816835806784
RIOK1,0.44441800158252226
RIOK2,0.2076657089044286
RIOK3,32.94430265164798
RIPK1,9.238481808378467
RIPK2,6.422795728953563
RIPK3,4.508336695028148
RIPK4,6.519793396887748
RIPOR1,1.8350848174091228
RNF103,4.969198796271614
RNF115,15.995993872039985
RNF123,6.629215600690212
RNF125,0.7408306754436267
RNF126,35.07622483836941
RNF128,33.19817035081468
RNF13,36.88699328211419
RNF130,262.6878884082341
RNF133,0.0020047475977517572
RNF138,2.206039480900486
RNF139,30.38986251789681
RNF14,30.91730421246641
RNF144A,1.5849985687297516
RNF144B,3.350081653768487
RNF146,8.321222464894491
RNF149,32.6123416275496
RNF152,2.007444899156084
RNF167,119.01491035366722
RNF180,0.278055437113672
RNF182,0.04655823781114917
RNF185,28.09706148285457
RNF187,121.22120974571125
RNF19A,44.3062615217092
RNF19B,18.15727214070732
RNF2,5.744059955685867
RNF20,1.6011894066629917
RNF216,11.817338252266328
RNF217,0.9541324102611561
RNF25,9.363063283709648
RNF31,11.142722141997558
RNF40,1.8290697325989467
RNF41,11.85539939275421
RNF5,5.9430423973539895e-05
RNF8,0.8365746702483772
RNGTT,2.8905539535194658
RNMT,39.834325790084755
ROCK1,5.183024165325173
ROCK2,5.949920484174854
ROR1,0.07452778860591211
ROR2,0.0120923873980334
RORA,2.6699666090596192
ROS1,6.654553701135804e-05
RPAP2,1.4319699486603366
RPE,45.8326660072166
RPE65,0.007632769543676002
RPIA,16.900118870351562
RPL14,1552.189754796521
RPN1,1258.8930042070788
RPN2,670.595099764725
RPP14,23.5507058310976
RPS6KA1,43.554869600011315
RPS6KA2,6.554603156331261
RPS6KA3,1.7942335338640818
RPS6KA4,0.9009043897531775
RPS6KA5,0.5718344381557577
RPS6KA6,0.1252220451040538
RPS6KB1,1.3064105975947315
RPS6KB2,24.210166835648266
RPS6KC1,0.25285706752166226
RPUSD4,0.8399169052813062
RRM1,20.10751781538276
RRM2,2.6624538456640123
RRM2B,29.521832808171453
RTCA,1.6973780629584712
RWDD2A,5.078080262339824
RXRA,12.853943842043867
RYK,10.377033698499524
SACM1L,9.635775587668155
SAE1,172.46485227398222
SAP130,0.5531673563974878
SARDH,2.3681108396025343
SARS,140.62126283817102
SARS2,8.277201208628588
SAT1,976.0911011601365
SAT2,121.65767481957924
SBK1,0.18026058008664048
SC5D,1.7142905425756392
SCARB1,241.18389462050715
SCARF2,4.613803261984081
SCD,235.13516494057134
SCD5,0.41661531152705283
SCLY,0.05850638250366592
SCP2,247.40830170433978
SDC1,10.015328946184816
SDHA,473.76168891518773
SDHB,468.0746814828795
SDHC,11.911624140347158
SDHD,3.4565128278528054
SDR16C5,0.0006736190556932443
SDR42E1,0.11791122907125545
SDR42E2,0.3354345050980549
SDR9C7,0.0005403409185690472
SDS,49.911242681242655
SDSL,30.362002894141096
SEC11A,394.02392555410387
SEC11C,18.683038716086877
SELENOI,0.1784505883933933
SEPHS1,519.918854860072
SEPHS2,86.99027862756616
SERPINA1,12994.44160276957
SERPINA3,6.191345173148018
SETD1A,0.18621074616214528
SETD1B,4.7444790221480435
SETD2,0.02392384589321109
SETD5,5.743431242736299
SETD7,7.055397684201679
SETDB1,0.2626666127795276
SETDB2,1.6008902424354896
SETMAR,1.4877062559239593
SFXN3,2406.280600627254
SGK1,187.55528146425854
SGK2,4.422440254703565
SGK3,0.029499439081819005
SGMS1,6.810039155691736
SGMS2,4.113368541870422
SGPL1,47.74467452262138
SGPP1,6.829500033788471
SGPP2,25.187575811739972
SGSH,21.18718435325496
SH3RF1,3.9208749664611107
SH3RF2,0.0796014733601215
SH3RF3,0.8988598048009954
SHMT1,789.3847182018592
SHMT2,2342.0466547754595
SHPK,3.377119856755857
SHPRH,0.5529658404158853
SI,8.967695160123954e-05
SIAE,58.85124387672207
SIAH1,1.9308259177127713
SIAH2,11.990315479118106
SIK2,4.326153674995153
SIK3,2.279054682451276
SIN3A,4.3697258190508945
SIN3B,0.10622831699281723
SIRT1,6.724335139677692
SIRT2,51.4422872015473
SIRT3,9.80757239247935
SIRT5,2.6195253851826124
SIRT6,10.402357704850726
SIRT7,7.1244324251687035
SLC10A1,0.003035186301705018
SLC10A2,0.02587881891869342
SLC10A6,0.1000493689106911
SLC11A1,0.7030135342811732
SLC11A2,6.146061589641226
SLC12A1,0.4982500909094166
SLC12A2,0.5212112301750721
SLC12A3,0.049717682525160324
SLC12A4,0.4283833585230287
SLC12A5,0.03331088405554318
SLC12A6,0.11446416931566049
SLC12A7,8.942187445180194
SLC13A1,4.933620600868951
SLC13A2,0.004127042642583529
SLC13A3,0.5041669628129978
SLC13A4,0.016643890173957336
SLC13A5,0.0010892056687503572
SLC14A1,0.08928628115008615
SLC14A2,0.002930263079915242
SLC15A1,0.17931614748687424
SLC15A2,0.14936204604747477
SLC15A3,126.51932248455977
SLC15A4,96.97552321992887
SLC16A1,17.4704566849203
SLC16A10,0.12169801766165839
SLC16A2,1.5964700195726056
SLC16A3,730.8187758758753
SLC16A7,0.2981883770891064
SLC16A8,0.012179249856410843
SLC17A1,21.95131268400875
SLC17A2,7.0855770368934206
SLC17A3,594.7304850431535
SLC17A4,50.664545460940715
SLC17A5,31.059742999043824
SLC17A6,0.00046306552763221453
SLC17A7,0.040370902616656816
SLC17A8,0.023326127399307364
SLC18A1,0.009679478697322176
SLC18A2,1.5153347026413255
SLC18A3,0.32945787361213774
SLC19A1,3.2182366622311998
SLC19A2,1.0450298673005434
SLC19A3,0.40094938115284756
SLC1A1,16.691683944481937
SLC1A2,0.004963857215748545
SLC1A3,7.248018603397238
SLC1A4,1.1500573361755362
SLC1A5,42.388946683438085
SLC1A6,0.07694788869193199
SLC1A7,0.025430935677694486
SLC20A1,9.726396616814583
SLC20A2,4.411178777658975
SLC22A1,0.054019242479923284
SLC22A10,0.00031082186784163175
SLC22A11,6.427548458041246
SLC22A12,3.0959990077082895
SLC22A13,0.031024879471189495
SLC22A16,0.004811710418885532
SLC22A18,133.76976216830016
SLC22A2,94.16974084914244
SLC22A3,0.080690076870696
SLC22A4,1.6713512593813569
SLC22A5,63.19267686534757
SLC22A6,0.51640672247291
SLC22A7,0.3117634628276535
SLC22A8,0.023005370975232038
SLC22A9,0.0010072220076505327
SLC23A1,4.530985094784598
SLC23A2,6.643963224520328
SLC24A1,1.7276377379891252
SLC24A2,0.11485961790308995
SLC24A3,0.24221226931228662
SLC24A4,0.02056414920187219
SLC25A1,966.3672859633517
SLC25A10,50.58274830929992
SLC25A11,1475.542719361474
SLC25A12,128.13623286310525
SLC25A13,341.9992946119309
SLC25A14,1.1143977280436819
SLC25A15,1.2586938941690986
SLC25A16,7.91164379189852
SLC25A17,6.13321789189878
SLC25A18,0.12680345295280376
SLC25A19,3.8975178370388304
SLC25A2,0.005686140050142987
SLC25A20,8.248084153561841
SLC25A21,0.19892240735758268
SLC25A22,3.2690435282985177
SLC25A26,4.204641058548973
SLC25A27,0.15105727665447458
SLC25A28,23.530675784989153
SLC25A29,3.439712047475422
SLC25A3,3537.022145874685
SLC25A37,2.8826000041604973
SLC25A4,201.20090741090877
SLC25A5,3754.018864959293
SLC25A6,399.61153675408974
SLC26A1,3.130033124184663
SLC26A11,5.946226533123873
SLC26A2,1.2694602071412942
SLC26A3,0.001996630845006001
SLC26A4,0.031772270673634966
SLC26A6,0.5690565741081858
SLC26A7,0.019710341603705002
SLC26A8,0.0020043404425155883
SLC26A9,1.2746561606414126
SLC27A1,4.623346715368973
SLC27A2,67.62188420235674
SLC27A3,9.278212886348971
SLC27A4,1.3824728234731145
SLC27A5,1.0636684478457257
SLC27A6,0.0002689630809180538
SLC28A1,25.196557712713382
SLC28A2,0.0045815803253491305
SLC28A3,0.0021513821002936695
SLC29A1,74.79230118691198
SLC29A2,0.936146579291318
SLC29A3,22.889616679813624
SLC29A4,105.8040280025165
SLC2A1,59.8587731796178
SLC2A10,1.4204831040463373
SLC2A11,4.1966566005817345
SLC2A12,0.08492644564544632
SLC2A13,2.920547524280718
SLC2A14,0.11776522929275678
SLC2A2,2.2926334536884547
SLC2A3,30.86229216426107
SLC2A4,0.2300236943597575
SLC2A5,91.86008860569804
SLC2A6,1.448633367123378
SLC2A7,0.001824164288815946
SLC2A8,7.720807751846647
SLC2A9,26.148958022551067
SLC30A1,7.605001068554659
SLC30A6,3.8556993403039765
SLC30A7,15.61571698603611
SLC31A1,5.781773235551572
SLC32A1,0.009080213274114094
SLC33A1,1460.9243517312593
SLC34A1,0.013923726473918575
SLC34A2,14.566612095654822
SLC34A3,0.07855255234241992
SLC35A1,13.218533707487437
SLC35A2,10.261705198018195
SLC35A3,4.833592708192899
SLC35B2,1.1223054226433875
SLC35B4,3.555806931423253
SLC35C1,6.481783728980036
SLC35D1,3.2769365597671913
SLC35D2,15.55015944989287
SLC36A1,9.585411550129043
SLC36A2,0.02159050482060615
SLC36A4,3.6599127433094876
SLC37A1,4.495545050640291
SLC37A4,108.34759662884986
SLC38A1,61.067058222352486
SLC38A2,65.62119845331475
SLC38A3,0.004608979676049246
SLC38A4,0.3018494213952696
SLC38A5,0.29457076646477887
SLC39A7,4.556527652434645
SLC3A1,636.3644187500333
SLC3A2,102.74522114374435
SLC40A1,198.64620972012028
SLC41A1,8.108591759977203
SLC41A2,8.275813136522842
SLC43A1,0.7906371891651381
SLC43A2,64.65518187094426
SLC46A1,1.8854327483062758
SLC47A1,301.7974554175189
SLC47A2,0.07407933842383065
SLC4A1,0.0009083947519790813
SLC4A10,0.00876494051701284
SLC4A2,51.90932034256455
SLC4A3,0.3477538400158381
SLC4A4,46.81543614631431
SLC4A5,0.4218243692689271
SLC4A7,0.2208515983477629
SLC4A8,0.03487842701578992
SLC4A9,0.001094578120764078
SLC51A,0.15730939956507933
SLC51B,0.1317954273752661
SLC52A1,0.11277172956640528
SLC52A2,0.09357936368667576
SLC52A3,0.28454763876001143
SLC5A1,0.6132304883543385
SLC5A10,38.68144291245361
SLC5A11,0.09713457650909672
SLC5A12,92.41424115866975
SLC5A2,0.025785430152251626
SLC5A3,0.8607015120770973
SLC5A5,0.0020306817387359677
SLC5A6,4.484302847937606
SLC5A7,0.07302190367296232
SLC5A8,1.1875399267712037
SLC5A9,30.645274922587763
SLC6A1,0.0971869178164964
SLC6A10P,3.1559422795985124
SLC6A11,0.0012507305767077976
SLC6A12,10.989660846954948
SLC6A13,215.41282889028213
SLC6A14,0.0006717812054520781
SLC6A18,0.37312375734354875
SLC6A19,0.08174735796478119
SLC6A2,0.00010681104053460718
SLC6A20,0.00778518412166538
SLC6A3,88.88722715228006
SLC6A4,0.0003745322679140863
SLC6A5,0.0002659394678239323
SLC6A6,0.6213944291729586
SLC6A7,0.006862823679312307
SLC6A8,534.7050380606819
SLC6A9,0.7578461292624614
SLC7A1,9.648597314446548
SLC7A10,0.017871504290711687
SLC7A11,0.09349726554639765
SLC7A2,1.0027175663583419
SLC7A3,0.04448941571177317
SLC7A5,9.537028706977067
SLC7A6,1.9435349075501767
SLC7A7,182.2773722811762
SLC7A8,2.7732942237380924
SLC7A9,24.139856915640596
SLC8A1,4.311649397498366
SLC8A2,0.0005690879066399857
SLC8A3,0.0007554414358948147
SLC8B1,0.13932836983899105
SLC9A1,6.227102062528703
SLC9A2,0.005490828496565743
SLC9A3,2.2146572248142036
SLC9A4,0.0011822362992459103
SLC9A5,0.031627479263563255
SLC9A7,1.447138561503711
SLC9A8,3.0181433223937097
SLCO1A2,0.009705322958624148
SLCO1B1,0.5745214485775751
SLCO1B3,0.0006818291352633985
SLCO1C1,0.012195882602917962
SLCO2A1,43.47804810461333
SLCO2B1,69.2863540583952
SLCO3A1,5.61595833700679
SLCO4A1,0.10958664277259068
SLK,16.92871240082984
SMARCD3,5.923834264465625
SMG1,0.5428843694254111
SMPD1,19.984239058511527
SMPD2,4.805954443484729
SMPD3,0.18656457663471948
SMPD4,4.973537769013791
SMS,124.27844235772457
SMURF1,6.295539756874683
SMURF2,2.828040444977914
SMYD3,9.828432757990834
SNRK,12.791156395833184
SOAT1,10.405303674199779
SOAT2,0.11673527955518499
SOD1,2413.2856268945634
SOD2,1610.8673442922018
SOD3,57.97722019217084
SORD,9.524330349551759
SPCS1,123.23164018154978
SPCS2,99.01445265781275
SPCS3,291.9964750363585
SPEG,0.08497905601401552
SPHK1,1.2286337193835994
SPHK2,0.6909035928090891
SPR,614.7893255534271
SPRYD3,35.16585982916567
SPTLC1,18.600203148659535
SPTLC2,3.7431387466502133
SPTLC3,6.3501000433631685
SQLE,0.31533231021026553
SRC,11.73784920102902
SRD5A1,10.769312826929069
SRD5A2,0.0035451710144003747
SRD5A3,13.838868676613902
SREBF1,36.72668240329908
SRM,513.6867531876297
SRMS,0.05851769499439023
SRPK1,4.021992642462024
SRPK2,7.633149119862099
SRPK3,0.011245920833211695
SSH1,6.0536197234456015
SSH2,2.4343279172851187
SSH3,12.994957783172568
SSR4,1245.3479856682134
SSU72,73.43027335483646
ST3GAL1,19.75218449300522
ST3GAL2,7.1344262284843465
ST3GAL3,19.58749955180598
ST3GAL4,14.069850617480563
ST3GAL5,4.934904038480454
ST3GAL6,1.287116019519001
ST6GAL1,31.05429582004268
ST6GALNAC1,0.012067152017135934
ST6GALNAC2,0.4150815535323892
ST6GALNAC3,0.4089119070396544
ST6GALNAC4,11.206890302130835
ST6GALNAC5,0.003352545293070199
ST6GALNAC6,29.754701278817755
ST8SIA1,0.06595074465290929
ST8SIA4,2.0950201812074636
ST8SIA5,0.022627169692459797
STAMBP,10.768206439493113
STAMBPL1,5.818021392234279
STARD3,22.992137357812425
STK10,0.8372708116793818
STK11,19.99424836568761
STK16,1.6528590905514235
STK17A,10.321374927647158
STK17B,7.701074875838547
STK19,1.0057210228186149
STK24,19.618806892349795
STK25,5.684119263485911
STK26,0.629690691282171
STK3,18.182175148222388
STK31,0.0005186656701867318
STK32A,0.0005132687620367172
STK32B,6.093087198793412
STK32C,3.5902223730425082
STK33,0.008433920075609506
STK35,3.01527638914229
STK36,2.8376467753637953
STK38,8.221112961193757
STK38L,3.8437158450376723
STK39,50.31848395643036
STK4,1.84097719211644
STRA6,0.05624676955757734
STS,3.4065087503276437
STT3A,22.12002727538996
STT3B,38.623317287368025
STUB1,46.478160234919535
STYK1,0.005243822099033421
STYXL1,41.61622157742925
SUCLA2,102.80082059309909
SUCLG1,480.4498965431698
SUCLG2,606.393068669403
SULT1A1,13.302821320494179
SULT1A2,0.6019508751705925
SULT1A3,3.7503041530200782
SULT1B1,0.017638547345042725
SULT1C2,12.220083393075159
SULT1C4,41.8158111477441
SULT1E1,0.005645221639365013
SULT2A1,3.553854432798619
SULT2B1,0.24706363056555858
SULT4A1,0.8209230938289688
SUOX,21.995030398746156
SUV39H1,1.5398076458935426
SUV39H2,0.598195552988923
SYK,11.913548980055264
SYNJ1,0.028101121583457574
SYNJ2,0.020320865154578916
SYVN1,0.9595368299127661
TAF1,1.339160118638218
TALDO1,262.6999390878512
TAOK1,1.9689112323141271
TAOK2,10.436261193722197
TAOK3,11.321759204076548
TARS,341.1974473925963
TARS2,1.6132107620836544
TARSL2,8.432375623198489
TAT,0.009441581465973532
TBCB,136.88874704736443
TBK1,0.9392366033125763
TBL1X,18.509665499338766
TBL1XR1,11.236669532949428
TBXAS1,27.781133883688536
TCIRG1,29.68742181724263
TDO2,0.22426510546657952
TECR,55.43163441530297
TECRL,0.11400593534832566
TENT2,0.15316461371698084
TENT4A,0.45357387630786017
TESK1,24.401998651903657
TESK2,0.7280851802514074
TFRC,73.23286361639626
TGDS,2.262576407708095
TGFBR1,10.339179359567394
TGFBR2,130.38308631940004
TGM1,0.2513783738652814
TGM2,226.46455892547795
TGM3,0.014037369198806798
TGM4,0.0002484527267920683
TGM5,0.0029572694864418293
TGM6,0.00036844114793429383
TGM7,0.01438308791538765
TGS1,7.675475128917405
TH,0.0024081106583331794
THNSL1,3.347316899817189
THTPA,4.274199751804849
TIAM2,0.016985912104703012
TICRR,0.05167590734814967
TIPARP,5.5765316309728385
TK1,26.04527282682977
TK2,9.923630254141699
TKFC,17.655218887752373
TKT,154.64593325053514
TKTL1,0.011204883752574946
TKTL2,0.0002746109959166897
TLK1,3.703483937718624
TLK2,0.10015827413426785
TM7SF2,17.42385602693482
TMEM91,53.65287957723936
TMLHE,1.5901360933129467
TMX3,9.30812124145144
TNFRSF21,68.1602442024346
TNIK,2.864612577952946
TNK1,2.8816283379763394
TNK2,5.700623536476218
TNKS,1.7898449322977956
TNKS2,10.179200535075351
TNNI3K,0.3354345050980549
TNS2,1.434061794943761
TOPORS,4.365889400429641
TP53RK,3.704820453041812
TPH1,0.0089835932027634
TPH2,0.08567194949607831
TPI1,27039.49540029363
TPI1P2,56.65161915961719
TPK1,3.6604261628242725
TPMT,10.768911065664884
TPO,0.6666932893355447
TPP1,471.574417218396
TPSAB1,17.383054111593253
TPSB2,14.7446454309969
TPSD1,1.0152513033279191
TPST1,4.1692387295945945
TPST2,14.58344683369903
TPTE,0.0030121518033507885
TPTE2,0.002017713179251257
TRAF7,22.60938870022868
TRDMT1,0.32601564469603506
TREH,0.637879983768194
TREX1,2.787330411222834
TREX2,5.295143179727362
TRHDE,3.6730352318244224
TRIB3,39.67462291854161
TRIM11,4.322805903021539
TRIM32,0.9171697195239294
TRIM33,2.5255486058943806
TRIM63,0.0752136030327385
TRIO,1.158111802523285
TRIP12,11.720026522796472
TRIT1,7.182886470608943
TRMT1,4.028290195931547
TRMT11,2.8933805791303633
TRMT1L,4.564530170415452
TRMU,8.535262551962333
TRPM6,0.0025240046502165944
TRPM7,2.939657644221205
TSSK1B,0.0003286278167152201
TSSK2,0.0231714118888251
TSSK3,0.3114442231586709
TSSK4,0.12643095275642005
TSSK6,0.31506607677026743
TST,54.3794165896633
TSTA3,316.9283837823866
TTC3,8.285906591907121
TTK,0.03918185164663148
TTL,0.5015336624374829
TTLL10,0.010018725110544139
TTN,0.011496909052768081
TUSC3,2.052114250060213
TUT1,0.3163520264817573
TUT4,0.6950417161591614
TUT7,0.1907089895411479
TXN,759.5394712011419
TXN2,55.38935365800527
TXNRD1,242.48782043490968
TXNRD2,20.26005428184498
TXNRD3,1.0066831410864754
TYMP,80.04314278034957
TYMS,53.30023584247734
TYR,0.0004292903509927862
TYRO3,0.5413514000817484
TYRP1,0.3239049779474334
UAP1,15.183515379380388
UAP1L1,3.459256235541016
UBA1,434.89402946360514
UBA2,90.99747634202379
UBA3,28.414782192326705
UBA6,49.246445866542025
UBA7,12.824003602916381
UBE2A,29.362580976101874
UBE2B,37.18158736811889
UBE2C,2.1578678094676977
UBE2D1,4.603619388124725
UBE2D2,36.86619064417556
UBE2D3,1031.6494957637242
UBE2D4,3.792272156426271
UBE2E1,29.299496270699038
UBE2E2,2.6140171502768217
UBE2E3,12.004323605614303
UBE2F,0.8057116781352872
UBE2G1,9.93028015300807
UBE2G2,3.316372081849015
UBE2H,255.79215304457648
UBE2I,917.8382935911083
UBE2J1,12.442889070785421
UBE2J2,25.167895193851464
UBE2K,289.089648449945
UBE2L3,621.092619214371
UBE2L6,64.33453404793535
UBE2M,100.16889189423169
UBE2N,38.55592410237375
UBE2NL,9.49963629588507
UBE2O,4.04030720092052
UBE2Q1,6.283888661807738
UBE2Q2,1.6390705589690733
UBE2QL1,0.038673760840430754
UBE2R2,12.064695256346903
UBE2S,3.106770726519432
UBE2T,1.299633504888477
UBE2U,0.023784263818109993
UBE2W,8.2010640069297
UBE2Z,90.74340257643743
UBE3A,15.814706243806949
UBE3B,12.997201546890821
UBE3C,4.800689441089224
UBE4A,0.8112898670868467
UBE4B,3.1682295611691615
UBLCP1,41.44283403028999
UBR1,0.45311797451907165
UBR2,2.475458980422288
UBR3,0.02162518760349757
UBR4,8.186839976052731
UBR5,0.6704153546054548
UBR7,17.881307101924325
UCK1,9.273902690612273
UCK2,2.2456294213474575
UCKL1,11.065854607794222
UCP1,0.058364989262093596
UCP2,226.3487962240909
UCP3,0.03500747821624097
UEVLD,3.461315807865128
UGCG,23.42873226851676
UGDH,56.01318227774689
UGGT2,1.4947027035802867
UGP2,1457.5788713916204
UGT1A1,0.04918542885666668
UGT1A10,0.0009599239955111498
UGT1A3,0.037552049172839795
UGT1A4,0.00034994062691839597
UGT1A5,0.0009840164350025961
UGT1A6,336.70953515074075
UGT1A7,0.006217925533921321
UGT1A8,0.02195077890978632
UGT1A9,117.42072807532054
UGT2A1,0.3354345050980549
UGT2A3,107.32561210076135
UGT2B10,0.1360192210499352
UGT2B11,2.48461732336843
UGT2B15,0.013494016427434675
UGT2B17,0.10387825179975502
UGT2B28,0.010768641557569028
UGT2B4,0.6973688697561572
UGT2B7,2800.7995424489686
UGT3A1,107.62460997355457
UGT3A2,0.026011978889522745
UGT8,8.164235131885173
UHMK1,12.839005739404998
UHRF1,0.14277170364416464
UHRF2,3.2957837642030565
ULK1,14.651018242686044
ULK3,12.376522012191279
ULK4,0.31399556894804714
UMPS,78.8359769529261
UPB1,7.328346852994081
UPP1,5.858740685076351
UPP2,0.06906064602084638
UPRT,2.940055084272113
UQCR10,62.115254002667925
UQCR11,244.620662599137
UQCRB,134.0442836544534
UQCRC1,1396.9323776275958
UQCRC2,3354.1857736758066
UQCRFS1,238.78697788796808
UQCRH,18.94355792061191
UQCRQ,98.6054794685371
UROC1,0.0010145148014660261
UROD,108.11791879012482
UROS,37.69412109263508
USP1,5.989228371664349
USP10,4.578727546602071
USP11,20.580702041811698
USP12,8.311226972020123
USP13,0.7007799503744631
USP14,63.48634174966694
USP15,2.4754346997247483
USP16,6.344367312266654
USP17L2,0.0006279553594007758
USP17L22,0.04998256910149056
USP17L30,0.050968258904732194
USP17L5,0.050968258904732194
USP17L9P,0.3354345050980549
USP18,1.6750199633385514
USP19,0.8167266115229196
USP2,1.258004548063504
USP20,3.759031285236091
USP21,7.717947214997515
USP22,97.26215680110201
USP24,1.4997318377136106
USP25,0.06326468207325255
USP26,0.0002756199084723565
USP28,2.8436604455685273
USP29,0.08228852752006045
USP3,0.6886360070132029
USP30,0.27276369801447736
USP31,1.0073533319435408
USP32,0.36803485447080125
USP33,11.467760758437123
USP34,7.364884255687237
USP35,0.6478085667906401
USP36,4.821537105054185
USP37,0.7758534416627056
USP38,3.916726580110434
USP4,1.8860375194644523
USP40,0.5509351207118109
USP41,0.01834435481333142
USP42,2.4633332865133886
USP43,0.4136300516665585
USP44,0.007432483023303078
USP45,0.6661004548137076
USP46,1.1092617781071816
USP47,2.8004249795003204
USP48,0.3008687388451273
USP49,0.0471900850898585
USP51,0.5038445232469478
USP6,0.03000522914247428
USP7,19.487841577814223
USP8,0.49459966692075874
USP9X,5.02755994708474
USP9Y,1.726172209236324
UST,1.408676142661586
UXS1,30.509431808075195
VARS,19.634680096699167
VARS2,15.266517472502803
VKORC1,530.1448172270735
VNN1,1.2284844405842776
VNN2,4.196548470174967
VNN3,0.01140103237005079
VRK1,16.844907255553355
VRK2,3.944868495243528
VRK3,25.929904370109337
WARS,1346.0675694384363
WARS2,17.740194780217582
WDYHV1,7.539925643741277
WEE1,6.339886577483017
WEE2,0.0012063708242482792
WNK1,2.558681060877458
WNK2,0.008313914784355577
WNK3,0.005422714510692787
WNK4,0.2113394678294447
WWOX,3.335874717314241
WWP1,37.9986653247149
WWP2,0.16777344247641346
XDH,0.026014762011575387
XPO6,0.32024822092732974
XPO7,13.505783847583466
XYLB,1.0845193842123266
XYLT1,0.5930436165390703
XYLT2,13.844890720114135
YARS,1784.2712871544338
YARS2,25.647182174167636
YES1,7.7922863343548805
ZADH2,2.909005428966575
ZAP70,3.398804335104884
ZC3HAV1,2.200831163809104
ZNRD1,0.7855818094436433
ZNRF1,1.059375095150595
ZNRF2,5.564072128968517
ZSWIM2,0.015679988656711358
