A4GALT,8.319906930425047
A4GNT,0.21321462884586356
AACS,106.01721718418541
AADAC,0.46461910206112456
AADAT,0.7892790614863091
AAK1,9.195029002174685
AANAT,0.034902156129116874
AARS,313.259000753647
AARS2,2.2419595465724806
AASDH,0.8073540695201064
AASDHPPT,8.418720159411862
AASS,0.29616796487364355
AATK,0.23611006099225987
ABAT,0.10449372768798958
ABCA1,2.473558894830338
ABCA3,0.052987644549718944
ABCA4,0.009810275025723446
ABCA8,0.003370392575424053
ABCB1,0.1130355321240382
ABCB11,8.979294302537926e-05
ABCB4,0.01192852017822506
ABCB6,2.596522292461264
ABCC1,0.8991312852561831
ABCC11,0.003365186066916433
ABCC2,0.002837224239360266
ABCC3,3.8593760949305533
ABCC4,2.527983025357256
ABCC5,2.421779664037847
ABCC8,0.05536502372092665
ABCC9,0.15025183460214675
ABCD1,1.1060047238097612
ABCD2,0.0026130136434484624
ABCD3,62.48554258202304
ABCG2,0.039946217304128215
ABCG5,0.0010292297205115168
ABCG8,0.026673876708283938
ABHD12,25.908139693252494
ABHD5,1.5868679193295117
ABHD6,1.298187625725419
ABL1,8.582326978072595
ABL2,2.92591631241483
ABO,0.008092888092182253
ACAA1,28.32330071843971
ACAA2,76.71426061698132
ACACA,29.0947468073071
ACACB,0.2404916560659938
ACAD10,5.246176949988483
ACAD11,0.02659812673964016
ACAD8,15.361225319470485
ACAD9,310.48807734180355
ACADL,0.004134302789505549
ACADM,12.749083116596623
ACADS,5.295029976204262
ACADSB,12.186353277023812
ACADVL,473.86542891558685
ACAT1,28.95372882689992
ACAT2,19.53402182580945
ACE,1.8658059593918714
ACE2,0.006933848978597439
ACER1,0.16791837461055348
ACER2,0.1414577871484475
ACER3,7.988836313440734
ACHE,0.010857609336488305
ACLY,103.64235163775172
ACMSD,0.0006479668689383807
ACO1,37.0848981439183
ACO2,7.294633864862271
ACOT1,0.2874469493507654
ACOT11,1.2963142431004377
ACOT12,0.09846384054416166
ACOT13,3.0634926281429866
ACOT2,2.5352665072239566
ACOT4,0.418046675588527
ACOT6,0.00089515814218648
ACOT7,23.012652783135234
ACOT8,37.301050980089535
ACOX1,2.600936583659611
ACOX2,0.19639108126918628
ACOX3,9.786719018201612
ACP1,7939.282358601565
ACP2,10.791531368499376
ACP4,0.0036202735317779565
ACP5,45.53530721201707
ACP6,17.962565459032362
ACP7,0.44999467512671487
ACPP,0.49907013704742137
ACSBG1,0.004595184646307464
ACSBG2,0.0015970737839315781
ACSF2,20.99379198570127
ACSF3,0.2769146036662924
ACSL1,3.7201869950820132
ACSL3,5.364420139319101
ACSL4,3.448341405767385
ACSL5,1.8524287853831167
ACSL6,0.001116336781563199
ACSM1,0.00931175816669233
ACSM2A,0.0585122933778039
ACSM2B,0.06320048198640206
ACSM3,0.22899455742548946
ACSM4,0.005573153033864537
ACSM5,0.0018903598980055695
ACSS1,1.6122533166022226
ACSS2,19.08704214547584
ACSS3,0.04188883088498902
ACVR1,14.346248074706082
ACVR1B,3.8666015653535317
ACVR1C,0.018695626802681338
ACVR2A,0.5098274518258373
ACVR2B,0.17986340225090994
ACVRL1,2.593805554965114
ACY1,9.516148197378879
ACY3,4.875113172562734
ACYP1,5.39280748504365
ACYP2,2.1742437505831154
ADA,31.98180129720267
ADCY1,0.005955008722661999
ADCY10,0.00037631005701816003
ADCY2,0.0006042752461593629
ADCY3,5.8197879359252065
ADCY4,0.3992842116037274
ADCY5,0.012376703176846377
ADCY6,0.43541601540128044
ADCY7,11.426112504678345
ADCY8,0.10844658669179806
ADCY9,0.1736609930652777
ADH1A,15.260920881477592
ADH1B,6.10177814305556
ADH1C,0.3354345050980549
ADH4,0.00462145928530587
ADH5,307.49038785213065
ADH6,0.008703503527903647
ADH7,0.11332845673771044
ADHFE1,0.038049869543464114
ADI1,81.10252734820602
ADK,12.571936062157556
ADO,7.6581762744317645
ADPGK,56.33241814264748
ADPRH,11.174240769974094
ADSL,524.3441581399721
ADSS,231.098571115451
ADSSL1,1.2043785544338643
AFMID,9.467691641907086
AGA,44.65160676239886
AGK,16.1843667136973
AGL,0.4511993263217789
AGMAT,0.2167981678166294
AGPAT1,1.3896732007841022
AGPAT2,6.24269244788641
AGPAT3,0.799435570064803
AGPAT4,0.2819435502881539
AGPAT5,6.521727183137373
AGPS,31.015701875478403
AGT,0.29137645597615097
AGXT,1.1981950333722313
AGXT2,0.07273189725255508
AHCY,13450.20628388291
AHCYL1,21.66935795826047
AHCYL2,2.897561070692261
AICDA,0.00019790231660333325
AK1,188.96197899519285
AK2,279.335294986399
AK3,8.654879275747795
AK4,231.3192633509279
AK5,0.02837783581993807
AK7,0.03228377959110664
AKR1A1,322.2538100686964
AKR1B1,152.59561277009567
AKR1B10,0.31636252404498083
AKR1B15,0.3080725157410076
AKR1C1,2.2404504304922903
AKR1C2,4.58291101325737
AKR1C3,26.18600964335118
AKR1C4,0.007458997438194005
AKR1C8P,0.3354345050980549
AKR1D1,3.5763124860476507
AKR7A2,92.44259984449992
AKR7A3,0.028760817514187582
AKT1,5.166860309482033
AKT2,1.0202460294903335
AKT3,11.066554514753449
ALAD,129.69851815801638
ALAS1,47.63338667130017
ALAS2,0.0022741748838192794
ALB,0.0007583701728333607
ALDH18A1,164.10979296071227
ALDH1A1,3.4284090053832146
ALDH1A2,0.00820532699525576
ALDH1A3,29.271518332981906
ALDH1B1,10.589103676973807
ALDH1L1,0.008219223938669234
ALDH1L2,0.1958039419329122
ALDH2,212.9268377210838
ALDH3A1,1.9399630703189399
ALDH3A2,93.33764395269453
ALDH3B1,3.0531650386744325
ALDH3B2,61.23973763065992
ALDH4A1,2.835998092004111
ALDH5A1,1.4413259857900547
ALDH6A1,1.213970588852493
ALDH7A1,1.1313736155970295
ALDH9A1,450.09123105965034
ALDOA,7893.7528239516905
ALDOB,0.00024372291132857972
ALDOC,31.397048634937846
ALG1,2.7141847052860153
ALG10,0.5489271769413426
ALG11,0.41794368024077394
ALG12,5.917514423530158
ALG13,3.180197568782962
ALG14,11.638343178402309
ALG1L,0.6871182246571138
ALG1L2,0.002621332229206519
ALG2,51.2035102238179
ALG3,4.73276196670894
ALG5,34.68991621873264
ALG6,5.961986355081659
ALG8,97.54704059100615
ALG9,1.6746946603385204
ALK,0.001291257832363448
ALLC,0.09874098907430014
ALOX12,0.22277515560609465
ALOX12B,0.1048212454419715
ALOX15,0.00819472205341771
ALOX15B,0.13216476702123744
ALOX5,21.152826994330933
ALPG,2.1334538652401167
ALPI,0.09522613776587274
ALPL,1.532164073929026
ALPP,0.009332839058222752
AMACR,12.992666398815329
AMD1,25.68450371321007
AMDHD1,0.12926679523679427
AMDHD2,7.135662170726189
AMFR,0.31809179864297427
AMHR2,0.06348622862741445
AMN,0.1544864478387436
AMPD1,0.0002467162753194642
AMPD2,15.161034407173263
AMPD3,5.249934193010655
AMT,0.20023924198416929
AMY1A,0.0003185919452225689
AMY1B,2.6438139326066277
AMY1C,2.6438139326066277
AMY2A,0.00469332137992013
AMY2B,0.9236800050967163
ANAPC11,157.21958284882004
ANGPTL4,19.86348349278253
ANKRD1,0.29820132801653176
ANPEP,9.400723716367663
ANXA3,878.3137173166089
AOAH,1.288739083239577
AOC1,0.022327631781835014
AOC2,0.06006559741192972
AOC3,2.1652561213056845
AOX1,1.0982238511837812
APOA1,0.008163307962744625
APOA2,180.33762034675766
APOA5,0.11645175048604357
APOB,5.0438666086788245e-05
APOC1,147.888159820551
APOC2,27.211319250515267
APOC3,46.87519708233557
APOE,338.1784359603085
APRT,1752.8069091871205
AQP1,13.197967889909844
AQP10,0.00038127784095756077
AQP2,2.053743019254548
AQP3,1570.4698779353348
AQP4,0.07010474987775854
AQP5,0.0039930467136361615
AQP7,0.009035412062094829
AQP8,0.0797973813681842
AQP9,2.977994551464781
ARAF,0.961115227017174
ARCN1,189.03182060093326
ARG1,0.005335846202788708
ARG2,3.507473783039623
ARSA,13.268579964086564
ARSB,2.121027368210974
ART1,12.508037072622695
ART3,0.030890453945459473
ART4,0.6605953935056178
ART5,0.00655112741316948
AS3MT,0.0006611837215586062
ASAH1,75.2881428067905
ASAH2,0.0012375838687093178
ASH1L,0.007864344911912605
ASL,360.8993519320833
ASMT,0.0009772534845550857
ASNS,203.38397100420687
ASPA,4.1554543647675315
ASPG,2.459643397311083
ASPH,88.00976746234576
ASRGL1,0.1206359230166392
ASS1,178.15564892216304
ATE1,1.213598544894795
ATIC,645.0011006666563
ATM,0.4459919993782165
ATP10A,0.2615340806524003
ATP11A,0.2354580624479099
ATP11C,5.577163003269259
ATP1A1,154.22516205086143
ATP1A2,0.0007914895219045596
ATP1A3,0.004470154755476232
ATP1A4,8.854064531433167
ATP1B1,125.39920560783028
ATP1B2,0.012652440228402381
ATP1B3,70.18587396369885
ATP1B4,0.0035064777507381032
ATP2B1,13.101912773001509
ATP2B2,3.548461040164313e-05
ATP2B3,5.603826499840157e-05
ATP2B4,15.880966338453826
ATP4A,0.00038491682686398815
ATP4B,0.0004966772232332019
ATP5F1A,124.53265572432873
ATP5F1B,167.30632217246165
ATP5F1C,21.50971022167614
ATP5F1D,155.46511749348954
ATP5F1E,125.55773209538297
ATP5MC1,4.311892001287344
ATP5MC2,2.868050998110428
ATP5MC3,5.997867959791037
ATP5ME,117.38991896387836
ATP5MF,1.481717785000078
ATP5MG,179.57272888452187
ATP5MGL,23.718922705117464
ATP5PB,5.524565248774745
ATP5PD,6.7181129554220975
ATP5PF,4.959033242795014
ATP5PO,42.13932100131758
ATP5S,0.3354345050980549
ATP6V0A1,0.866681584634154
ATP6V0A2,0.4876623358510488
ATP6V0A4,0.009847100759004197
ATP6V0B,596.138882570258
ATP6V0C,369.6825093203813
ATP6V0D1,576.40673058036
ATP6V0D2,0.012357560230360888
ATP6V0E1,694.6997424837773
ATP6V1A,95.49906311032713
ATP6V1B1,25.787072588336017
ATP6V1B2,487.3345808983537
ATP6V1C1,17.736590361823545
ATP6V1C2,3.385026755735634
ATP6V1D,61.43081197284215
ATP6V1E1,138.22782407712035
ATP6V1E2,1.1776183593582394
ATP6V1F,82.57619766699224
ATP6V1G1,37.844011272307924
ATP6V1G2,0.0009941236841011724
ATP6V1G3,0.2330917175245828
ATP6V1H,14.061014992703006
ATP7A,0.3573621440048045
ATP7B,0.1613119090196236
ATP8A1,0.030038429049928102
ATP8B1,5.012701007427858
ATP8B2,0.4825998527329374
ATR,0.048314600337929635
AUH,2.208764774661569
AURKA,0.20560922231574041
AURKB,9.281030512989796
AURKC,0.10596039187115242
AWAT1,0.0633604788899994
AWAT2,0.6905945531355334
AXL,0.06312682654344408
AZIN2,0.7963414524148358
B3GALNT1,1.0202383988670105
B3GALNT2,4.620735121176894
B3GALT1,0.3354345050980549
B3GALT2,0.000703094131963592
B3GALT4,0.5709009025686422
B3GALT5,0.0001408927021802457
B3GALT6,6.861225147637872
B3GAT1,0.008682950170931718
B3GAT2,0.00034279522101330197
B3GAT3,38.97901438107093
B3GLCT,0.7866139610071975
B3GNT2,26.208125753141772
B3GNT3,6.465308429859225
B3GNT4,1.2195098818912171
B3GNT5,7.510627944788862
B3GNT6,0.001181677762355674
B3GNT7,0.6603582414965355
B3GNT8,1.0284003572621478
B3GNT9,4.996036858518258
B3GNTL1,3.2297426000726315
B4GALNT1,0.12198439581289244
B4GALNT2,0.0032134424972129418
B4GALNT3,0.03864158211313207
B4GALNT4,0.005649458390812151
B4GALT1,189.48666657877237
B4GALT2,68.44698490815796
B4GALT3,40.37545124005581
B4GALT4,6.337048359484262
B4GALT5,70.69809435178131
B4GALT6,0.3138461858484883
B4GALT7,22.89934338847518
B4GAT1,2.277812689362301
BAAT,0.0003899146104941275
BARD1,0.12600424358096224
BBOX1,1.0664875325953156
BCAP31,2541.6795296932005
BCAT1,6.00286458002854
BCAT2,16.741208367626673
BCHE,0.11085863811718917
BCKDHA,4.0177517584124285
BCKDHB,1.1558765584620114
BCKDK,65.88071032816862
BCO1,0.06461878427195712
BCR,0.2890417664098659
BDH1,0.3863856718215732
BDH2,1.2787901714680372
BHMT,0.004109940182290393
BHMT2,0.05108663614864376
BIRC6,2.102581196824868
BLK,0.00022131176188727768
BLVRA,810.4780738399232
BLVRB,871.4129802428832
BMP1,39.695003375063486
BMP2K,0.19375075436436898
BMPR1A,1.113165296729157
BMPR1B,0.15484052390922304
BMPR2,6.334573995041729
BMX,0.005358719404314993
BPGM,16.759076867184376
BPNT1,14.965634601752335
BRAF,0.814713402419738
BRAP,0.1878722059292366
BRPF1,2.3678143193913295
BRSK1,0.23209353160258336
BRSK2,7.091220886471768e-05
BSCL2,1.2431169942351752
BSG,110.52776602541846
BTD,5.042053269679852
BUB1,11.516954098008581
BUB1B,0.2019594852914969
C1GALT1,3.3375748805738974
CA1,0.3354345050980549
CA12,7.216445362856824
CA13,6.100064435736471
CA14,0.06288344094894141
CA2,2.4645562682065436
CA3,0.005535646448116508
CA4,0.0036837537144624424
CA5A,0.00222177938425743
CA5B,0.08936526335660856
CA6,10.425839500790367
CA7,0.0010109506576282312
CA8,0.0068286294529515046
CA9,137.1472496834751
CAD,83.16293172444175
CALM1,214.03681757249845
CAMK1,4.632728556855469
CAMK1D,0.661174066015533
CAMK1G,0.08279468851710091
CAMK2A,0.00663468957201496
CAMK2B,0.015060824481564651
CAMK2D,170.63057083186737
CAMK2G,4.308438086785887
CAMK4,0.3507409198714984
CAMKK1,0.8169492809024291
CAMKK2,4.407720689593247
CANT1,43.1411528574395
CARM1,13.597415527168895
CARNS1,0.00639595325625779
CARS,35.47387222565462
CARS2,20.91150985592321
CASK,11.431495183318967
CAT,266.27662975935056
CBLC,19.45326605404821
CBLL1,6.273020785151416
CBLL2,0.027434690025870352
CBR1,132.98200408268468
CBR3,86.53621878344288
CBR4,19.15607475738089
CBS,0.1169847338511652
CBSL,0.3354345050980549
CBX1,121.69636702587059
CCNB1IP1,29.872974615598597
CD36,5.612269282817007
CD38,0.10259266973647306
CDA,137.68489137964437
CDC14A,0.386611588738186
CDC14B,0.8335438224669827
CDC25A,1.2458030637597017
CDC25B,451.97695261308786
CDC25C,1.5367759092033313
CDC34,9.786093663484165
CDC42BPA,0.9514519851284918
CDC42BPB,1.2923111031340675
CDC42BPG,3.4709686937494473
CDC7,2.2550504666555398
CDIPT,118.47234842947368
CDK1,7.070476416384306
CDK10,36.5091474852151
CDK11A,2.6876459700878343
CDK11B,6.552843448061271
CDK12,6.027722781613982
CDK13,5.820712016382685
CDK14,1.2122989158678752
CDK15,0.006747667522610751
CDK16,36.76362989402771
CDK17,3.98505687869851
CDK18,13.436874178370429
CDK19,1.3417702265696287
CDK2,22.26652247807816
CDK20,0.7663202808853464
CDK3,1.5727061588340354
CDK4,16.27056012929506
CDK5,93.54880657481442
CDK6,34.726279414446665
CDK7,104.67464492768168
CDK8,4.107551934289754
CDK9,45.039575164771215
CDKL1,0.6299255052128429
CDKL2,0.02842518222903449
CDKL3,0.12448424769546805
CDKL4,0.0124926335095224
CDKL5,0.03487641119807938
CDKN3,16.07404455011193
CDO1,0.013258112448042704
CDS1,2.421963900893915
CDS2,6.4918507113475306
CDY1,0.256335927830294
CDY1B,0.256335927830294
CDY2A,0.04923577690024244
CDY2B,0.04923577690024244
CEL,0.01631174492164242
CEPT1,10.329385825967016
CERCAM,129.88750734688244
CERK,1.052773480360759
CERS1,0.00106090612920077
CERS2,199.5275506756458
CERS3,0.03768959741990382
CERS4,0.6161841125877912
CERS5,39.94039243735933
CERS6,4.471967593041514
CES1,0.7881612754984016
CES2,11.921074106007556
CES3,0.002657650994173098
CES5A,0.03703753789261324
CFTR,0.0003138525373551129
CH25H,0.22930718656585325
CHAT,0.014545141103376102
CHD9,0.9908474287545079
CHDH,0.003331764924412938
CHEK1,1.793671178506124
CHEK2,4.515696053254923
CHFR,6.9541906376231735
CHI3L1,701.2056963608728
CHIA,0.34819723870797287
CHIT1,0.02326773957576978
CHKA,2.3926420783451365
CHKB,0.0390572771109187
CHMP4A,92.51046588408471
CHPF,97.28181907691143
CHPF2,57.00780695171832
CHPT1,8.140066360383772
CHST1,0.20625813506602975
CHST10,0.1859344213714815
CHST11,9.354835377287088
CHST12,11.3815596078917
CHST13,0.04417247263352563
CHST14,0.5799459670530074
CHST2,0.8538390688349933
CHST3,0.9289661829098954
CHST4,0.04553096884498052
CHST5,0.017174833348374684
CHST6,0.07728968811685581
CHST7,0.2825586947017122
CHST8,0.032071621246462796
CHST9,0.035676897642614405
CHSY1,10.474142192666172
CHSY3,0.24182546959882692
CHUK,0.8127129920892213
CHURC1-FNTB,0.0009494969468830061
CIDEA,0.00045655505586856795
CINP,1.7544303909504437
CIT,0.9022900284464405
CKB,0.9271814818761287
CKM,0.049298327742696574
CKMT1A,6.423955947055463
CKMT1B,6.449925592631955
CKMT2,0.021153839615832438
CLC,0.024818078519556124
CLCF1,5.9773970514114385
CLK1,0.7236997184932222
CLK2,15.42057243780692
CLK3,0.6831977310405344
CLK4,0.2939986096521104
CLOCK,0.3393473986569418
CLPS,9.828993754263943
CLTRN,0.5786685643266595
CLYBL,0.1766673148998401
CMA1,0.01383563019697086
CMAHP,0.1462692513493772
CMAS,72.47337015938292
CMPK1,768.3482448354314
CMPK2,0.7896844524551623
CMTR1,4.115778316984253
CNDP1,0.0021772079695787793
CNDP2,41.32348987054718
CNOT4,2.1335675481644865
CNP,30.57003237412606
COASY,527.3691798673115
COL4A3BP,1.0185187335581058
COLGALT1,4.827811645801103
COLGALT2,0.08819212596505183
COMT,72.56787040221558
COMTD1,539.09958837938
COP1,0.4785008438550989
COPA,214.26890034673823
COPB1,196.3256702288955
COPB2,72.84629527008889
COPE,912.1192110421217
COPG1,217.74518162263848
COPG2,287.31902450332115
COQ2,16.9656414955039
COQ3,5.49652368756115
COQ5,2.4637034737536028
COQ6,6.656730137116025
COQ7,0.21440120241717922
COX1,7.766401376158287
COX17,55.702311645306445
COX2,5.3369352212394165
COX3,0.33446363282071023
COX4I1,1939.0398472806746
COX4I2,0.8114267138886183
COX5A,300.71934788696166
COX5B,1044.0164753182346
COX6A1,19.880759034350103
COX6A2,2.1594511708694366
COX6B1,196.16057805276986
COX6B2,0.030182370960033008
COX6C,225.08435339694316
COX7A1,4.136889382825769
COX7A2,31.383574374022388
COX7A2L,347.504815019155
COX7B,1146.4247793791785
COX7B2,76.54954888378852
COX7C,472.00070791439407
COX8A,1918.5165676392057
COX8C,0.7410518340738615
CP,0.03811858667362583
CPA1,2.3131739981911728
CPA2,0.0005919790954357002
CPA5,0.011951345280301248
CPA6,0.0009681847851421318
CPOX,74.48234876851338
CPS1,1.313166645485119
CPT1A,0.09529927349465371
CPT1B,0.019038304776327383
CPT1C,0.3272062668625034
CPT2,72.47600909920786
CRAT,5.7969993993290965
CREBBP,0.08045613984345987
CRLS1,25.214594559215463
CROT,10.975801523400456
CS,2805.0412149844324
CSAD,1.480729807067057
CSF1R,65.45516628099253
CSGALNACT1,1.6264294193691915
CSGALNACT2,3.1439274795683323
CSK,26.85422858191769
CSNK1A1,59.046197942222356
CSNK1A1L,0.061109301329151
CSNK1D,66.11242703974574
CSNK1E,2.459643518178551
CSNK1G1,1.1045293727877346
CSNK1G2,45.65198002133666
CSNK1G3,7.766673253730192
CSNK2A1,531.4446212395078
CSNK2A2,306.1493517272816
CSNK2B,92.39849512453517
CTBP1,122.1744861218488
CTDP1,1.905980424468564
CTDSP1,42.64656959437014
CTDSP2,26.27286941374132
CTDSPL,9.391104767178255
CTDSPL2,0.9509652726367946
CTGF,0.3354345050980549
CTH,0.3371549785049349
CTPS1,0.2774814774265704
CTPS2,2.1248332819255746
CTSA,496.9483498073505
CTSB,6998.031108019939
CTSC,346.1413579520104
CTSD,4972.902147977244
CTSE,0.014985963763770115
CTSF,29.86456642475726
CTSG,0.19952621654751412
CTSH,101.3310043913898
CTSK,99.82264750287872
CTSL,22.309476873829027
CTSO,6.3882884416317856
CTSS,28.87534834043487
CTSV,0.5139622638412911
CTSW,1.1951675584622083
CTSZ,42.88003537754752
CUBN,0.005758702521473644
CWC27,21.657579877642828
CYB5D1,2.822326441986791
CYB5R1,53.90945179374458
CYB5R2,0.3112296938155359
CYB5R3,1265.2882200326867
CYBB,29.33680517496077
CYBRD1,19.543213660341312
CYC1,596.9916402847874
CYLD,3.4647755312414246
CYP11A1,0.0018800363233169018
CYP11B1,0.8426372984421979
CYP11B2,0.0001839514681610102
CYP17A1,0.00035776568661358024
CYP19A1,0.3354345050980549
CYP1A1,0.0023510955525216496
CYP1A2,0.0012946082824992179
CYP1B1,0.6906438515603993
CYP21A2,0.0001963164988982226
CYP24A1,41.00722711558203
CYP26A1,0.00023607834942910056
CYP26B1,0.17276346814217927
CYP27A1,0.6937780218396046
CYP27B1,2.190606475691854
CYP2A13,0.04638837469548625
CYP2A6,0.0003899146104941275
CYP2A7,0.05996477628878289
CYP2B6,0.02889595120271605
CYP2C18,0.2259625918283721
CYP2C19,0.1750227487879086
CYP2C8,0.1248221549135013
CYP2C9,0.001001352823385373
CYP2D6,0.10197220176455478
CYP2E1,0.007470877065544016
CYP2F1,0.013929970839435852
CYP2J2,17.69711740121508
CYP2S1,1.679382904407329
CYP2U1,0.4450654962156873
CYP39A1,0.5916540994603937
CYP3A4,0.0005505645841219562
CYP3A43,0.0002878715669458839
CYP3A5,0.0030832867652484325
CYP3A7,0.15747794336040138
CYP46A1,0.11594243217827752
CYP4A11,0.00022618827644398697
CYP4B1,0.054795727756981015
CYP4F11,0.03675558076138919
CYP4F12,0.006765346690947182
CYP4F2,0.0007054383993869252
CYP4F22,0.07008493926873732
CYP4F3,0.031622468321061574
CYP4F8,0.0003481153558052187
CYP4V2,1.3524489399574735
CYP4X1,0.07665369536359885
CYP4Z1,0.01526412720177346
CYP51A1,192.13308150529275
CYP7A1,0.00018973565843189384
CYP7B1,1.3897765694416946
CYP8B1,0.0003300753359587661
CYTB,10.283962318241796
DAD1,1050.7008423298346
DAGLA,0.06240816814562979
DAGLB,14.479308663943826
DAO,0.0012559224645151946
DAPK1,1.1148243068217456
DAPK2,0.32317742344894584
DAPK3,7.099120012946836
DARS,6543.354572815963
DARS2,15.42156471095591
DBH,0.0015562860287363118
DBI,448.53786323542005
DBT,1.564695214787701
DCK,8.962817554578363
DCLK1,1.2317098955063404
DCLK2,0.09151332761588629
DCT,0.45229416967959896
DCTD,15.500744373802155
DCTPP1,165.95035560992716
DCXR,108.34651549213831
DDAH1,36.021590543761526
DDAH2,17.825247117053877
DDC,0.0006529675879748879
DDO,0.12694566990793568
DDOST,913.8517716349459
DDR1,21.503015889179842
DDR2,0.29560936590220294
DECR1,72.63235057636736
DECR2,7.507589337853934
DEGS1,12.636774425554831
DEGS2,0.011705480173206391
DERA,59.405761490655955
DGAT1,9.24466201798107
DGAT2,21.242876585361923
DGKA,14.811858894813676
DGKB,0.011328124582980777
DGKD,1.2033411453476353
DGKE,0.26300455468883494
DGKG,0.003653833291651991
DGKH,0.05622934218705438
DGKI,0.016251396062311952
DGKQ,6.931256400329515
DGKZ,6.243927231107721
DGUOK,65.262096075595
DHCR24,6.853255023287003
DHCR7,58.58185282936527
DHDH,0.08706354254645998
DHFR,145.82522696372888
DHODH,6.311067103399432
DHRS2,0.6802548850079497
DHRS3,7.53839523962358
DHRS4,182.23362587927053
DHRS9,0.26965427386418034
DIO1,0.0012458473857108892
DIO2,0.4896546465899711
DIO3,0.0015214759571396102
DLAT,314.86950074539664
DLD,1355.0425524063626
DLST,134.73008688465424
DMGDH,0.00017116539768583587
DMPK,6.094327186949746
DNAJC6,0.4349094660608494
DNMT1,8.133963184479693
DNMT3A,4.39238810128743
DNMT3B,0.6647677022895762
DNMT3L,0.0011393426374013164
DOLPP1,6.287506769582549
DOT1L,1.469259688503543
DPAGT1,40.31044294525145
DPEP1,0.002845735737592012
DPEP2,0.29098201796248513
DPEP3,0.002013918497542915
DPH5,180.06613794755899
DPM1,1639.6491282043655
DPM2,70.8137827993162
DPM3,20.35536368508194
DPYD,4.81782841745246
DPYS,0.0008245835584800993
DPYSL2,1463.2243926964118
DPYSL3,37.82617958819049
DSTYK,1.8125617493113757
DTYMK,17.094549356106672
DUOX1,0.07027835741581519
DUOX2,0.0017607175188930613
DUPD1,0.004587237737354429
DUSP1,90.31335595561434
DUSP10,1.8825422625376336
DUSP11,35.35634096640459
DUSP12,11.529071711291738
DUSP13,0.017076971331754013
DUSP14,3.7837347418892953
DUSP15,0.008590538472883638
DUSP16,2.8679196401046836
DUSP18,0.7238049684065992
DUSP19,0.15224624753573388
DUSP2,2.0246524949821443
DUSP21,0.08186674790155296
DUSP22,9.002540585157018
DUSP23,726.3117907367856
DUSP27,0.19340183535026034
DUSP28,0.15927553981772033
DUSP3,253.52969846119387
DUSP4,3.1477737690548597
DUSP5,9.185206980098968
DUSP6,163.44000333668865
DUSP7,68.14668264893633
DUSP8,0.06564368953714633
DUSP9,0.09396424501802733
DUT,198.2629397031461
DYRK1A,8.478236452529151
DYRK1B,7.116422591397246
DYRK2,2.7825630904488237
DYRK3,1.8578138530295345
DYRK4,10.259713235782318
DZIP3,1.1232503311505995
EARS2,1.2764192823618934
EBP,975.2686712729933
ECH1,233.18489806324845
ECHDC2,8.741107900904769
ECHS1,217.01232210361044
ECI1,61.83856942171331
ECI2,143.07792425891014
EGFR,3.1233935195888116
EHHADH,1.6031485725688779
EHMT1,0.46473436125970896
EHMT2,0.2565087131431982
EIF2AK1,110.10879223936873
EIF2AK2,38.2570048091932
EIF2AK3,1.900309763051894
EIF2AK4,0.25731523271746715
EIF4EBP3,2.8395769820128227
ELOVL1,13.42970056958079
ELOVL2,0.6432595602095152
ELOVL3,0.018015209155224903
ELOVL4,1.4238966520176153
ELOVL5,0.8800587849833665
ELOVL6,1.6206232688690576
ELOVL7,2.153795013182711
ELP3,2.0655584088835566
ENGASE,3.806460929800066
ENO1,1975.921724740517
ENO2,24.11062353199836
ENO3,17.758917444959433
ENOPH1,160.0504496099189
ENPP1,0.04275082030046827
ENPP2,3.983708961057893
ENPP3,0.00016466649999995748
ENPP6,0.00033180804808541787
ENPP7,0.2621620114119895
ENTPD1,2.5984262424341504
ENTPD2,0.5265642098805302
ENTPD3,0.09121641351167319
ENTPD4,4.344387364458094
ENTPD5,0.7508095994432019
ENTPD6,67.28611370573428
ENTPD8,0.004890227362378761
EP300,0.5756158122801909
EPHA1,27.669793774978636
EPHA10,0.005984907336870358
EPHA2,2.0278647813185255
EPHA3,0.08176749734631258
EPHA4,0.22090530871948663
EPHA5,0.0003326801367683979
EPHA6,0.017871797703538365
EPHA7,0.004575021947868421
EPHA8,7.471401050834916e-05
EPHB1,0.06040157345341786
EPHB2,0.2768387332121393
EPHB3,0.3463825314747091
EPHB4,1.428012402974013
EPHB6,1.5370962096382055
EPHX1,33.8509789532985
EPHX2,2.9364643914254427
EPM2A,0.3226022674887591
EPRS,71.33610949705101
EPX,0.0022133437483580335
ERBB2,0.4064321219147143
ERBB3,4.747321701234676
ERBB4,0.05631680244280984
ERN1,0.22248440601699668
ERN2,0.00238103725613772
ESD,1084.1288056329875
ETFA,2464.8384653003122
ETFB,2074.0174647684667
ETFDH,7.257609248974471
ETNK1,2.5284914032568255
ETNK2,6.8711030254162075
ETNPPL,1.3663166774328985
EXT1,68.50480510163113
EXT2,117.47929638253117
EXTL1,0.0024895312720781375
EXTL2,11.686992035490375
EXTL3,6.202151099377498
EYA1,0.1050974397500254
EYA2,0.19597936303832292
EYA3,0.524971550908985
EYA4,0.18823987712586443
EZH1,1.9860608998455658
EZH2,0.11035277294182952
F13A1,4.043166201014672
F13B,0.952082265681838
F2,37.171748814504454
FAAH,9.58899607935474
FAAH2,2.222890466136703
FABP1,53.54695633547291
FABP12,0.00889925350049032
FABP2,2.0423800119197857
FABP3,0.6988234500218953
FABP4,2.493522742201153
FABP5,1695.0332713549974
FABP6,12.376207322795457
FABP7,0.0009017725891854331
FABP9,1.0553661478381027
FADS1,7.973720469915528
FADS2,2.113346188998419
FADS3,1.9208378353579143
FADS6,0.3354345050980549
FAH,27.237417324558752
FAM20B,7.296499072886483
FANCL,6.845276572829856
FAR1,18.936223859516804
FAR2,0.15242488292341114
FARS2,3.7799959751959804
FARSA,1523.2581077802395
FARSB,2.6082942251559595
FAS,6.819137282043219
FASN,22.167569644672923
FASTK,201.17556300530785
FAXDC2,0.014854582046724449
FBP1,1.0301123657411402
FBP2,0.16139986733164952
FDFT1,80.70661811947856
FDPS,109.69464008778523
FDXR,18.28399037236824
FECH,1.8992981847747066
FER,0.5443175690020027
FES,3.194880403466893
FGA,6.990622680771628
FGFR1,1.4509706611624422
FGFR2,0.017697696329423952
FGFR3,28.208120238345117
FGFR4,0.21545062068841145
FGGY,2.8280511118554745
FGR,6.2014349414874035
FH,828.0454269233664
FHIT,0.4706681171094032
FHL2,24.18428153757573
FIG4,2.6449124439487854
FITM1,0.026738551328837123
FITM2,2.5305928138809017
FKBP10,125.8168376620786
FKBP11,3.493824340897364
FKBP14,3.1520076417918546
FKBP1A,1133.747402729839
FKBP1B,7.2586160113927995
FKBP2,1675.7245304467865
FKBP3,1374.9848844681233
FKBP4,363.94589367156533
FKBP5,0.9794117641665764
FKBP6,0.0345624960497994
FKBP7,10.962843911471502
FKBP8,44.07715817881575
FKBP9,114.38481637674778
FKBP9P1,0.3354345050980549
FLAD1,11.742320653746459
FLT1,2.0841550518154834
FLT3,0.008070267864172462
FLT4,2.1221357539548626
FLVCR1,1.6362831956788637
FMO1,0.22550563936591447
FMO2,0.13004729421905445
FMO3,0.027103975622773384
FMO4,0.8972419291310586
FMO5,0.033608594972408916
FMO6P,0.00029630080893634623
FN3K,2.716208304940214
FN3KRP,35.75251020887462
FNTA,100.16944689550397
FNTB,0.030896407294300297
FOLR1,1.2062976193619483
FOLR2,7.922288304790538
FOLR3,0.024774780936918706
FOSL1,42.626209614932094
FPGS,1.162980546085373
FPGT,2.4954167105437888
FRK,0.11413384218682004
FRMPD2,0.0006002861207570224
FTCD,0.004204662995788256
FTMT,0.0030521252173762287
FUCA1,12.875335142148925
FUCA2,70.23703856911679
FUK,3.4949723234368837
FUT1,0.2581408807067466
FUT10,0.5124576078318747
FUT11,1.1331920865732645
FUT2,0.8788231279015889
FUT3,0.3131933236241311
FUT4,0.5644619016989606
FUT5,0.0009084694688536875
FUT6,0.00046365487984578735
FUT7,0.6985673379516636
FUT8,0.3528260920593176
FUT9,0.0011379645042524436
FYN,39.946723904882475
G0S2,1881.7510795072656
G6PC,0.2573661812362027
G6PC2,0.018216384410824384
G6PC3,37.42679117054959
G6PD,189.23664064231912
GAA,51.70343270912317
GAD1,0.5068586072094297
GAD2,0.03730519390911924
GAK,2.528654741691979
GAL3ST1,0.0010595961617453397
GAL3ST2,0.0005211285529027667
GAL3ST3,0.10515018051485577
GAL3ST4,2.422701357694554
GALC,3.1308614096405414
GALE,24.71202394351792
GALK1,348.8412694884029
GALK2,26.722172678945086
GALM,6.5837440934327365
GALNS,20.02027641585547
GALNT1,34.531634871670484
GALNT10,0.38944351508787467
GALNT11,24.398694572554273
GALNT12,0.9865693493429256
GALNT13,0.016080456246502204
GALNT14,0.012191080293177843
GALNT15,0.0116113720313577
GALNT2,69.2053986252147
GALNT3,28.283014346387315
GALNT4,0.0005793994732696316
GALNT5,0.737375438550261
GALNT6,4.5229353956095295
GALNT7,0.4225467144568527
GALNT8,0.03984975304637445
GALNT9,0.0001854397267360481
GALNTL5,0.43999999999999995
GALT,33.95305427116529
GAMT,1.1761011061217588
GANC,1.0109404788382843
GAPDH,32522.479587479265
GAPDHS,0.24600649975060343
GARS,384.5338311109325
GART,147.91785375537177
GATM,0.6609823711516113
GBA,25.65106862021881
GBA2,9.616266360011904
GBA3,7.77776714327624
GBE1,6.03104652163347
GBGT1,1.5130825106479335
GC,0.1128901827185453
GCAT,79.91504148668365
GCDH,16.560242619500233
GCH1,5.8160265165724
GCK,0.0018458555063245318
GCLC,3.9841418718140336
GCLM,34.88728303364629
GCNT1,0.13813171924253634
GCNT2,0.07459194161902134
GCNT2P,0.3354345050980549
GCNT3,0.002142620035357163
GCNT4,0.05960608627595441
GCNT7,0.0066386815997305235
GCSH,0.920475173905877
GDA,0.012420240765546072
GDE1,21.034228830578794
GDPD2,0.0018675465107639852
GFPT1,159.33762699697257
GFPT2,52.58477150710432
GGCT,210.1507328110164
GGH,76.95360514519672
GGPS1,784.4067086693968
GGT1,0.1646700294610543
GGT2,1.2557625587889092
GGT3P,0.0067737481835734425
GGT5,28.198639591504026
GGT6,0.9678635708338275
GGT7,3.8237525389310236
GGTLC1,0.00204946517555183
GGTLC2,0.003191115923361529
GIF,0.3354345050980549
GK,2.6264450263682013
GK2,0.9456388863331135
GK3P,0.03951153084735461
GLA,50.26037363362651
GLB1,28.016695301874197
GLB1L,0.4788162904205364
GLCE,0.21454934555076682
GLDC,0.05772784471675781
GLIPR1,13.538563199468445
GLO1,743.9506772207823
GLRX,105.37405825525543
GLRX2,17.139338442658328
GLS,75.38651266260993
GLS2,0.051892827151184415
GLT6D1,0.06930364432416915
GLT8D1,1.2531224899908897
GLT8D2,21.69254480104374
GLTP,28.329089551101816
GLUD1,383.8412981447584
GLUD2,8.268079677399031
GLUL,5.545729146904143
GLYAT,26.66571856032572
GLYCTK,0.3968289268468151
GM2A,119.2536327407291
GMDS,75.43265867250506
GMPPA,21.837466500604297
GMPPB,138.5803708142852
GMPR,0.31240372660590177
GMPR2,50.91080088267077
GMPS,269.83780219603483
GNE,1.2494381364904004
GNMT,0.020866570163112594
GNPAT,51.59058484997367
GNPDA1,56.28486081702449
GNPDA2,7.046658027544457
GNPNAT1,61.548296523001234
GNPTAB,8.6648432428842
GNS,16.999623786160683
GOT1,1555.0160237315392
GOT2,2078.8409542637683
GPAA1,92.36171950406509
GPAM,0.06376311877998439
GPAT2,0.08974373064557535
GPAT3,0.6582069289240687
GPAT4,1.352005973421296
GPCPD1,4.340116966829338
GPD1,0.013457084975738378
GPD2,166.84840148023017
GPHN,6.120337819412527
GPI,2460.7275728589516
GPIHBP1,0.00916225467864936
GPLD1,0.014988168135261397
GPT,0.1130950494673718
GPT2,5.33269716892425
GPX1,136.54378219977795
GPX2,0.012657419139369014
GPX3,12.63148261767528
GPX4,165.81937054005786
GPX5,0.793289329058847
GPX6,2.01032323162201
GPX7,4.199255771676012
GPX8,7.962674101984508
GRHL1,7.982077772971764
GRHPR,88.2658118056481
GRK1,0.11699235770509935
GRK2,4.014622265826703
GRK3,1.2623639556998993
GRK7,0.0084963875248855
GSR,91.81160691150984
GSS,706.9489527296689
GSTA1,0.0006411481070779687
GSTA2,0.0006053647161510593
GSTA3,3.8201241689736465
GSTA4,4.267782485424403
GSTA5,0.58469847618054
GSTK1,494.7906099315385
GSTM1,0.8871969611147758
GSTM2,0.16811289095201795
GSTM3,77.16218617683508
GSTM4,4.330066278827961
GSTM5,6.588853689781214
GSTO1,1841.3057824940818
GSTO2,7.059677360022717
GSTP1,3056.2149281464226
GSTT1,2.272761494552068
GSTT2,0.085293447450369
GSTZ1,21.73275085405964
GTF2F1,10.148369901850296
GTF3C4,0.7791494004471331
GUCA1A,0.03548650390622746
GUCY1A1,2.9663227089166733
GUCY1A2,0.08667562466873961
GUCY1B1,1.0453859436592674
GUCY1B2,0.051509757688398244
GUCY2C,0.01957176110078568
GUCY2D,0.0034449276923471193
GUCY2F,0.13808747592085474
GUK1,378.1460341833957
GUSB,8.170908696152472
GYG1,20.308495694382888
GYG2,0.0797159875811697
GYS1,49.31117004412815
GYS2,0.0008450463787668608
H6PD,4.080189983361032
HAAO,0.39138763376922503
HACD1,0.6699772991826155
HACD2,3.095013644366691
HACD3,4.330319334841662
HACD4,0.5979568033382378
HACE1,0.5925777366166002
HACL1,6.5427955884962365
HADH,429.1421614973006
HADHA,1260.6392438146954
HADHB,113.45349926623634
HAGH,44.225173732688596
HAGHL,3.0129236182246757
HAL,0.045678824309983664
HAO1,0.015448932333716695
HAO2,0.0011482693439550198
HARS,268.43734092457174
HARS2,33.04513063135649
HAS1,0.21672040304896958
HAS2,2.2966716129125904
HAS3,9.209927326250186
HAT1,111.92773629033965
HCCS,7.378526650158486
HCK,41.908601324261554
HCST,21.56758876359634
HDAC3,1.323527746428186
HDC,0.026229728938274438
HDLBP,52.405731541777186
HECTD1,2.0159875924636803
HECTD2,0.19388889859167072
HECTD3,4.534128762827607
HECW1,0.014487829341344188
HECW2,0.19426702041345292
HELZ2,0.16199531088786426
HEPH,2.440499281954516
HERC1,0.08498272720746058
HERC2,0.05554877644889438
HERC3,0.5840092972731538
HERC4,8.167452470936674
HEXA,62.952162296146525
HEXB,6.427651835301208
HEXDC,0.3354345050980549
HGD,0.003451950295512096
HIBADH,18.486630118971885
HIBCH,21.7794496564968
HIF1AN,2.5134337711147556
HIGD2A,16.14108306108892
HIPK1,4.50116541897134
HIPK2,0.8754290563796592
HIPK3,21.89953437672927
HIRIP3,0.16322136194948383
HK1,199.65288930506438
HK2,51.09716813275612
HK3,1.0600784712103652
HKDC1,0.00335443030976935
HLCS,1.746489198038801
HLTF,0.03775896845742029
HMBS,212.8893549076127
HMGCL,164.98930873246755
HMGCLL1,0.03226023666896437
HMGCR,6.984784865778964
HMGCS1,19.563051804344546
HMGCS2,0.004193772359939037
HMOX1,47.838978745873405
HMOX2,273.979042850861
HNMT,3.343456339063729
HPD,0.02018362895988853
HPGD,0.019072815940480707
HPGDS,2.7852034404742168
HPRT1,1723.4435403817079
HS2ST1,9.122267427094929
HS3ST1,7.222429242068238
HS3ST2,0.21103552228865827
HS3ST3A1,0.18635833995076787
HS3ST3B1,0.028192689436292735
HS3ST4,0.00044963580068582416
HS3ST5,0.17535341548517636
HS3ST6,0.006364007897008645
HS6ST1,5.50786231709557
HS6ST2,0.2783393720541588
HS6ST3,0.0326273576634013
HSD11B1,0.759164063608502
HSD11B1L,4.793019513172746
HSD11B2,0.7014751980789671
HSD17B1,4.684483855526358
HSD17B10,202.08916733403683
HSD17B11,38.707928859868765
HSD17B12,492.3510795203087
HSD17B14,1.2360020152052522
HSD17B2,23.231817575601436
HSD17B3,0.040568409516080636
HSD17B4,37.15992117719378
HSD17B6,0.23593295179266885
HSD17B7,4.62494008972628
HSD17B7P2,0.25229665880096563
HSD17B8,0.7703909819772365
HSD3B1,0.8561440324619417
HSD3B2,0.9278984217862639
HSD3B7,12.325299014496844
HSPG2,0.080759668118513
HTATIP2,73.71080956293687
HUNK,0.00818817776999691
HUWE1,2.2844045371743738
HYAL3,1.9955869083985998
HYALP1,0.3354345050980549
HYI,15.133447674791238
HYKK,0.3304860018863759
IARS,612.6692023731763
IARS2,128.33050605253632
ICK,0.8147146949703015
ICMT,15.970125765397958
IDH1,96.18660684650737
IDH2,45.143614870649756
IDH3A,695.1459095220824
IDH3B,664.9493478348423
IDH3G,56.28414788106813
IDI1,16.708619099317193
IDI2,0.6504410788667327
IDO1,4.720950900370227
IDO2,0.017264148797052157
IDS,6.980660086746027
IDUA,6.119968444921933
IGF1R,1.6577938238511183
IKBKB,6.673008382153134
IKBKE,24.954362853456256
IL4I1,6.694222986556378
ILK,25.954319314394322
ILKAP,23.100652886398155
IMPA1,105.0582278173046
IMPA2,60.60424938664286
IMPDH1,96.62200318777698
IMPDH2,255.5292072693875
INMT,0.13631227816588679
INPP1,155.5748166169653
INPP4A,1.5231023793020038
INPP4B,2.140701432201116
INPP5A,3.457220753168221
INPP5B,1.9844279912453187
INPP5D,2.0366316663954556
INPP5E,7.88816153975118
INPP5F,0.16146003113039986
INPP5J,0.11520554735048537
INPPL1,3.8440944123575385
INSL3,0.12453836836300232
INSR,2.5507515569590486
INSRR,0.0011672995014855264
IP6K1,2.6712937189058836
IP6K2,8.753743351129117
IP6K3,0.06610837482191548
IPMK,0.47128172469447815
IRAK1,74.58576006422729
IRAK2,0.36086274245042804
IRAK3,0.35604350946943136
IRAK4,2.0906440621186313
IREB2,3.042824995856953
ISYNA1,33.695222447848835
ITK,0.07297937758210211
ITPA,1273.2512195632964
ITPK1,7.194987918697575
ITPKA,0.07469668041151499
ITPKB,1.497848878806147
ITPKC,26.03480141905695
IVD,151.8727207799589
JAK1,70.04318887641618
JAK2,1.9464263423613455
JAK3,2.3149112600018196
JMJD7-PLA2G4B,0.19276672646590834
KALRN,0.0946783013038078
KANSL3,5.797963856699147
KARS,1141.9538403762015
KAT2A,49.0281586244514
KAT2B,0.4948989356858145
KAT5,8.947382846863718
KAT6A,1.6345027192467851
KAT6B,0.5406508535223782
KAT7,6.190378422080093
KAT8,16.136401733883538
KCNJ11,0.003522063129262111
KCNJ8,1.3663489920746228
KDR,1.4987016534015114
KDSR,32.49952655357379
KHK,0.8525158657763038
KIT,0.09166463356876933
KL,0.007459876323184577
KMO,0.08825874441552356
KMT2A,0.1132089503784727
KMT2B,0.3354345050980549
KMT2C,0.02724143815923862
KMT2D,0.256842919373976
KMT2E,0.08892210317369556
KMT5A,0.08744585611927874
KMT5B,0.052531638327043204
KMT5C,0.3350355754164824
KPNA6,23.731166131744125
KYAT1,0.41426786262502635
KYAT3,10.315561941178165
KYNU,20.644160411504295
L1CAM,47.444715008484614
L2HGDH,0.8175711019780187
LALBA,0.025347718106525884
LAP3,1375.9313628108166
LARS,368.7663428977438
LARS2,2.600332974546773
LATS1,0.10528801204862241
LATS2,1.552339401327104
LBR,35.99994942916579
LCAT,3.290938977053361
LCK,1.189702553619715
LCLAT1,4.967069205338394
LCT,0.00046365487984578735
LDHA,15157.791408050454
LDHAL6A,0.0006174993276290318
LDHAL6B,0.004160392893027485
LDHB,1510.7240492878627
LDHC,0.008746375173952742
LDHD,0.17900831429649863
LDLR,3.257827222090629
LGALS13,0.16621830202908744
LGMN,90.83436414039234
LGSN,0.19751024062451436
LHPP,68.18506058066829
LIAS,0.7497464903707312
LIMK1,24.242735964158
LIMK2,22.89724949547613
LIPA,52.01184500095137
LIPC,0.006299756133121955
LIPE,0.11825357869287081
LIPF,0.00048282171744371737
LIPG,42.96432834728582
LIPT1,1.0527303644626438
LIPT2,0.6463556646715936
LMTK2,1.6231309248354016
LMTK3,0.007012135492352674
LOC102724197,0.3354345050980549
LOC286297,0.002372527640571548
LOC344967,0.01953887098585829
LOX,13.046693291702397
LOXL2,85.02220152680269
LPCAT1,2.7748695998276247
LPCAT2,6.936192281676209
LPCAT3,41.294479685878365
LPCAT4,2.3672149647335408
LPIN1,0.8129812789133726
LPIN2,1.3221841729556756
LPIN3,2.749768402144748
LPL,0.09938129833066077
LPO,0.004597459436066827
LRAT,0.012436995283204461
LRP1,1.5930752908990198
LRP2,7.818431684695503e-05
LRRK1,0.09192332064730095
LRRK2,0.1720320657564489
LRSAM1,5.492474473671053
LRTOMT,0.276862422398868
LSS,74.31331449196978
LTA4H,854.0336607607845
LTC4S,0.33594678212826184
LTK,0.00295476040649668
LYN,19.858960797912747
LYPLA1,154.6378083647936
LYPLA2,142.20152556016257
LYZL1,1.4145390562382973
MACROD1,5.140231215736342
MACROD2,0.036612369304011946
MAGEA2B,0.1626710879648594
MAK,0.12516964491786342
MAN1A1,1.0742186900350978
MAN1A2,2.1797281231467482
MAN1B1,3.2163513558922805
MAN1C1,0.15699216090931412
MAN2A1,2.709684909434757
MAN2A2,0.8583995553457379
MAN2B1,85.18575193557831
MAN2C1,11.413775851558446
MANBA,7.786827571056983
MANSC1,3.7053066443656566
MAOA,165.42688783452354
MAOB,0.08349247145339166
MAP2K1,239.64162135547747
MAP2K2,219.95676277933583
MAP2K3,32.250694588150346
MAP2K4,18.664643439877267
MAP2K5,2.5445986553364057
MAP2K6,3.2009355686430387
MAP2K7,1.7636149396733067
MAP3K1,1.580853808767233
MAP3K10,2.177600501848844
MAP3K11,63.08208710011481
MAP3K12,0.4201774516141528
MAP3K13,1.1241956194695408
MAP3K14,1.740246866413326
MAP3K15,0.0002609003178133478
MAP3K2,3.2774079971931482
MAP3K20,0.20179825659102824
MAP3K21,0.03839897316107535
MAP3K3,1.7820128866850569
MAP3K4,2.951555275214882
MAP3K5,3.264518493683415
MAP3K6,5.477422118828115
MAP3K7,0.6020189112651478
MAP3K8,3.6713378083356143
MAP3K9,0.15644063123238403
MAP4K1,0.2976202807039543
MAP4K2,15.06100496485444
MAP4K3,5.135360605528051
MAP4K5,25.2257484108514
MAPK1,196.0582802590535
MAPK10,0.05048731967262892
MAPK11,7.648716300531337
MAPK12,7.618664948239593
MAPK13,19.255206107616882
MAPK14,22.616708663591712
MAPK15,0.1854578520338842
MAPK3,106.43252015840223
MAPK4,0.0016020489200452754
MAPK6,7.796568102391226
MAPK7,7.432853203361734
MAPK8,2.118974748907842
MAPK9,3.468928851530381
MAPKAPK2,3.2267288909918586
MAPKAPK3,14.536191593436103
MAPKAPK5,14.123007275757027
MARCH1,1.1811003980268269
MARCH10,0.00015332057653076432
MARCH11,0.010342950489880048
MARCH2,19.44939953283998
MARCH3,0.15705605778045845
MARCH4,0.36472253367061
MARCH5,5.0740844898259265
MARCH6,11.789214354545859
MARCH7,23.507160691211038
MARCH8,0.4287864162354708
MARCH9,7.82318495425636
MARK1,1.5237854290195907
MARK2,27.40980633478762
MARK3,17.779757831633653
MARK4,5.1625420175718135
MARS,130.4891358217867
MARS2,1.6504010853897557
MAST1,0.01357863396890906
MAST2,19.31866739653411
MAST3,0.6102126257812448
MAST4,1.7991779084469965
MASTL,0.09988648601269026
MAT1A,0.004411481619255311
MAT2A,100.77239127466545
MAT2B,151.6742461476263
MATK,0.24109622767229402
MBOAT1,8.300809891895067
MBOAT2,15.535388820381923
MCAT,10.391502345405492
MCCC1,5.654474479471101
MCCC2,31.40709930215968
MCEE,2.9375523553308893
MDH1,5226.653667557488
MDH1B,0.4391534039916153
MDH2,12080.313695620911
MDM2,0.010219321233680833
MDP1,19.332675371517784
ME1,158.3352948664824
ME2,25.33294444533288
ME3,0.7292965374644262
MECR,3.715573657120179
MED1,0.36165480147856893
MELK,0.27211887072001606
MERTK,0.895257093536905
MET,8.273137303824232
METTL1,61.55658132069417
METTL3,15.003608998510323
MGAM,0.07237381723294363
MGAT1,49.8092309007651
MGAT2,3.858867303091171
MGAT3,0.01621812064502637
MGAT4A,2.6895305429387637
MGAT4B,49.64289898391887
MGAT4C,0.05131100349578642
MGAT4D,0.02696149145334556
MGAT5,3.980804603914252
MGAT5B,0.0002770584321763997
MGLL,2.601529086407175
MGMT,19.384090037896403
MGRN1,2.841101517687846
MGST1,1665.4203406164797
MGST2,78.92900422308394
MGST3,179.4386076813057
MIA3,5.6792048141335485
MIB1,3.621784952228155
MIB2,2.019053364875526
MID1,0.2502379562363864
MIF,140.49615036235662
MINK1,0.2716642420919026
MINPP1,4.855366045226855
MIOX,0.005662023656510948
MIP,0.0006087906458220458
MKNK1,27.635670597567753
MKNK2,35.34200045144598
MKRN1,72.05807475704793
MKRN2,4.1888977487610095
MKRN3,0.9983891033886799
MLKL,20.167589487437887
MLYCD,5.908141643170537
MMAA,0.48687896593867014
MOCS1,1.055719196521903
MOCS2,39.1357520963646
MOGAT1,0.05476426140032141
MOGAT2,0.09694415414924748
MOGAT3,0.06832763191888709
MOGS,127.08276428745853
MOK,2.035389506271787
MOS,0.09191795284698573
MOXD1,1.268221711363711
MPC1,27.8052229308476
MPC2,12.311032245951754
MPI,14.377820218410562
MPO,0.002836277869543364
MPST,2731.482109435679
MRPL58,13.330417578133794
MSMO1,22.40527472562287
MSRA,3.14943337228709
MST1R,0.5201719032330754
MT1A,535.8838603303346
MT2A,34001.86138623361
MT3,0.23041093658329706
MT4,0.3354345050980549
MTAP,903.9188864102816
MTFMT,1.8083876790163131
MTHFD1,113.39666168106432
MTHFD1L,13.94955619777047
MTHFD2,25.070609252253767
MTHFD2L,0.2360268090854076
MTHFD2P1,0.3354345050980549
MTHFR,0.24366112020502084
MTHFS,0.5174339079778563
MTMR1,0.883817467580266
MTMR14,15.525857234472609
MTMR2,0.9370701257229994
MTMR3,0.08371295918905776
MTMR6,2.1926409218454186
MTMR7,0.017799567594872355
MTMR8,0.0029863928445631877
MTPAP,1.405864856658982
MTR,0.25422324204077157
MTRR,2.0804213616630727
MTTP,0.0003135508354371503
MUL1,11.909801642635758
MUSK,0.02328751946053523
MUT,0.3354345050980549
MVD,160.96066457217583
MVK,6.640700228224323
MYBBP1A,52.6254328866729
MYCBP2,0.046730140674054906
MYLIP,2.267966434606183
MYLK,0.3206287981366374
MYLK2,0.014050923753211144
MYLK3,0.0007397781514517271
MYLK4,0.0623762169312879
MYO3A,6.768220889230185e-05
MYO3B,0.02707497639493897
MYO5B,4.1085549998249675
NAA10,194.6511553837069
NAAA,4.004386905832745
NADK,6.456161847279867
NADSYN1,28.351228996487684
NAGA,10.905053468822867
NAGK,88.80060744843766
NAGLU,22.74876440127756
NAGPA,7.65622116923302
NAGS,0.5471459229707316
NAMPT,965.5438106003837
NANP,2.2747107728658453
NANS,943.2069814087029
NAPRT,25.164291606310147
NAPSA,0.02998540932100777
NARS,3668.2384000186835
NARS2,8.582111037317215
NAT1,4.0335204014595645
NAT2,0.07672456450553738
NCOA1,5.118340835707524
NCOA2,0.04910840868662774
NCOA3,2.4889689641022437
NCOA6,15.660545467847825
NCOR1,0.06271568615524267
NCOR2,0.7985771697609486
ND1,0.7496282848946749
ND2,6.647572110665278
ND3,3.518721426725826
ND4,15.91921099634504
ND4L,0.3354345050980549
ND5,3.9860139175064595
ND6,2.1511623729121254
NDST1,6.666741890895068
NDST2,1.6750494989238074
NDST3,0.0003282763392734108
NDST4,0.024005586560330774
NDUFA1,760.2503479548311
NDUFA10,36.4939125730891
NDUFA11,97.85078188440288
NDUFA12,24.433259927633088
NDUFA13,1944.1584013998565
NDUFA2,24.161620501687366
NDUFA3,36.45355982171697
NDUFA4,14.013663041553297
NDUFA5,75.7720343065256
NDUFA6,30.234168476616126
NDUFA7,6.9524823614940745
NDUFA8,103.45059034162291
NDUFA9,54.20740561409881
NDUFAB1,409.7374795799718
NDUFB1,82.38210153943258
NDUFB10,192.72498075159893
NDUFB2,1372.3713801563727
NDUFB3,193.31951241830689
NDUFB4,129.58158615712557
NDUFB5,253.18018490857204
NDUFB6,37.11185416254371
NDUFB7,182.9642660571747
NDUFB8,63.064910995475536
NDUFB9,42.10946125180329
NDUFC1,17.578282110881936
NDUFC2,23.920094488169475
NDUFS1,61.89588487104598
NDUFS2,73.1886669386922
NDUFS3,542.654740798156
NDUFS4,171.69148654402878
NDUFS5,393.59369448790824
NDUFS6,55.99962497655624
NDUFS7,33.772155979229304
NDUFS8,204.65331762945002
NDUFV1,89.32810129186704
NDUFV2,49.55437658866207
NDUFV3,48.422855861882866
NEDD4,1.3836795051317399
NEDD4L,4.702323987647914
NEK1,0.3748693171873755
NEK11,1.268555225130677
NEK2,1.721313410030821
NEK3,0.35685586094235494
NEK4,1.4377419340730997
NEK5,0.0014394525424525886
NEK6,0.8825823018027634
NEK7,11.894828715135501
NEK8,1.0169197863266812
NEK9,0.5468819396765959
NEU1,2.5455540985365452
NEU2,0.07868648115252536
NEU3,0.277786317031425
NEU4,0.0015696858621192867
NEURL1,0.14715923590013888
NEURL1B,0.8745421483552404
NGLY1,8.140210892299343
NHLRC1,2.422664017414576
NIT2,1375.170268697441
NKTR,1.7013525287858406
NLK,4.620185592964272
NLN,82.21343757496015
NME1,11380.092421089126
NME2,647.524783015984
NME3,43.6537970666835
NME4,67.52443815957227
NME6,0.552399323651442
NME7,2.1895132924180167
NMNAT1,0.5472312804522894
NMNAT2,0.9691430661028078
NMNAT3,0.18319045725431593
NMRK1,2.9351673795914386
NMT1,53.857932351856384
NMT2,1.1108482303043674
NNMT,203.0458378218046
NNT,3.7164827836181087
NOL9,1.6596553740238225
NOS1,2.1637810745174574e-05
NOS2,0.09631603156423503
NOS2P1,0.3354345050980549
NOS2P2,0.3354345050980549
NOS3,0.3585239904669439
NOX1,0.0890186335529326
NOX3,0.09198887034239282
NOX4,0.542245222169076
NOX5,0.3094241291683546
NPAS2,23.637463616284684
NPC1,14.139873489902062
NPC1L1,0.0017760691422655688
NPR1,0.4545883206392413
NPR2,0.17655725131440744
NQO1,381.26749023270224
NQO2,191.08180645238943
NR1D1,3.370783607672254
NRF1,0.8346870146743488
NSD1,2.1551326022704904
NSD2,0.8117852405670956
NSD3,0.8238692165195934
NSDHL,735.3510922729924
NSF,37.19436758107377
NT5C,174.7543246810791
NT5C1A,0.0007750972934493476
NT5C1B,0.00018478613633421574
NT5C1B-RDH14,0.037698419756150243
NT5C2,49.44958651877999
NT5C3A,4.209671716104311
NT5DC3,2.5073161376617357
NT5E,13.81697700514467
NT5M,0.49772225580718976
NTAN1,2.9389333037388328
NTRK1,0.01471706003242489
NTRK2,0.004596656353346426
NTRK3,7.833843864688243e-05
NUAK2,3.1838452706523803
NUDT10,0.002500546784503303
NUDT11,0.044997022252627084
NUDT12,0.260894397256103
NUDT2,21.729216742861045
NUDT3,1.3241918762057614
NUDT4,0.12559545302028985
NUDT5,280.8200877202009
NUDT9,7.345948935256593
OARD1,11.970020898409903
OAT,146.19828506621266
OBSL1,0.5389046106331706
OCRL,23.381291187701237
ODC1,7.116648861652582
OGA,13.207835039605774
OGDH,287.6438369491247
OGT,25.883860997378186
OLAH,0.01616845243359498
OPLAH,0.44476634349019434
OTC,2.3305572451444374
OTUD5,24.512453195458285
OXCT1,56.29671914921114
OXCT2,0.020128582219005552
OXSM,3.2896876566711004
OXSR1,10.369382077495944
P4HA1,44.92668230756479
P4HA2,127.56046579326296
P4HA3,2.00698487449737
P4HB,2353.533933515189
PADI1,0.0013253673986570748
PADI2,2.953451440017516
PADI3,0.004160008023282289
PADI4,0.009257854007350777
PADI6,0.3354345050980549
PAFAH1B2,628.7492739832513
PAFAH1B3,707.5375630183186
PAFAH2,2.835998092004111
PAH,0.005370513159179902
PAICS,262.56310243888385
PAK1,41.82477507484387
PAK2,100.42316511304406
PAK3,0.046089824513990574
PAK4,0.4877768719876536
PAK5,0.1843105272396382
PAK6,0.575719783809372
PAM,0.5580798788404358
PAN2,1.74663435399273
PANK1,0.17843094031789722
PANK2,21.95863549642063
PANK3,1.8889688020517175
PANK4,2.4636392818632586
PAOX,2.7175888374281425
PAPOLA,4.182841233447046
PAPOLB,0.1926632412392558
PAPOLG,0.9028098884807471
PAPSS1,59.54781565391496
PAPSS2,4.454289974832318
PARP1,76.06863452525063
PARP10,2.829200114498713
PARP11,0.7178292274310698
PARP12,6.521668002779854
PARP14,17.782534126026214
PARP15,0.010738514729692974
PARP16,0.8461934860744851
PARP2,11.927293101560979
PARP3,13.289372167154761
PARP4,1.8970142315264737
PARP6,11.263846524757106
PARP8,2.7834227588999734
PARP9,8.2921724471871
PARS2,1.5787476767913513
PASK,0.17516739799523964
PBK,3.840417907105387
PC,10.68010050160331
PCBD1,66.98276988236769
PCBD2,3.696343587116183
PCCA,2.561543819274975
PCCB,6.9178193914055175
PCK1,0.00020986261435798666
PCK2,3.3508060376963753
PCMT1,573.0777280982314
PCYOX1,56.92583427750024
PCYT1A,8.188353478093129
PCYT1B,0.010051886737369167
PCYT2,8.663142878338912
PDE10A,0.036774033054916874
PDE11A,0.0018579903470443446
PDE1A,0.03492893298088656
PDE1B,0.31523497238964016
PDE1C,0.004990918233141067
PDE2A,0.1995888733218343
PDE3A,0.22225734019779786
PDE3B,0.46801634125946956
PDE4A,1.4483673046883945
PDE4B,7.21781013555524
PDE4C,0.004009472637710721
PDE4D,0.2601439979443058
PDE5A,0.6849508289884282
PDE6A,0.002740019914401781
PDE6B,0.016040350128335545
PDE6C,0.0019419876082488264
PDE6H,1.0083333333333333
PDE7A,11.158735963575827
PDE7B,0.04035315839966861
PDE8A,2.1077188855582243
PDE8B,0.24094836234686992
PDE9A,9.724333027326939
PDF,0.9072310838901424
PDGFRA,0.7985293559389746
PDGFRB,44.696982059070805
PDHA1,159.11021057299735
PDHA2,0.002808751572093495
PDHB,48.19141593962174
PDHX,47.75846644128105
PDIA2,0.07298517761775002
PDIA3,2667.8987154134807
PDIA4,4740.940476408185
PDIA5,102.49979659752796
PDIA6,1308.6514823497862
PDK1,0.6214697698442039
PDK2,4.89768193584143
PDK3,1.659411334643098
PDK4,0.3353498830131778
PDP1,14.22175714503819
PDP2,0.581887400841702
PDPK1,0.3795918455117164
PDPR,1.7596932820891056
PDXK,39.44579858622154
PDXP,15.827706221702211
PDZD4,0.010649838534849757
PEAK1,1.465569146981856
PECR,65.90696363369476
PEMT,29.2204385051457
PEPD,33.998212397691034
PEX11A,0.9155358892552272
PFAS,59.0113462273432
PFKFB1,0.08548161859184197
PFKFB2,1.8960223599136357
PFKFB3,5.766676508358166
PFKFB4,1.5623529473190139
PFKL,143.49506381127748
PFKM,22.577084536621378
PFKP,903.2641270805253
PGAM1,34.2084471347307
PGAM2,0.6972127879185867
PGAM5,62.19772818071072
PGAP1,0.2665970010449224
PGD,1586.402858355473
PGGHG,0.02991860446325157
PGK1,1329.7978270495823
PGK2,1.1034660883634437
PGLS,1388.3049359851782
PGLYRP1,0.02472203355979134
PGLYRP2,0.013842138510702016
PGLYRP3,3.4056417561611845
PGLYRP4,45.828495830398516
PGM1,577.6426527303701
PGM2,314.75568796835813
PGM2L1,2.340607860701688
PGM3,41.46846988601584
PGP,54.07799799297446
PGS1,18.810516538243185
PHEX,0.02880301809642494
PHGDH,890.2443107385479
PHKA1,0.22010091908162197
PHKA2,1.156277360195523
PHKB,8.726650955678796
PHKG1,0.04728186363507616
PHKG2,9.263268132827081
PHLPP1,1.1267620082667968
PHLPP2,0.3300040316701417
PHOSPHO1,0.01554863035397461
PHPT1,74.69593275689948
PHYH,7.539465215743443
PHYKPL,0.6462009571960334
PI4K2A,0.6986780461729475
PI4KA,0.42014329220551205
PI4KB,0.8702148524827527
PIGA,1.9244463251107014
PIGB,2.4353882566836638
PIGC,41.380710992619846
PIGF,5.549515567301373
PIGG,24.940136832317794
PIGH,2.849336175060653
PIGK,11.549259713379522
PIGL,1.9417033880090262
PIGM,5.988194967232725
PIGN,5.606295251847085
PIGO,26.04843599105773
PIGP,15.93156149956552
PIGQ,24.973983278917938
PIGS,21.227904241044996
PIGT,21.2819835903797
PIGU,4.422845496093456
PIGV,3.1881874715217666
PIGW,10.689716599363624
PIGX,1.2934717274896768
PIGY,53.725916287869985
PIGZ,0.3942282400217354
PIK3C2A,0.6757759650070458
PIK3C2B,1.3876030107691035
PIK3C2G,8.791324888726458e-05
PIK3C3,0.19226601076955815
PIK3CA,3.0041963137690346
PIK3CB,0.2656688384438567
PIK3CD,2.0785353892701757
PIK3CG,0.1726687536900726
PIK3R1,0.5023457863390206
PIK3R2,21.65496279893382
PIK3R3,3.7808706159163314
PIK3R4,23.678532533177684
PIK3R5,0.7852150343022248
PIKFYVE,1.5016941464339013
PIM1,36.60611716748639
PIM2,9.355343456521723
PIM3,46.86899691877355
PIN1,695.0042567143458
PIN4,2.6621977863956228
PINK1,24.771485386350367
PIP4K2A,6.126029066989022
PIP4K2B,4.574035800295438
PIP4K2C,33.28989641871229
PIP5K1A,0.37088362429713373
PIP5K1B,0.004250078134452692
PIP5K1C,8.019904506650942
PIP5KL1,0.5295477751275697
PIPOX,0.028314245520306376
PISD,1.472989063909621
PJA1,15.091043193264484
PJA2,14.106048133251003
PKLR,0.00016474324950050776
PKM,541.3891072832749
PKMYT1,15.233885124285857
PKN1,16.762274679517347
PKN2,3.4450150051970025
PKN3,0.3837041679566722
PLA2G10,0.004570286098286778
PLA2G12A,0.24357852829144466
PLA2G12B,0.0007908483250894194
PLA2G15,11.516121556046777
PLA2G16,3.537833672514292
PLA2G1B,0.03449129925337993
PLA2G2A,67.92154664723756
PLA2G2C,0.002894502083362584
PLA2G2D,0.003041855298917677
PLA2G2E,0.10480083352838437
PLA2G2F,0.002892932440097304
PLA2G3,0.010934641301420174
PLA2G4A,10.086744091489292
PLA2G4B,0.039342242926225346
PLA2G4C,1.0429200512106773
PLA2G4D,0.0993116593837721
PLA2G4E,1.4181964908692122
PLA2G4F,0.06411306200645384
PLA2G5,0.24578355499622412
PLA2G6,0.6374984834469809
PLA2G7,8.990013155881412
PLB1,0.2998030024746108
PLCB1,0.5907592314311604
PLCB2,1.1424178675256857
PLCB3,3.038665967256235
PLCB4,0.8308646900614758
PLCD1,0.8307485105797343
PLCD3,7.37800260381783
PLCD4,0.2062886578021352
PLCE1,0.06244471746392989
PLCG1,1.5083291013188451
PLCG2,3.6690536652756918
PLCH1,0.01448470609412935
PLCH2,0.006770650860797183
PLCL1,0.06553242601068959
PLCL2,0.2451226559867459
PLCXD2,0.006259433203890908
PLCZ1,0.0008528648975745336
PLD1,1.7941730198962929
PLD2,26.840038559285407
PLD3,16.074911710740114
PLD4,0.23832446266831597
PLD6,1.1690231124221735
PLG,0.0019004467158931252
PLIN1,0.000504107953873185
PLIN2,13.618283410950163
PLIN3,115.49339243209072
PLIN4,0.03230026645652717
PLK1,4.875587357750978
PLK2,79.89685560967813
PLK3,38.20743278806236
PLK4,1.5169637962999112
PLOD1,32.71417798122178
PLOD2,43.55745246616907
PLOD3,102.2625326986956
PLPBP,1.3790311261442316
PLPP1,5.389883230682263
PLPP2,2.123055391477898
PLPP3,4.2032094621878
PLPP4,0.019762828557283812
PLPP5,0.0656688155578048
PLPP6,0.050042688733332445
PLPP7,1.1305815492037874
PLPPR2,0.3307009692228308
PLPPR3,0.9307949846236876
PLPPR4,0.11900942508124815
PLPPR5,0.012456429933028047
PLTP,110.41864138106487
PLXNB3,0.5628938454191916
PMM1,5.477015074551784
PMM2,271.8688095596742
PMPCA,43.035010335819806
PMVK,282.122045610957
PNCK,0.016614007553522967
PNKP,23.80205248692298
PNLIP,0.01735944451270558
PNLIPRP1,0.04876262171622993
PNLIPRP2,0.3354345050980549
PNLIPRP3,0.012850177564374173
PNMT,0.007794101410914011
PNP,1561.2728262406313
PNPLA2,48.395114386311185
PNPLA3,0.002111716660972055
PNPLA4,1.9970275385085046
PNPLA6,0.7165309815500234
PNPLA7,0.034539094259934
PNPLA8,10.715127784389086
PNPO,13.409189720253599
PNPT1,4.809309477098642
POLA1,2.1819307961683347
POLA2,4.126275662992792
POLB,24.16074637355398
POLD1,1.597318987595341
POLD2,19.30501558513774
POLD3,0.5865613227008926
POLD4,263.676963661589
POLE,0.03879127555844321
POLE2,1.9614617469977098
POLE3,39.25799776843707
POLE4,46.03302468628175
POLG,4.2307123898461585
POLG2,4.120404232417322
POLH,0.2272770806584517
POLI,1.1018037376837369
POLK,0.979121640311444
POLL,4.803593088889259
POLM,15.65571563357741
POLN,0.01440373371777796
POLQ,0.25873706453393897
POLR1A,1.1315963835651912
POLR1B,1.465315323708121
POLR1C,16.38090535661313
POLR1D,37.731041190185344
POLR1E,12.352017547233336
POLR2A,1.9172844915395397
POLR2B,7.324320666191163
POLR2C,78.67737311494739
POLR2D,39.35404360217045
POLR2E,74.92847021794734
POLR2F,20.29812803961525
POLR2G,59.42307289275964
POLR2H,352.06102749778023
POLR2I,30.24013094164022
POLR2J,37.56692147141731
POLR2K,108.65045592942548
POLR2L,268.6003796772392
POLR3A,0.1765920361247626
POLR3B,1.2913721060883663
POLR3C,1.0966848992356335
POLR3D,25.815739185659396
POLR3E,20.808948358041448
POLR3F,12.37332083134967
POLR3G,1.5094393425136552
POLR3GL,22.99051921132075
POLR3K,31.738696576024378
POLRMT,6.616133200064848
POMGNT1,63.47041478734914
POMT1,5.92308073433285
POMT2,2.8697547327773862
PON3,5.969566024286141
POR,242.4690389339605
PPA1,779.8263308453179
PPA2,443.944025492797
PPARA,0.3435808405762691
PPAT,6.975232285686581
PPCDC,2.0523715539348317
PPCS,82.76731388018317
PPEF1,0.0881313292359893
PPEF2,0.00040944198694518343
PPIA,670.4150743193687
PPIAL4A,0.3354345050980549
PPIAL4C,0.3354345050980549
PPIAL4E,0.044169153604865466
PPIAL4G,17.34785078115634
PPIB,3425.9155745381972
PPIC,130.8182114536294
PPID,478.90181820831526
PPIE,8.073874195472921
PPIF,248.2050135168407
PPIG,13.33404197398627
PPIH,1466.342193287949
PPIL1,108.41743080936455
PPIL2,0.5341297452837753
PPIL3,49.36730698797715
PPIL4,2.1697932504554345
PPIL6,0.02680044530638388
PPIP5K1,0.4585284391913388
PPIP5K2,4.051569576170904
PPM1A,0.8581035379598784
PPM1B,4.6259037264009555
PPM1D,0.540857750977337
PPM1E,0.007291017640110558
PPM1F,11.59573618317289
PPM1G,47.790578589815986
PPM1K,0.2764509875195891
PPM1M,3.9075706567591366
PPOX,16.420795313495237
PPP1CA,435.6510358531733
PPP1CB,251.6132443109294
PPP1CC,105.57566261193486
PPP1R1A,0.0028434479629409724
PPP1R1B,3.1985584834055167
PPP1R2,42.81988655083209
PPP1R3A,0.06646892507772041
PPP1R3B,8.289587849533794
PPP1R3C,0.04050797409088378
PPP2CA,204.78115566757683
PPP2CB,49.73798219638701
PPP2R1A,585.8061973832292
PPP2R1B,19.207420329013885
PPP2R2A,107.94842711206202
PPP2R2B,0.07933568833108937
PPP2R2C,0.0019808476715378128
PPP2R3A,1.980081780792235
PPP2R3B,0.16181028806210318
PPP3CA,418.544374628441
PPP3CB,5.227660575587803
PPP3CC,4.660033162964138
PPP3R1,181.950036984155
PPP3R2,2.4370537589271226
PPP4C,184.57088027278377
PPP5C,25.70901329606658
PPP6C,118.3482719271329
PPT1,9.32439834351028
PPT2,0.15808304624565167
PPWD1,11.74702801254075
PRAG1,0.3354345050980549
PRDX1,34821.399763337686
PRDX2,2986.0217873920215
PRDX3,68.99879110261054
PRDX6,1680.2998140992363
PREP,78.00723824530586
PRKAA1,15.141179733143865
PRKAA2,0.375054045754509
PRKAB2,1.9603622732541672
PRKACA,374.94453002918664
PRKACB,27.74872861143786
PRKACG,0.0022942272573339925
PRKAG2,4.392536593776686
PRKAR1A,18.433379263389494
PRKAR1B,30.56255475704645
PRKAR2A,4.554303047329155
PRKAR2B,43.7445196712278
PRKCA,0.1836449665055544
PRKCB,0.8256309165698946
PRKCD,3.239259108670254
PRKCE,0.22596362089722555
PRKCG,0.000846640347284441
PRKCH,3.997960725018609
PRKCI,3.8876110797147674
PRKCQ,0.06555290470745004
PRKCSH,680.1147039165237
PRKCZ,2.814791032304123
PRKD1,0.14406829482125283
PRKD2,17.76193457412931
PRKD3,9.262504661045352
PRKDC,1.4716424303012974
PRKG1,0.26225625726344615
PRKG2,0.043285994336483044
PRKN,0.21524163632635238
PRKX,1.0268647649387477
PRKY,0.0029128545812846167
PRODH,7.1844948879529476
PRODH2,0.047452249121563574
PRPF19,506.49840009070556
PRPF4,187.0672255084374
PRPF4B,25.446273040247828
PRPS1,472.6343730839843
PRPS1L1,2.0709133436270175
PRPS2,24.22583781577674
PRRT2,0.02997420176139552
PSAP,31.103552856179235
PSAT1,60.75415420227104
PSKH1,5.226982839458818
PSKH2,0.11813839957802594
PSPH,931.5653298992005
PSPHP1,0.3354345050980549
PTDSS1,111.02602520573612
PTDSS2,13.151785037016934
PTEN,4.459109071325539
PTGDS,7.767587818540979
PTGES,157.69901934448913
PTGES2,76.5278222220631
PTGES3,4037.9898399691197
PTGIS,3.1707684639061235
PTGR1,209.60525828853338
PTGS1,5.870005423710044
PTGS2,2.397715659693509
PTK2,3.695700030211335
PTK2B,9.522766643152487
PTK6,3.9496911125348793
PTK7,2.129342937067249
PTP4A2,1.3469764017059223
PTP4A3,9.408518032374598
PTPDC1,0.41239091726212745
PTPMT1,25.29541598304123
PTPN1,44.8110014232258
PTPN11,12.896649688811404
PTPN12,15.521567514474576
PTPN13,1.2091833717409926
PTPN14,3.1934987184777013
PTPN18,24.39320041314701
PTPN2,17.34295471376675
PTPN21,0.7811676226241507
PTPN22,1.1712375076505697
PTPN23,5.169089380091571
PTPN3,1.2015313833216295
PTPN4,1.8164622737947145
PTPN5,0.0017922788062560097
PTPN6,57.65555435030536
PTPN7,1.3633148849857253
PTPN9,0.410650355186489
PTPRA,0.5053233204446437
PTPRB,0.38706985443846953
PTPRC,7.165619735072123
PTPRD,0.01419581244524215
PTPRE,2.705371088532263
PTPRF,87.01586129421952
PTPRG,1.3898350344230515
PTPRH,0.004673601378209504
PTPRJ,0.8137321117700713
PTPRK,13.691218777036108
PTPRM,2.252581749636255
PTPRN,0.22445752192006022
PTPRN2,0.07861504417667271
PTPRO,0.3434746398739701
PTPRQ,0.3354345050980549
PTPRR,0.052315052918305065
PTPRS,0.16631516388533366
PTPRT,0.00010731316544760013
PTPRU,1.3387992601786276
PTPRZ1,0.7724008606047267
PTRH1,17.216189422609368
PTRH2,2380.098974249168
PTS,35.38373251357343
PUS1,14.957760605932007
PXDN,2.8131486415255846
PXDNL,0.02124103766508282
PXYLP1,0.3900283303635837
PYCR1,3.1981487417572625
PYCR2,437.76227670236284
PYCR3,18.52640291410028
PYGB,541.012766736232
PYGL,87.81105557487675
PYGM,0.013781499683497598
PYURF,0.6402221518630032
QARS,389.11084922063696
QDPR,777.434008654716
QPCT,19.17453413818611
QPRT,5.234520304358298
QTRT1,49.460258845655915
QTRT2,3.0803803903498332
RAD1,0.8281475849685817
RAD18,1.3728714591964235
RAD9A,3.6259836476518146
RAF1,0.1698286276350974
RAG1,3.1213305111192
RALBP1,31.166756673840393
RARS,446.1087100059217
RARS2,11.76686915644377
RBBP6,0.19450031407724824
RBKS,2.2097041064484237
RBP1,3333.8103731377278
RBP2,0.001562961847180527
RBP4,0.03445544840315967
RCHY1,0.63276067377842
RCL1,13.106459835350217
RDH10,4.602047702833171
RDH11,384.60014799692243
RDH12,0.11717842792729416
RDH13,2.2028562800297795
RDH14,1.8906727797953247
RDH16,0.46988390179662415
RDH5,0.0016217027710097394
RDH8,0.012133438529476709
REG3A,15.598236131061894
RENBP,2.4161225574529506
RET,0.04155037140209628
REV3L,0.45023317707504057
RFC5,25.36980916485532
RFK,7.64137713215262
RFWD3,10.171106074999514
RGL1,1.804891041700892
RHAG,0.3012257575781964
RHBG,0.03240453152003203
RHCG,118.5621853734357
RING1,3.139162092153871
RIOK1,1.555968202558042
RIOK2,0.18749553461918292
RIOK3,18.72769524748482
RIPK1,14.709394036886946
RIPK2,6.911065719294041
RIPK3,2.1393374586585843
RIPK4,39.820604050831456
RIPOR1,1.8350848174091228
RNF103,2.677065687645724
RNF115,13.669608526344454
RNF123,6.670423813282467
RNF125,0.2305171206912102
RNF126,25.18432584961757
RNF128,0.4111613789233261
RNF13,12.286184874349727
RNF130,57.78897220403573
RNF133,0.0014571390229935284
RNF138,3.3100695612373587
RNF139,8.974942783109306
RNF14,6.531523403723232
RNF144A,0.6652986145884511
RNF144B,34.24906928941793
RNF146,5.289824187731388
RNF149,57.434435183269116
RNF152,0.8439418115961747
RNF167,138.2084662394161
RNF180,0.015595475716621406
RNF182,0.13411660922434485
RNF185,4.71013450433906
RNF187,107.03470811403507
RNF19A,6.225650664807692
RNF19B,31.90980838152121
RNF2,9.718465028626163
RNF20,2.569076743520257
RNF216,7.6734697935731235
RNF217,2.0643425766511947
RNF25,11.75569096083606
RNF31,9.918406144754544
RNF40,2.287273943152542
RNF41,5.4784724808438945
RNF5,0.09013082658543353
RNF8,1.7753745741093043
RNGTT,3.421113338366167
RNMT,39.175213562848455
ROCK1,4.708738381983741
ROCK2,6.012055309948681
ROR1,0.12920832394119355
ROR2,0.018883332829630315
RORA,0.11925237467427204
ROS1,7.052538943585249
RPAP2,5.448216797197453
RPE,84.91944884524318
RPE65,0.011728131313476612
RPIA,25.216710436397523
RPL14,1628.7654680771138
RPN1,1928.6182560245518
RPN2,1251.060391649943
RPP14,21.029112622453344
RPS6KA1,26.91838344822218
RPS6KA2,1.0178007645564695
RPS6KA3,1.1390155200802974
RPS6KA4,1.957086638098107
RPS6KA5,0.21541293430170816
RPS6KA6,0.2204097492714985
RPS6KB1,1.4395708216761625
RPS6KB2,45.43600254933955
RPS6KC1,0.4586254775392156
RPUSD4,1.102524257260961
RRM1,31.905706955064606
RRM2,18.67336920561443
RRM2B,4.04780077513213
RTCA,1.6973780629584712
RWDD2A,2.3904372718696565
RXRA,6.983712623173833
RYK,21.53466396901359
SACM1L,5.786092809939156
SAE1,243.72921118351
SAP130,0.8984632736742124
SARDH,0.12976961807307352
SARS,178.55588255330974
SARS2,9.847366582937005
SAT1,2466.8251734895975
SAT2,45.65603006264258
SBK1,0.29920658158778096
SC5D,1.7142905425756392
SCARB1,16.122278104266996
SCARF2,1.9611546729125917
SCD,56.2110336223326
SCD5,28.270152585496255
SCLY,0.023376441969468344
SCP2,179.9116454912122
SDC1,67.33977674731177
SDHA,141.41229408909402
SDHB,249.6609105914944
SDHC,13.771615306599674
SDHD,2.8117993850741914
SDR16C5,0.03451173570970919
SDR42E1,0.32335884729792946
SDR42E2,0.3354345050980549
SDR9C7,0.45348934578151257
SDS,2.7584209774012267
SDSL,16.07980018001792
SEC11A,228.96674172044334
SEC11C,13.31346973151655
SELENOI,0.1784505883933933
SEPHS1,303.109069435371
SEPHS2,53.166539374207375
SERPINA1,183.87897802528266
SERPINA3,531.5208349256551
SETD1A,0.18328987972801575
SETD1B,1.2050809656204382
SETD2,0.020980528065408215
SETD5,6.017668662040998
SETD7,2.6104543287950124
SETDB1,0.2548371247905831
SETDB2,0.2352266094147239
SETMAR,1.1482659462773237
SFXN3,1539.9095908603672
SGK1,21.31784307574346
SGK2,0.008211121220310345
SGK3,0.0024163886904955906
SGMS1,3.590559400455023
SGMS2,0.833201882928288
SGPL1,35.55232190226464
SGPP1,4.673473446693802
SGPP2,8.491768853002922
SGSH,11.351129250811827
SH3RF1,1.7516218236906231
SH3RF2,1.3201036610942094
SH3RF3,1.370059976127501
SHMT1,107.21444642023687
SHMT2,450.8410338158179
SHPK,3.029591079363855
SHPRH,0.09795340937789054
SI,0.18373547314711697
SIAE,11.846152519057549
SIAH1,2.6619659690634
SIAH2,7.049261185967368
SIK2,1.8428029237761387
SIK3,1.392086692630366
SIN3A,3.235715678044702
SIN3B,0.0698907710995427
SIRT1,0.9408090740700467
SIRT2,16.22190086060819
SIRT3,4.958174344561428
SIRT5,9.870466583502
SIRT6,21.916723762818215
SIRT7,20.8445161095218
SLC10A1,0.00043769511830449276
SLC10A2,0.058748703153154044
SLC10A6,0.06031959671539028
SLC11A1,5.208091030197759
SLC11A2,8.673695368273059
SLC12A1,0.0006871141495844213
SLC12A2,1.4289879956873204
SLC12A3,0.0007685363576284911
SLC12A4,0.23711246608621506
SLC12A5,0.009536719995388325
SLC12A6,0.0733225754148555
SLC12A7,1.1707061024718388
SLC13A1,0.00012589637771006672
SLC13A2,0.00021455934071170195
SLC13A3,0.0023003542911739835
SLC13A4,0.04981565054079071
SLC13A5,0.011076004882771714
SLC14A1,0.005426531912232884
SLC14A2,0.0007681802456642742
SLC15A1,0.07722068040753689
SLC15A2,0.09275486694350324
SLC15A3,10.684120002299135
SLC15A4,8.701956061780095
SLC16A1,38.81606407754442
SLC16A10,1.4483681470630203
SLC16A2,0.26219322925170646
SLC16A3,136.61429025909155
SLC16A7,0.022073799616460135
SLC16A8,0.010455765708498179
SLC17A1,0.06505057075080632
SLC17A2,0.014797084619435076
SLC17A3,0.0480606884147512
SLC17A4,0.016758172785412122
SLC17A5,1.4864435266774074
SLC17A6,0.00033355607881404084
SLC17A7,0.011761348317862763
SLC17A8,0.023326127399307364
SLC18A1,0.007103944487887298
SLC18A2,2.1026564276248916
SLC18A3,0.06214561646399096
SLC19A1,6.842347565747942
SLC19A2,2.700602595011411
SLC19A3,0.0211148135588265
SLC1A1,0.08396977823599058
SLC1A2,0.0014276067565972194
SLC1A3,7.254452306126661
SLC1A4,1.7062446890743674
SLC1A5,72.15580612330456
SLC1A6,0.21746228148941968
SLC1A7,0.009256926822180793
SLC20A1,51.08672259440747
SLC20A2,11.206782863725813
SLC22A1,0.11797921630497296
SLC22A10,0.10034501076203277
SLC22A11,0.00023151939185072154
SLC22A12,1.368484858340572
SLC22A13,0.000625697594411302
SLC22A16,0.02918254408451197
SLC22A18,10.408887970426518
SLC22A2,0.0017880719666633297
SLC22A3,0.40813846226924955
SLC22A4,1.6990639603195017
SLC22A5,1.022320746487749
SLC22A6,0.3332262579895881
SLC22A7,0.3754031874781076
SLC22A8,0.6796964855365107
SLC22A9,0.11807453767167743
SLC23A1,0.005444843664146967
SLC23A2,3.6135366320045654
SLC24A1,0.41859288036915926
SLC24A2,0.03471183970728932
SLC24A3,2.715511260395465
SLC24A4,0.0007855387419197436
SLC25A1,1140.1881385575832
SLC25A10,24.643564581374353
SLC25A11,917.9215937535328
SLC25A12,247.09351913194214
SLC25A13,428.2758664663792
SLC25A14,11.370647348727317
SLC25A15,1.2373511471680303
SLC25A16,1.033715053541759
SLC25A17,7.122409321224661
SLC25A18,0.09171634298417856
SLC25A19,3.051511005987684
SLC25A2,0.009493532456830486
SLC25A20,0.9016136952753898
SLC25A21,0.0077556951464020215
SLC25A22,18.008814779063385
SLC25A26,6.585935768216385
SLC25A27,0.27048754933801034
SLC25A28,20.357272142608824
SLC25A29,5.646012971135348
SLC25A3,2031.239082940816
SLC25A37,29.08320267728207
SLC25A4,70.28975027157747
SLC25A5,4577.54627424679
SLC25A6,34.209438694835704
SLC26A1,0.04842352516339293
SLC26A11,2.524705866688061
SLC26A2,0.8238200933121731
SLC26A3,0.16226921407916228
SLC26A4,0.0021886185323918405
SLC26A6,2.804500833593321
SLC26A7,0.006059506598881725
SLC26A8,0.08247602875918052
SLC26A9,0.05602807329662357
SLC27A1,3.0703806781419813
SLC27A2,0.2652602732014303
SLC27A3,28.368073724640727
SLC27A4,3.1618953372681298
SLC27A5,3.0993478030162662
SLC27A6,0.007535780496796886
SLC28A1,0.05797266048828553
SLC28A2,0.0002383432760997071
SLC28A3,0.5413807608214025
SLC29A1,20.917695275273278
SLC29A2,6.645346205486224
SLC29A3,1.5781136852180324
SLC29A4,0.06748115899430365
SLC2A1,45.243760557350306
SLC2A10,0.4770648603834896
SLC2A11,0.844688849755251
SLC2A12,0.46465548160386055
SLC2A13,0.25008016221846513
SLC2A14,0.018424549039584646
SLC2A2,0.0007362010269609193
SLC2A3,11.90949327774397
SLC2A4,0.012749727404637614
SLC2A5,0.22040475626114225
SLC2A6,8.379014565666548
SLC2A7,0.0004768197583121517
SLC2A8,7.1535929062915695
SLC2A9,1.7413245617190773
SLC30A1,2.9901395341227643
SLC30A6,8.691846160006616
SLC30A7,25.19832776843545
SLC31A1,9.762115280941947
SLC32A1,0.0011285893294121225
SLC33A1,613.6680917855861
SLC34A1,0.00014432768917219986
SLC34A2,27.48713111976923
SLC34A3,0.00026315867029974734
SLC35A1,3.619129336559801
SLC35A2,19.15525674952533
SLC35A3,6.361460786660504
SLC35B2,1.0516224062125301
SLC35B4,3.3382122128607254
SLC35C1,14.250338527202688
SLC35D1,1.7795923793026818
SLC35D2,22.136912314620478
SLC36A1,2.6486309718481573
SLC36A2,0.07419499914014951
SLC36A4,2.0877465572256333
SLC37A1,6.315313405193162
SLC37A4,8.081700188540232
SLC38A1,30.680544254694276
SLC38A2,170.30528672094488
SLC38A3,0.04346373321120625
SLC38A4,0.07649588953600021
SLC38A5,99.03711399771143
SLC39A7,6.7984809401839685
SLC3A1,0.09614744970619415
SLC3A2,79.41835141807006
SLC40A1,2.959897584187038
SLC41A1,10.425300987305718
SLC41A2,1.5438147851146709
SLC43A1,0.4151866526178358
SLC43A2,10.559634263964384
SLC46A1,0.3429066359320119
SLC47A1,0.044243209587552214
SLC47A2,0.2574132897391342
SLC4A1,0.00023642985810662663
SLC4A10,0.01609926280133765
SLC4A2,34.60105687054782
SLC4A3,1.0688019676746667
SLC4A4,0.0010692660841895812
SLC4A5,0.45833316830699145
SLC4A7,0.21383078169885028
SLC4A8,0.005367560639571061
SLC4A9,0.009356289415165225
SLC51A,0.15730939956507933
SLC51B,0.1317954273752661
SLC52A1,0.11277172956640528
SLC52A2,0.09357936368667576
SLC52A3,0.28454763876001143
SLC5A1,0.030482056311309107
SLC5A10,5.685859052925759
SLC5A11,0.0019727737319293623
SLC5A12,0.07813035500552284
SLC5A2,0.01178244946808166
SLC5A3,0.9841147152030522
SLC5A5,0.02493073450357327
SLC5A6,31.71285776699301
SLC5A7,0.07302190367296232
SLC5A8,0.3418527760399266
SLC5A9,0.0033621551666557317
SLC6A1,0.027796249758940978
SLC6A10P,0.004252123724222976
SLC6A11,0.4467601496435173
SLC6A12,0.031243074887926263
SLC6A13,0.06160939658238241
SLC6A14,2.6678238004418553
SLC6A18,0.020564936803086797
SLC6A19,0.1185497404542115
SLC6A2,0.0019469278897573164
SLC6A20,0.043270739804743864
SLC6A3,0.11152113387915114
SLC6A4,0.00026943175130495823
SLC6A5,0.10319845039380167
SLC6A6,0.3175521017039976
SLC6A7,0.017532758970507732
SLC6A8,2.529811042009814
SLC6A9,0.8843202114330883
SLC7A1,3.512836867920934
SLC7A10,0.44725159747283744
SLC7A11,0.1238284022628985
SLC7A2,0.8200655850669062
SLC7A3,0.04448941571177317
SLC7A5,11.155305040072372
SLC7A6,6.260684963880494
SLC7A7,5.934892446436359
SLC7A8,0.6849768921777275
SLC7A9,0.002964190883572663
SLC8A1,2.0990714504015147
SLC8A2,0.0020740513967043525
SLC8A3,0.00019639749237834316
SLC8B1,0.13932836983899105
SLC9A1,10.779449524736359
SLC9A2,0.05183556357519986
SLC9A3,0.4020435540656788
SLC9A4,0.003806928077483053
SLC9A5,0.06781691856938446
SLC9A7,1.1612452358140597
SLC9A8,2.846697090082186
SLCO1A2,0.310598371062638
SLCO1B1,0.08940561710697935
SLCO1B3,2.985134531670202
SLCO1C1,0.0003819065513007548
SLCO2A1,4.7347758912303215
SLCO2B1,7.49623073849033
SLCO3A1,4.91201516514765
SLCO4A1,0.05838017287671066
SLK,10.758123964797306
SMARCD3,17.607270079119463
SMG1,0.5182411543533801
SMPD1,6.988528821202191
SMPD2,6.115828758079701
SMPD3,0.04169283049190278
SMPD4,8.332992071145755
SMS,148.06635734507836
SMURF1,16.86192871304101
SMURF2,8.000702209885949
SMYD3,14.800675490546347
SNRK,2.147918525849608
SOAT1,5.210878785953191
SOAT2,0.00085407852265642
SOD1,2866.1632538145245
SOD2,1511.9317536474732
SOD3,8.145099468767635
SORD,8.275458847564531
SPCS1,226.72915457057525
SPCS2,160.08440967627914
SPCS3,259.7916090425628
SPEG,0.37838025434603983
SPHK1,116.97657018984296
SPHK2,0.7126607872713215
SPR,764.2335555773464
SPRYD3,30.708056211358283
SPTLC1,37.468577487717965
SPTLC2,2.3376965348002754
SPTLC3,0.8869424552795604
SQLE,0.5014889787479407
SRC,16.6545568571832
SRD5A1,12.803245471622413
SRD5A2,0.003383468158595238
SRD5A3,3.5684507851176575
SREBF1,18.088819767366754
SRM,617.4851042329517
SRMS,0.014541097951234892
SRPK1,6.205072366188715
SRPK2,17.900981853039756
SRPK3,0.026817367220033646
SSH1,3.357629788873566
SSH2,0.8261694182895447
SSH3,21.508413726408655
SSR4,639.8176873332992
SSU72,182.12790614139968
ST3GAL1,2.5285978388870634
ST3GAL2,3.4717156888722207
ST3GAL3,1.4361240016605878
ST3GAL4,6.186624848104541
ST3GAL5,1.2276284857331081
ST3GAL6,0.7048552619266513
ST6GAL1,3.391041498872854
ST6GALNAC1,0.07060636013020714
ST6GALNAC2,0.08505333704610046
ST6GALNAC3,0.06508893358891071
ST6GALNAC4,16.581883262808248
ST6GALNAC5,1.7784523149765175
ST6GALNAC6,16.635644697985512
ST8SIA1,0.13886913046064792
ST8SIA4,1.0007643829214885
ST8SIA5,0.024541924233633564
STAMBP,16.931199907011873
STAMBPL1,2.1111247288175656
STARD3,31.919988181219008
STK10,0.6538921315540611
STK11,20.706333377878806
STK16,0.9259467433327848
STK17A,12.05381315728256
STK17B,5.306529118380891
STK19,0.573489318104059
STK24,22.47877579600521
STK25,1.9411696208242817
STK26,0.629690691282171
STK3,12.267422145542785
STK31,2.750638108003088
STK32A,0.06706021324809006
STK32B,0.13422519423062212
STK32C,5.483358320361612
STK33,0.6461817466966832
STK35,9.14649835646295
STK36,1.293515622458977
STK38,10.041521515550624
STK38L,6.099997159865644
STK39,24.397325219455446
STK4,2.522721775356954
STRA6,0.2123084957354641
STS,0.37190343221232114
STT3A,23.469937127770443
STT3B,26.403713473133514
STUB1,50.86362080992102
STYK1,0.29179700272637504
STYXL1,107.32094244714054
SUCLA2,53.72916663703123
SUCLG1,513.8549712061563
SUCLG2,285.0804632710118
SULT1A1,0.5025935328976996
SULT1A2,0.1916498623953716
SULT1A3,3.7503041530200782
SULT1B1,0.05392145276653732
SULT1C2,0.0009514354768243204
SULT1C4,0.032658301719252776
SULT1E1,0.08217425263269504
SULT2A1,3.553854432798619
SULT2B1,6.3496354817728475
SULT4A1,0.7628529321493973
SUOX,4.051033731401241
SUV39H1,3.3218503236382344
SUV39H2,1.9518029524050329
SYK,5.057317757190973
SYNJ1,0.018823181486547515
SYNJ2,0.018097470492339205
SYVN1,0.7201736699512897
TAF1,1.6837693249390007
TALDO1,459.81396420012635
TAOK1,2.341824899792098
TAOK2,6.535946580663904
TAOK3,8.470271460450387
TARS,349.9853437617186
TARS2,2.0239603544574325
TARSL2,3.199319321777691
TAT,0.0005609021246139426
TBCB,184.78393896194893
TBK1,0.8576488599425018
TBL1X,3.2032346954893933
TBL1XR1,6.716846238451185
TBXAS1,4.125557140456817
TCIRG1,44.03948253343643
TDO2,11.041927730164048
TECR,85.99599328770937
TECRL,0.00019583171288844076
TENT2,0.15316461371698084
TENT4A,0.45357387630786017
TESK1,35.4515985700276
TESK2,1.4222176537256317
TFRC,146.11676720248587
TGDS,3.272668892113863
TGFBR1,8.928200582764298
TGFBR2,15.142972684314449
TGM1,18.28111064461572
TGM2,249.0342575510537
TGM3,0.034941383281253326
TGM4,0.003142594505817198
TGM5,0.06616868240573998
TGM6,0.018105422639918517
TGM7,0.01438308791538765
TGS1,2.7396380623270002
TH,0.0026781946406585176
THNSL1,0.832571985073158
THTPA,2.148755801466456
TIAM2,0.00774167457603853
TICRR,0.05167590734814967
TIPARP,3.523563318974655
TK1,157.72850401008543
TK2,1.9195091126646167
TKFC,17.655218887752373
TKT,260.15631346035195
TKTL1,0.0005208634983247982
TKTL2,0.0005479579478862957
TLK1,7.656257832565298
TLK2,0.1466579115322978
TM7SF2,0.8567625441123824
TMEM91,1.5639250236278728
TMLHE,0.9163553087450927
TMX3,15.666266124772033
TNFRSF21,74.7209202965066
TNIK,0.26408699750082737
TNK1,4.0029408905128046
TNK2,5.196584949974394
TNKS,1.9485507731512308
TNKS2,4.339017329325643
TNNI3K,0.3354345050980549
TNS2,1.434061794943761
TOPORS,7.999548942516579
TP53RK,8.555893405513247
TPH1,0.02115220678027286
TPH2,0.08567194949607831
TPI1,13552.77673410136
TPI1P2,15.803977910787754
TPK1,1.0710266901130987
TPMT,11.770598259212711
TPO,0.00016613507339235324
TPP1,175.67940185638003
TPSAB1,9.856777415750217
TPSB2,0.7066124282609104
TPSD1,5.340733439554472
TPST1,5.972113659597403
TPST2,11.422739887143452
TPTE,6.1511846964824635
TPTE2,0.012746054208804107
TRAF7,35.679079746856814
TRDMT1,0.09995271425483633
TREH,0.0010077342866739913
TREX1,1.4876665351032947
TREX2,0.07861689160578943
TRHDE,0.00877426570007262
TRIB3,7.623224468219005
TRIM11,19.479220463942983
TRIM32,1.310250633537139
TRIM33,3.7376832036933654
TRIM63,0.0030113908767803476
TRIO,0.4630733368587344
TRIP12,14.040997627846009
TRIT1,7.822526688613741
TRMT1,8.466171093834657
TRMT11,3.902818577160967
TRMT1L,4.50323038104526
TRMU,4.96793313816547
TRPM6,0.015323737377346956
TRPM7,1.0988363971843094
TSSK1B,0.0018243668316668701
TSSK2,0.0231714118888251
TSSK3,0.046210254817675454
TSSK4,0.01279088497223508
TSSK6,0.22526482796799438
TST,35.69616607204457
TSTA3,415.6448038830044
TTC3,13.711198998102551
TTK,0.24870713956559173
TTL,1.199712498708506
TTLL10,0.002351760381493813
TTN,0.000853763600954506
TUSC3,4.021551296525032
TUT1,0.3276502520322552
TUT4,0.6950417161591614
TUT7,0.1907089895411479
TXN,2225.839723999049
TXN2,30.776376736521144
TXNRD1,50.29901848118633
TXNRD2,5.914533398092876
TXNRD3,0.8168261719782663
TYMP,333.3298071481156
TYMS,28.635227668861198
TYR,0.1046323172264974
TYRO3,0.7918394150319923
TYRP1,0.010284669376109253
UAP1,52.32695359093304
UAP1L1,0.42233000409525623
UBA1,583.1830157348344
UBA2,117.75105107812632
UBA3,47.54527929356396
UBA6,67.8114738541962
UBA7,4.789327069885071
UBE2A,51.655439756708546
UBE2B,38.826652134369475
UBE2C,34.98454719114164
UBE2D1,6.341868586160894
UBE2D2,32.11137125175324
UBE2D3,782.0234464900818
UBE2D4,2.4124093407224056
UBE2E1,58.179703804260015
UBE2E2,5.131134236003466
UBE2E3,15.415263900738402
UBE2F,1.9662877419742477
UBE2G1,12.533072897725757
UBE2G2,5.970861485209739
UBE2H,281.1621091154915
UBE2I,1229.2821781382722
UBE2J1,5.708676053051981
UBE2J2,15.033782825825972
UBE2K,538.0815691575118
UBE2L3,568.9983912219261
UBE2L6,74.24435588579603
UBE2M,143.43473813207896
UBE2N,49.897085989137594
UBE2NL,10.78562598751232
UBE2O,9.324065853892069
UBE2Q1,6.9174242707313125
UBE2Q2,1.336426454591618
UBE2QL1,0.013789717751931984
UBE2R2,23.939954414352954
UBE2S,37.53844856093234
UBE2T,6.343344645656624
UBE2U,0.036549020058497916
UBE2W,4.328170424337094
UBE2Z,144.11070503753749
UBE3A,13.352504768921039
UBE3B,5.259325629499739
UBE3C,5.644778943119751
UBE4A,0.5961775338839439
UBE4B,1.487539248694715
UBLCP1,96.03773825656255
UBR1,0.23650806796645676
UBR2,1.2021082571709498
UBR3,0.016239148688040512
UBR4,3.012221514700891
UBR5,0.36357905123990336
UBR7,3.875570019000185
UCK1,7.1611406257578265
UCK2,8.538377848991356
UCKL1,31.61569555419078
UCP1,0.0009004431509938649
UCP2,37.73348790356567
UCP3,0.009318457048287716
UEVLD,4.1448831224111995
UGCG,3.671840028055428
UGDH,66.6024860946911
UGGT2,1.8735323220133382
UGP2,1384.033789937706
UGT1A1,0.5818457107151666
UGT1A10,0.00024992629733842984
UGT1A3,1.0114790584917612
UGT1A4,0.0951329295757727
UGT1A5,0.4044927492424471
UGT1A6,0.17846484523713252
UGT1A7,0.817507176308654
UGT1A8,0.1293154038699776
UGT1A9,0.11549856641655931
UGT2A1,0.3354345050980549
UGT2A3,6.209522842218814e-05
UGT2B10,4.014899473278119e-05
UGT2B11,0.23720441855058141
UGT2B15,0.6704297803167216
UGT2B17,0.00011050739073107937
UGT2B28,0.6936387983112186
UGT2B4,0.7544150219594951
UGT2B7,0.0009810742678159812
UGT3A1,0.12021469926971337
UGT3A2,0.01773522505836247
UGT8,1.6720742041068706
UHMK1,26.369213342767623
UHRF1,0.4362759954616798
UHRF2,6.908750264945951
ULK1,5.70885691845834
ULK3,10.225999509723733
ULK4,0.15965077725765484
UMPS,136.1644886373083
UPB1,0.03766819888349286
UPP1,9.023249403056894
UPP2,0.00022270510816981462
UPRT,2.8329399412365666
UQCR10,36.9081113495602
UQCR11,151.66359573058028
UQCRB,62.099232339639784
UQCRC1,1659.2375426120236
UQCRC2,3982.3286026196047
UQCRFS1,233.27039475894261
UQCRH,131.00071902329796
UQCRQ,71.41458978395384
UROC1,0.00014531722749015327
UROD,106.9276951649974
UROS,18.51488832962367
USP1,11.734481336856222
USP10,6.965667300618383
USP11,32.05923903937446
USP12,2.513945399799074
USP13,0.7842749948565944
USP14,113.6453637989832
USP15,2.5661574762524304
USP16,7.549940912801936
USP17L2,0.7544524097088302
USP17L22,0.04998256910149056
USP17L30,0.050968258904732194
USP17L5,0.050968258904732194
USP17L9P,0.3354345050980549
USP18,1.2088148305942101
USP19,0.48554664588638896
USP2,0.0714926546958452
USP20,3.1521317732859124
USP21,15.638776778860136
USP22,40.81044150656176
USP24,1.6316328301491791
USP25,0.07717534759207337
USP26,0.08118014005684498
USP28,3.172668322553673
USP29,0.08228852752006045
USP3,0.3163788816154542
USP30,0.10328566001884616
USP31,1.797893839280537
USP32,0.37947749685429255
USP33,11.238282963400959
USP34,6.715932787025166
USP35,0.6140886644120088
USP36,5.403507062586445
USP37,0.3353318635311758
USP38,4.757726058557755
USP4,1.3769817624549183
USP40,0.6298542563365919
USP41,0.01834435481333142
USP42,2.232567266665121
USP43,1.2530406444407678
USP44,0.009902389262978007
USP45,0.2825363739814202
USP46,0.79219526996256
USP47,2.5398688577629778
USP48,0.17603763669673092
USP49,0.00976735542867528
USP51,0.0600664720422046
USP6,0.018984231561972716
USP7,27.387802461042778
USP8,0.3097427624799327
USP9X,5.558219607621039
USP9Y,0.09459012436644046
UST,1.5200693748438232
UXS1,31.05412559443734
VARS,29.961796771733106
VARS2,6.196615581158531
VKORC1,235.19640171862778
VNN1,0.52598645077188
VNN2,0.21022018467359552
VNN3,1.3249239133960116
VRK1,67.34983193298773
VRK2,7.1012506595141325
VRK3,10.160946689942088
WARS,690.2358820425659
WARS2,14.850087623510131
WDYHV1,20.00332045449743
WEE1,2.6760075516438877
WEE2,0.003712775581220477
WNK1,1.463833395628803
WNK2,0.029600592201186444
WNK3,0.010500652196745475
WNK4,0.4369751949746104
WWOX,0.7590582670856588
WWP1,10.097136010092235
WWP2,0.0987844514599559
XDH,5.700635898735639
XPO6,0.5072784457490078
XPO7,20.594231106276936
XYLB,0.1783884639892464
XYLT1,0.29757757683482805
XYLT2,18.527624115516403
YARS,1721.476262140137
YARS2,43.63399037487468
YES1,14.49948254014402
ZADH2,4.6156807975500005
ZAP70,0.3217663206380981
ZC3HAV1,1.480924278974626
ZNRD1,0.8876699680050173
ZNRF1,6.679087017350146
ZNRF2,3.725612455905716
ZSWIM2,0.00024078999676690335
