A4GALT,22.6871866020494
A4GNT,0.0038375508453709676
AACS,120.66962670474018
AADAC,0.004408436349729487
AADAT,2.0596846619186073
AAK1,10.529397247657542
AANAT,0.0014674732635550029
AARS,651.642889571541
AARS2,6.180093661946432
AASDH,1.9779435999707358
AASDHPPT,7.0949003485551625
AASS,0.09558341249035784
AATK,0.06812536046003982
ABAT,0.12294462077725216
ABCA1,0.5538886889954753
ABCA3,24.5411490199164
ABCA4,1.407246179114803
ABCA8,0.1527914098109181
ABCB1,0.3588658967174063
ABCB11,9.594143688005471e-05
ABCB4,0.02073827935284728
ABCB6,11.401756192774666
ABCC1,0.4236012940321224
ABCC11,0.02234770258999611
ABCC2,0.032981306171434174
ABCC3,0.5477505056102048
ABCC4,1.1623561984252146
ABCC5,1.9527109442432475
ABCC8,0.002368382918833141
ABCC9,0.07262442065864959
ABCD1,14.40937954225944
ABCD2,0.0018459340909342161
ABCD3,39.66003567970607
ABCG2,0.09698247675071384
ABCG5,0.002676499619094857
ABCG8,0.0002193682734752081
ABHD12,48.56467119334995
ABHD5,6.421779733162525
ABHD6,0.34127884728695707
ABL1,5.729544503002307
ABL2,1.42144906630327
ABO,0.44846971969046856
ACAA1,66.42310302170385
ACAA2,24.921001987370662
ACACA,7.768699277888039
ACACB,0.22847892190846344
ACAD10,9.651322570337292
ACAD11,0.015389307963215177
ACAD8,19.93509151209563
ACAD9,377.265277905874
ACADL,0.0006454922552638209
ACADM,7.33455809206978
ACADS,14.442462003535946
ACADSB,20.34012173692283
ACADVL,599.226822874049
ACAT1,41.74787550142719
ACAT2,25.34808721134591
ACE,1.6144620604364217
ACE2,0.6367184261225752
ACER1,0.014913052056363748
ACER2,0.05553679899952555
ACER3,1.6838506610209942
ACHE,12.699648856557214
ACLY,66.82791271735628
ACMSD,0.10436447862188088
ACO1,27.619865422136936
ACO2,17.95997171292713
ACOT1,1.1795881715778056
ACOT11,0.24022595455412282
ACOT12,0.09846384054416166
ACOT13,7.6657731363601185
ACOT2,3.8492623928173186
ACOT4,1.724498880939733
ACOT6,0.04075589654524309
ACOT7,39.05472787298535
ACOT8,33.43033028089
ACOX1,2.1912959675526826
ACOX2,0.27330071696256125
ACOX3,22.830314214986718
ACP1,10264.809290296926
ACP2,5.985371452799722
ACP4,0.0036202735317779565
ACP5,15.27403194398041
ACP6,12.616246687828008
ACP7,0.44999467512671487
ACPP,0.06351993742733347
ACSBG1,0.01499828343114529
ACSBG2,0.018258091838533216
ACSF2,16.067507521224574
ACSF3,0.4756661238913285
ACSL1,147.99263729237512
ACSL3,8.145123053289668
ACSL4,0.9394339707790124
ACSL5,1.9591497644375362
ACSL6,0.04454749902318268
ACSM1,0.18192834559912396
ACSM2A,0.00018866231869861405
ACSM2B,0.06320048198640206
ACSM3,0.05264658352091122
ACSM4,0.020427513989672897
ACSM5,0.012834152230076258
ACSS1,8.078246455774051
ACSS2,20.706345155287696
ACSS3,1.71837708532549
ACVR1,11.240925251317137
ACVR1B,3.1569851653865313
ACVR1C,0.0032919433769641863
ACVR2A,1.2120675334297963
ACVR2B,0.41846373244923146
ACVRL1,3.897138646592392
ACY1,22.138352994311298
ACY3,3.4715975395264165
ACYP1,3.5669938134562607
ACYP2,7.744205743050729
ADA,4.455585401768881
ADCY1,0.31741808628085305
ADCY10,0.006837690419624062
ADCY2,0.3433300991697028
ADCY3,4.128608297893602
ADCY4,1.5955963827738098
ADCY5,0.17574960258821937
ADCY6,7.364333368999597
ADCY7,17.320327966608907
ADCY8,0.10844658669179806
ADCY9,2.369598602004932
ADH1A,0.01117726398228167
ADH1B,1.6809913128929024
ADH1C,0.20182741228444942
ADH4,0.0032784135581425435
ADH5,558.3028680778913
ADH6,0.012033812409770335
ADH7,0.11332845673771044
ADHFE1,0.2974568662403848
ADI1,166.47894688545074
ADK,16.80005038007408
ADO,32.649477806561904
ADPGK,44.52067465369333
ADPRH,9.120255078923147
ADSL,559.3796631407641
ADSS,531.2011069859525
ADSSL1,0.4430018073132994
AFMID,6.638121423013165
AGA,105.00545100936657
AGK,7.107513248577278
AGL,0.23029042686098036
AGMAT,1.0378008317997391
AGPAT1,1.4919226990584606
AGPAT2,541.0256089064446
AGPAT3,23.89502463949523
AGPAT4,0.26284388603738
AGPAT5,5.4038932431353315
AGPS,8.696490990668336
AGT,43.84259622973159
AGXT,0.0021515888049806393
AGXT2,0.00025359409059830723
AHCY,15658.045780113844
AHCYL1,18.59668723622485
AHCYL2,1.358146182980762
AICDA,0.02460038993500046
AK1,175.96947034696464
AK2,498.3361312301674
AK3,7.2619958751319915
AK4,13.816123344161092
AK5,0.32167060997617974
AK7,0.0015808416680149848
AKR1A1,675.845099054755
AKR1B1,9.570930249024363
AKR1B10,0.0012128800571960885
AKR1B15,0.2821141814552852
AKR1C1,1.1263266157095093
AKR1C2,0.22640038249115307
AKR1C3,4.129003717245118
AKR1C4,0.0006865672561495517
AKR1C8P,0.3354345050980549
AKR1D1,0.004088099201919411
AKR7A2,228.18547389766005
AKR7A3,2.0918304986795175
AKT1,7.062989555041246
AKT2,1.2318880333030853
AKT3,33.35809690913539
ALAD,263.75281161890837
ALAS1,24.049172725217154
ALAS2,0.15558848394873
ALB,0.1970676150736276
ALDH18A1,282.44272232821567
ALDH1A1,0.8602289644014711
ALDH1A2,0.1320028564569177
ALDH1A3,32.33553051691435
ALDH1B1,68.74135882216439
ALDH1L1,0.020745147012602314
ALDH1L2,1.8609165371092036
ALDH2,708.7363021828336
ALDH3A1,0.019442739546422328
ALDH3A2,13.788221826802205
ALDH3B1,11.234350977324816
ALDH3B2,9.672390737089668
ALDH4A1,8.353650559062288
ALDH5A1,2.5334370762291853
ALDH6A1,0.47855865926653174
ALDH7A1,18.702774675299093
ALDH9A1,1215.816240892967
ALDOA,7322.8554169973195
ALDOB,0.009521585999508633
ALDOC,15.667258354030016
ALG1,4.447487898164862
ALG10,0.08430815746390408
ALG11,0.2329177721634977
ALG12,17.437304743333794
ALG13,2.391334635931144
ALG14,11.206573841764593
ALG1L,2.009706927328169
ALG1L2,0.03498742242224475
ALG2,106.481629431127
ALG3,4.254530297717974
ALG5,68.36790655188956
ALG6,11.003597776299735
ALG8,27.88673238575705
ALG9,3.0769327491902487
ALK,0.0014721257244437026
ALLC,0.0005230814301322856
ALOX12,0.08467826412261133
ALOX12B,0.0002399072914679914
ALOX15,0.09163127718784617
ALOX15B,0.022883596928973304
ALOX5,2.3123171406444127
ALPG,2.1334538652401167
ALPI,0.00023352864202281918
ALPL,7.6468108414216704
ALPP,0.0001977776630451579
AMACR,12.473277285234053
AMD1,56.60514345814579
AMDHD1,0.011405509123240674
AMDHD2,18.24563947246421
AMFR,0.40461848897005986
AMHR2,0.0003644719776066138
AMN,0.23491697313588977
AMPD1,0.01528356180583973
AMPD2,15.908189261158993
AMPD3,1.311727839332788
AMT,0.2798410923225725
AMY1A,2.6438139326066277
AMY1B,2.6438139326066277
AMY1C,2.6438139326066277
AMY2A,0.004309173366553715
AMY2B,0.4354267291324882
ANAPC11,167.00498674202666
ANGPTL4,9.628233892919932
ANKRD1,1.9309189849277006
ANPEP,6.854298368113266
ANXA3,1807.5305132927806
AOAH,0.4384378625193396
AOC1,0.022327631781835014
AOC2,0.03957688727183849
AOC3,3.057019674459547
AOX1,0.17027314840343918
APOA1,0.019608930419589207
APOA2,0.0025463880511307027
APOA5,0.11645175048604357
APOB,0.00014723589966833997
APOC1,176.18336599626136
APOC2,27.211319250515267
APOC3,46.87519708233557
APOE,1217.4737006279538
APRT,3208.123180657065
AQP1,46.940448866400395
AQP10,0.00038542325747519413
AQP2,0.004403351008809392
AQP3,339.2895511382197
AQP4,0.009063220140526653
AQP5,17.88662358990246
AQP7,0.44337922938372076
AQP8,0.00060185175746807
AQP9,0.7201502863368593
ARAF,1.211633616181818
ARCN1,234.1280980952679
ARG1,0.0063134582589087825
ARG2,2.538635592021858
ARSA,18.56427041170563
ARSB,1.9099437295376003
ART1,0.0005992513495310643
ART3,51.76317562502492
ART4,0.06349130020526149
ART5,0.06096398460075022
AS3MT,0.010334234855763005
ASAH1,59.15647534273037
ASAH2,0.0039764683904092105
ASH1L,0.011806127003237372
ASL,482.3050487413939
ASMT,0.0566304971118221
ASNS,812.2905366480519
ASPA,4.1554543647675315
ASPG,0.43319856383309613
ASPH,75.1683434865645
ASRGL1,1.6864031143574894
ASS1,783.0157701550025
ATE1,0.9460834621692493
ATIC,992.960739245123
ATM,0.215108653721338
ATP10A,0.7123581447403788
ATP11A,2.5086146380038024
ATP11C,1.7205310749288065
ATP1A1,141.81747215967752
ATP1A2,0.01484721335621576
ATP1A3,0.019527492106354093
ATP1A4,0.0019790933593525776
ATP1B1,701.4113930392434
ATP1B2,0.09438304588474483
ATP1B3,40.58957967247177
ATP1B4,0.020317090524169256
ATP2B1,3.937897504798857
ATP2B2,0.000280562662569728
ATP2B3,6.09671494514268e-05
ATP2B4,20.274475024270433
ATP4A,0.01091541563682359
ATP4B,0.00487045898297633
ATP5F1A,124.53265572432873
ATP5F1B,167.30632217246165
ATP5F1C,21.50971022167614
ATP5F1D,155.46511749348954
ATP5F1E,125.55773209538297
ATP5MC1,4.311892001287344
ATP5MC2,2.868050998110428
ATP5MC3,5.997867959791037
ATP5ME,117.38991896387836
ATP5MF,1.481717785000078
ATP5MG,179.57272888452187
ATP5MGL,23.718922705117464
ATP5PB,5.524565248774745
ATP5PD,6.7181129554220975
ATP5PF,4.959033242795014
ATP5PO,42.13932100131758
ATP5S,0.3354345050980549
ATP6V0A1,0.6370595433116769
ATP6V0A2,0.6323694573200226
ATP6V0A4,1.7158530512402888
ATP6V0B,2987.608975045155
ATP6V0C,681.9959711783797
ATP6V0D1,938.5468492550216
ATP6V0D2,0.014398166356226458
ATP6V0E1,821.8776493995571
ATP6V1A,82.20362691498067
ATP6V1B1,12.150573452947466
ATP6V1B2,325.40448737204287
ATP6V1C1,33.28629321917325
ATP6V1C2,1.9222885427745373
ATP6V1D,57.81440812814322
ATP6V1E1,132.25198257153588
ATP6V1E2,3.155296351156583
ATP6V1F,71.90301973584846
ATP6V1G1,124.28598637480809
ATP6V1G2,0.0008562464118983831
ATP6V1G3,0.2330917175245828
ATP6V1H,59.14046848600081
ATP7A,0.581103955981367
ATP7B,0.22019720799525463
ATP8A1,0.2517063113529049
ATP8B1,2.372477688618412
ATP8B2,0.6698098724741968
ATR,0.015102979307940967
AUH,4.150731941985126
AURKA,0.09072049569660491
AURKB,9.343986108682723
AURKC,0.2208586445334628
AWAT1,0.0633604788899994
AWAT2,0.011496995472655019
AXL,0.027393231032592533
AZIN2,0.7963414524148358
B3GALNT1,2.7340587987431824
B3GALNT2,18.229165995473863
B3GALT1,0.3354345050980549
B3GALT2,0.004382381634127799
B3GALT4,1.4233947350433331
B3GALT5,0.026694532084746283
B3GALT6,68.58619200907599
B3GAT1,0.04009983605543212
B3GAT2,0.0009297980648869402
B3GAT3,36.299289758223104
B3GLCT,0.7866139610071975
B3GNT2,8.758159377807056
B3GNT3,10.386705315468099
B3GNT4,0.3677530261057681
B3GNT5,2.3601538774120945
B3GNT6,0.00024086234621962456
B3GNT7,1.0880620203688103
B3GNT8,3.0862525855790985
B3GNT9,5.1731200948640215
B3GNTL1,4.211804654609147
B4GALNT1,0.21229808529148453
B4GALNT2,0.0014507351589639454
B4GALNT3,0.38224335578645063
B4GALNT4,12.682999342067792
B4GALT1,94.00135907865081
B4GALT2,196.76283831843756
B4GALT3,94.10000498382254
B4GALT4,7.377512358555007
B4GALT5,81.69873169438681
B4GALT6,0.07734639867041954
B4GALT7,32.11836448526229
B4GAT1,2.277812689362301
BAAT,0.00069985125363212
BARD1,0.07574901541590673
BBOX1,7.842288087887353
BCAP31,3570.8722990927736
BCAT1,0.22642211635973203
BCAT2,16.901036889451888
BCHE,0.017326317211871306
BCKDHA,8.655130665200767
BCKDHB,2.354845306321107
BCKDK,72.69026493683519
BCO1,0.06461878427195712
BCR,0.7998846383039075
BDH1,6.775431334866254
BDH2,1.2876612646196606
BHMT,0.0017151784390127078
BHMT2,0.546348538932158
BIRC6,1.9332390774348172
BLK,0.044240708812236636
BLVRA,691.1902914446945
BLVRB,1439.2324824478103
BMP1,6.349854659379417
BMP2K,0.1638198315994363
BMPR1A,1.6610629805721588
BMPR1B,0.021194390866582428
BMPR2,3.357148754337398
BMX,0.32382692587704953
BPGM,7.6748667624488744
BPNT1,74.70837654434453
BRAF,0.6403463094680248
BRAP,0.1769976977518757
BRPF1,2.827080248806392
BRSK1,0.41882705331724185
BRSK2,0.01851655520885198
BSCL2,0.5751761838598368
BSG,170.08479213865203
BTD,3.8613775213786443
BUB1,7.581280603548934
BUB1B,0.2127608926375066
C1GALT1,4.704425770555321
CA1,0.002422023272058351
CA12,1.8311446908062055
CA13,7.832395631064782
CA14,0.3190226475862659
CA2,2.084013533968098
CA3,0.06920204353015932
CA4,0.12036007934243043
CA5A,0.08417582761312976
CA5B,0.15977466673101384
CA6,0.011145639800521212
CA7,0.0026307712082747374
CA8,0.20959394106629148
CA9,2.599933421131855
CAD,67.72468664136507
CALM1,125.75143811668421
CAMK1,2.518102133809316
CAMK1D,2.346808204774526
CAMK1G,0.010310510353750277
CAMK2A,0.015468035787919915
CAMK2B,0.013832770416367749
CAMK2D,329.545525053161
CAMK2G,4.579930327525805
CAMK4,0.021033631515341343
CAMKK1,2.171374035604358
CAMKK2,9.200980052697103
CANT1,13.887380631719529
CARM1,18.828117466864335
CARNS1,0.08430468180939117
CARS,37.433485375949246
CARS2,29.6430959714757
CASK,29.775423102664107
CAT,86.59094757059702
CBLC,39.61693595907433
CBLL1,5.924463308980586
CBLL2,0.027434690025870352
CBR1,236.74080319436385
CBR3,620.341251127906
CBR4,40.59445851386444
CBS,80.42385527249239
CBSL,0.3354345050980549
CBX1,124.14776437663102
CCNB1IP1,18.765018344438488
CD36,7.939433006270094
CD38,0.35254340230762465
CDA,6.736283957201991
CDC14A,0.15538592138144286
CDC14B,0.41397124260411977
CDC25A,2.2232906406132895
CDC25B,24.776815252346015
CDC25C,2.5252943775898533
CDC34,14.020170990619105
CDC42BPA,1.3191182079171138
CDC42BPB,1.3015157320132054
CDC42BPG,31.453388074258797
CDC7,0.715917504779163
CDIPT,278.1992517082312
CDK1,48.3494266893095
CDK10,103.90653439137088
CDK11A,5.883545573275666
CDK11B,15.480269933768458
CDK12,3.5386136438129285
CDK13,4.57635750624365
CDK14,0.30934507330835587
CDK15,0.00048143599219263415
CDK16,161.2759203783526
CDK17,1.3361038599686637
CDK18,13.919979797516222
CDK19,3.7144737121314964
CDK2,8.403453560558033
CDK20,2.4614689586835605
CDK3,1.5727061588340354
CDK4,19.830414456417923
CDK5,81.29829829309696
CDK6,6.930677243102796
CDK7,68.28567798503799
CDK8,4.377274247633294
CDK9,26.09126054099841
CDKL1,0.6061650970177965
CDKL2,0.0037107554128213856
CDKL3,0.46813242212024186
CDKL4,0.0012448337194855648
CDKL5,0.010354473969719282
CDKN3,13.647910522582844
CDO1,0.4014160646453547
CDS1,27.821042170152122
CDS2,4.574256209417206
CDY1,0.256335927830294
CDY1B,0.256335927830294
CDY2A,0.04923577690024244
CDY2B,0.04923577690024244
CEL,0.048045933053122346
CEPT1,8.060780613846807
CERCAM,42.155135169195695
CERK,15.877072363903807
CERS1,0.010829017727857222
CERS2,286.9920422564139
CERS3,0.004344996728653752
CERS4,87.67975227868918
CERS5,17.1838915692894
CERS6,1.4589612581947446
CES1,39.8447344394615
CES2,16.153734613786153
CES3,0.03762106403429915
CES5A,0.0017348265521147056
CFTR,0.1028948512250304
CH25H,0.30950580303137915
CHAT,0.014545141103376102
CHD9,1.6276191011306802
CHDH,5.626415389878371
CHEK1,1.7611754452918817
CHEK2,5.6960399565551185
CHFR,8.641294087423555
CHI3L1,2736.902542501564
CHIA,0.014252263449737615
CHIT1,0.07641798343664005
CHKA,7.981227830841216
CHKB,0.16772518831773384
CHMP4A,99.78106819482798
CHPF,424.4141628611345
CHPF2,57.444961212536995
CHPT1,17.783038190437676
CHST1,1.009524562475864
CHST10,2.6003967163742034
CHST11,3.045208797263588
CHST12,6.888902006129367
CHST13,0.14428404947922252
CHST14,1.1359267983945527
CHST2,3.614803575514383
CHST3,3.281173352086806
CHST4,1.5675931292142102
CHST5,0.03544157580559779
CHST6,1.0414226188676101
CHST7,1.4955097662828862
CHST8,0.9878892539760211
CHST9,0.36594435624354965
CHSY1,6.5440971718582865
CHSY3,0.1787897560064523
CHUK,0.7243286537148288
CHURC1-FNTB,3.2507362769424972
CIDEA,0.07381807206252841
CINP,1.495659746271801
CIT,0.4404681688631079
CKB,364.32256194467885
CKM,0.021965929817626906
CKMT1A,1.6024565258507029
CKMT1B,3.6863070544101886
CKMT2,0.14780391149339664
CLC,0.0016845202366149602
CLCF1,2.951790613971491
CLK1,0.5455094766121912
CLK2,27.296563564588396
CLK3,0.8831147831979496
CLK4,0.22525654643943857
CLOCK,0.7692773497308761
CLPS,9.828993754263943
CLTRN,0.5786685643266595
CLYBL,0.23664078720027243
CMA1,0.39392406848796
CMAHP,8.716422551076304
CMAS,26.241380254282728
CMPK1,1346.9911808377726
CMPK2,2.425005427258196
CMTR1,4.115778316984253
CNDP1,0.0020587226182296075
CNDP2,31.64809727766475
CNOT4,2.9989931419568334
CNP,42.71487769543046
COASY,533.9456279476562
COL4A3BP,0.7406412037464367
COLGALT1,4.827811645801103
COLGALT2,0.08819212596505183
COMT,158.49025555375428
COMTD1,2588.7693607770334
COP1,0.4785008438550989
COPA,475.89854655648736
COPB1,187.06186864704225
COPB2,97.32813527731821
COPE,1202.0879988165361
COPG1,243.22770067120402
COPG2,105.62754656158025
COQ2,19.397303340927262
COQ3,4.1449238538950635
COQ5,1.565976206529151
COQ6,5.755648702353772
COQ7,0.17845727326423852
COX1,7.766401376158287
COX17,26.952497780585645
COX2,5.3369352212394165
COX3,0.33446363282071023
COX4I1,2816.3540900940534
COX4I2,1.5178499020398728
COX5A,417.3972924192019
COX5B,867.5830461472601
COX6A1,19.425908001871093
COX6A2,0.40165130928000986
COX6B1,160.21267783620883
COX6B2,0.05074724090003752
COX6C,463.73051025589166
COX7A1,5.896642167830195
COX7A2,63.162974757218095
COX7A2L,349.6619755174856
COX7B,889.15682404974
COX7B2,0.07954167900123214
COX7C,252.55850065802818
COX8A,1493.5773551377372
COX8C,0.03412806923060775
CP,0.20049896923710714
CPA1,0.002521155651922708
CPA2,0.09105481132337441
CPA5,0.02184610495157051
CPA6,0.024730390171171505
CPOX,33.10766579855739
CPS1,0.015226172834700845
CPT1A,0.37237332099478476
CPT1B,0.019454967506174533
CPT1C,1.1093296662632706
CPT2,75.95041955033008
CRAT,3.5660257520722207
CREBBP,0.1117931470623142
CRLS1,15.66397706252725
CROT,1.8919951951591873
CS,2556.95304052855
CSAD,2.1837375497532507
CSF1R,6.337402095365552
CSGALNACT1,0.6830674445475444
CSGALNACT2,8.79355242648726
CSK,64.40263480459426
CSNK1A1,46.23709405542692
CSNK1A1L,0.024366632582339887
CSNK1D,50.860784016146084
CSNK1E,2.5192924127087455
CSNK1G1,0.8759805464844694
CSNK1G2,47.464416892388876
CSNK1G3,2.824922105301018
CSNK2A1,344.65312958473345
CSNK2A2,391.94710863476416
CSNK2B,163.54205497306475
CTBP1,137.2712278699411
CTDP1,1.345034060346627
CTDSP1,77.57591616656674
CTDSP2,31.01911141663406
CTDSPL,5.751687312572597
CTDSPL2,0.861412408890995
CTGF,0.3354345050980549
CTH,2.0236083959884152
CTPS1,0.2774814774265704
CTPS2,6.5646478081139295
CTSA,468.31403550379457
CTSB,635.2118651271602
CTSC,4.820624378847018
CTSD,4986.204607035523
CTSE,0.004465786080641373
CTSF,79.53919449599898
CTSG,1.4819140767112764
CTSH,173.26291003330797
CTSK,74.19172999083644
CTSL,22.309476873829027
CTSO,10.703317415174649
CTSS,9.807488157482911
CTSV,0.5139622638412911
CTSW,0.12634728870654566
CTSZ,16.604620254695188
CUBN,0.01795141340138261
CWC27,10.270346475322329
CYB5D1,4.488090044161397
CYB5R1,182.21637187429747
CYB5R2,31.884283139758963
CYB5R3,2270.119607964709
CYBB,2.6866576227196903
CYBRD1,9.264404800989679
CYC1,1778.282702467993
CYLD,4.250487669526796
CYP11A1,0.07735999137794293
CYP11B1,0.8426372984421979
CYP11B2,0.0005109958979296868
CYP17A1,0.005725018047320858
CYP19A1,0.09118642302290972
CYP1A1,0.036430174657607915
CYP1A2,0.0001748699151018233
CYP1B1,4.214983937314455
CYP21A2,0.026002086785032488
CYP24A1,0.02966181125209126
CYP26A1,0.03914742588439004
CYP26B1,0.2735179665389344
CYP27A1,39.48435077029736
CYP27B1,0.3879040854866276
CYP2A13,0.006238979838223218
CYP2A6,0.002812330831113514
CYP2A7,0.0007264224805218154
CYP2B6,0.00018099496269019516
CYP2C18,0.00062580006566026
CYP2C19,0.1750227487879086
CYP2C8,0.019529979727627725
CYP2C9,0.13627582512980346
CYP2D6,0.009689178066847012
CYP2E1,0.08264052809727962
CYP2F1,0.28680726331976175
CYP2J2,2.1123530500779735
CYP2S1,0.1901111596078911
CYP2U1,0.3493389411331875
CYP39A1,0.5807421667502148
CYP3A4,0.00020535375687750327
CYP3A43,1.2489318499587934
CYP3A5,0.0037256871145240713
CYP3A7,0.15747794336040138
CYP46A1,0.11125463465233205
CYP4A11,0.0006233672646830755
CYP4B1,0.45234260820576333
CYP4F11,0.6745152597228281
CYP4F12,0.01978070430851627
CYP4F2,0.0006964894023308659
CYP4F22,0.1170057767814407
CYP4F3,0.004566898769698717
CYP4F8,0.0009436712650482531
CYP4V2,3.077414433216779
CYP4X1,0.11682725044090601
CYP4Z1,0.12557668162721775
CYP51A1,103.9219577490692
CYP7A1,0.015615087844251259
CYP7B1,8.11502857783112
CYP8B1,0.04982872261607667
CYTB,10.283962318241796
DAD1,1461.451021170598
DAGLA,0.25792390857053926
DAGLB,9.08940514217931
DAO,1.8577966562707513
DAPK1,1.9113789081057544
DAPK2,2.068090566036955
DAPK3,9.786406517287872
DARS,3192.1358116549113
DARS2,16.409245636335147
DBH,0.0014906491273720163
DBI,307.1142736982166
DBT,1.086260255953681
DCK,8.1439102406968
DCLK1,4.536440596102994
DCLK2,5.9072122262144955
DCT,0.004025961521807715
DCTD,32.146187351662476
DCTPP1,272.2808077680933
DCXR,317.768860006488
DDAH1,76.78645237320052
DDAH2,48.61432339181208
DDC,0.6821951042081301
DDO,0.10570317305765423
DDOST,1007.0535490700187
DDR1,23.202373746834642
DDR2,0.525319269424515
DECR1,273.0467423108027
DECR2,36.4114761848522
DEGS1,24.999748049733416
DEGS2,1.2000187086105756
DERA,32.64246201784147
DGAT1,94.66753955327819
DGAT2,61.36569754041421
DGKA,3.058716350685383
DGKB,0.0006367711674055502
DGKD,1.246027660721806
DGKE,0.1641651344474358
DGKG,0.002765020380766575
DGKH,0.037485636287580906
DGKI,0.0071842838005048365
DGKQ,5.161883868256
DGKZ,7.556234141663379
DGUOK,65.73757271341707
DHCR24,6.744433875465961
DHCR7,139.87913827188402
DHDH,5.725495369589137
DHFR,157.23319927357997
DHODH,6.98596052077129
DHRS2,0.24777994765503808
DHRS3,135.67648742555076
DHRS4,104.8728060296887
DHRS9,0.015217745211669879
DIO1,0.0682385783023895
DIO2,0.35314783033843955
DIO3,0.019985357204935963
DLAT,519.2487890836238
DLD,868.3061964186384
DLST,108.51774903356214
DMGDH,0.009915758976503583
DMPK,7.743590987870144
DNAJC6,1.1925553479107505
DNMT1,9.990325745982124
DNMT3A,8.291459856555477
DNMT3B,1.7012127708044826
DNMT3L,0.009320579292866941
DOLPP1,4.978070536765612
DOT1L,2.9436967452506133
DPAGT1,47.477249947523134
DPEP1,0.07727915520791137
DPEP2,0.15001029803385524
DPEP3,0.006351268059299384
DPH5,149.67645533857927
DPM1,4759.062119287609
DPM2,73.71496313621901
DPM3,131.73722084776483
DPYD,0.4579209342526074
DPYS,0.011504675804005429
DPYSL2,756.4290460204335
DPYSL3,59.02852370202494
DSTYK,7.030705444793819
DTYMK,77.99499484841252
DUOX1,1.5510929086598326
DUOX2,0.1149706671498397
DUPD1,0.0015774614813399577
DUSP1,15.177626292387052
DUSP10,10.569425091107565
DUSP11,36.01278794207932
DUSP12,21.65547460940081
DUSP13,0.000996664273246006
DUSP14,2.283934069252929
DUSP15,0.2769402394787888
DUSP16,3.837278458868431
DUSP18,0.1620463915721779
DUSP19,0.0385002821623614
DUSP2,5.735207896555455
DUSP21,0.08186674790155296
DUSP22,28.440043489741743
DUSP23,622.5096154144651
DUSP27,0.004629475212740976
DUSP28,0.9310939519453173
DUSP3,136.65566422434196
DUSP4,0.3017304516160987
DUSP5,5.446324520623504
DUSP6,7.813121218518358
DUSP7,11.32819106403759
DUSP8,4.152708970124324
DUSP9,6.070915953591559
DUT,257.2275642145746
DYRK1A,13.432664505568681
DYRK1B,6.061531985316808
DYRK2,3.2571334833578507
DYRK3,9.352832867994547
DYRK4,1.3304573259593355
DZIP3,0.4117603176500843
EARS2,1.0669775586699157
EBP,972.9904961341241
ECH1,226.38514239187313
ECHDC2,25.552768762218875
ECHS1,346.1364798757538
ECI1,293.21781168733986
ECI2,9.438399543360896
EGFR,0.4710981334769339
EHHADH,0.5883042095221154
EHMT1,0.49667142964665434
EHMT2,0.5990241685382789
EIF2AK1,79.81407286795476
EIF2AK2,23.63309257363464
EIF2AK3,6.213309707459535
EIF2AK4,0.1666861318176768
EIF4EBP3,4.482311376539314
ELOVL1,46.56816921339001
ELOVL2,0.009629634385979038
ELOVL3,0.007613155072582928
ELOVL4,0.06860023760860468
ELOVL5,1.0446408102811624
ELOVL6,7.062264823842625
ELOVL7,0.3055079333074243
ELP3,1.6723467616481391
ENGASE,2.850185583277589
ENO1,2776.399692148253
ENO2,3.724960179327722
ENO3,23.39689856091206
ENOPH1,378.4900308137529
ENPP1,0.7746928306919937
ENPP2,2.8955437701997337
ENPP3,0.015578853079655721
ENPP6,0.01874043943123572
ENPP7,0.00037037844982283467
ENTPD1,0.9794881259578657
ENTPD2,44.26382814142741
ENTPD3,0.015392314218756729
ENTPD4,3.307306857562872
ENTPD5,0.4105799225715875
ENTPD6,50.50370098552851
ENTPD8,1.4248455904858908
EP300,0.9191226702836786
EPHA1,9.64074922576626
EPHA10,0.45496958120509245
EPHA2,0.8825750342749301
EPHA3,0.008495381148825516
EPHA4,0.6506392110564574
EPHA5,0.11374458455259583
EPHA6,0.10919877779069284
EPHA7,0.001146616699722287
EPHA8,0.02240778046219527
EPHB1,0.27582950567808956
EPHB2,0.15605085782283082
EPHB3,62.83578182237186
EPHB4,3.761134922476773
EPHB6,3.54034297509611
EPHX1,392.41898595143704
EPHX2,6.620231170397433
EPM2A,1.0565366187887086
EPRS,326.82805333773905
EPX,0.0005703734630882762
ERBB2,0.8138048093388698
ERBB3,73.96797979448964
ERBB4,0.011952011106813081
ERN1,0.056144403157835115
ERN2,0.026571274484671892
ESD,1197.1366829816345
ETFA,1460.0214061193974
ETFB,2140.8630932244587
ETFDH,11.279903045657763
ETNK1,2.809452609598144
ETNK2,80.81938460702658
ETNPPL,1.3663166774328985
EXT1,47.970180137955445
EXT2,17.51327282559187
EXTL1,0.13561891930550582
EXTL2,4.138999934499484
EXTL3,4.858449397460493
EYA1,0.0007316249277001937
EYA2,3.678230784413034
EYA3,0.6039652768479402
EYA4,0.0013916810537378224
EZH1,3.5625670626640025
EZH2,0.2051763580101038
F13A1,0.6413396402475778
F13B,0.0027907686545820126
F2,37.171748814504454
FAAH,64.89045038811534
FAAH2,0.9601913519721031
FABP1,0.0252427273071943
FABP12,0.07361943011456162
FABP2,2.0423800119197857
FABP3,1.8330708218081464
FABP4,104.39903534051925
FABP5,390.298678616646
FABP6,1.5824361469288175
FABP7,0.14767666669745047
FABP9,1.0553661478381027
FADS1,4.894933785793441
FADS2,6.527975932062719
FADS3,0.8804999133462421
FADS6,0.012073224280549903
FAH,9.646523025237554
FAM20B,12.98197283970692
FANCL,6.53840637205768
FAR1,12.111445132012754
FAR2,0.9251853075491872
FARS2,3.278826372416314
FARSA,1543.684335022401
FARSB,4.827239044061246
FAS,6.312579622061544
FASN,43.123001066529476
FASTK,306.3810309585884
FAXDC2,0.014854582046724449
FBP1,2.1521200137607805
FBP2,0.14208747946116787
FDFT1,51.217833270790905
FDPS,198.85282988376753
FDXR,7.545587647122998
FECH,0.6723851398580473
FER,0.15879965310704403
FES,5.231135620817782
FGA,6.990622680771628
FGFR1,8.50925662996092
FGFR2,1.6086870042765509
FGFR3,1.6955883908675315
FGFR4,2.1007769941453813
FGGY,9.033296402949851
FGR,0.7074167520792173
FH,1703.3992050145366
FHIT,2.2090502582569926
FHL2,45.390733373167706
FIG4,1.87412237764108
FITM1,0.08903478667554253
FITM2,0.9927005588435388
FKBP10,62.098919541832466
FKBP11,30.91985396421326
FKBP14,1.979638414888722
FKBP1A,678.5071516642685
FKBP1B,0.6774689041454295
FKBP2,2132.3187639893954
FKBP3,469.02880415765276
FKBP4,715.8184566926869
FKBP5,0.6120700212229442
FKBP6,0.016042932463321845
FKBP7,13.660744683277498
FKBP8,46.59268147632438
FKBP9,51.34591134598133
FKBP9P1,0.3354345050980549
FLAD1,33.52886248404455
FLT1,0.8775562281014774
FLT3,0.014726248399434564
FLT4,0.6189151621140515
FLVCR1,3.616308378303778
FMO1,1.0452855023446657
FMO2,27.89492337825145
FMO3,334.2170269296313
FMO4,4.330336561317928
FMO5,0.2466541753060546
FMO6P,0.10289133994715738
FN3K,17.710890442788056
FN3KRP,15.193720617686278
FNTA,97.9216773834279
FNTB,0.03134715544348682
FOLR1,26.777742236230107
FOLR2,2.0094608078688148
FOLR3,0.010959056437025303
FOSL1,5.188001075058919
FPGS,1.1584571978346612
FPGT,1.3702331396055314
FRK,0.530515445215049
FRMPD2,0.0005963487116036024
FTCD,0.2094896052402451
FTMT,0.005062799109383624
FUCA1,13.365622947764463
FUCA2,59.35979991856743
FUK,5.877884376288023
FUT1,2.1134294315090436
FUT10,0.23081861260268602
FUT11,0.3540254553855949
FUT2,5.387025244141666
FUT3,14.071045975750181
FUT4,0.717646887079481
FUT5,0.14873118548725633
FUT6,0.07640158976724348
FUT7,0.06661585220406119
FUT8,0.24896617391854728
FUT9,0.0013173743949684929
FYN,28.426692023144565
G0S2,9.077599681984276
G6PC,0.2573661812362027
G6PC2,0.018216384410824384
G6PC3,49.72986237984792
G6PD,294.07775784960495
GAA,117.94550054813898
GAD1,0.0009955088236192735
GAD2,0.03730519390911924
GAK,2.4558450073468148
GAL3ST1,0.026971895120113047
GAL3ST2,0.04441082450529412
GAL3ST3,0.0011471064902202823
GAL3ST4,3.6318889363937887
GALC,1.874760352118771
GALE,31.05438317079239
GALK1,618.1586901421628
GALK2,36.03815471433417
GALM,6.31111913091629
GALNS,11.887457457111049
GALNT1,34.72798911374735
GALNT10,0.27331915655297556
GALNT11,15.758838418012408
GALNT12,1.356906516363106
GALNT13,0.00806591076873724
GALNT14,0.10875870427921526
GALNT15,0.0116113720313577
GALNT2,62.034879756330355
GALNT3,10.730230764299948
GALNT4,0.00038329710091171496
GALNT5,0.01489279293800212
GALNT6,1.4104174282525384
GALNT7,0.4672955326172294
GALNT8,0.0008028257980480024
GALNT9,0.005776721371963174
GALNTL5,0.43999999999999995
GALT,26.370872005559708
GAMT,9.456869095710879
GANC,0.5603836528742407
GAPDH,8219.380769912614
GAPDHS,0.22344112148925227
GARS,447.6241433671309
GART,135.88034062471255
GATM,5.769917977025548
GBA,66.97812189682686
GBA2,8.746753701138687
GBA3,0.0002980456448047775
GBE1,5.109207529836974
GBGT1,4.6816847322765875
GC,0.1128901827185453
GCAT,356.9834674681036
GCDH,13.003651177006358
GCH1,2.321862041072234
GCK,0.017212491644502684
GCLC,6.209790640715036
GCLM,26.95641840805565
GCNT1,2.933682451214449
GCNT2,1.5198909461835914
GCNT2P,0.3354345050980549
GCNT3,0.07701548453623544
GCNT4,0.016386177517027027
GCNT7,0.004977212577159664
GCSH,2.812031373973231
GDA,0.0009387757208504766
GDE1,13.730125447167486
GDPD2,0.017406963572372525
GFPT1,465.7945944651523
GFPT2,3.4789109400016915
GGCT,159.8211423941048
GGH,48.81442484082961
GGPS1,1591.697457502513
GGT1,1.0566060752854478
GGT2,1.2557625587889092
GGT3P,0.03808755788322842
GGT5,20.479233396015747
GGT6,17.59283600480938
GGT7,2.1957999997550175
GGTLC1,0.0034518946907792624
GGTLC2,0.03773662806601879
GIF,0.3354345050980549
GK,0.697175506715468
GK2,0.0003636413037099998
GK3P,0.01700028652241512
GLA,19.99662111690606
GLB1,36.78897626600411
GLB1L,7.964340576607626
GLCE,0.16760503720634212
GLDC,0.00396272850126999
GLIPR1,7.213635882948708
GLO1,1556.3555962834898
GLRX,112.05100260997301
GLRX2,28.73466854652038
GLS,77.89685476866684
GLS2,0.1262885162351462
GLT6D1,0.0004836744763971229
GLT8D1,1.5756388502240093
GLT8D2,2.7526893830951917
GLTP,21.795694534756603
GLUD1,414.1472266195613
GLUD2,5.900694915565262
GLUL,12.005152312465645
GLYAT,0.004646617020813996
GLYCTK,0.4525152599635617
GM2A,12.132356435762746
GMDS,286.27381416248693
GMPPA,58.08150636280183
GMPPB,476.7679615349254
GMPR,1.320432220825427
GMPR2,32.47368976834877
GMPS,187.88961410411045
GNE,2.8803173365968053
GNMT,0.07270970024542711
GNPAT,85.98205818187665
GNPDA1,28.04392819256572
GNPDA2,2.3703016728896116
GNPNAT1,45.57673746188366
GNPTAB,3.102192832705573
GNS,12.245770173730202
GOT1,1928.3927498161293
GOT2,2147.1981075900358
GPAA1,536.975356546188
GPAM,0.08686224239674545
GPAT2,0.36766940513402774
GPAT3,0.6582069289240687
GPAT4,1.352005973421296
GPCPD1,1.8019990825035639
GPD1,0.8402662331491493
GPD2,74.77632738067022
GPHN,4.391429621683297
GPI,1724.4501951836398
GPIHBP1,0.4906243430720886
GPLD1,0.07953735150821992
GPT,4.679191831271667
GPT2,135.9407722317115
GPX1,214.48015236260503
GPX2,0.24352721665912216
GPX3,29.207765881236902
GPX4,347.1232342444691
GPX5,0.793289329058847
GPX6,2.01032323162201
GPX7,22.626103684792707
GPX8,1.930713622334133
GRHL1,34.78069209902804
GRHPR,174.19014413714956
GRK1,0.003017876716367324
GRK2,4.014622265826703
GRK3,1.2623639556998993
GRK7,0.0018976192181680235
GSR,105.80668718744222
GSS,400.3995576043682
GSTA1,31.227217346697977
GSTA2,0.07832479948517303
GSTA3,0.019123411053735436
GSTA4,19.440572093238437
GSTA5,0.3811141170592613
GSTK1,754.2824162387029
GSTM1,0.010932836337297963
GSTM2,0.216858419079384
GSTM3,75.94384766150634
GSTM4,8.979259185878695
GSTM5,14.351885337300182
GSTO1,1219.7867340457472
GSTO2,0.9811139462131141
GSTP1,14210.144016061298
GSTT1,5.4801947051790085
GSTT2,0.0095299408244844
GSTZ1,8.727485252384474
GTF2F1,6.268608151025552
GTF3C4,0.409082693895732
GUCA1A,0.13733780796802728
GUCY1A1,2.9663227089166733
GUCY1A2,0.014514343610960708
GUCY1B1,1.0453859436592674
GUCY1B2,0.2626830417253928
GUCY2C,0.03935308683746257
GUCY2D,0.04168957321363376
GUCY2F,0.13808747592085474
GUK1,1417.2639701351068
GUSB,12.571230803779391
GYG1,27.049025382185263
GYG2,1.7608670737622292
GYS1,26.136162316104965
GYS2,0.06259350568939233
H6PD,19.14303585065541
HAAO,2.1079586959094403
HACD1,0.6699772991826155
HACD2,3.095013644366691
HACD3,4.330319334841662
HACD4,0.5979568033382378
HACE1,0.37503347525813163
HACL1,5.594547770506959
HADH,2708.889706570338
HADHA,890.1799981930299
HADHB,78.2630066569629
HAGH,56.506995340531056
HAGHL,28.600153893095737
HAL,0.04337116229625551
HAO1,0.10254080673318354
HAO2,0.002973562191923386
HARS,178.96175756263236
HARS2,26.23027346739686
HAS1,0.07074143939761604
HAS2,0.06499678502420887
HAS3,0.12365964466995034
HAT1,77.80906804648977
HCCS,27.657454990076324
HCK,2.553534728876125
HCST,30.46805588725511
HDAC3,0.98508124180521
HDC,0.025044239929760476
HDLBP,197.47434735509063
HECTD1,2.65750208792395
HECTD2,0.22404005765046367
HECTD3,7.162663669209308
HECW1,0.0007315490765639399
HECW2,0.1456248093267901
HELZ2,0.16199531088786426
HEPH,1.4046894971341524
HERC1,0.12405745168470167
HERC2,0.07022228478778446
HERC3,0.8914360260062247
HERC4,11.632537745391117
HEXA,27.547644637351397
HEXB,3.9178131738825743
HEXDC,0.3354345050980549
HGD,0.027921545386228725
HIBADH,35.8506827835378
HIBCH,18.6749920098921
HIF1AN,3.1213609531316506
HIGD2A,15.458452531481164
HIPK1,3.224356970092478
HIPK2,2.2551453325054722
HIPK3,0.33651972015194365
HIRIP3,0.24054286762110344
HK1,230.97953845118494
HK2,15.107825715582214
HK3,0.5198372081492536
HKDC1,0.0006569360725962387
HLCS,6.021443043828661
HLTF,0.03720447957390808
HMBS,172.9301856068215
HMGCL,268.65352923521533
HMGCLL1,0.0029456100326645082
HMGCR,18.482502357640705
HMGCS1,37.179206301362335
HMGCS2,0.2872166203698865
HMOX1,61.417020052425556
HMOX2,230.80504373315446
HNMT,2.7252760793629784
HPD,0.061994736674952214
HPGD,0.023856815579359685
HPGDS,0.12108337435451386
HPRT1,394.6145356998362
HS2ST1,5.534851492075764
HS3ST1,1.1476600551229024
HS3ST2,0.06379462112177356
HS3ST3A1,0.05560325857900396
HS3ST3B1,0.013598656206139238
HS3ST4,0.04093284221601091
HS3ST5,0.0002104663647950751
HS3ST6,0.3758024914691327
HS6ST1,30.882903344334522
HS6ST2,0.0414078907658914
HS6ST3,0.048077366107198725
HSD11B1,0.29287648095600727
HSD11B1L,24.896822100871795
HSD11B2,18.62600564023489
HSD17B1,8.753422331237514
HSD17B10,592.7837702677724
HSD17B11,28.83901998283864
HSD17B12,353.9296183037644
HSD17B14,3.675358874081996
HSD17B2,1.165750411250019
HSD17B3,0.014062529093263009
HSD17B4,22.59329259717897
HSD17B6,5.653988728773571
HSD17B7,5.348989151452185
HSD17B7P2,0.2349883109484845
HSD17B8,0.1025506421386368
HSD3B1,0.8561440324619417
HSD3B2,0.001721685473237998
HSD3B7,19.51685711296818
HSPG2,0.059876654446148654
HTATIP2,61.45483908461992
HUNK,0.04163151003858541
HUWE1,4.392283673385531
HYAL3,3.321005574282606
HYALP1,0.3354345050980549
HYI,15.133447674791238
HYKK,0.3304860018863759
IARS,840.2534399846007
IARS2,159.89503687885468
ICK,4.622258198605673
ICMT,60.540177940763265
IDH1,34.941650447808115
IDH2,713.6837200841504
IDH3A,741.474068724725
IDH3B,348.85034094007256
IDH3G,203.3241898404525
IDI1,41.092855577402375
IDI2,3.042401264127735
IDO1,1.5246871535578594
IDO2,0.004284686868299836
IDS,10.68238892355008
IDUA,1.7346741862730377
IGF1R,3.3629045131955992
IKBKB,6.432150756138573
IKBKE,14.736576690597342
IL4I1,3.848746258763013
ILK,33.58707917978437
ILKAP,39.92975213665476
IMPA1,64.74223611427139
IMPA2,215.18282365349373
IMPDH1,139.43117578825235
IMPDH2,252.22267492087576
INMT,0.4078231819612499
INPP1,123.36816768173607
INPP4A,1.404692154299114
INPP4B,0.08917969225847641
INPP5A,9.174163439039415
INPP5B,1.532930444874136
INPP5D,1.276028053743836
INPP5E,22.39332983092797
INPP5F,0.44161491210948123
INPP5J,0.7648711581560856
INPPL1,5.1572192565618185
INSL3,0.12913034852190636
INSR,3.9604102910993726
INSRR,0.002201482107772005
IP6K1,11.097217718826668
IP6K2,23.498396932496654
IP6K3,0.00455933007274083
IPMK,2.4746357299944726
IRAK1,239.0657126919597
IRAK2,0.6042277638802183
IRAK3,0.08034955762047225
IRAK4,1.2744892121518003
IREB2,3.155353900308096
ISYNA1,65.6360803421738
ITK,0.06332270678778927
ITPA,1187.9633349700518
ITPK1,10.153925029368338
ITPKA,0.07633256800332147
ITPKB,10.35545804106622
ITPKC,26.27692138124077
IVD,243.65356441798238
JAK1,44.285109912362906
JAK2,0.9326987428788764
JAK3,0.711583049539709
JMJD7-PLA2G4B,0.0001574609640774073
KALRN,0.11352909689617846
KANSL3,6.516380568962294
KARS,1254.6502277448897
KAT2A,24.76248964316454
KAT2B,0.319668326952715
KAT5,19.540916280798484
KAT6A,2.3951691781111832
KAT6B,0.49250075298199397
KAT7,5.275696588051775
KAT8,32.57105593172427
KCNJ11,0.08027443945261571
KCNJ8,2.4709216912815513
KDR,2.0491554380611676
KDSR,9.195371624898426
KHK,1.428830519098013
KIT,8.253803207958677
KL,0.008131489286540986
KMO,0.29670139987908856
KMT2A,0.1132089503784727
KMT2B,0.3354345050980549
KMT2C,0.02724143815923862
KMT2D,0.256842919373976
KMT2E,0.08892210317369556
KMT5A,0.08744585611927874
KMT5B,0.052531638327043204
KMT5C,0.3350355754164824
KPNA6,28.597598264178917
KYAT1,0.41426786262502635
KYAT3,10.315561941178165
KYNU,0.4204437386859863
L1CAM,18.459627504206193
L2HGDH,0.2919055729516443
LALBA,0.09996023381633702
LAP3,885.816126273882
LARS,373.86537196280983
LARS2,2.6422919705585937
LATS1,0.06397073167359632
LATS2,2.6324767195989565
LBR,51.99041776170797
LCAT,5.758140020422546
LCK,1.1101002809214382
LCLAT1,2.257137543284953
LCT,0.0006383549424104701
LDHA,4698.214243225998
LDHAL6A,26.141127321924326
LDHAL6B,0.0010465034015175992
LDHB,448.8503599817938
LDHC,0.1585556973359833
LDHD,1.8141245594343167
LDLR,0.5761849264329673
LGALS13,0.16621830202908744
LGMN,112.30543400892608
LGSN,7.587975886941484e-05
LHPP,109.72408279689044
LIAS,0.4836715723151676
LIMK1,29.733813910766397
LIMK2,41.71765624695779
LIPA,31.73843422270082
LIPC,0.02097255750451072
LIPE,0.9788968724119804
LIPF,0.0004836744763971229
LIPG,0.19118289056832682
LIPT1,1.4587460370438694
LIPT2,0.7610863673799368
LMTK2,1.3581778310091632
LMTK3,2.910371729455551
LOC102724197,0.3354345050980549
LOC286297,0.004354508410594698
LOC344967,0.0896013117343902
LOX,4.246482334786894
LOXL2,8.934952891824132
LPCAT1,8.382475184209925
LPCAT2,3.879438402344025
LPCAT3,17.844819689961195
LPCAT4,1.2317999368377779
LPIN1,7.14734379664185
LPIN2,1.91993844344891
LPIN3,0.6894884830889257
LPL,45.81202839760559
LPO,0.01901653582721546
LRAT,0.008912548505044178
LRP1,1.9112982405412378
LRP2,0.05895781733252775
LRRK1,0.029684964242259703
LRRK2,0.040836121575745676
LRSAM1,3.816767712601532
LRTOMT,0.7593139975657184
LSS,142.52815504223452
LTA4H,365.80033194983
LTC4S,1.816610651901774
LTK,0.02383134257273963
LYN,33.30018764286071
LYPLA1,362.57163735141137
LYPLA2,277.4638022171892
LYZL1,0.022582233613334307
MACROD1,22.055339774148997
MACROD2,0.06760473240333197
MAGEA2B,0.1626710879648594
MAK,0.08041752317159159
MAN1A1,0.20856274197135768
MAN1A2,1.3597006217341545
MAN1B1,9.310575858301581
MAN1C1,3.251116266985532
MAN2A1,0.8043690505939894
MAN2A2,2.321261812906582
MAN2B1,63.041499886077595
MAN2C1,9.07489364557835
MANBA,26.57522687005988
MANSC1,7.443496231980898
MAOA,20.783547910006767
MAOB,11.526122056794469
MAP2K1,229.42545625731879
MAP2K2,290.5745721889055
MAP2K3,24.569502613850045
MAP2K4,17.90049556090104
MAP2K5,5.122563874704363
MAP2K6,1.751519965801189
MAP2K7,2.0455723967704955
MAP3K1,3.82617663665488
MAP3K10,3.1329725080488062
MAP3K11,64.46809743735676
MAP3K12,0.2313158464220577
MAP3K13,1.7594015557711582
MAP3K14,3.076538968831998
MAP3K15,0.0038042346438674135
MAP3K2,2.4239128167054185
MAP3K20,0.20179825659102824
MAP3K21,0.03839897316107535
MAP3K3,2.368629146792167
MAP3K4,5.150632935278762
MAP3K5,1.1101435705591054
MAP3K6,6.2786310961571985
MAP3K7,0.5372553705658447
MAP3K8,8.24358517064545
MAP3K9,0.24220591920874135
MAP4K1,0.7214368158888211
MAP4K2,17.794205592833592
MAP4K3,3.992611090641314
MAP4K5,12.303357721197939
MAPK1,330.7554364410726
MAPK10,0.1577408273423909
MAPK11,9.948097414413951
MAPK12,23.457721695876582
MAPK13,122.19830174499536
MAPK14,45.28618714313317
MAPK15,24.776955510281987
MAPK3,173.5869013837421
MAPK4,0.18804948790589565
MAPK6,9.416779189865974
MAPK7,6.399501051509438
MAPK8,10.083351250512248
MAPK9,3.8380079714700233
MAPKAPK2,9.391114913972542
MAPKAPK3,19.103082050393404
MAPKAPK5,18.409915377010925
MARCH1,0.42035574232473666
MARCH10,0.000762182307441555
MARCH11,0.004730932085426882
MARCH2,21.38019859682655
MARCH3,3.7076369518951395
MARCH4,0.0010390078040063185
MARCH5,11.244457488759918
MARCH6,26.465221451188146
MARCH7,20.110007298825508
MARCH8,0.6102193768111526
MARCH9,1.7029076258227842
MARK1,0.09390535081048193
MARK2,50.69979764195157
MARK3,15.20372131858253
MARK4,6.21698343309901
MARS,152.81375969086633
MARS2,1.7324122209352566
MAST1,0.035705909069787066
MAST2,15.88689301564865
MAST3,0.8728151407041612
MAST4,0.20446001380603757
MASTL,0.1555292616466733
MAT1A,0.0192809440651238
MAT2A,71.81256579516176
MAT2B,119.13064758428393
MATK,0.2710854784110666
MBOAT1,26.271728351061146
MBOAT2,4.25860331042517
MCAT,28.378169307830344
MCCC1,9.027375193198566
MCCC2,26.528647566130555
MCEE,17.252936340538188
MDH1,4825.144621199088
MDH1B,0.10753617261832435
MDH2,20242.17444015404
MDM2,0.009755087398425018
MDP1,23.687191840652684
ME1,107.20390526067948
ME2,17.632327195260725
ME3,1.6773956818953422
MECR,14.93014332344104
MED1,0.24978589428516002
MELK,0.5818014229804164
MERTK,1.0988912259869574
MET,3.3392767256767284
METTL1,50.51108163931267
METTL3,7.711321931666985
MGAM,0.01040954636943434
MGAT1,64.74286446547771
MGAT2,2.2544081788495967
MGAT3,0.2580892443929083
MGAT4A,0.4145321408433688
MGAT4B,132.00468931128304
MGAT4C,0.3354345050980549
MGAT4D,0.02696149145334556
MGAT5,5.235342932406773
MGAT5B,0.05971758789311353
MGLL,14.367707949607789
MGMT,33.655150500570606
MGRN1,16.542250990032976
MGST1,1048.3619905443331
MGST2,49.35584217311037
MGST3,340.81617135553273
MIA3,18.690610085652267
MIB1,2.9416989012291093
MIB2,11.223183565190718
MID1,0.8348590349038704
MIF,140.49615036235662
MINK1,0.16457602892495174
MINPP1,3.7630369617652324
MIOX,0.05347086185310012
MIP,0.010526613719320859
MKNK1,10.217048402735774
MKNK2,50.731544044960685
MKRN1,61.816104897012785
MKRN2,5.477451463964482
MKRN3,0.245994546610744
MLKL,19.101809488677574
MLYCD,6.757295077331727
MMAA,1.265080706679675
MOCS1,0.7563798920846984
MOCS2,20.375613351038883
MOGAT1,0.005522910217412248
MOGAT2,0.15207160975964426
MOGAT3,0.06832763191888709
MOGS,139.57679784728964
MOK,2.8668846527485705
MOS,0.09191795284698573
MOXD1,0.2562131949224516
MPC1,27.8052229308476
MPC2,12.311032245951754
MPI,10.2467983058887
MPO,0.000798402972608712
MPST,7416.006826711798
MRPL58,13.330417578133794
MSMO1,40.19690156276076
MSRA,3.8806209701214853
MST1R,0.8045185447403201
MT1A,0.5696695137476931
MT2A,976.9698062480795
MT3,0.009011735847998704
MT4,0.3354345050980549
MTAP,487.931511935468
MTFMT,1.9564272073703357
MTHFD1,95.32709111568802
MTHFD1L,39.71962082594389
MTHFD2,44.488403586190586
MTHFD2L,0.38588897256070304
MTHFD2P1,0.3354345050980549
MTHFR,1.4578912357471057
MTHFS,0.9467224056992577
MTMR1,1.4592444809937744
MTMR14,15.8875967655155
MTMR2,0.9266776635337843
MTMR3,0.13481465838176496
MTMR6,2.1021984171445025
MTMR7,0.011316424527801846
MTMR8,0.05802053431081358
MTPAP,7.729497730936103
MTR,0.25486179629254396
MTRR,26.454403826183317
MTTP,0.0055612474536696046
MUL1,15.001571885781589
MUSK,0.002614048487623985
MUT,0.3354345050980549
MVD,387.27324393361937
MVK,13.738547257524797
MYBBP1A,50.3492930176368
MYCBP2,0.027079374401045495
MYLIP,4.709706110643364
MYLK,0.5179756348007971
MYLK2,0.03702967717618411
MYLK3,0.006291827295018215
MYLK4,0.10613073605385354
MYO3A,0.00019535755388561937
MYO3B,0.35895259961086395
MYO5B,3.674364289811622
NAA10,251.89529922527612
NAAA,30.618246634603807
NADK,26.073792788334877
NADSYN1,34.016813769958546
NAGA,11.752690860536397
NAGK,131.8614903503176
NAGLU,21.24066780927053
NAGPA,13.92260214783995
NAGS,0.221080688872562
NAMPT,253.63755993154788
NANP,1.8232596389512687
NANS,2315.311789366074
NAPRT,25.164291606310147
NAPSA,0.04993625393737263
NARS,2011.0787654310063
NARS2,5.176814056809023
NAT1,3.7460666021965663
NAT2,0.10958385562622722
NCOA1,3.789815627004311
NCOA2,0.09707927216907063
NCOA3,2.7114631606248505
NCOA6,9.891501383576207
NCOR1,0.05257081330075987
NCOR2,0.6391924529250382
ND1,0.7496282848946749
ND2,6.647572110665278
ND3,3.518721426725826
ND4,15.91921099634504
ND4L,0.3354345050980549
ND5,3.9860139175064595
ND6,2.1511623729121254
NDST1,16.558919834963206
NDST2,2.1834375055923587
NDST3,0.0008918950915393313
NDST4,0.024005586560330774
NDUFA1,774.8645058976032
NDUFA10,62.33373551634392
NDUFA11,165.74132321003597
NDUFA12,20.35657353216415
NDUFA13,2599.1024461968195
NDUFA2,15.734242580149715
NDUFA3,52.575975678114595
NDUFA4,12.717052751502013
NDUFA5,40.495883902793594
NDUFA6,60.362587288239794
NDUFA7,9.622235262265772
NDUFA8,71.30302317321426
NDUFA9,45.81745239275149
NDUFAB1,383.2256693535769
NDUFB1,90.98866579272631
NDUFB10,265.60540338372556
NDUFB2,1346.0944738114
NDUFB3,146.0460911979934
NDUFB4,98.57804076450746
NDUFB5,180.80729290545233
NDUFB6,31.320177422789655
NDUFB7,226.5670129246268
NDUFB8,61.08093846226359
NDUFB9,89.76426621942942
NDUFC1,98.97103434988809
NDUFC2,26.53800120536341
NDUFS1,57.19468718854326
NDUFS2,100.2910530673689
NDUFS3,474.82711439578117
NDUFS4,100.88681250791586
NDUFS5,1207.5803071835553
NDUFS6,113.14396070280263
NDUFS7,51.70956461688336
NDUFS8,261.31406935829153
NDUFV1,106.65263326095942
NDUFV2,39.67722484440979
NDUFV3,74.59579851330412
NEDD4,0.4266874997796065
NEDD4L,0.9016623186899041
NEK1,0.8457961192035673
NEK11,0.7992571384076603
NEK2,13.40166844183772
NEK3,1.0287059283226068
NEK4,1.650385897472123
NEK5,0.007356603053921443
NEK6,0.6285644622843622
NEK7,18.79827466261162
NEK8,0.9522537418135475
NEK9,0.3237321258770725
NEU1,10.409005526584775
NEU2,0.07868648115252536
NEU3,0.05698064823263217
NEU4,0.0225413981183963
NEURL1,0.14715923590013888
NEURL1B,3.9670555995722534
NGLY1,5.013201423580372
NHLRC1,5.847989160708969
NIT2,1016.8881937023576
NKTR,1.94217847826823
NLK,2.684592941048341
NLN,119.66855764011078
NME1,9246.465967904307
NME2,543.4894406975101
NME3,114.65109128928425
NME4,324.98494170472645
NME6,0.919735709087754
NME7,1.2937757453527436
NMNAT1,3.6675988465457685
NMNAT2,0.04683319604766955
NMNAT3,0.8316449345034974
NMRK1,2.9351673795914386
NMT1,45.701321846346
NMT2,3.7337169899421654
NNMT,99.81354557098474
NNT,10.148611722478805
NOL9,3.843137927461528
NOS1,6.524534939197696e-05
NOS2,0.03373914677197984
NOS2P1,0.3354345050980549
NOS2P2,0.3354345050980549
NOS3,2.3141609460838843
NOX1,0.13954639791035314
NOX3,0.09198887034239282
NOX4,0.43550250115079164
NOX5,0.011384022990307047
NPAS2,3.03836832559278
NPC1,3.6417118387864065
NPC1L1,0.008037973664057785
NPR1,3.219338597052293
NPR2,5.335344828850499
NQO1,290.7561990702296
NQO2,361.6202948298827
NR1D1,5.1059425333033
NRF1,1.3647712418514406
NSD1,2.9845243372455847
NSD2,0.8117852405670956
NSD3,0.8238692165195934
NSDHL,1368.0568902528482
NSF,40.65171702077269
NT5C,163.18820650042156
NT5C1A,0.058725969276404735
NT5C1B,0.00019205318230653212
NT5C1B-RDH14,0.037698419756150243
NT5C2,75.1251089117563
NT5C3A,4.209671716104311
NT5DC3,4.310463712035956
NT5E,2.392884206668125
NT5M,3.408101024436087
NTAN1,2.8136807072647465
NTRK1,0.035858897860342784
NTRK2,0.1621801331881775
NTRK3,0.01977836143110677
NUAK2,1.6674463913116389
NUDT10,0.021430810004441175
NUDT11,0.05112256916878611
NUDT12,1.3748510716176259
NUDT2,25.43977732590018
NUDT3,3.7718601366378084
NUDT4,0.0773691887546788
NUDT5,802.7226339570627
NUDT9,15.4507454069798
OARD1,11.970020898409903
OAT,452.3189358125098
OBSL1,2.4410461139671398
OCRL,2.865130404008691
ODC1,6.565955722106535
OGA,13.207835039605774
OGDH,220.8246660320678
OGT,28.74033514261342
OLAH,10.242630455023402
OPLAH,34.34935682521569
OTC,0.00043406932567552684
OTUD5,53.42925449614193
OXCT1,108.61978135506624
OXCT2,0.0036803890970574576
OXSM,8.39614481999995
OXSR1,6.641759881878259
P4HA1,10.973510519180902
P4HA2,103.05829715514965
P4HA3,0.4907535382050781
P4HB,1812.5410719224917
PADI1,0.0020583431838422633
PADI2,43.66766976374247
PADI3,1.4480638550391858
PADI4,0.007234670342591412
PADI6,0.3354345050980549
PAFAH1B2,834.4604951839162
PAFAH1B3,1107.2176336829327
PAFAH2,4.196639233589029
PAH,0.014153734334859395
PAICS,345.81699833695296
PAK1,27.563026050835575
PAK2,69.64478996241918
PAK3,0.002539708047001954
PAK4,0.7690681420792932
PAK5,0.1843105272396382
PAK6,4.001253629729509
PAM,0.4232842237889339
PAN2,0.6801371703993657
PANK1,0.6693556961424979
PANK2,9.310264847162323
PANK3,3.0578243482810166
PANK4,7.2419743767506315
PAOX,1.5130697189798181
PAPOLA,2.870263562687813
PAPOLB,0.10738005678389272
PAPOLG,0.8707987560528225
PAPSS1,529.8756431448086
PAPSS2,2.891508810294451
PARP1,112.070780544648
PARP10,3.2391254033914785
PARP11,0.17828046277014215
PARP12,2.2590916877056673
PARP14,3.258438770505471
PARP15,0.011406845509426104
PARP16,3.326782224841092
PARP2,8.142858448770832
PARP3,10.213228811560883
PARP4,1.3745699310215922
PARP6,14.701015464324538
PARP8,0.13690918222749007
PARP9,2.6158288943651784
PARS2,7.127058339139555
PASK,0.42156055130753517
PBK,3.3928059859322865
PC,48.50400166487851
PCBD1,121.84591628674917
PCBD2,5.924043155597369
PCCA,1.8518760652210549
PCCB,5.64062964733296
PCK1,0.005684025831752718
PCK2,32.82456584933889
PCMT1,1224.0273778991073
PCYOX1,39.63151190259963
PCYT1A,9.457183975677248
PCYT1B,0.004690101674664734
PCYT2,10.49483240720919
PDE10A,0.025769040217667717
PDE11A,0.0027765499553458277
PDE1A,0.07770590592760378
PDE1B,0.9972413536040216
PDE1C,0.006529007988687968
PDE2A,0.3351567370431645
PDE3A,0.054747641283346485
PDE3B,0.12188391060384819
PDE4A,4.293381896082816
PDE4B,2.2214413140815465
PDE4C,0.004376840950592772
PDE4D,0.07621653303723507
PDE5A,0.3467671158530395
PDE6A,0.049735553639387864
PDE6B,0.17661966933992515
PDE6C,0.0018443668638478657
PDE6H,0.0013319619948470814
PDE7A,7.005539581469745
PDE7B,0.05942345468225541
PDE8A,3.187231736060472
PDE8B,0.14625214535002454
PDE9A,1.9434862925220997
PDF,4.875365286639473
PDGFRA,3.188451988067594
PDGFRB,20.68334720600257
PDHA1,456.1070468684678
PDHA2,0.0005538251578389895
PDHB,64.70874509981101
PDHX,11.371980313175557
PDIA2,0.161198807746251
PDIA3,3575.7936639647437
PDIA4,2654.5599127802984
PDIA5,101.25272574993306
PDIA6,1449.5502200314095
PDK1,0.38959076759675537
PDK2,6.916736199128926
PDK3,15.544880167089504
PDK4,2.2148109724079177
PDP1,18.304175125598213
PDP2,0.978630401114806
PDPK1,0.5543430822520997
PDPR,1.712459332650215
PDXK,190.70687046307987
PDXP,39.17457019762933
PDZD4,0.2446333608036612
PEAK1,0.795483599341389
PECR,29.28722341388027
PEMT,64.65956478057319
PEPD,50.63132454747663
PEX11A,3.60655805043345
PFAS,43.34220978673101
PFKFB1,0.00910775007406772
PFKFB2,5.017752421325451
PFKFB3,3.0467788495194936
PFKFB4,1.0487066973470867
PFKL,372.77327565572665
PFKM,3.018731921275116
PFKP,768.7398557388143
PGAM1,36.117493028159565
PGAM2,0.9278317112762131
PGAM5,84.84083115956825
PGAP1,0.038672601364383545
PGD,3769.1535022497997
PGGHG,0.02991860446325157
PGK1,536.1310110444808
PGK2,0.3629066749400774
PGLS,2130.762577557723
PGLYRP1,0.0009443741824498835
PGLYRP2,0.016731769010051762
PGLYRP3,0.003335632721347589
PGLYRP4,0.05309417505060565
PGM1,628.5818625303277
PGM2,247.1516225954805
PGM2L1,0.7144507248850995
PGM3,94.38242762746148
PGP,97.581500336577
PGS1,7.015219405398897
PHEX,0.12086183536761978
PHGDH,2212.6631090318515
PHKA1,0.13862516022843105
PHKA2,4.729494291452328
PHKB,23.97075348087689
PHKG1,0.045205083687903685
PHKG2,14.079382778010018
PHLPP1,1.5409754460896405
PHLPP2,0.5804320860024261
PHOSPHO1,0.009936700966389118
PHPT1,407.3026433945812
PHYH,86.38100035351012
PHYKPL,0.6462009571960334
PI4K2A,0.7043294895918703
PI4KA,0.712148329646909
PI4KB,1.9833734769138787
PIGA,2.367025597404099
PIGB,2.2191009459727544
PIGC,78.73510764253645
PIGF,5.056883754827201
PIGG,7.8944883105599635
PIGH,4.471389214730108
PIGK,3.3407256751949452
PIGL,1.8430542968909331
PIGM,10.695663736240931
PIGN,1.330872005241407
PIGO,12.497940963379945
PIGP,40.57938137135358
PIGQ,50.29574517238844
PIGS,11.758995894747619
PIGT,16.297237299223767
PIGU,3.175511621889627
PIGV,2.7610634868274797
PIGW,4.279303968500331
PIGX,1.0702565462749263
PIGY,309.5355929063256
PIGZ,0.661518929218039
PIK3C2A,0.41047799004896096
PIK3C2B,5.523206437342015
PIK3C2G,0.0776318988211656
PIK3C3,0.0974177304627161
PIK3CA,2.560131586241998
PIK3CB,0.35371282943446575
PIK3CD,4.733242074457918
PIK3CG,0.020794008899619968
PIK3R1,0.8713083978666043
PIK3R2,25.53894677795616
PIK3R3,8.569850152756755
PIK3R4,12.553333474901425
PIK3R5,0.6316492620019643
PIKFYVE,0.5342330261674155
PIM1,88.98839273033093
PIM2,7.821142615777879
PIM3,67.70272811897263
PIN1,568.3190867962071
PIN4,2.9389046092661464
PINK1,40.38634668487453
PIP4K2A,6.6427295750568796
PIP4K2B,2.7101767133438806
PIP4K2C,11.664733211962465
PIP5K1A,0.5774787117056086
PIP5K1B,0.008293220730798401
PIP5K1C,11.60016600158691
PIP5KL1,0.31530653180805734
PIPOX,0.05761562123879302
PISD,1.4509055030028066
PJA1,34.1904650103695
PJA2,11.470771467347394
PKLR,0.0004595760116127912
PKM,541.3891072832749
PKMYT1,17.832357642191123
PKN1,74.63694430545199
PKN2,2.4485409393559188
PKN3,1.0897493737860195
PLA2G10,0.01994796456431697
PLA2G12A,0.7003851830512822
PLA2G12B,1.1304561412675453
PLA2G15,27.625710050252923
PLA2G16,34.06360163141125
PLA2G1B,0.019393958504145617
PLA2G2A,4.066379057043069
PLA2G2C,0.02652969426466331
PLA2G2D,0.12389993278018893
PLA2G2E,0.10480083352838437
PLA2G2F,0.0072308974105780655
PLA2G3,0.0006154862098323753
PLA2G4A,1.6049138907271236
PLA2G4B,0.0015100083780839994
PLA2G4C,6.505619307403043
PLA2G4D,0.0032501711424085438
PLA2G4E,0.0032498496694508662
PLA2G4F,0.10399795830677555
PLA2G5,0.055096391181424176
PLA2G6,0.9592733251172382
PLA2G7,1.010190438378971
PLB1,0.25756467705843333
PLCB1,0.1308179562968063
PLCB2,1.5449753535242101
PLCB3,3.1353025047835854
PLCB4,0.39448933637951966
PLCD1,18.839126684340293
PLCD3,4.468520598897414
PLCD4,0.7497191515460379
PLCE1,0.11846646938257124
PLCG1,1.2077678934713458
PLCG2,12.325094720025245
PLCH1,0.42958323978959395
PLCH2,0.3169854605899511
PLCL1,0.054386294746554605
PLCL2,0.18086649255672305
PLCXD2,0.33802318648347274
PLCZ1,0.002233899355139585
PLD1,0.40939352782451094
PLD2,17.662375783708907
PLD3,31.826527238484594
PLD4,1.4006794520061148
PLD6,2.8782881734232766
PLG,0.0005432420804468784
PLIN1,1.8472799274446343
PLIN2,110.05917361800832
PLIN3,60.33282844776435
PLIN4,2.4552982476940017
PLK1,7.915519252853363
PLK2,21.586821233487036
PLK3,9.10153391314675
PLK4,1.5457070247948341
PLOD1,41.343280385939465
PLOD2,9.464255266505125
PLOD3,84.7318278222683
PLPBP,1.3790311261442316
PLPP1,5.389883230682263
PLPP2,2.123055391477898
PLPP3,4.2032094621878
PLPP4,0.019762828557283812
PLPP5,0.0656688155578048
PLPP6,0.050042688733332445
PLPP7,1.1305815492037874
PLPPR2,0.3307009692228308
PLPPR3,0.9307949846236876
PLPPR4,0.11900942508124815
PLPPR5,0.012456429933028047
PLTP,26.873076388806233
PLXNB3,4.945149081026201
PMM1,8.535746901518698
PMM2,300.22115753069977
PMPCA,128.0613830949911
PMVK,1042.269003195248
PNCK,0.059883819672976644
PNKP,36.57065828796467
PNLIP,0.01735944451270558
PNLIPRP1,0.04876262171622993
PNLIPRP2,0.3354345050980549
PNLIPRP3,0.018139233522564087
PNMT,0.6435878101489775
PNP,1541.7998016896117
PNPLA2,79.07745391097384
PNPLA3,0.0878012185822188
PNPLA4,6.759844536387228
PNPLA6,0.6000520852797737
PNPLA7,0.7087732366414937
PNPLA8,2.819607214135418
PNPO,11.822053860124681
PNPT1,4.237803222197861
POLA1,2.836067348537846
POLA2,4.49860577581783
POLB,39.848817436080935
POLD1,1.4610436223523176
POLD2,13.884953346004009
POLD3,0.46793643251415407
POLD4,135.49457448574216
POLE,0.05750245756679938
POLE2,1.1324982443722438
POLE3,54.77295258479534
POLE4,25.293015783168617
POLG,7.18563846084556
POLG2,2.590048875668301
POLH,1.3599686658788128
POLI,0.7443751210429814
POLK,0.6828692842484831
POLL,5.249701482466968
POLM,4.512941392669046
POLN,0.04438910188881097
POLQ,0.07098945505009505
POLR1A,1.5325514067036519
POLR1B,0.6255664794980659
POLR1C,48.59869265701614
POLR1D,37.967683679047354
POLR1E,38.705186429687174
POLR2A,1.889164847677386
POLR2B,16.61070606509047
POLR2C,157.6760022983142
POLR2D,24.02590710030045
POLR2E,86.64845574517115
POLR2F,91.59623741112182
POLR2G,41.768212350469895
POLR2H,459.08949867871297
POLR2I,35.74837084530636
POLR2J,45.47677868636758
POLR2K,246.43706530841962
POLR2L,430.7778952457887
POLR3A,0.16696364655240004
POLR3B,1.1863778552337618
POLR3C,2.3557134689174304
POLR3D,13.067360941441374
POLR3E,22.71972159893428
POLR3F,7.382109363306604
POLR3G,0.8777851920704474
POLR3GL,9.38056636814157
POLR3K,48.08830880814447
POLRMT,6.927892597494257
POMGNT1,49.17582077837726
POMT1,8.295095041097765
POMT2,1.3091300578682503
PON3,0.5188507459267083
POR,863.7068355227378
PPA1,1297.303274754134
PPA2,379.38901255914794
PPARA,0.7685325380324467
PPAT,10.636522577007689
PPCDC,5.481045858065788
PPCS,214.80953307176432
PPEF1,0.033994378127860984
PPEF2,0.0007335255736181527
PPIA,322.9450202049666
PPIAL4A,0.3354345050980549
PPIAL4C,0.3354345050980549
PPIAL4E,0.012165601373678383
PPIAL4G,10.69365871792221
PPIB,4236.669981965641
PPIC,77.17644947218925
PPID,1170.9054218074273
PPIE,24.39900016113457
PPIF,266.3419486217872
PPIG,11.178376788773436
PPIH,2776.4015773398683
PPIL1,202.1046345858784
PPIL2,1.0563818346632865
PPIL3,22.024667363020953
PPIL4,3.9957209982752824
PPIL6,0.09721412740725556
PPIP5K1,0.6015256910495989
PPIP5K2,2.454011518793935
PPM1A,0.8934590118319806
PPM1B,5.8431324406105185
PPM1D,1.1321088159899217
PPM1E,0.0013860238123397678
PPM1F,21.61425322022793
PPM1G,46.06500220318842
PPM1K,1.3364590975747388
PPM1M,3.845693679570223
PPOX,19.14641329345173
PPP1CA,483.27385497817124
PPP1CB,437.83702890123317
PPP1CC,66.49864154266481
PPP1R1A,0.7817810547020644
PPP1R1B,498.39284159654756
PPP1R2,35.295685217535016
PPP1R3A,0.06646892507772041
PPP1R3B,6.560202797795699
PPP1R3C,0.3133966782106526
PPP2CA,216.45201771851742
PPP2CB,40.67816404241315
PPP2R1A,823.9137891511739
PPP2R1B,13.019587070727294
PPP2R2A,69.17433949125213
PPP2R2B,0.01712605784617683
PPP2R2C,1.3489417817350136
PPP2R3A,0.9231274406261128
PPP2R3B,1.2035413524693723
PPP3CA,438.3214728766105
PPP3CB,8.547648905129202
PPP3CC,5.052149601238346
PPP3R1,208.28019174721277
PPP3R2,2.4370537589271226
PPP4C,290.90092730289786
PPP5C,29.40973836547006
PPP6C,72.15392823134883
PPT1,11.1624469554301
PPT2,0.21176914780719702
PPWD1,7.543367890652363
PRAG1,0.3354345050980549
PRDX1,61509.90176362051
PRDX2,6319.112491774449
PRDX3,103.50605517099453
PRDX6,2496.3214555158493
PREP,128.15440130173062
PRKAA1,20.65283733884653
PRKAA2,0.017186188678420106
PRKAB2,2.8062329049172385
PRKACA,328.0374036484032
PRKACB,14.430310131729405
PRKACG,0.00045589372080658724
PRKAG2,4.658011452511285
PRKAR1A,14.19589443590507
PRKAR1B,24.652423100818073
PRKAR2A,2.9462218443371926
PRKAR2B,13.1183180452142
PRKCA,0.19839978510753714
PRKCB,0.04680266722973838
PRKCD,5.014342620672129
PRKCE,0.7252123589953696
PRKCG,0.00046709461588131414
PRKCH,5.172082434176171
PRKCI,1.9333943361408796
PRKCQ,0.2685922526520619
PRKCSH,624.1213120312577
PRKCZ,12.88778531190829
PRKD1,0.06295412230950825
PRKD2,17.283375136775984
PRKD3,7.171892553501967
PRKDC,2.858489485723277
PRKG1,0.0373215366083203
PRKG2,0.0007602344110004971
PRKN,0.21524163632635238
PRKX,11.4516411123173
PRKY,0.039250669368147056
PRODH,4.388292590589963
PRODH2,0.047452249121563574
PRPF19,531.4750657170396
PRPF4,182.7343847151503
PRPF4B,12.970502573711356
PRPS1,366.86870208997334
PRPS1L1,1.7160191035427903
PRPS2,16.913516769271936
PRRT2,0.8996746382915447
PSAP,43.681190765853536
PSAT1,254.44003473242512
PSKH1,29.209217051867466
PSKH2,0.11813839957802594
PSPH,1369.4145473976992
PSPHP1,0.3354345050980549
PTDSS1,132.32418727734654
PTDSS2,19.441684378818827
PTEN,3.6540018829948
PTGDS,178.04249987690528
PTGES,205.66672596892332
PTGES2,71.42019101138398
PTGES3,5392.100956129392
PTGIS,118.21922320971527
PTGR1,162.44648186016516
PTGS1,2.349802540482406
PTGS2,0.17292692183348218
PTK2,8.563705630461063
PTK2B,1.8871336154927518
PTK6,9.6719335329824
PTK7,4.192744970460361
PTP4A2,1.9287324136281454
PTP4A3,333.225416888582
PTPDC1,0.6052140965918587
PTPMT1,26.279318223336084
PTPN1,53.02553224252091
PTPN11,11.053107007127677
PTPN12,8.126966421884278
PTPN13,1.266752876690504
PTPN14,9.044137696448269
PTPN18,42.8476484568972
PTPN2,7.2289119339195524
PTPN21,1.243177006483463
PTPN22,0.07273796630323434
PTPN23,7.566127541148044
PTPN3,3.774979676540349
PTPN4,1.0465432407630708
PTPN5,0.010500910277830965
PTPN6,11.964061787659286
PTPN7,0.34109915808524954
PTPN9,0.3490177202892211
PTPRA,0.40714942998886505
PTPRB,0.22449976140507807
PTPRC,0.9467186600305292
PTPRD,0.013032797512703155
PTPRE,0.8598933127082886
PTPRF,326.5825109427688
PTPRG,0.23923933540263878
PTPRH,0.02885344746737263
PTPRJ,1.9675621506043297
PTPRK,19.162278345166513
PTPRM,2.953393371917952
PTPRN,0.12259359507895962
PTPRN2,0.15979243868110404
PTPRO,0.058386591154596885
PTPRQ,0.00013388474224641526
PTPRR,0.0036047432899934248
PTPRS,9.90827972266389
PTPRT,0.04869128709691161
PTPRU,28.82160844361288
PTPRZ1,0.4166955833918677
PTRH1,10.001191291563137
PTRH2,2680.857043215142
PTS,52.137905109186775
PUS1,18.26886821339818
PXDN,1.2799794630690209
PXDNL,0.08640366706950725
PXYLP1,0.3900283303635837
PYCR1,377.4676307892926
PYCR2,1140.0403046150368
PYCR3,18.52640291410028
PYGB,707.486453173038
PYGL,3.169056368983988
PYGM,0.048415657710546456
PYURF,0.6402221518630032
QARS,463.4540526083858
QDPR,736.5017920132112
QPCT,2.0129223263600746
QPRT,38.49961756201971
QTRT1,33.591733542937114
QTRT2,3.0803803903498332
RAD1,2.224323739206275
RAD18,1.1324178961581286
RAD9A,5.498636304697425
RAF1,0.22273828263181986
RAG1,0.0042609613728359285
RALBP1,15.054457811430048
RARS,401.5774175897396
RARS2,21.324786956498954
RBBP6,0.2649954703399485
RBKS,2.4710811659981866
RBP1,1343.5656509655537
RBP2,0.03375684979452657
RBP4,0.7282249910572978
RCHY1,4.0494991363675945
RCL1,15.127120840524421
RDH10,297.87381185311745
RDH11,186.4425802845425
RDH12,0.023448172870342454
RDH13,5.928661234030429
RDH14,1.1344325480498383
RDH16,0.09570979816167258
RDH5,0.03776321493794939
RDH8,0.3354345050980549
REG3A,15.598236131061894
RENBP,22.85505843885371
RET,0.12277788003325277
REV3L,0.5831976903551872
RFC5,24.152538808444113
RFK,17.092786095245437
RFWD3,9.102167152727674
RGL1,2.676914543564235
RHAG,0.3012257575781964
RHBG,0.22839240234395763
RHCG,7.700512420233226
RING1,3.6458905636611916
RIOK1,2.1714448575622827
RIOK2,0.2123102850680037
RIOK3,14.585355376495032
RIPK1,7.360563705021145
RIPK2,16.90118798914283
RIPK3,2.8921085912834976
RIPK4,12.462489392906706
RIPOR1,1.8350848174091228
RNF103,6.50328260442488
RNF115,50.312181639985276
RNF123,6.495274840932226
RNF125,0.16617575116029387
RNF126,44.83171831422864
RNF128,0.23823097803641366
RNF13,9.774583390920666
RNF130,94.58367401959279
RNF133,0.653076452063379
RNF138,2.8379907556469233
RNF139,20.582577258163813
RNF14,8.76095089897614
RNF144A,1.4708022309319688
RNF144B,4.597014974337339
RNF146,12.196377706726489
RNF149,42.21606383842782
RNF152,0.4212485887527219
RNF167,221.69671640194792
RNF180,0.10566288699289345
RNF182,0.015738369347162617
RNF185,11.675660152744225
RNF187,627.0789671740635
RNF19A,10.053712495562642
RNF19B,13.404492472423518
RNF2,7.81170933032646
RNF20,2.255419097260584
RNF216,7.077246612614462
RNF217,0.07767087578218175
RNF25,27.70833790748332
RNF31,12.328151158091408
RNF40,2.1577773726763136
RNF41,2.7301920318735466
RNF5,0.09013082658543353
RNF8,5.031899115382981
RNGTT,4.00033050958805
RNMT,27.189106048774743
ROCK1,2.1486921112218416
ROCK2,3.104243242747888
ROR1,0.014109963863670322
ROR2,0.043363760597178364
RORA,0.19460742130021821
ROS1,5.1864756765193666e-05
RPAP2,2.7875895511819775
RPE,53.757012105816436
RPE65,0.0006044714661410679
RPIA,44.84298536915704
RPL14,2247.6300410236445
RPN1,1652.3926063540905
RPN2,1047.3257837890956
RPP14,27.167384752813085
RPS6KA1,34.845355102129524
RPS6KA2,2.741722388358233
RPS6KA3,1.0937448373254652
RPS6KA4,1.820315372429312
RPS6KA5,0.12124341688611473
RPS6KA6,0.013418040054663476
RPS6KB1,0.882960822955905
RPS6KB2,81.83717201836546
RPS6KC1,0.5655357442026896
RPUSD4,1.301195556023137
RRM1,19.172900321293657
RRM2,7.140574363533521
RRM2B,4.102988813061895
RTCA,1.6973780629584712
RWDD2A,4.685150071233289
RXRA,10.372508555736216
RYK,17.379384316419685
SACM1L,8.462484652275121
SAE1,256.6599674925012
SAP130,0.4120688185254483
SARDH,0.12427515270673722
SARS,217.546279241971
SARS2,9.355533902404593
SAT1,2263.8253478924216
SAT2,85.90916787890792
SBK1,9.945123871610475
SC5D,1.7142905425756392
SCARB1,52.40720483082853
SCARF2,2.7503936051516424
SCD,60.329394745226324
SCD5,2.535790183690199
SCLY,0.008022190778042509
SCP2,172.4141223683817
SDC1,57.15427143702496
SDHA,300.61890039509734
SDHB,288.62396937597424
SDHC,24.031312376531634
SDHD,2.2281264453800538
SDR16C5,0.004772958783901436
SDR42E1,0.0656081957174506
SDR42E2,0.3354345050980549
SDR9C7,0.011795851518794047
SDS,15.94248387962296
SDSL,9.663849179075015
SEC11A,447.67929867663
SEC11C,20.051491494144837
SELENOI,0.1784505883933933
SEPHS1,1287.246501613209
SEPHS2,129.0530977251322
SERPINA1,4.489227071426219
SERPINA3,403.3323850075212
SETD1A,0.283374731506974
SETD1B,3.5140839284091236
SETD2,0.020011617232081145
SETD5,6.630189997516085
SETD7,3.963144339517209
SETDB1,0.36894386853326516
SETDB2,0.5914905350051316
SETMAR,12.052958621095627
SFXN3,879.8486911194974
SGK1,7.401305530193029
SGK2,0.022309017739378646
SGK3,0.02888124808200478
SGMS1,39.53049565513847
SGMS2,2.7347378008374017
SGPL1,29.235741568452063
SGPP1,0.6569419796671964
SGPP2,0.18955555503830177
SGSH,13.080311284945704
SH3RF1,8.979360740216977
SH3RF2,0.04016837292477515
SH3RF3,0.3674302236541886
SHMT1,49.703124529979874
SHMT2,1206.3142591297799
SHPK,1.2279244752583425
SHPRH,0.052241544929243905
SI,0.18373547314711697
SIAE,11.059005297748815
SIAH1,21.364579893443796
SIAH2,14.082415472788771
SIK2,2.0409910650874337
SIK3,2.0722640037709987
SIN3A,2.7796745826616456
SIN3B,0.07157367200243893
SIRT1,2.3255709218237235
SIRT2,24.210356717723094
SIRT3,7.694929953027292
SIRT5,4.117946268755228
SIRT6,24.962334686792175
SIRT7,15.545074666464473
SLC10A1,0.0031430018453034872
SLC10A2,0.0001336838232992177
SLC10A6,0.006277723704620206
SLC11A1,0.7864109334123393
SLC11A2,20.015172492082804
SLC12A1,0.0015016593601890824
SLC12A2,3.3071706976409674
SLC12A3,0.0029319881994022785
SLC12A4,0.24272345262811837
SLC12A5,0.01584081815937012
SLC12A6,0.05647951011284817
SLC12A7,3.866783856563684
SLC13A1,1.3898493503991496
SLC13A2,0.40920903285646193
SLC13A3,2.548850163628346
SLC13A4,0.09753294856521036
SLC13A5,0.00311587591502013
SLC14A1,0.019910430567608342
SLC14A2,0.001343423982876894
SLC15A1,15.601737280531191
SLC15A2,0.2626388813794264
SLC15A3,12.446150850159915
SLC15A4,7.975962422349633
SLC16A1,9.285878886723806
SLC16A10,0.06190664550410906
SLC16A2,0.9889382348127341
SLC16A3,41.171991282657835
SLC16A7,0.020870163384514716
SLC16A8,0.8487066936187483
SLC17A1,0.06505057075080632
SLC17A2,0.014797084619435076
SLC17A3,0.0010162637059015376
SLC17A4,0.016758172785412122
SLC17A5,7.9264492784346325
SLC17A6,0.03561924497624714
SLC17A7,0.04543001948846869
SLC17A8,0.023326127399307364
SLC18A1,0.002402301047159901
SLC18A2,0.7569061726495031
SLC18A3,0.0031919198677994322
SLC19A1,60.845372542324434
SLC19A2,8.59967559792319
SLC19A3,0.550812083980054
SLC1A1,0.14243960880270787
SLC1A2,0.022443317328777624
SLC1A3,7.120243688547171
SLC1A4,0.6326241361463796
SLC1A5,208.99928416231677
SLC1A6,0.07694788869193199
SLC1A7,0.07244023219718965
SLC20A1,7.064856988580152
SLC20A2,55.02581987009192
SLC22A1,0.02826720128279295
SLC22A10,0.0006158253255227633
SLC22A11,0.0006374902335638314
SLC22A12,1.368484858340572
SLC22A13,0.0016584526456091485
SLC22A16,0.020076343712612257
SLC22A18,16.497050830323264
SLC22A2,0.001132886070142292
SLC22A3,0.022346293864491218
SLC22A4,0.34273004372703647
SLC22A5,1.8345437557809623
SLC22A6,0.3332262579895881
SLC22A7,0.00023236479585833465
SLC22A8,0.6796964855365107
SLC22A9,0.0002689982907951426
SLC23A1,0.009895445669466986
SLC23A2,1.2749544742982886
SLC24A1,0.44600524177884165
SLC24A2,0.0099692145631175
SLC24A3,7.859451314434764
SLC24A4,0.0017465495635106691
SLC25A1,832.2655575426683
SLC25A10,120.62903836235023
SLC25A11,1368.1095660652513
SLC25A12,129.1089089998246
SLC25A13,217.94484826940734
SLC25A14,3.449571145663663
SLC25A15,2.2893800855738564
SLC25A16,1.7106472137192719
SLC25A17,8.223570132816178
SLC25A18,0.09827270860719275
SLC25A19,3.005442939203868
SLC25A2,0.0038367827691722614
SLC25A20,5.127832756613122
SLC25A21,0.004774845216861677
SLC25A22,19.793283751453433
SLC25A26,4.1302643164005035
SLC25A27,0.1980041673585485
SLC25A28,27.60475852059468
SLC25A29,19.792089112884018
SLC25A3,1912.3081975198045
SLC25A37,17.464277002544556
SLC25A4,189.0634163064551
SLC25A5,3732.400489319245
SLC25A6,73.90665965975852
SLC26A1,0.0866365472839225
SLC26A11,4.342248008618089
SLC26A2,38.304291791108035
SLC26A3,0.002476797554548644
SLC26A4,0.00240253148004166
SLC26A6,2.522901908374833
SLC26A7,0.005141032112232587
SLC26A8,0.010705794694075647
SLC26A9,0.6204694760322828
SLC27A1,2.8149051277516364
SLC27A2,0.0048825957168430086
SLC27A3,14.19684646191631
SLC27A4,2.561864650730134
SLC27A5,3.3045778826454018
SLC27A6,2.59872524615087
SLC28A1,0.7100826621619981
SLC28A2,0.0006555496432313259
SLC28A3,1.4074831144205384
SLC29A1,93.9597937458202
SLC29A2,12.247496346502261
SLC29A3,4.762430441177309
SLC29A4,1.6889466478387243
SLC2A1,31.120819180015552
SLC2A10,11.83609800956646
SLC2A11,11.487921630022717
SLC2A12,0.6836160585054118
SLC2A13,0.10070101829333938
SLC2A14,0.014730325968919478
SLC2A2,0.7271472329221568
SLC2A3,1.1391070410881508
SLC2A4,0.07895817135330271
SLC2A5,0.9571073002736737
SLC2A6,4.06665359517103
SLC2A7,0.0022694896113680477
SLC2A8,6.400224824958506
SLC2A9,0.21393305473484026
SLC30A1,12.072539385766529
SLC30A6,7.087776178481501
SLC30A7,22.440481029899548
SLC31A1,26.295532997149767
SLC32A1,1.4740945089441455
SLC33A1,688.3099074210526
SLC34A1,0.001921767320185139
SLC34A2,26.073865109430606
SLC34A3,0.2396319815273884
SLC35A1,21.6973944908038
SLC35A2,60.49112700514948
SLC35A3,3.8608405732948787
SLC35B2,1.1836983615155323
SLC35B4,0.7838123176829956
SLC35C1,16.528085911223673
SLC35D1,1.6406608855876932
SLC35D2,19.710396373734156
SLC36A1,0.8919896306701388
SLC36A2,0.004031446013039221
SLC36A4,0.9095392481632064
SLC37A1,56.74869345690898
SLC37A4,18.386885864229107
SLC38A1,18.654217432369837
SLC38A2,41.2454838925058
SLC38A3,1.6957985190810028
SLC38A4,0.002367876998631736
SLC38A5,2.0632165987600417
SLC39A7,18.882467143592027
SLC3A1,0.0002670273421713253
SLC3A2,224.1530512626483
SLC40A1,3.9220916643220414
SLC41A1,8.084770119309397
SLC41A2,1.3075793878084239
SLC43A1,0.7347049602345784
SLC43A2,42.56644249398137
SLC46A1,0.6067545586145695
SLC47A1,0.03276361460972666
SLC47A2,0.0012107279681249584
SLC4A1,0.005489733273819981
SLC4A10,0.0001945461953431233
SLC4A2,36.63175375925226
SLC4A3,5.6261684610383
SLC4A4,0.0013810370467507453
SLC4A5,1.9166463146517239
SLC4A7,0.11882502495478409
SLC4A8,0.005977660714564016
SLC4A9,0.001607636675433934
SLC51A,0.15730939956507933
SLC51B,0.1317954273752661
SLC52A1,0.11277172956640528
SLC52A2,0.09357936368667576
SLC52A3,0.28454763876001143
SLC5A1,0.646822982333066
SLC5A10,10.506449825224305
SLC5A11,0.03416043619959852
SLC5A12,0.42464673261698827
SLC5A2,0.056958772992101565
SLC5A3,1.2113350689074045
SLC5A5,0.0010324215667843605
SLC5A6,223.95161541880105
SLC5A7,8.630643592854552e-05
SLC5A8,0.3418527760399266
SLC5A9,0.01146559732632674
SLC6A1,0.02914285000659762
SLC6A10P,0.16233835520959344
SLC6A11,0.5276242465284536
SLC6A12,0.007510050017713833
SLC6A13,0.0008453642773186681
SLC6A14,0.23420380194186394
SLC6A18,0.0008103508515747754
SLC6A19,8.566820685936894e-05
SLC6A2,9.662933089385902
SLC6A20,0.003718880510998384
SLC6A3,0.00033744992807149045
SLC6A4,0.0019710494686156327
SLC6A5,0.10319845039380167
SLC6A6,0.21479950863093833
SLC6A7,0.006921164485589111
SLC6A8,35.390797779448654
SLC6A9,97.10350723492482
SLC7A1,9.220663995469135
SLC7A10,0.013016320071820435
SLC7A11,0.3793264818648418
SLC7A2,0.2638593784273511
SLC7A3,0.02649650990518849
SLC7A5,41.648294398517876
SLC7A6,9.830275234064576
SLC7A7,2.480434506771088
SLC7A8,5.161664797924938
SLC7A9,0.04154255199482633
SLC8A1,0.12533681938231556
SLC8A2,0.00884467087404721
SLC8A3,0.0007467706597807636
SLC8B1,0.13932836983899105
SLC9A1,11.349559377868372
SLC9A2,0.11023535129887335
SLC9A3,2.0349518174204126
SLC9A4,0.005994233901871126
SLC9A5,0.1502061191584534
SLC9A7,0.5654224025131154
SLC9A8,15.906206802007008
SLCO1A2,0.00012620828861088787
SLCO1B1,0.5745214485775751
SLCO1B3,0.04767210311424515
SLCO1C1,0.006722625509417771
SLCO2A1,2.0653642611940457
SLCO2B1,1.7910821611518344
SLCO3A1,0.9584791693459203
SLCO4A1,2.2284001516590317
SLK,8.12275387830297
SMARCD3,12.397474318132897
SMG1,0.38713685330017605
SMPD1,15.780206220262238
SMPD2,8.45571728730677
SMPD3,0.7887182165790932
SMPD4,8.245342307356708
SMS,458.5550266162491
SMURF1,12.135587876003648
SMURF2,3.9561758530491855
SMYD3,23.74457284364725
SNRK,2.6409504605732095
SOAT1,3.78923955947329
SOAT2,0.018878591113614503
SOD1,4588.043859806048
SOD2,303.1021155322113
SOD3,277.70519837024733
SORD,7.177063274114862
SPCS1,284.17358320583116
SPCS2,224.76941668915214
SPCS3,285.7088318712147
SPEG,5.414056868750199
SPHK1,127.23072354238005
SPHK2,1.4368879077279932
SPR,550.1860708290667
SPRYD3,38.92366387837712
SPTLC1,35.56456780990992
SPTLC2,1.849868567230215
SPTLC3,2.0492424586193905
SQLE,0.9805394384123333
SRC,20.508181582233036
SRD5A1,40.79168831865687
SRD5A2,0.0017701482976780775
SRD5A3,8.27741691245309
SREBF1,38.86854514644495
SRM,1252.7709694990792
SRMS,0.060713955107362126
SRPK1,18.382608745432673
SRPK2,10.073109743182101
SRPK3,3.834115350122219
SSH1,1.629984510798711
SSH2,0.37991415372046855
SSH3,16.246825290799713
SSR4,1896.254814925775
SSU72,798.6534513654545
ST3GAL1,32.99880795425627
ST3GAL2,2.6276322798517238
ST3GAL3,20.929123540199363
ST3GAL4,31.47952526629301
ST3GAL5,0.8948458284041848
ST3GAL6,3.182635222280334
ST6GAL1,2.852254604480893
ST6GALNAC1,0.01876994191236672
ST6GALNAC2,17.548016445898615
ST6GALNAC3,0.9060993314546396
ST6GALNAC4,8.18858858618652
ST6GALNAC5,26.667107479229937
ST6GALNAC6,14.678495205980747
ST8SIA1,1.2484877785618254
ST8SIA4,0.8532042025538857
ST8SIA5,0.00022436602248184002
STAMBP,9.73821179197527
STAMBPL1,0.19985242721679122
STARD3,26.511199224049463
STK10,0.5294016577957447
STK11,36.26237418252566
STK16,2.1910336651193227
STK17A,1.223448407409706
STK17B,3.1425534539611064
STK19,1.07268641037825
STK24,41.30463125690531
STK25,6.744411897459687
STK26,0.629690691282171
STK3,54.59866472908871
STK31,0.11110289150410001
STK32A,0.0036689739481316746
STK32B,0.08666732792252946
STK32C,12.26375557209032
STK33,0.010941837420222337
STK35,9.051128636448187
STK36,0.7631483930496576
STK38,27.68846610002325
STK38L,8.977024817061633
STK39,11.93685237541532
STK4,0.9817528321872085
STRA6,5.397582974368486
STS,0.7905463858845141
STT3A,32.65468917961789
STT3B,18.71900665207467
STUB1,85.85043565834148
STYK1,0.3650783133027735
STYXL1,44.3340927024965
SUCLA2,57.63264958268203
SUCLG1,624.0812845663548
SUCLG2,704.9005219650421
SULT1A1,0.5525565729320072
SULT1A2,0.24035950632234324
SULT1A3,3.7503041530200782
SULT1B1,0.02537043867583133
SULT1C2,0.0005225681653713405
SULT1C4,0.029937006183424632
SULT1E1,0.00038880525621645706
SULT2A1,3.553854432798619
SULT2B1,3.9478712852292954
SULT4A1,0.000654795510461545
SUOX,6.290188843752899
SUV39H1,7.5496989513993285
SUV39H2,7.400540583115473
SYK,4.895946009577848
SYNJ1,0.015188381678022306
SYNJ2,0.05139275238344001
SYVN1,1.2501606259174707
TAF1,1.412055028802779
TALDO1,1384.0565326356898
TAOK1,0.9168933929531684
TAOK2,9.90586218940825
TAOK3,7.351169573538444
TARS,704.3901998158404
TARS2,2.0528658210103816
TARSL2,3.791057512266408
TAT,0.01360365261011625
TBCB,136.21440396343226
TBK1,0.5772543706426526
TBL1X,16.368514297751815
TBL1XR1,6.944032107366966
TBXAS1,1.5047402560174123
TCIRG1,61.33868113807203
TDO2,0.16429479423292773
TECR,67.22187579926025
TECRL,0.11400593534832566
TENT2,0.15316461371698084
TENT4A,0.45357387630786017
TESK1,59.91772529930468
TESK2,1.5137705126229228
TFRC,122.47107949594711
TGDS,4.162811554982944
TGFBR1,14.641463921704286
TGFBR2,7.203826593800686
TGM1,0.7614956882032018
TGM2,27.70184398421402
TGM3,0.27320530162278617
TGM4,0.0018182582362880934
TGM5,0.10210384792047646
TGM6,0.018105422639918517
TGM7,0.00026833855907645426
TGS1,8.65841435347611
TH,0.11969403320884207
THNSL1,6.551567794949724
THTPA,3.6249792295030763
TIAM2,0.470760209178005
TICRR,0.05167590734814967
TIPARP,0.9018422624466883
TK1,59.18899307736969
TK2,3.7890641209081655
TKFC,17.655218887752373
TKT,277.73332868401815
TKTL1,6.9843245913496395
TKTL2,0.003228070625740191
TLK1,5.03769481051635
TLK2,0.13460166324111736
TM7SF2,6.804952531667131
TMEM91,1.0206017148296838
TMLHE,1.103215579934122
TMX3,4.390715329580286
TNFRSF21,26.757226337113096
TNIK,0.029238269263041298
TNK1,10.088516092584534
TNK2,13.060026709339333
TNKS,1.2145716126951682
TNKS2,2.626771029160081
TNNI3K,0.3354345050980549
TNS2,1.434061794943761
TOPORS,2.7459317619217023
TP53RK,33.88159523364666
TPH1,0.02115220678027286
TPH2,0.0006964894023308659
TPI1,6539.692516771214
TPI1P2,5.682879044939838
TPK1,0.1586110127882752
TPMT,6.328553099999661
TPO,0.02362749903964891
TPP1,45.75136760054236
TPSAB1,13.127962685372282
TPSB2,14.976115289060527
TPSD1,0.12402898627107121
TPST1,2.2347448388572095
TPST2,9.785442309269925
TPTE,0.0002905333665397265
TPTE2,0.0066863793091346355
TRAF7,48.90799195576957
TRDMT1,0.6640089073016134
TREH,0.000981443972186057
TREX1,3.2766458593933465
TREX2,0.07197138554525667
TRHDE,0.000367921214861363
TRIB3,47.89557705771538
TRIM11,103.9519587455439
TRIM32,0.8261540303853621
TRIM33,3.337088519235796
TRIM63,0.002812330831113514
TRIO,0.6283282277206748
TRIP12,9.64182325737258
TRIT1,19.49386731877609
TRMT1,7.037286029281854
TRMT11,2.1331601664780564
TRMT1L,5.754114709622639
TRMU,22.308072131702502
TRPM6,0.030039354736951625
TRPM7,0.8648413173444542
TSSK1B,0.0011549919228222814
TSSK2,0.0231714118888251
TSSK3,0.19383150525967388
TSSK4,0.020083517181667728
TSSK6,0.329222556395908
TST,179.81994227614504
TSTA3,3035.2282573212988
TTC3,35.6160003445179
TTK,0.25540078256163645
TTL,0.5689088136498462
TTLL10,0.023809744363923788
TTN,0.004131333951072105
TUSC3,1.4883610182319602
TUT1,0.2965260208780486
TUT4,0.6950417161591614
TUT7,0.1907089895411479
TXN,3081.572418242761
TXN2,54.462559898797856
TXNRD1,75.01787704528569
TXNRD2,14.04293892281251
TXNRD3,1.0958940676839932
TYMP,341.44824176351403
TYMS,22.895515622483963
TYR,0.1046323172264974
TYRO3,0.7578101079273215
TYRP1,0.10190634808269451
UAP1,141.45401727778372
UAP1L1,18.49158656224066
UBA1,879.744185810739
UBA2,87.79735873560031
UBA3,56.618578566995396
UBA6,55.733508189050205
UBA7,3.3162624602137836
UBE2A,56.19898977081153
UBE2B,57.7682070323682
UBE2C,37.714665267736734
UBE2D1,31.244430814337257
UBE2D2,32.16302194697458
UBE2D3,1449.2498320536806
UBE2D4,2.184898453020073
UBE2E1,36.49271694181589
UBE2E2,5.297433282383069
UBE2E3,15.80195282206239
UBE2F,1.9916095667341027
UBE2G1,14.9024413483975
UBE2G2,10.614177874497393
UBE2H,226.1920360789451
UBE2I,1743.5673843300497
UBE2J1,16.444030340498415
UBE2J2,85.73806077125275
UBE2K,378.7762838648996
UBE2L3,1175.8322095599478
UBE2L6,25.58629900357762
UBE2M,143.49523080993953
UBE2N,31.389209840262232
UBE2NL,6.690587167636131
UBE2O,6.709231324911209
UBE2Q1,12.708191374647283
UBE2Q2,2.370016293916707
UBE2QL1,0.06408707371189062
UBE2R2,16.362417919012817
UBE2S,20.438412798364173
UBE2T,22.96050973730573
UBE2U,0.024928199176567523
UBE2W,9.085076396014978
UBE2Z,51.37899626545195
UBE3A,13.168416324054244
UBE3B,5.801820164799215
UBE3C,5.347751110818447
UBE4A,0.7713580214898951
UBE4B,4.661799261840838
UBLCP1,31.949370838335216
UBR1,0.2135321704918235
UBR2,1.8472598229139046
UBR3,0.01930955451960423
UBR4,4.020232969858639
UBR5,0.6511642796438354
UBR7,5.108986635387966
UCK1,9.102678903213501
UCK2,16.043597781609318
UCKL1,16.41857652936865
UCP1,0.058364989262093596
UCP2,270.26291046966503
UCP3,0.06201090805079299
UEVLD,0.816072434934655
UGCG,0.6836948559831635
UGDH,50.504949606961596
UGGT2,1.0582366432374817
UGP2,2206.688652459314
UGT1A1,0.5818457107151666
UGT1A10,0.14272264379251745
UGT1A3,1.0114790584917612
UGT1A4,0.00025845514044554814
UGT1A5,0.0002629993857652028
UGT1A6,0.5881233205264527
UGT1A7,0.817507176308654
UGT1A8,0.1293154038699776
UGT1A9,0.11549856641655931
UGT2A1,0.3354345050980549
UGT2A3,6.729165140274109e-05
UGT2B10,0.0006986474219258714
UGT2B11,2.9017229000846556
UGT2B15,0.019406134184783177
UGT2B17,0.011248660063032863
UGT2B28,0.03994480984753298
UGT2B4,0.06570432550025268
UGT2B7,0.2248265631087164
UGT3A1,0.12021469926971337
UGT3A2,0.0012193756234952953
UGT8,0.2824715457395713
UHMK1,20.7335006534788
UHRF1,0.40663404432221845
UHRF2,5.046523860705192
ULK1,8.150888826133832
ULK3,6.34022463887507
ULK4,0.10390852987868432
UMPS,106.89224537122202
UPB1,0.0070936216683940454
UPP1,3.4592394747124193
UPP2,0.005182919533594178
UPRT,2.576944083956239
UQCR10,68.83699070364375
UQCR11,218.90179931013637
UQCRB,72.38222719957257
UQCRC1,2141.9845379165795
UQCRC2,2868.8452411645253
UQCRFS1,260.01048702355354
UQCRH,158.44306243568863
UQCRQ,79.48949134603197
UROC1,0.0024070820071083903
UROD,112.56987997251166
UROS,42.44371910313502
USP1,38.84649730890023
USP10,7.802022414495998
USP11,26.60922788818407
USP12,2.421920888938594
USP13,1.1184439443821113
USP14,73.33279441495857
USP15,1.6303554096028128
USP16,12.008194925275731
USP17L2,0.7544524097088302
USP17L22,0.04998256910149056
USP17L30,0.050968258904732194
USP17L5,0.050968258904732194
USP17L9P,0.3354345050980549
USP18,4.05256120922087
USP19,0.5722659727209989
USP2,1.4195714705457858
USP20,2.8603473183155224
USP21,28.537450878546238
USP22,87.75697556559575
USP24,1.9363281648286397
USP25,0.0855985414284927
USP26,0.00020514533462773134
USP28,3.7097683900044625
USP29,0.08228852752006045
USP3,0.4376516396313683
USP30,0.10118998314256233
USP31,3.3397841544350744
USP32,0.2011311399457552
USP33,8.714073580878008
USP34,7.835287961990066
USP35,0.5899234902838751
USP36,5.234966961499185
USP37,0.6698266170371996
USP38,4.160915758941327
USP4,1.694239953053637
USP40,0.33137226189399044
USP41,0.01834435481333142
USP42,1.733757219446184
USP43,4.229961060278803
USP44,0.007476320463167132
USP45,0.4184617215490141
USP46,2.045712514739146
USP47,2.2885779932053056
USP48,0.2521936844034117
USP49,0.03778717044376297
USP51,0.29398896400466135
USP6,0.0364164930124405
USP7,33.539308524966145
USP8,0.3028451245860523
USP9X,3.5993419347900235
USP9Y,0.09459012436644046
UST,0.12550072754393926
UXS1,20.412410359047033
VARS,70.53360708891049
VARS2,22.451437421437493
VKORC1,460.16385110631234
VNN1,1.5642369817721735
VNN2,1.1167445575239028
VNN3,0.2327704803586932
VRK1,49.474616877140924
VRK2,4.751082323414846
VRK3,8.604123366334772
WARS,619.1354119805383
WARS2,15.120909297483971
WDYHV1,19.651394265673293
WEE1,10.077344599041885
WEE2,0.0001802407717077842
WNK1,0.9019856000149177
WNK2,3.99761642865759
WNK3,0.26115805865642716
WNK4,10.287957858200679
WWOX,4.285519528035061
WWP1,14.42556324198331
WWP2,0.25938461722850337
XDH,0.20203099354678294
XPO6,0.4303814066965529
XPO7,10.965562377623078
XYLB,0.5280306010978472
XYLT1,0.6376448473734648
XYLT2,5.483519459792588
YARS,2218.463421226237
YARS2,22.65361924341209
YES1,13.862539742553675
ZADH2,2.4568839708911243
ZAP70,0.4296289142647639
ZC3HAV1,1.6518422096093572
ZNRD1,2.0372379634404783
ZNRF1,29.36311910279492
ZNRF2,6.927185674901603
ZSWIM2,0.00024773333581665767
