A4GALT,79.35458612100919
A4GNT,0.21321462884586356
AACS,92.72572154540974
AADAC,30.76494422216933
AADAT,0.15833834519543694
AAK1,7.958145959568086
AANAT,0.00619321068659192
AARS,148.8333196688733
AARS2,3.4684928081874924
AASDH,1.1673894412066559
AASDHPPT,6.369955227786173
AASS,1.1768429795504678
AATK,0.018009072721972122
ABAT,1.8411339716609962
ABCA1,2.5091956404739166
ABCA3,0.11234534982670635
ABCA4,0.01273941899993137
ABCA8,0.8226509022726086
ABCB1,0.44876544819944614
ABCB11,0.002891265227554695
ABCB4,0.01286485753856935
ABCB6,8.4246189936397
ABCC1,0.8590293291991568
ABCC11,0.0011310636655915214
ABCC2,0.003116457644857855
ABCC3,6.378101510749453
ABCC4,0.304423429177252
ABCC5,6.384921018467935
ABCC8,0.0007875453254568429
ABCC9,0.014068556933056158
ABCD1,0.3626608672842746
ABCD2,0.004270606829128543
ABCD3,71.8117444120513
ABCG2,0.10681946157785999
ABCG5,0.00023627910526563225
ABCG8,8.562710774733952e-05
ABHD12,25.731347395788884
ABHD5,7.930612940132927
ABHD6,0.5939063796840461
ABL1,9.364730698569222
ABL2,0.38022933473864495
ABO,11.00501694057948
ACAA1,63.78533355776131
ACAA2,1.345916600223205
ACACA,13.884852356604597
ACACB,0.1186356137252276
ACAD10,2.6197010019195925
ACAD11,0.032376729405246996
ACAD8,19.078496826887317
ACAD9,212.79185394596675
ACADL,0.012884566005291372
ACADM,41.83299783347601
ACADS,5.7391586118113525
ACADSB,42.609342969371326
ACADVL,514.2328348000735
ACAT1,14.243089015001182
ACAT2,37.53752713379499
ACE,1.4140069790858278
ACE2,0.3859144857943335
ACER1,3.846590704521756
ACER2,0.1562347589411083
ACER3,4.898990127831419
ACHE,0.06182351728795033
ACLY,24.57846950759307
ACMSD,0.0002717400093145607
ACO1,9.934759127677037
ACO2,26.027605936666376
ACOT1,0.172006956313041
ACOT11,9.159472280248373
ACOT12,0.00013379389361735665
ACOT13,1.7803182184066215
ACOT2,0.7536901936684185
ACOT4,1.015835353003078
ACOT6,0.009586111032012986
ACOT7,12.319695921641427
ACOT8,10.989807564057353
ACOX1,5.683813330305856
ACOX2,1.1086138420644018
ACOX3,16.390582151311385
ACP1,3451.291540796794
ACP2,3.3503144381049386
ACP4,0.0036202735317779565
ACP5,17.343934626021436
ACP6,2.8345297847333164
ACP7,0.44999467512671487
ACPP,12.658035967866232
ACSBG1,0.029939471653055525
ACSBG2,0.000690924639130752
ACSF2,2.285508464691944
ACSF3,1.8485803282238762
ACSL1,38.007316245612586
ACSL3,6.394410495973519
ACSL4,4.089065556890281
ACSL5,3.702603666275347
ACSL6,0.008534976387297995
ACSM1,0.0113959836488294
ACSM2A,7.280569468523289e-05
ACSM2B,0.06320048198640206
ACSM3,0.25785875960533705
ACSM4,0.0025171951535063334
ACSM5,0.0019315770430062182
ACSS1,2.1225306873323184
ACSS2,12.66736226700445
ACSS3,0.17754834610835338
ACVR1,2.1806397839065426
ACVR1B,7.698666561564995
ACVR1C,0.001085275326946612
ACVR2A,1.3533384807133075
ACVR2B,0.02869320594685203
ACVRL1,0.9810733027735274
ACY1,9.26687080432891
ACY3,0.7912347690399986
ACYP1,5.15775493620025
ACYP2,1.7919372653545511
ADA,5.394805993590609
ADCY1,0.003661272616072714
ADCY10,2.8986474754339577e-05
ADCY2,0.006497033543259919
ADCY3,4.553728924872383
ADCY4,0.31875463729500075
ADCY5,0.2079560799779278
ADCY6,1.8468739421629827
ADCY7,4.395623304370656
ADCY8,0.10844658669179806
ADCY9,0.9140688775148522
ADH1A,0.004908737735302269
ADH1B,0.8979103932360498
ADH1C,1.728317361917345
ADH4,0.17773595331378161
ADH5,199.8754763638584
ADH6,0.009083669215625317
ADH7,841.1232914776938
ADHFE1,0.06326407307625785
ADI1,72.03498602943368
ADK,23.044783829127365
ADO,8.503447379855404
ADPGK,27.32171793289799
ADPRH,3.806739627473149
ADSL,333.1781091839911
ADSS,120.13535403041337
ADSSL1,0.763320845029144
AFMID,4.867635974213902
AGA,65.66111375956939
AGK,3.1671528465354317
AGL,0.32319726254528086
AGMAT,0.0767336062681256
AGPAT1,0.5509778449029152
AGPAT2,86.920101139467
AGPAT3,12.25931585126614
AGPAT4,0.051216450029733185
AGPAT5,5.049690112844909
AGPS,13.135895268734405
AGT,0.054875768443462175
AGXT,0.0028738036505305126
AGXT2,0.07273189725255508
AHCY,10082.294822398442
AHCYL1,16.617775679038534
AHCYL2,1.6961984511292638
AICDA,7.967010817956833e-05
AK1,111.12457437634743
AK2,323.78662278439094
AK3,20.100393121959506
AK4,127.59471714484275
AK5,0.002537152108751575
AK7,0.06785013340103017
AKR1A1,374.6391494964275
AKR1B1,8.994271587527777
AKR1B10,339.6942910664793
AKR1B15,3.5333153657339995
AKR1C1,88.38134041326296
AKR1C2,30.570776215549227
AKR1C3,44.77897066817518
AKR1C4,0.014617500127086548
AKR1C8P,0.3354345050980549
AKR1D1,3.5763124860476507
AKR7A2,95.69682826508037
AKR7A3,0.03502339759616528
AKT1,3.761598667283059
AKT2,1.3049397675960712
AKT3,0.12447265612917029
ALAD,324.01101448206634
ALAS1,41.12367993889892
ALAS2,0.0028669589287967806
ALB,0.0005935434731513672
ALDH18A1,148.25765224550605
ALDH1A1,184.86803996042835
ALDH1A2,0.018295975277687924
ALDH1A3,47.371433182514366
ALDH1B1,1.0595406321993925
ALDH1L1,1.488605031392025
ALDH1L2,0.015377913542664592
ALDH2,1195.7999422710773
ALDH3A1,11113.487689551266
ALDH3A2,238.46711349302575
ALDH3B1,4.835547003413276
ALDH3B2,178.26620388496698
ALDH4A1,24.226843579282015
ALDH5A1,1.3153437595620614
ALDH6A1,1.5888364811350832
ALDH7A1,17.07087091283384
ALDH9A1,1127.6788797002928
ALDOA,5534.569195571534
ALDOB,0.0002844849287407074
ALDOC,16.314313683514207
ALG1,0.9323410506430079
ALG10,0.2442016254330288
ALG11,0.5508442900281028
ALG12,9.581080356602497
ALG13,2.4608883177913805
ALG14,7.1655918279193065
ALG1L,0.30752990449839473
ALG1L2,0.0004007239502452871
ALG2,43.9115883007381
ALG3,1.7422334502900056
ALG5,26.539668775462335
ALG6,3.0393300549368116
ALG8,15.507643396289895
ALG9,1.154982035519959
ALK,0.00027074816597803163
ALLC,0.001165172131938932
ALOX12,29.30003076051659
ALOX12B,0.998291797325739
ALOX15,0.023536259249655737
ALOX15B,4.265345647835433
ALOX5,2.5434271270875213
ALPG,2.1334538652401167
ALPI,9.15870380509274e-05
ALPL,0.57954997688877
ALPP,7.659644364092434e-05
AMACR,25.492083632688413
AMD1,109.11887398930004
AMDHD1,0.006004034983565792
AMDHD2,1.6055923294908552
AMFR,0.3438879721855734
AMHR2,0.00014784001353414998
AMN,1.350455440793585
AMPD1,0.013577018288008775
AMPD2,4.4274841042297775
AMPD3,3.876015264777383
AMT,0.09871766384293297
AMY1A,0.0002022054742576656
AMY1B,2.6438139326066277
AMY1C,2.6438139326066277
AMY2A,0.0009667382320467909
AMY2B,0.0743075709333285
ANAPC11,53.810127584127365
ANGPTL4,7.270644815450132
ANKRD1,0.013064215284272485
ANPEP,1.0403645886826554
ANXA3,479.03323511521086
AOAH,0.581673911957445
AOC1,0.022327631781835014
AOC2,0.022891336289787994
AOC3,0.27006889965053743
AOX1,0.6235792006641425
APOA1,0.003735908655000347
APOA2,180.33762034675766
APOA5,0.11645175048604357
APOB,3.5954897345929125e-05
APOC1,1.4204927721453304
APOC2,27.211319250515267
APOC3,46.87519708233557
APOE,5.961525025689436
APRT,1258.5208805902885
AQP1,32.543156803198585
AQP10,0.0013010812343529543
AQP2,0.0035433327834609334
AQP3,17248.662843007965
AQP4,0.0019127288705745491
AQP5,59.024288745864375
AQP7,0.050810231919480926
AQP8,0.0013549453552618189
AQP9,0.011404767719083487
ARAF,0.7466315207022375
ARCN1,151.70368846223872
ARG1,0.400824475952204
ARG2,13.68245417895922
ARSA,8.125690294296062
ARSB,0.36752075352609836
ART1,0.0002523964186317098
ART3,0.004734323738460127
ART4,0.009151978737575586
ART5,0.0010335982672980372
AS3MT,0.000277475874842617
ASAH1,94.47993029590243
ASAH2,0.0008230914586260248
ASH1L,0.008406958441839103
ASL,257.7943340930309
ASMT,0.0566304971118221
ASNS,91.26731742251931
ASPA,0.08936831898712543
ASPG,58.91975079932379
ASPH,58.754666298268965
ASRGL1,0.04989835041765308
ASS1,236.9148488129622
ATE1,3.1514882395965764
ATIC,297.27655480862745
ATM,0.24456398809718738
ATP10A,0.26665154838628363
ATP11A,1.5130535206239133
ATP11C,0.7947539131408484
ATP1A1,128.87995594209912
ATP1A2,0.040990770288424835
ATP1A3,0.035944706581684374
ATP1A4,0.0007212627510769288
ATP1B1,453.91887730906956
ATP1B2,0.038018865604247415
ATP1B3,75.66867190225574
ATP1B4,0.020317090524169256
ATP2B1,4.825687008758383
ATP2B2,0.005098388358681275
ATP2B3,6.217856248807512e-05
ATP2B4,10.538348063470865
ATP4A,0.003782444375477425
ATP4B,0.2703572249398832
ATP5F1A,124.53265572432873
ATP5F1B,167.30632217246165
ATP5F1C,21.50971022167614
ATP5F1D,155.46511749348954
ATP5F1E,125.55773209538297
ATP5MC1,4.311892001287344
ATP5MC2,2.868050998110428
ATP5MC3,5.997867959791037
ATP5ME,117.38991896387836
ATP5MF,1.481717785000078
ATP5MG,179.57272888452187
ATP5MGL,23.718922705117464
ATP5PB,5.524565248774745
ATP5PD,6.7181129554220975
ATP5PF,4.959033242795014
ATP5PO,42.13932100131758
ATP5S,0.3354345050980549
ATP6V0A1,0.8374028520832735
ATP6V0A2,0.3941614868238701
ATP6V0A4,16.556044097260756
ATP6V0B,199.0071624259582
ATP6V0C,675.0881011599224
ATP6V0D1,437.5651966927808
ATP6V0D2,0.0008486555893430941
ATP6V0E1,431.69708754335863
ATP6V1A,117.56745931912708
ATP6V1B1,0.002139534427726295
ATP6V1B2,343.3295813915871
ATP6V1C1,6.7241246343287235
ATP6V1C2,1.9136599484040784
ATP6V1D,77.45429919061448
ATP6V1E1,100.97607778900846
ATP6V1E2,0.11198687878573287
ATP6V1F,43.64833277369268
ATP6V1G1,46.80995063764368
ATP6V1G2,0.0004231058229929465
ATP6V1G3,0.2330917175245828
ATP6V1H,16.179750615091642
ATP7A,1.0474772396577487
ATP7B,0.01668869257858548
ATP8A1,0.08077000250200253
ATP8B1,6.049779229045547
ATP8B2,0.4648922915621591
ATR,0.02513873335201084
AUH,1.4724520027655446
AURKA,0.055259071588979976
AURKB,4.410636491741107
AURKC,0.07376529476329889
AWAT1,0.000228848591417123
AWAT2,0.6905945531355334
AXL,0.018841787768471122
AZIN2,0.7963414524148358
B3GALNT1,1.5453565865925734
B3GALNT2,5.995901590073517
B3GALT1,0.00011731344655629846
B3GALT2,0.0038003474540448724
B3GALT4,1.0069831468797936
B3GALT5,0.17455689118929205
B3GALT6,6.199076606218691
B3GAT1,0.0029613894398694274
B3GAT2,0.18502305591754267
B3GAT3,5.7394485033012455
B3GLCT,0.7866139610071975
B3GNT2,14.0154645279394
B3GNT3,92.56098836060123
B3GNT4,0.06585337311835764
B3GNT5,37.03014191423089
B3GNT6,1.679224663694656
B3GNT7,1.3202627110264322
B3GNT8,27.334907340181594
B3GNT9,0.48504151692220615
B3GNTL1,0.44703008929399735
B4GALNT1,0.014735050198784985
B4GALNT2,0.018653473866938896
B4GALNT3,4.132953920701101
B4GALNT4,0.15753682169188715
B4GALT1,123.83642921466394
B4GALT2,27.381804741925045
B4GALT3,9.218651251592021
B4GALT4,24.60843996546076
B4GALT5,48.076251133858726
B4GALT6,0.24025728339000008
B4GALT7,6.778691848051897
B4GAT1,2.277812689362301
BAAT,0.001331581312223613
BARD1,0.5579736851221481
BBOX1,0.6241180678481624
BCAP31,1641.8434241532386
BCAT1,0.12149089692459243
BCAT2,12.092314708422338
BCHE,0.013231535892794714
BCKDHA,13.266799785422494
BCKDHB,1.9649090839123633
BCKDK,15.699649827940068
BCO1,0.06461878427195712
BCR,1.118541276437305
BDH1,19.014844188601163
BDH2,0.7503014784892111
BHMT,0.0018369276473344683
BHMT2,0.10001897471052591
BIRC6,2.0750814194799094
BLK,0.026771834365214842
BLVRA,921.268951855631
BLVRB,2322.834793085342
BMP1,3.653105446763617
BMP2K,0.23447705541420008
BMPR1A,0.6614446648145778
BMPR1B,0.02249695309496319
BMPR2,2.631992029736843
BMX,0.1289011603132738
BPGM,7.333364571147897
BPNT1,9.749259094732384
BRAF,0.41699571465068536
BRAP,0.14913143286218733
BRPF1,5.268254750285878
BRSK1,0.012296021594255387
BRSK2,0.0012201621974393174
BSCL2,0.27286034524169833
BSG,61.5398827022127
BTD,3.0399855378740455
BUB1,3.242523205326249
BUB1B,0.1994104223258109
C1GALT1,2.691748967966612
CA1,0.00021220325846051883
CA12,127.2394761232538
CA13,32.38668863275674
CA14,0.018299315088631505
CA2,9.153059151903973
CA3,0.029114809046400396
CA4,0.04164415141337435
CA5A,0.08417582761312976
CA5B,0.16856062470979735
CA6,0.05564727232306603
CA7,0.00014955096543568452
CA8,0.0036474628118736796
CA9,0.04227696142729966
CAD,35.669664709727
CALM1,411.0469699817551
CAMK1,1.6837129346499258
CAMK1D,2.206412359715956
CAMK1G,0.0005137675123167422
CAMK2A,0.0016898181080857132
CAMK2B,0.029327671038880093
CAMK2D,102.86846170591511
CAMK2G,4.664107415085352
CAMK4,0.017015916731862504
CAMKK1,0.5728789046246487
CAMKK2,4.038318243760119
CANT1,38.91746506988344
CARM1,11.867178353640345
CARNS1,0.005571326280882421
CARS,19.465072937502473
CARS2,12.510077056092788
CASK,7.796837501999166
CAT,38.04459750765415
CBLC,48.97549764640074
CBLL1,2.836803506428324
CBLL2,0.027434690025870352
CBR1,219.69784176857362
CBR3,153.42067496424445
CBR4,26.812156326007226
CBS,0.03940933301316321
CBSL,0.3354345050980549
CBX1,49.500005320248995
CCNB1IP1,8.536665109206082
CD36,0.37546477098341474
CD38,0.4466339916501073
CDA,271.69944209089294
CDC14A,0.06793762478958675
CDC14B,0.3266017433389401
CDC25A,1.3966938412128036
CDC25B,8.786699462073093
CDC25C,0.45598395660671087
CDC34,3.871386286803512
CDC42BPA,0.27957593483372123
CDC42BPB,2.2843686279511397
CDC42BPG,11.251695416279153
CDC7,1.5522959442497792
CDIPT,64.67165428815555
CDK1,10.223476242697272
CDK10,16.562935983673665
CDK11A,1.6821267971937777
CDK11B,6.092295649912086
CDK12,4.434942992163546
CDK13,6.93993212724262
CDK14,0.036265021672285486
CDK15,0.0038811038682629185
CDK16,28.786673056760776
CDK17,1.6080033936307119
CDK18,1.0735550734714872
CDK19,2.7017648589408205
CDK2,11.411882165346714
CDK20,0.30895949749120444
CDK3,1.5727061588340354
CDK4,10.149352226781039
CDK5,13.135395263569157
CDK6,10.061017623004949
CDK7,85.36176813147158
CDK8,3.4545400682246963
CDK9,26.025146304437037
CDKL1,0.5902514816440471
CDKL2,0.00200896658996382
CDKL3,0.014016725133641477
CDKL4,0.0001924947072712222
CDKL5,0.2380834093181829
CDKN3,10.401738245677414
CDO1,0.061193152797751775
CDS1,17.41525763081237
CDS2,1.4347687117641603
CDY1,0.256335927830294
CDY1B,0.256335927830294
CDY2A,0.04923577690024244
CDY2B,0.04923577690024244
CEL,3.4304994971760845
CEPT1,4.218952822473173
CERCAM,1.2297744588357757
CERK,7.631676228726618
CERS1,0.0010626659286121303
CERS2,39.01055478199008
CERS3,55.50856306347654
CERS4,45.44322848377125
CERS5,10.910197186227247
CERS6,1.917150259193731
CES1,5.763151221475832
CES2,167.92167304476487
CES3,0.028508047035710207
CES5A,0.03703753789261324
CFTR,0.1922173183739657
CH25H,45.95352095009525
CHAT,8.262899870064696e-05
CHD9,1.8755495126688508
CHDH,0.06825851474312078
CHEK1,0.5576927085305718
CHEK2,3.566535789386287
CHFR,6.95434297509426
CHI3L1,4.2378894323331275
CHIA,0.34819723870797287
CHIT1,0.0026386024584180326
CHKA,0.6432712601210802
CHKB,0.01129168086611371
CHMP4A,32.96376369878231
CHPF,21.74682448907694
CHPF2,6.937582105933599
CHPT1,10.310869817142507
CHST1,0.06562173055681719
CHST10,0.2345517721118276
CHST11,0.7549593721650172
CHST12,1.2114135642753632
CHST13,0.0008439433590224869
CHST14,0.2408150886116741
CHST2,0.12788222478902175
CHST3,3.4053629396535396
CHST4,0.021095118509371433
CHST5,0.0009730979392560754
CHST6,0.010914119711506376
CHST7,0.17021680605350997
CHST8,0.012151336747882015
CHST9,0.3317907608686779
CHSY1,10.428645890091827
CHSY3,0.011747609183222187
CHUK,0.913803559443852
CHURC1-FNTB,3.2507362769424972
CIDEA,5.054270727982063
CINP,0.9121595438046564
CIT,1.1372382002743175
CKB,23.033281453579914
CKM,0.017078653636409025
CKMT1A,89.92468992673109
CKMT1B,64.1541771720601
CKMT2,0.10651817392602286
CLC,0.004099622833569281
CLCF1,0.3148824635050048
CLK1,0.586047694455266
CLK2,6.369008434207106
CLK3,0.5917081472859336
CLK4,0.19542474924899472
CLOCK,2.123083008496867
CLPS,9.828993754263943
CLTRN,0.5786685643266595
CLYBL,0.4685720355920817
CMA1,0.6034975117345218
CMAHP,0.08144550127695835
CMAS,84.00222702808774
CMPK1,729.9373527883936
CMPK2,0.1664834694198037
CMTR1,4.115778316984253
CNDP1,0.00011487972675702177
CNDP2,30.732263925058614
CNOT4,2.1563880113101472
CNP,25.264704892085362
COASY,601.9049484838612
COL4A3BP,2.077246529355795
COLGALT1,4.827811645801103
COLGALT2,0.08819212596505183
COMT,122.71480261579593
COMTD1,964.522259906809
COP1,0.4785008438550989
COPA,116.04961984942757
COPB1,166.96514244988413
COPB2,74.41727848132926
COPE,725.6864386732728
COPG1,127.65594804110192
COPG2,105.66320466104673
COQ2,7.551884903284824
COQ3,5.837849351537583
COQ5,1.477664610565088
COQ6,4.028627542434869
COQ7,0.14820629971058166
COX1,7.766401376158287
COX17,10.456647834189852
COX2,5.3369352212394165
COX3,0.33446363282071023
COX4I1,1051.309967975435
COX4I2,0.20405589896080914
COX5A,349.8649936950917
COX5B,539.1525801762792
COX6A1,11.902866754616339
COX6A2,0.0013362005128790269
COX6B1,145.40429817651557
COX6B2,0.3159325571354126
COX6C,143.3080444161649
COX7A1,6.359621455722043
COX7A2,33.47898114588419
COX7A2L,104.41532829035275
COX7B,1172.7995344923982
COX7B2,0.0009694553703749816
COX7C,303.3831530400845
COX8A,2271.554073032972
COX8C,0.0010030731440061782
CP,0.08533864924522623
CPA1,0.0011838804962391559
CPA2,0.3260077156250784
CPA5,0.00036027761803560164
CPA6,0.054156246843577775
CPOX,45.03358483996808
CPS1,0.12601833901716444
CPT1A,0.39489047829151486
CPT1B,0.010663857021773221
CPT1C,0.25619698245170963
CPT2,77.4542662906161
CRAT,4.468408220832911
CREBBP,0.10364915619723647
CRLS1,2.665463835205549
CROT,16.37396613966139
CS,3685.070587395037
CSAD,0.9979933351241669
CSF1R,9.86305228038379
CSGALNACT1,0.3127324397066436
CSGALNACT2,0.868943446286254
CSK,117.2079415757282
CSNK1A1,92.59954976912748
CSNK1A1L,0.06251508823664627
CSNK1D,71.54772182074664
CSNK1E,1.6163985158544272
CSNK1G1,2.0148779975086284
CSNK1G2,23.178627770394872
CSNK1G3,3.4331723008409143
CSNK2A1,235.37910652061905
CSNK2A2,160.1657260350096
CSNK2B,53.081677870044864
CTBP1,66.85381828026391
CTDP1,1.239136261750325
CTDSP1,57.54981150598204
CTDSP2,41.458142538567245
CTDSPL,8.008808800403495
CTDSPL2,1.0419607305274166
CTGF,0.3354345050980549
CTH,0.11455721877550688
CTPS1,0.2774814774265704
CTPS2,0.9073073237045816
CTSA,139.79939048351557
CTSB,1184.9991016389727
CTSC,18.87862946759748
CTSD,3767.3029839343594
CTSE,0.03998830104686887
CTSF,3.554295361813389
CTSG,1.0688205834845113
CTSH,77.06126428428705
CTSK,12.628886284694572
CTSL,22.309476873829027
CTSO,2.472064222977519
CTSS,10.254900549073213
CTSV,0.5139622638412911
CTSW,0.3483711885128002
CTSZ,4.312506243793314
CUBN,0.002325601754838233
CWC27,6.629073669356692
CYB5D1,1.6936338538287539
CYB5R1,69.0518655219498
CYB5R2,11.179179709560492
CYB5R3,1413.8578346308623
CYBB,1.875381506164067
CYBRD1,12.786633071739722
CYC1,582.5794567025845
CYLD,1.9586946214223635
CYP11A1,7.482793712935191
CYP11B1,0.8426372984421979
CYP11B2,0.08105018928386314
CYP17A1,0.0007854583776294394
CYP19A1,0.0007458190858171916
CYP1A1,0.7050764870328267
CYP1A2,0.024621680279318974
CYP1B1,4.111525689571673
CYP21A2,2.1694894880902347e-05
CYP24A1,11.050665479089947
CYP26A1,0.008534778202261483
CYP26B1,0.3567475750834686
CYP27A1,1.6354985335307015
CYP27B1,0.19053670700885342
CYP2A13,0.00016123912547339213
CYP2A6,0.05377674440315811
CYP2A7,0.05996477628878289
CYP2B6,0.0002004395023363312
CYP2C18,34.11208946931685
CYP2C19,0.111892134130596
CYP2C8,0.0043682895584764864
CYP2C9,0.11396304642851844
CYP2D6,0.06270369293030567
CYP2E1,55.303447671613505
CYP2F1,0.5391968997564038
CYP2J2,4.4494369253807795
CYP2S1,77.4076103969064
CYP2U1,0.14477501245983954
CYP39A1,0.3035571368375328
CYP3A4,0.007698423032087411
CYP3A43,0.00033795123637393005
CYP3A5,1.1060440345372116
CYP3A7,0.00012515167967022377
CYP46A1,0.002437219441993161
CYP4A11,0.0007580813643361829
CYP4B1,33.85546991795442
CYP4F11,2.659367171454932
CYP4F12,12.696970480266765
CYP4F2,0.013982764395881104
CYP4F22,16.20182016560502
CYP4F3,2.283570491677923
CYP4F8,0.0011841965087444994
CYP4V2,0.4081261299430663
CYP4X1,4.175375977964511
CYP4Z1,0.005532233376072949
CYP51A1,87.49700793240665
CYP7A1,7.627155413933064e-05
CYP7B1,2.615854629665708
CYP8B1,0.001341364151639194
CYTB,10.283962318241796
DAD1,577.6085673620224
DAGLA,0.3783875170043983
DAGLB,4.59805916969266
DAO,1.8577966562707513
DAPK1,1.3381401826637778
DAPK2,0.35970764759712825
DAPK3,2.884782291249075
DARS,2725.0038791650395
DARS2,3.254145348966415
DBH,0.0015795947368647462
DBI,557.4792253107029
DBT,0.871411455908601
DCK,6.316568812517121
DCLK1,5.31367036702332
DCLK2,0.018513235396715223
DCT,0.0002897518578896889
DCTD,14.773406498438407
DCTPP1,48.37715809483161
DCXR,174.15063015881253
DDAH1,6.268592313572919
DDAH2,7.272709741474077
DDC,0.012128984329300728
DDO,0.009446931810347321
DDOST,535.875807577976
DDR1,9.65755754157895
DDR2,0.13104212293173992
DECR1,112.50497605938662
DECR2,5.838170814330244
DEGS1,6.298096683471498
DEGS2,8.001972260053119
DERA,60.69432284494098
DGAT1,12.504430261541994
DGAT2,42.27278144538184
DGKA,129.53891768153957
DGKB,9.359516430983755e-05
DGKD,0.4053549567379
DGKE,0.13851379680884054
DGKG,0.006447359013163107
DGKH,0.16838893219460976
DGKI,0.00029104740417151397
DGKQ,2.3704195087571613
DGKZ,3.30765177568884
DGUOK,17.695948126744717
DHCR24,12.754901086403395
DHCR7,12.964267451831157
DHDH,0.3357437604116207
DHFR,191.70322529493362
DHODH,2.034831953373089
DHRS2,0.005767213940068213
DHRS3,122.1690183278092
DHRS4,185.63873560598577
DHRS9,12.386136101365944
DIO1,0.02790387981503857
DIO2,47.54983752235565
DIO3,0.00035402155024140625
DLAT,386.8895711879598
DLD,723.9742701022191
DLST,140.79334318202334
DMGDH,0.003840849315771604
DMPK,3.8620151199270856
DNAJC6,0.0062689478746377
DNMT1,8.682595004207611
DNMT3A,0.6927504260683178
DNMT3B,0.034108287083023665
DNMT3L,0.000169240194479918
DOLPP1,15.812957752493709
DOT1L,5.821014552335689
DPAGT1,17.25540774629683
DPEP1,0.0017651338932632124
DPEP2,0.0914369296137633
DPEP3,0.05168794657761144
DPH5,47.89542528696788
DPM1,823.709614417795
DPM2,23.254982039543556
DPM3,10.558277553870443
DPYD,7.026151158632419
DPYS,0.001410828277692469
DPYSL2,523.3690540137519
DPYSL3,42.872532947994195
DSTYK,1.0148777187719713
DTYMK,20.9141364761406
DUOX1,136.71260337236282
DUOX2,10.603275797123121
DUPD1,0.11783200419515537
DUSP1,2732.3310068757214
DUSP10,1.1184585108794658
DUSP11,36.13130457598513
DUSP12,3.9461467448628618
DUSP13,0.025783072377457195
DUSP14,1.176979861619479
DUSP15,0.005535332520752161
DUSP16,7.756434915757743
DUSP18,0.4830828035991739
DUSP19,0.016760161930543055
DUSP2,6.46582926709478
DUSP21,0.08186674790155296
DUSP22,44.536230540406265
DUSP23,77.90241018276377
DUSP27,0.19340183535026034
DUSP28,0.21231971988040232
DUSP3,129.04304513105427
DUSP4,0.3375768440118067
DUSP5,106.30262409935065
DUSP6,9.926586863376048
DUSP7,92.78790780432998
DUSP8,0.05052934150022064
DUSP9,0.5795179420008028
DUT,165.94350276597467
DYRK1A,6.385971144218435
DYRK1B,1.947407194039798
DYRK2,1.4086767412456127
DYRK3,0.4089863840014395
DYRK4,2.8088312853629898
DZIP3,0.290538615056207
EARS2,0.6632321513336689
EBP,713.7807448948689
ECH1,268.74336343754004
ECHDC2,32.071898210967134
ECHS1,409.07287443155997
ECI1,51.99826488483003
ECI2,5.894881481667719
EGFR,2.3316851247469748
EHHADH,1.1249217124381985
EHMT1,0.5662646990593169
EHMT2,0.09638650595569367
EIF2AK1,26.102084688645757
EIF2AK2,11.384904164568056
EIF2AK3,2.6591058085624732
EIF2AK4,0.13517528302668194
EIF4EBP3,2.5121954979786256
ELOVL1,21.275742343526083
ELOVL2,0.021382928217264608
ELOVL3,0.0007274261758525282
ELOVL4,3.9053930975580657
ELOVL5,0.6757874296994583
ELOVL6,12.941073241333244
ELOVL7,0.3715741737609029
ELP3,1.5448383855774386
ENGASE,0.812399638850256
ENO1,3540.612582566929
ENO2,0.29394404249702416
ENO3,2.395666711479337
ENOPH1,124.46524199194366
ENPP1,0.011159557776390116
ENPP2,1.045663671073779
ENPP3,0.0012818477996824622
ENPP6,0.0032439179218163926
ENPP7,0.2621620114119895
ENTPD1,0.6143781178168584
ENTPD2,0.3925227896862446
ENTPD3,3.018638921864115
ENTPD4,3.069484330943921
ENTPD5,2.5591247940139636
ENTPD6,14.293934089857073
ENTPD8,0.0063297792650744995
EP300,1.177642882088781
EPHA1,50.70964186231298
EPHA10,0.027639321528939283
EPHA2,11.30816137735599
EPHA3,0.009533281831456186
EPHA4,0.6427914076900244
EPHA5,0.00013634754048146822
EPHA6,0.006121681311406328
EPHA7,0.004610931308602521
EPHA8,2.9084628144048753e-05
EPHB1,0.00752776541677483
EPHB2,0.01508335821968131
EPHB3,20.593202103573997
EPHB4,0.8416267098510286
EPHB6,8.924738778002723
EPHX1,220.86861256676548
EPHX2,24.55103599449796
EPM2A,0.2117667688027339
EPRS,36.92103061433376
EPX,0.0009683669996590927
ERBB2,1.0251196356313934
ERBB3,41.30271121631291
ERBB4,2.5074453741642912e-05
ERN1,0.3240186018304945
ERN2,0.0030064310109695794
ESD,825.3066336687823
ETFA,3633.3644615034323
ETFB,2368.600035197423
ETFDH,29.899799518156204
ETNK1,2.210584456899873
ETNK2,6.772843913618205
ETNPPL,1.3663166774328985
EXT1,18.46576346261726
EXT2,14.062147623562126
EXTL1,0.002293567072498776
EXTL2,1.4790587433829594
EXTL3,5.110409130037025
EYA1,0.0033695637382945925
EYA2,53.097862717386796
EYA3,1.1129285011163779
EYA4,0.000402835896821067
EZH1,1.5329100483841702
EZH2,0.09659511022530833
F13A1,10.674303501130739
F13B,0.952082265681838
F2,37.171748814504454
FAAH,3.6363569415790815
FAAH2,4.320557052593863
FABP1,53.54695633547291
FABP12,0.18088094528614732
FABP2,2.0423800119197857
FABP3,0.6780098774419999
FABP4,0.85873497067401
FABP5,4290.986552737073
FABP6,0.3302949437445405
FABP7,2.482310752887457
FABP9,1.0553661478381027
FADS1,0.15852199162908243
FADS2,0.20954335774605287
FADS3,0.07096267918064368
FADS6,0.156762844893199
FAH,10.031210458868296
FAM20B,5.075835806454095
FANCL,3.474068056638255
FAR1,40.81445963363963
FAR2,0.15848686376080992
FARS2,1.6123780927283502
FARSA,1300.8821160565699
FARSB,3.3105604648007634
FAS,5.772239173975419
FASN,43.029252879937125
FASTK,43.9458026492123
FAXDC2,0.014854582046724449
FBP1,1.7314061965581566
FBP2,0.0002547622674742989
FDFT1,136.49851877396628
FDPS,91.82788038479931
FDXR,17.868325659607084
FECH,1.2236657236123911
FER,0.584256621653552
FES,1.1491391874066668
FGA,6.990622680771628
FGFR1,1.3429128767046599
FGFR2,5.281764734213118
FGFR3,144.520270287417
FGFR4,0.07257669163566068
FGGY,1.3366805261247117
FGR,3.0102375187638937
FH,557.8776406983314
FHIT,1.0920917690383596
FHL2,22.487713910208715
FIG4,3.2654645628797545
FITM1,0.06131107645766343
FITM2,0.6054204737130114
FKBP10,3.6943236926988194
FKBP11,10.249328537359695
FKBP14,1.5746570415821142
FKBP1A,247.99371043761036
FKBP1B,2.0327207307527
FKBP2,646.5735936021772
FKBP3,580.5254558474917
FKBP4,460.7234688746548
FKBP5,4.44191581028352
FKBP6,0.0345624960497994
FKBP7,2.1840302059830146
FKBP8,30.23075984818348
FKBP9,29.275912670276778
FKBP9P1,0.3354345050980549
FLAD1,5.657739228924429
FLT1,0.24572984445732246
FLT3,0.0610895193109586
FLT4,0.08738634489059206
FLVCR1,0.531435851364371
FMO1,3.6069608778464843
FMO2,166.15235534410814
FMO3,0.3661384389947271
FMO4,1.03999136700249
FMO5,0.03290751406140737
FMO6P,0.005355949859143841
FN3K,0.6444345022737693
FN3KRP,8.036778864994709
FNTA,60.38057453969008
FNTB,0.11669233125633553
FOLR1,0.015222754758087684
FOLR2,6.670277400349616
FOLR3,0.0014215391712056559
FOSL1,79.71386162895772
FPGS,1.0762321490822342
FPGT,1.5608699344241215
FRK,1.1036357544021884
FRMPD2,3.029797677085921e-05
FTCD,0.0003519760626996466
FTMT,0.3764543508002139
FUCA1,10.749611585319677
FUCA2,7.33785426280253
FUK,1.5909634999633677
FUT1,0.9165350284651612
FUT10,0.3359603706298573
FUT11,1.6314109158123618
FUT2,12.894779635670108
FUT3,197.41092682745662
FUT4,0.24173566594788892
FUT5,0.1621642143059953
FUT6,49.23625601429248
FUT7,0.10021422608434509
FUT8,0.10898786553722273
FUT9,0.00018651581237495742
FYN,10.834695525527831
G0S2,3.1686941450317745
G6PC,0.2573661812362027
G6PC2,0.018216384410824384
G6PC3,14.724542492419094
G6PD,441.8677207443186
GAA,11.634985896072005
GAD1,0.027810097574918327
GAD2,7.34093218872225e-05
GAK,3.022242632349151
GAL3ST1,0.7161246838661824
GAL3ST2,0.0011590445337038675
GAL3ST3,6.123825077965836e-05
GAL3ST4,0.564794385748404
GALC,0.7855547395627094
GALE,96.9352252116695
GALK1,185.86382800030066
GALK2,14.95527589394966
GALM,1.0925491003279821
GALNS,5.45021431583182
GALNT1,120.92649446868916
GALNT10,0.11963499041311196
GALNT11,6.255236666070355
GALNT12,20.354923977741457
GALNT13,0.03923368964507123
GALNT14,5.539909658235612
GALNT15,0.0116113720313577
GALNT2,12.723481060822083
GALNT3,27.23671400714126
GALNT4,0.005501399256508292
GALNT5,7.73754806815897
GALNT6,0.23918160581661854
GALNT7,0.5427977610139715
GALNT8,0.00012009067901416741
GALNT9,0.0008675696125234164
GALNTL5,0.43999999999999995
GALT,11.267731744958839
GAMT,4.133332723819281
GANC,1.9555950178420523
GAPDH,33061.44545757479
GAPDHS,0.0334542278558661
GARS,299.5348095890303
GART,105.11802977183034
GATM,1.8596711229745215
GBA,17.99174823740016
GBA2,5.890600860430901
GBA3,0.0003427652204670822
GBE1,10.24949958176878
GBGT1,0.6861046656156362
GC,0.1128901827185453
GCAT,101.39418441354096
GCDH,6.612213515185623
GCH1,7.81719305383676
GCK,0.00019835380407826755
GCLC,9.203344046451324
GCLM,33.982384267412044
GCNT1,0.44123528051923305
GCNT2,0.29185905695174624
GCNT2P,0.3354345050980549
GCNT3,76.98233806196232
GCNT4,0.069361231968762
GCNT7,0.0010478915081000625
GCSH,0.1554153829246771
GDA,0.536785413197647
GDE1,14.993817309545543
GDPD2,0.05446138218537759
GFPT1,115.63703355037993
GFPT2,1.3434583160917586
GGCT,81.51843259845246
GGH,31.02419196253481
GGPS1,263.36274518428513
GGT1,0.04464507994086995
GGT2,1.2557625587889092
GGT3P,0.0015038157571071941
GGT5,1.1451459967769273
GGT6,84.56560818589922
GGT7,0.9197919337628927
GGTLC1,0.5642767148917974
GGTLC2,0.005720594290591682
GIF,0.3354345050980549
GK,1.563005141489876
GK2,0.9456388863331135
GK3P,0.06084776363360842
GLA,10.032116081503629
GLB1,7.7454495684104385
GLB1L,0.25433623333518085
GLCE,0.23834520493789185
GLDC,0.06101842449433023
GLIPR1,1.4535823116117361
GLO1,784.9034756167207
GLRX,23.42330183036305
GLRX2,6.023427517357013
GLS,25.230808467028872
GLS2,1.2411153075946981
GLT6D1,0.06930364432416915
GLT8D1,0.4770756293997668
GLT8D2,0.6527203926506435
GLTP,183.73213366200676
GLUD1,546.9802434137545
GLUD2,40.83788353922406
GLUL,15.675865018439584
GLYAT,26.66571856032572
GLYCTK,0.3351037781065656
GM2A,104.83807022753331
GMDS,218.30349920568972
GMPPA,14.18323726120387
GMPPB,417.9824943518887
GMPR,0.08157502033348252
GMPR2,33.1335557372158
GMPS,195.02966351546968
GNE,5.4856623079364395
GNMT,0.015297364203815812
GNPAT,11.54591244414219
GNPDA1,9.615945072709549
GNPDA2,1.5185018056193462
GNPNAT1,33.01730577073965
GNPTAB,3.3319134942544357
GNS,5.864333097897048
GOT1,3503.057532374848
GOT2,2246.837622185052
GPAA1,85.94008018708506
GPAM,0.05351089519146054
GPAT2,0.017766007953246753
GPAT3,0.6582069289240687
GPAT4,1.352005973421296
GPCPD1,3.1406929867949325
GPD1,0.018037023405558357
GPD2,185.9162777909337
GPHN,5.808719774078669
GPI,1858.9749531111718
GPIHBP1,0.05039976125287052
GPLD1,0.010406331350209833
GPT,1.757015675174703
GPT2,91.34929866507636
GPX1,108.69787772058869
GPX2,241.20733904373316
GPX3,343.75987002690215
GPX4,76.19430041589638
GPX5,0.793289329058847
GPX6,2.01032323162201
GPX7,0.5011238795162803
GPX8,0.3195940169828223
GRHL1,113.06996958202294
GRHPR,130.34779816206927
GRK1,0.00012333631787871886
GRK2,4.014622265826703
GRK3,1.2623639556998993
GRK7,0.0013525785121358506
GSR,396.9673238961302
GSS,292.318292262113
GSTA1,15.942054157030721
GSTA2,0.03436064467905768
GSTA3,0.012528922975537931
GSTA4,91.30015059890778
GSTA5,0.0886318489453638
GSTK1,308.11552758547936
GSTM1,26.23193704190169
GSTM2,1.7137220188426858
GSTM3,116.3647087907011
GSTM4,13.771844651408257
GSTM5,11.658297683273748
GSTO1,920.569751762328
GSTO2,2.7306472511512143
GSTP1,28729.340624063756
GSTT1,27.134737620776132
GSTT2,0.028717529610357492
GSTZ1,18.877360186032725
GTF2F1,6.804583671133035
GTF3C4,0.8489432114796446
GUCA1A,0.0007641632728839154
GUCY1A1,2.9663227089166733
GUCY1A2,0.005126667502515888
GUCY1B1,1.0453859436592674
GUCY1B2,0.003129996511843686
GUCY2C,0.7963721898761084
GUCY2D,0.01904729538579784
GUCY2F,0.13808747592085474
GUK1,268.0354158923882
GUSB,3.5985844760015553
GYG1,12.302817832487555
GYG2,0.06654053008409051
GYS1,42.06412436693689
GYS2,0.31944894965420695
H6PD,10.410635686756052
HAAO,1.3117500087485898
HACD1,0.6699772991826155
HACD2,3.095013644366691
HACD3,4.330319334841662
HACD4,0.5979568033382378
HACE1,1.938011924383045
HACL1,4.194474488535931
HADH,883.2433503876711
HADHA,678.8660163360291
HADHB,82.53993406770434
HAGH,20.472989235106365
HAGHL,0.04995466054947087
HAL,1.9800456421148604
HAO1,0.0004698528695805014
HAO2,0.001413874864903025
HARS,191.78481643570285
HARS2,14.640607408743742
HAS1,0.03067310230770641
HAS2,0.30550360200128096
HAS3,82.04378813487494
HAT1,65.61572456221604
HCCS,10.071545033609787
HCK,6.680009278605239
HCST,6.532112778658264
HDAC3,0.9383665839624243
HDC,0.03918839335643667
HDLBP,93.31754897909563
HECTD1,6.588242681254917
HECTD2,0.24964998625567747
HECTD3,1.7433715233353095
HECW1,0.0005806182839923303
HECW2,0.5763312590859806
HELZ2,0.16199531088786426
HEPH,0.1797072882583765
HERC1,0.14268206427071056
HERC2,0.07589522908849178
HERC3,4.815375610850125
HERC4,9.89743675723091
HEXA,13.488140819898467
HEXB,1.355631238624778
HEXDC,0.3354345050980549
HGD,0.00013166743696135544
HIBADH,4.864420883986695
HIBCH,38.64253625830117
HIF1AN,5.577213600863625
HIGD2A,9.994192886893249
HIPK1,10.86176052660297
HIPK2,2.5507800013359954
HIPK3,9.433767434714056
HIRIP3,0.10224580148082374
HK1,590.8431643524204
HK2,26.263122240021342
HK3,0.10255740718018545
HKDC1,0.003245259403671257
HLCS,0.9816883523573022
HLTF,0.016040619076907688
HMBS,81.47263346080163
HMGCL,144.13312249050756
HMGCLL1,0.0010597737306072914
HMGCR,23.46269980588763
HMGCS1,62.69266258277838
HMGCS2,0.1910043208591012
HMOX1,119.12992625016155
HMOX2,264.4621686268776
HNMT,0.4172159432741932
HPD,0.006942611878514755
HPGD,215.22145054926605
HPGDS,0.5109330410980154
HPRT1,296.1501285234959
HS2ST1,3.3137690937120183
HS3ST1,9.565586866391238
HS3ST2,0.023424154693796728
HS3ST3A1,0.9592313815368253
HS3ST3B1,0.11158933211398676
HS3ST4,0.046888681955817635
HS3ST5,0.00023575390191804045
HS3ST6,0.5914037387021223
HS6ST1,29.957571379502657
HS6ST2,1.1215594173660544
HS6ST3,0.0017288973593635353
HSD11B1,0.1070562999271903
HSD11B1L,0.15930325063091197
HSD11B2,1.9294881032976718
HSD17B1,7.367420528899207
HSD17B10,289.47538538689764
HSD17B11,21.596461924156014
HSD17B12,255.3047348571995
HSD17B14,0.1424056526427683
HSD17B2,0.4692786936413049
HSD17B3,0.0009075598893565244
HSD17B4,104.36694788891715
HSD17B6,0.0364196972026544
HSD17B7,1.8121183662368132
HSD17B7P2,0.1522542421427447
HSD17B8,0.6165453351568023
HSD3B1,0.8561440324619417
HSD3B2,0.9278984217862639
HSD3B7,3.787935309406505
HSPG2,0.06926717531898458
HTATIP2,29.384105196000213
HUNK,0.16467415112255623
HUWE1,2.7863072276463443
HYAL3,0.6623589131146055
HYALP1,0.3354345050980549
HYI,15.133447674791238
HYKK,0.3304860018863759
IARS,839.5991388763861
IARS2,56.65178822643065
ICK,2.2321895053294907
ICMT,29.980066110557697
IDH1,86.46069872280987
IDH2,213.60395699690503
IDH3A,1308.7821286982178
IDH3B,216.5119907405378
IDH3G,86.20300407791844
IDI1,32.1796820562821
IDI2,1.6007667353893693
IDO1,0.34721502497690454
IDO2,0.0036087269951385332
IDS,10.069228843320495
IDUA,0.6782880195579563
IGF1R,3.851072584422206
IKBKB,10.245350423887032
IKBKE,2.935783817261968
IL4I1,0.11445219355239093
ILK,9.85568202145155
ILKAP,15.79778143541663
IMPA1,164.73305276760377
IMPA2,259.6371528055588
IMPDH1,16.448524238369668
IMPDH2,576.9257237495242
INMT,0.43477073774867914
INPP1,1019.2840150799683
INPP4A,0.6153770254303841
INPP4B,1.2668511176292239
INPP5A,14.569455933381901
INPP5B,1.1240259674174837
INPP5D,1.394266401709039
INPP5E,4.924057423529651
INPP5F,0.13174392700790485
INPP5J,0.060723218198465545
INPPL1,2.4263502023152252
INSL3,0.6461852593926258
INSR,0.5741763448634584
INSRR,0.1005050945541876
IP6K1,7.580585990371242
IP6K2,10.50648810204585
IP6K3,0.0015261376646448271
IPMK,1.108413776360576
IRAK1,74.41351743688271
IRAK2,2.3324706983096193
IRAK3,0.19748883790884192
IRAK4,5.971331358884493
IREB2,6.306029674834112
ISYNA1,7.010029132669286
ITK,0.15938489069316358
ITPA,553.8069956799565
ITPK1,6.1818423908394715
ITPKA,0.020288538806461427
ITPKB,2.1103228409822075
ITPKC,186.23931327547805
IVD,74.30277606899834
JAK1,28.6533053599994
JAK2,1.4300760154559435
JAK3,0.4313141282566065
JMJD7-PLA2G4B,0.0037304092081889132
KALRN,0.8558356183038983
KANSL3,3.185394831773056
KARS,471.80913959818685
KAT2A,9.735763150927394
KAT2B,16.00646157270539
KAT5,11.485949815202037
KAT6A,3.6685292111797088
KAT6B,0.6311152667193823
KAT7,4.36326956382864
KAT8,8.565393125504398
KCNJ11,0.007898708004184523
KCNJ8,0.030438129065037227
KDR,0.17168993403192007
KDSR,17.878868356524638
KHK,0.44229306292776155
KIT,0.2251541243474722
KL,0.010517975480241543
KMO,0.005154676519113942
KMT2A,0.1132089503784727
KMT2B,0.3354345050980549
KMT2C,0.02724143815923862
KMT2D,0.256842919373976
KMT2E,0.08892210317369556
KMT5A,0.08744585611927874
KMT5B,0.052531638327043204
KMT5C,0.3350355754164824
KPNA6,33.36792024461594
KYAT1,0.41426786262502635
KYAT3,10.315561941178165
KYNU,1.0019652143008542
L1CAM,0.10680125917697368
L2HGDH,0.5880095576868032
LALBA,0.09996023381633702
LAP3,742.8154162803565
LARS,264.01348824128036
LARS2,3.0389563183693578
LATS1,0.20014565272080131
LATS2,2.939870673936546
LBR,42.595054442633575
LCAT,0.5225413468431122
LCK,0.9584384211883948
LCLAT1,0.79380358233904
LCT,2.319443166744315e-05
LDHA,6617.422503000398
LDHAL6A,0.0013814398900205537
LDHAL6B,0.0018602595974009
LDHB,389.78977142864426
LDHC,0.20864493276219032
LDHD,5.802459465961107
LDLR,3.8400303668226936
LGALS13,0.16621830202908744
LGMN,73.3262861656852
LGSN,0.059118472577440906
LHPP,135.65170134745884
LIAS,0.39346053853615165
LIMK1,8.734589588375298
LIMK2,39.96319417388837
LIPA,18.76484837565943
LIPC,0.0909800923911004
LIPE,1.7081451492289876
LIPF,0.0002004395023363312
LIPG,0.016554253826032764
LIPT1,0.7032666570466476
LIPT2,0.17851510595201658
LMTK2,6.6687718784795065
LMTK3,0.4436925520411707
LOC102724197,0.3354345050980549
LOC286297,0.0008860173385876362
LOC344967,0.03299881069738162
LOX,0.12308198422004901
LOXL2,0.7083806760212864
LPCAT1,1.1815990085594528
LPCAT2,1.8146161582629072
LPCAT3,59.03477995969812
LPCAT4,2.885184540051006
LPIN1,6.61236499893258
LPIN2,0.7374866397128065
LPIN3,2.1075011856416426
LPL,0.04229214877551752
LPO,0.0005987180358641878
LRAT,0.01366286986287309
LRP1,1.8658863646438193
LRP2,3.048321746312378e-05
LRRK1,0.12811453775331977
LRRK2,0.3648544471611532
LRSAM1,3.321210072062718
LRTOMT,0.16811389902251372
LSS,51.34046074201293
LTA4H,791.1459318911711
LTC4S,0.46220811979059107
LTK,0.04473702738520823
LYN,5.0674305955115555
LYPLA1,157.43263443107625
LYPLA2,119.18461276375066
LYZL1,1.4145390562382973
MACROD1,3.361361927704741
MACROD2,0.025403154588443857
MAGEA2B,0.1626710879648594
MAK,0.010074770583448996
MAN1A1,0.669689927800685
MAN1A2,1.5530809762986035
MAN1B1,1.1482943626778925
MAN1C1,0.5803577455105493
MAN2A1,3.0285945772040757
MAN2A2,1.369587826721076
MAN2B1,34.523213584075755
MAN2C1,7.150562872852257
MANBA,1.2269796653145293
MANSC1,47.0889414061775
MAOA,482.3599586315353
MAOB,2.708664514714771
MAP2K1,353.6078364586303
MAP2K2,166.00196123816423
MAP2K3,22.705200664902502
MAP2K4,27.226087923612727
MAP2K5,2.416611541990532
MAP2K6,1.8203140365048622
MAP2K7,1.2941455407135671
MAP3K1,2.9315158290329744
MAP3K10,0.7264162838288913
MAP3K11,22.932008085849848
MAP3K12,0.10324730388567939
MAP3K13,1.1843979374268545
MAP3K14,3.5165003467358558
MAP3K15,0.001235057823317232
MAP3K2,1.8005970206730695
MAP3K20,0.20179825659102824
MAP3K21,0.03839897316107535
MAP3K3,2.404518009905102
MAP3K4,6.843917600485802
MAP3K5,7.158821551400511
MAP3K6,60.86650189005018
MAP3K7,0.389877956869912
MAP3K8,4.732842358683832
MAP3K9,2.473773399715403
MAP4K1,0.7684556905732174
MAP4K2,0.4260636366703623
MAP4K3,2.9595193544264786
MAP4K5,15.954799950847367
MAPK1,299.5569717790103
MAPK10,0.4146230986061104
MAPK11,1.407325179410481
MAPK12,0.09667677968320133
MAPK13,170.76197044366486
MAPK14,32.26067803350236
MAPK15,0.15060614877990047
MAPK3,196.64395902135308
MAPK4,0.0008497492152491574
MAPK6,32.941401228548564
MAPK7,6.283883266050957
MAPK8,4.582253785336439
MAPK9,1.9932891925462803
MAPKAPK2,2.2264073119518075
MAPKAPK3,35.96402044193533
MAPKAPK5,9.767668458096786
MARCH1,0.24325077309562643
MARCH10,0.0001761263800042017
MARCH11,0.007982758707868126
MARCH2,10.543103012049198
MARCH3,0.23681189566260133
MARCH4,0.015927672131572573
MARCH5,11.23414159386291
MARCH6,9.380499805919584
MARCH7,53.02670654267348
MARCH8,0.6947734475535694
MARCH9,1.3842715535302286
MARK1,0.7046270360898744
MARK2,42.720289319319484
MARK3,22.963743822380234
MARK4,3.3325961936012005
MARS,109.15687017088165
MARS2,5.999060918783796
MAST1,0.0016798797289485918
MAST2,1.571127074268116
MAST3,0.34855874329535447
MAST4,15.015561606582432
MASTL,0.0778635747114377
MAT1A,0.04360353213514462
MAT2A,202.34494359557556
MAT2B,128.7575774937466
MATK,0.1988323321446483
MBOAT1,2.0823668252621776
MBOAT2,50.90835718977257
MCAT,12.116741336625157
MCCC1,12.051224182182159
MCCC2,28.28490628151772
MCEE,4.775032927010883
MDH1,3313.9913270316542
MDH1B,0.00525836891390337
MDH2,10842.140677436448
MDM2,0.01364161281765027
MDP1,12.445365532856538
ME1,529.8150800446596
ME2,6.76326468590944
ME3,0.28250211507645095
MECR,4.268784304998959
MED1,0.3026789600376124
MELK,0.2560684182872557
MERTK,0.6275247614514834
MET,1.1573353514502698
METTL1,35.773442382994546
METTL3,8.100964608629635
MGAM,0.00011786587887134481
MGAT1,76.73094330990952
MGAT2,2.0443650673161913
MGAT3,0.08132502200130026
MGAT4A,0.5420298779537693
MGAT4B,25.36033746013608
MGAT4C,0.001157216651104406
MGAT4D,0.02696149145334556
MGAT5,2.8781543452275478
MGAT5B,0.002439488510994943
MGLL,133.0622015115025
MGMT,11.776751670174137
MGRN1,4.981199915247149
MGST1,604.9783011198239
MGST2,183.14242631579367
MGST3,32.295610282133474
MIA3,3.4648793256881376
MIB1,1.7321816674347537
MIB2,5.207589129373094
MID1,2.0639808783462485
MIF,140.49615036235662
MINK1,0.5071540615969993
MINPP1,0.4649737773777473
MIOX,0.0011738413323731027
MIP,0.0013612905730379303
MKNK1,8.533406172381085
MKNK2,118.98603173112262
MKRN1,20.976496076717847
MKRN2,9.046829596827802
MKRN3,0.018886656641106055
MLKL,16.667295749216667
MLYCD,2.3880185855663334
MMAA,0.6615804917203284
MOCS1,0.507211344255458
MOCS2,14.202414626797522
MOGAT1,0.0009559947164499595
MOGAT2,0.06171353466959499
MOGAT3,0.06832763191888709
MOGS,59.09587075440296
MOK,0.4657960431452469
MOS,0.09191795284698573
MOXD1,43.226796140186096
MPC1,27.8052229308476
MPC2,12.311032245951754
MPI,13.477529453381479
MPO,0.001836305131558832
MPST,2786.5937448248073
MRPL58,13.330417578133794
MSMO1,69.96723347531689
MSRA,3.2079077351859624
MST1R,2.3427056885818476
MT1A,19.245953509892423
MT2A,17026.00343034868
MT3,0.0072273354924898905
MT4,0.00247162638581165
MTAP,351.40718692286833
MTFMT,2.0045095545522957
MTHFD1,115.51448029933837
MTHFD1L,3.8156250598344426
MTHFD2,12.474125982146148
MTHFD2L,0.267545720440011
MTHFD2P1,0.3354345050980549
MTHFR,3.3889453597187744
MTHFS,0.10504378888773493
MTMR1,2.6285767732856273
MTMR14,12.6776307910977
MTMR2,0.5215114335454623
MTMR3,0.31437129031243977
MTMR6,2.2551735211235324
MTMR7,0.015531903868405205
MTMR8,0.07395411928818807
MTPAP,2.5588385315368742
MTR,0.10148529414055582
MTRR,4.205845568062547
MTTP,0.0003691836284404595
MUL1,28.061492626472226
MUSK,0.0012308676067600977
MUT,0.3354345050980549
MVD,109.45611997006972
MVK,25.41715813404289
MYBBP1A,52.00673791799005
MYCBP2,0.14653900744653478
MYLIP,4.095498330201036
MYLK,0.08909352345018225
MYLK2,0.00022947382764534064
MYLK3,0.000897194633666955
MYLK4,0.0279144823057255
MYO3A,0.11365877509538169
MYO3B,0.019908567589778943
MYO5B,15.763543926657523
NAA10,67.58468378521574
NAAA,4.847212968236291
NADK,7.877147159693511
NADSYN1,36.87963480176341
NAGA,12.107154506050282
NAGK,277.18888635336515
NAGLU,4.767316808073186
NAGPA,2.37030907927901
NAGS,0.26231926567997077
NAMPT,761.8265723794669
NANP,1.3525461447522054
NANS,854.053949316149
NAPRT,25.164291606310147
NAPSA,0.008942201243250097
NARS,2189.053294704074
NARS2,3.1592014648964017
NAT1,5.771032802552221
NAT2,0.07684917453240198
NCOA1,10.095488138829245
NCOA2,0.21178316129067362
NCOA3,1.6965203114571248
NCOA6,5.922773458880233
NCOR1,0.05940767731831105
NCOR2,0.6630126487125679
ND1,0.7496282848946749
ND2,6.647572110665278
ND3,3.518721426725826
ND4,15.91921099634504
ND4L,0.3354345050980549
ND5,3.9860139175064595
ND6,2.1511623729121254
NDST1,29.979758973445357
NDST2,3.933645340302993
NDST3,0.019462942544334894
NDST4,0.024005586560330774
NDUFA1,662.0257787552894
NDUFA10,39.33782077330743
NDUFA11,83.28287348642608
NDUFA12,17.510724717304022
NDUFA13,1577.6548865848779
NDUFA2,11.546304377437888
NDUFA3,17.6550905969591
NDUFA4,7.721844627256141
NDUFA5,25.999324930088036
NDUFA6,45.643022710090555
NDUFA7,4.426774306761591
NDUFA8,57.89339283287957
NDUFA9,43.4347036861198
NDUFAB1,147.05036061626308
NDUFB1,74.42313220762941
NDUFB10,83.0555398016723
NDUFB2,391.24481637505517
NDUFB3,116.44333122429114
NDUFB4,95.3451452505016
NDUFB5,151.69841607909908
NDUFB6,16.172274861408482
NDUFB7,128.7640459461646
NDUFB8,63.446803145790376
NDUFB9,27.395797511263712
NDUFC1,43.8179815688049
NDUFC2,8.617419618559676
NDUFS1,55.27083953484848
NDUFS2,41.9692161690628
NDUFS3,323.60319243756794
NDUFS4,123.16816305437179
NDUFS5,313.6745108252916
NDUFS6,37.29170603693724
NDUFS7,39.64847943104847
NDUFS8,96.24740682145914
NDUFV1,53.02321914200127
NDUFV2,38.80126817612531
NDUFV3,18.30329775486738
NEDD4,1.3480382469903431
NEDD4L,1.596903312280197
NEK1,0.34524166714160076
NEK11,0.478790215570738
NEK2,0.44670743972214416
NEK3,0.31682473014354595
NEK4,2.338969432878699
NEK5,0.0014570864021863016
NEK6,0.1512823351288586
NEK7,15.044815636290895
NEK8,0.43673933986861196
NEK9,0.48202172310523617
NEU1,0.4036439619199871
NEU2,0.0003114853455933963
NEU3,0.125979562479516
NEU4,0.003175640737672393
NEURL1,0.14715923590013888
NEURL1B,2.8819730649888644
NGLY1,5.027927767337328
NHLRC1,0.3510412366807152
NIT2,692.750276883026
NKTR,1.395124432041346
NLK,1.1737464122938357
NLN,34.78320915888112
NME1,4549.883363004194
NME2,338.4642876844316
NME3,7.879287447722822
NME4,38.45519416719267
NME6,0.6892730843953224
NME7,0.3931639891657781
NMNAT1,0.7228945336210971
NMNAT2,0.015018951713900454
NMNAT3,0.9009695224644934
NMRK1,2.9351673795914386
NMT1,41.95408153588348
NMT2,0.5846993869416627
NNMT,68.47156924093359
NNT,5.706915976618435
NOL9,2.0211425717418323
NOS1,0.15254716326782916
NOS2,0.06418884410765524
NOS2P1,0.3354345050980549
NOS2P2,0.3354345050980549
NOS3,0.26245570747853886
NOX1,0.09642596890358213
NOX3,0.09198887034239282
NOX4,0.0009658353198852362
NOX5,0.010825593485378074
NPAS2,34.96995520882349
NPC1,11.89207046583624
NPC1L1,0.021092329117660145
NPR1,0.3240664833300479
NPR2,0.09432719430692997
NQO1,505.0528357251806
NQO2,76.55040972453695
NR1D1,2.927736974625248
NRF1,0.9451257530405173
NSD1,4.301275613708678
NSD2,0.8117852405670956
NSD3,0.8238692165195934
NSDHL,1674.8755167582192
NSF,46.24467194630135
NT5C,108.84514756170758
NT5C1A,0.058725969276404735
NT5C1B,0.0006150189618249768
NT5C1B-RDH14,0.037698419756150243
NT5C2,173.72153646014425
NT5C3A,4.209671716104311
NT5DC3,1.8810841857023348
NT5E,0.6281078192334887
NT5M,0.320148574044834
NTAN1,0.8797982794898552
NTRK1,0.0034098895127545534
NTRK2,4.3055156915933175
NTRK3,0.0072273354924898905
NUAK2,21.718159640257486
NUDT10,0.004445112679153007
NUDT11,0.05063085795653323
NUDT12,1.655918785577662
NUDT2,10.29804267916995
NUDT3,1.1852249577930163
NUDT4,0.049645535133593766
NUDT5,201.85761634245188
NUDT9,8.017408197263931
OARD1,11.970020898409903
OAT,542.8423893218031
OBSL1,0.2630525679830684
OCRL,3.381894107194515
ODC1,4.638829596269277
OGA,13.207835039605774
OGDH,337.9498538226478
OGT,11.423312328928535
OLAH,0.01039891328114489
OPLAH,4.030217962210606
OTC,0.002744405474393799
OTUD5,21.466391891013465
OXCT1,120.38236372215786
OXCT2,0.0008158746143428891
OXSM,3.685296403354806
OXSR1,20.111094932644303
P4HA1,1.5728230054209602
P4HA2,28.18359548388579
P4HA3,0.00212971319161194
P4HB,3756.0365734118704
PADI1,321.57847393936925
PADI2,0.1758382612138046
PADI3,3.202110814102362
PADI4,0.0009093941965914127
PADI6,0.3354345050980549
PAFAH1B2,413.89312281109835
PAFAH1B3,243.86794632111705
PAFAH2,2.99725133616874
PAH,0.0007031483512707086
PAICS,222.38354112742226
PAK1,29.727096787369096
PAK2,69.24108711462891
PAK3,0.008549046171813103
PAK4,0.5371495164544522
PAK5,0.1843105272396382
PAK6,14.65785416084083
PAM,0.10409705684160102
PAN2,1.6691859612985023
PANK1,0.17894143533097207
PANK2,10.4471898915451
PANK3,2.716270224678381
PANK4,3.7668661100450453
PAOX,4.4585670913477236
PAPOLA,3.095668767444005
PAPOLB,0.17466782797006464
PAPOLG,0.6334117879857042
PAPSS1,57.636274163676255
PAPSS2,1.2175558537014315
PARP1,44.13520242089623
PARP10,1.2493254463922008
PARP11,0.4276355135492574
PARP12,1.0177879979911344
PARP14,4.880981615940724
PARP15,0.010814192815168834
PARP16,1.9572903443430234
PARP2,5.40363921913894
PARP3,10.305072965995652
PARP4,2.953357967938888
PARP6,6.028130026242985
PARP8,0.5390923589754503
PARP9,12.216664909379825
PARS2,0.7074528542939682
PASK,0.3009107345921961
PBK,2.6988074439685894
PC,45.03477590102676
PCBD1,46.315481166445345
PCBD2,4.338901340318788
PCCA,5.664174263043441
PCCB,5.44222628032154
PCK1,0.05403761570606661
PCK2,7.280321663742733
PCMT1,421.940265582094
PCYOX1,57.10568214792846
PCYT1A,14.794408825145029
PCYT1B,0.003945420634911803
PCYT2,4.022897748629903
PDE10A,0.010265795265457988
PDE11A,6.28677457711678e-05
PDE1A,0.044107802201120046
PDE1B,0.023150860678289382
PDE1C,0.000780088523130966
PDE2A,0.2718396353815661
PDE3A,0.011768594929907391
PDE3B,0.03882169138687893
PDE4A,0.18839712908454648
PDE4B,0.2338386312636398
PDE4C,0.0025165344006478946
PDE4D,0.3386997920890442
PDE5A,0.1194759746965352
PDE6A,0.049561467046118864
PDE6B,0.022963590362339158
PDE6C,0.00020904959813436148
PDE6H,1.0083333333333333
PDE7A,0.2001832723824619
PDE7B,0.012491887029195818
PDE8A,0.9061420485978058
PDE8B,0.03062659696029348
PDE9A,0.4220132812914528
PDF,0.6372032841370328
PDGFRA,1.4502511004882228
PDGFRB,1.8735856054443654
PDHA1,144.7647053928021
PDHA2,8.963593332760542
PDHB,72.3612470788038
PDHX,7.978131776834875
PDIA2,0.002555112529279959
PDIA3,1220.2009654478902
PDIA4,629.4543827982184
PDIA5,12.88476651480484
PDIA6,342.346353709029
PDK1,0.23741263580167157
PDK2,2.801751005770309
PDK3,1.6708823889472646
PDK4,3.1102040854216146
PDP1,15.928196429294237
PDP2,0.7769167207924315
PDPK1,0.6099365532826259
PDPR,0.8277560764062434
PDXK,28.475016593510993
PDXP,6.493480390700252
PDZD4,0.14522651779483212
PEAK1,0.25836411261706826
PECR,26.147618291455448
PEMT,15.537523575907471
PEPD,34.10556670262061
PEX11A,1.9995752961807989
PFAS,45.12664893172836
PFKFB1,0.005535332520752161
PFKFB2,0.9919661290515333
PFKFB3,12.42551994080152
PFKFB4,0.22880636127954962
PFKL,110.24241196723625
PFKM,6.00921546732547
PFKP,673.0241521116517
PGAM1,103.65594762972454
PGAM2,4.180615732486593
PGAM5,75.00847381900233
PGAP1,0.4215697770350602
PGD,12378.082715065395
PGGHG,0.02991860446325157
PGK1,483.28200477845877
PGK2,0.4449829539522683
PGLS,899.5011924066105
PGLYRP1,0.0004116906744081808
PGLYRP2,13.13342928945454
PGLYRP3,48.93793428391037
PGLYRP4,0.966514892889552
PGM1,199.65112526523774
PGM2,574.4513253152818
PGM2L1,0.03328286299206584
PGM3,27.94858748961087
PGP,15.310241492639124
PGS1,7.222934475374343
PHEX,0.023001274095127904
PHGDH,404.08769171919175
PHKA1,0.18378582610024474
PHKA2,1.5608780641794933
PHKB,10.821132376245588
PHKG1,0.011061390359034126
PHKG2,1.7190613829267534
PHLPP1,3.559607353860132
PHLPP2,0.07486777932352023
PHOSPHO1,0.04426900984596421
PHPT1,37.300469774423604
PHYH,0.8884813152835895
PHYKPL,0.6462009571960334
PI4K2A,1.1114199948636903
PI4KA,0.6945329884021016
PI4KB,0.6883741500994468
PIGA,1.3303594545716682
PIGB,2.1728327982432334
PIGC,6.085967633789162
PIGF,3.191487406944733
PIGG,4.167973420085861
PIGH,3.332509969100083
PIGK,1.5501465163269708
PIGL,0.7773889885718468
PIGM,1.4207161550026715
PIGN,7.953882542493576
PIGO,6.408770916806233
PIGP,2.119294804967124
PIGQ,7.7207890889584485
PIGS,13.408506047925734
PIGT,4.733759088081157
PIGU,1.6895448971595732
PIGV,2.3359430151297893
PIGW,3.789525618492826
PIGX,1.7299841546148984
PIGY,77.42155014608845
PIGZ,0.5142511649930006
PIK3C2A,0.467665809142932
PIK3C2B,3.1077507657612244
PIK3C2G,0.06819771728786836
PIK3C3,0.12586456229557155
PIK3CA,2.8612423936554805
PIK3CB,0.21359310313387073
PIK3CD,0.6526511106567494
PIK3CG,0.051534788216586164
PIK3R1,1.0365327456446969
PIK3R2,27.73752053153436
PIK3R3,1.0827409365073284
PIK3R4,13.974088287793967
PIK3R5,0.4319430296598154
PIKFYVE,0.5863789779855935
PIM1,219.50843225364656
PIM2,2.450295883382198
PIM3,60.969709544405205
PIN1,373.4732506793201
PIN4,0.5018685768921881
PINK1,43.14484527854283
PIP4K2A,3.3439571391104828
PIP4K2B,2.140906641021909
PIP4K2C,18.373076997057783
PIP5K1A,0.3676176871659946
PIP5K1B,0.0034083794649538844
PIP5K1C,6.502024981424347
PIP5KL1,0.027219437101422935
PIPOX,0.021620155549507723
PISD,1.3008759871474367
PJA1,6.252491313893504
PJA2,23.31716761527706
PKLR,0.0001897174798471846
PKM,541.3891072832749
PKMYT1,4.096077833324518
PKN1,2.358652931810195
PKN2,3.730992078705062
PKN3,0.518209968384906
PLA2G10,0.005901874065388314
PLA2G12A,0.3848427586435099
PLA2G12B,1.1304561412675453
PLA2G15,2.2478249973985243
PLA2G16,1.2601115778156828
PLA2G1B,0.03449129925337993
PLA2G2A,96.7482198276203
PLA2G2C,0.3354345050980549
PLA2G2D,0.009095535337467082
PLA2G2E,0.0011445539974423104
PLA2G2F,0.0009672806503292077
PLA2G3,2.1932055466669644
PLA2G4A,19.672324428505483
PLA2G4B,0.018655400544468577
PLA2G4C,0.13120364880264193
PLA2G4D,0.04442175824495365
PLA2G4E,2.533549342935415
PLA2G4F,2.0177986718967955
PLA2G5,0.031262595673915886
PLA2G6,0.9077275356082071
PLA2G7,0.06239914352909503
PLB1,0.08059495858504476
PLCB1,0.14309817527088364
PLCB2,0.5136543119402032
PLCB3,2.4481450984148876
PLCB4,0.009964732027617544
PLCD1,10.80408870484323
PLCD3,9.148981910971319
PLCD4,0.6953388968676198
PLCE1,0.03723859208634548
PLCG1,0.40112576842893605
PLCG2,0.9139996358162542
PLCH1,0.009842024430642
PLCH2,6.137883116123901
PLCL1,0.013377938349995837
PLCL2,0.07608970935142062
PLCXD2,0.01614169755383526
PLCZ1,0.07175189323406331
PLD1,3.2173689711317053
PLD2,52.25285514971877
PLD3,7.17320999949991
PLD4,0.38158049729618926
PLD6,0.14590310341488985
PLG,4.250362563588821e-05
PLIN1,0.03472417567953159
PLIN2,14.807415672325929
PLIN3,463.422407674294
PLIN4,0.11640525595388398
PLK1,3.053114852972209
PLK2,170.72824761409925
PLK3,9.087613789499377
PLK4,0.977376634746121
PLOD1,5.365007919210459
PLOD2,8.779893317456159
PLOD3,3.3583961036176526
PLPBP,1.3790311261442316
PLPP1,5.389883230682263
PLPP2,2.123055391477898
PLPP3,4.2032094621878
PLPP4,0.019762828557283812
PLPP5,0.0656688155578048
PLPP6,0.050042688733332445
PLPP7,1.1305815492037874
PLPPR2,0.3307009692228308
PLPPR3,0.9307949846236876
PLPPR4,0.11900942508124815
PLPPR5,0.012456429933028047
PLTP,163.2709486263866
PLXNB3,0.18484942886280414
PMM1,19.774887559339835
PMM2,188.4866516612246
PMPCA,35.10376421290496
PMVK,378.5346544015689
PNCK,0.0494280504821191
PNKP,15.204872505997525
PNLIP,0.01735944451270558
PNLIPRP1,0.04876262171622993
PNLIPRP2,0.0002098036903409788
PNLIPRP3,3.199173247854337
PNMT,0.004703149662747134
PNP,2319.8768078175335
PNPLA2,21.86719621029529
PNPLA3,0.0006562865646603278
PNPLA4,6.787452705476141
PNPLA6,0.6018478556188323
PNPLA7,0.18936611081504529
PNPLA8,6.2874187561429
PNPO,7.972585180817648
PNPT1,2.674390741452149
POLA1,2.681841830758546
POLA2,3.026297808380594
POLB,23.491614307233835
POLD1,0.9935242313274026
POLD2,7.469042733215579
POLD3,0.393469617586251
POLD4,159.59924156730244
POLE,0.04615982003742164
POLE2,1.424929370576649
POLE3,36.02443691008679
POLE4,10.287546568367123
POLG,8.970795009821963
POLG2,0.6538638078540231
POLH,0.7914232964665256
POLI,0.14252400222143394
POLK,0.8537253322156924
POLL,2.67867601600037
POLM,2.9122436054231864
POLN,0.014184863088820734
POLQ,0.1897296567600461
POLR1A,0.8255690712837668
POLR1B,0.9006196275262153
POLR1C,26.581571625746562
POLR1D,50.004391145771045
POLR1E,20.823600765327296
POLR2A,3.668828702460023
POLR2B,9.427911126255504
POLR2C,49.561671194858
POLR2D,17.100967704047264
POLR2E,61.45252998493584
POLR2F,15.401446683303101
POLR2G,20.56091082163161
POLR2H,239.97139831095174
POLR2I,15.924911153941595
POLR2J,12.666085442364597
POLR2K,36.257654987632264
POLR2L,285.4806905997264
POLR3A,0.17686957348164192
POLR3B,1.755575985917917
POLR3C,0.6868620047584585
POLR3D,8.043451452046835
POLR3E,16.08187125334895
POLR3F,2.571299514710855
POLR3G,0.817234077502051
POLR3GL,10.361076335066192
POLR3K,20.686410677156502
POLRMT,3.7446629472265194
POMGNT1,9.312795204826354
POMT1,2.947158229505846
POMT2,0.5249092321189733
PON3,0.030418638655415952
POR,256.3756586493308
PPA1,817.4248023247249
PPA2,249.55307071938634
PPARA,0.7670766539525695
PPAT,6.95338371928349
PPCDC,3.1826897580375575
PPCS,68.15303370529723
PPEF1,0.0050063248406189
PPEF2,0.0475767992202525
PPIA,349.8996537739649
PPIAL4A,0.3354345050980549
PPIAL4C,0.3354345050980549
PPIAL4E,0.024466351786854742
PPIAL4G,8.563877983339145
PPIB,1658.3416823114974
PPIC,43.38919363811423
PPID,400.8177683353058
PPIE,4.679356280031197
PPIF,262.5011263591267
PPIG,11.419407228084596
PPIH,722.4242996072635
PPIL1,78.26602291122721
PPIL2,0.8455483589345841
PPIL3,27.673188548410366
PPIL4,1.540412416868514
PPIL6,0.01769940813953485
PPIP5K1,1.3370245627013486
PPIP5K2,3.0792883873360006
PPM1A,0.7460287546333488
PPM1B,4.960578577163311
PPM1D,1.2392389119951848
PPM1E,0.0010899921652630826
PPM1F,18.922533774646492
PPM1G,21.685790958656554
PPM1K,0.460721347878349
PPM1M,2.575974005660988
PPOX,4.626508092945845
PPP1CA,352.1947512669498
PPP1CB,299.8307780415877
PPP1CC,120.83589193566398
PPP1R1A,0.005077114184584646
PPP1R1B,0.8856771434817753
PPP1R2,36.426439010664566
PPP1R3A,0.06646892507772041
PPP1R3B,2.5093538309970334
PPP1R3C,29.032695572491626
PPP2CA,239.11442877362347
PPP2CB,88.21774039774417
PPP2R1A,674.8756621816998
PPP2R1B,13.90666755336007
PPP2R2A,206.67474129546017
PPP2R2B,0.04350323202464467
PPP2R2C,22.31049955493118
PPP2R3A,0.8622921340659068
PPP2R3B,0.24625441045513524
PPP3CA,212.66436462295906
PPP3CB,9.879902471219584
PPP3CC,4.102305196252101
PPP3R1,160.98745242693357
PPP3R2,2.4370537589271226
PPP4C,102.74555189273659
PPP5C,21.194552835365535
PPP6C,146.64223382534936
PPT1,3.8788136473615755
PPT2,0.13724240711224314
PPWD1,9.268556391189826
PRAG1,0.3354345050980549
PRDX1,31227.169255459597
PRDX2,5119.655492360627
PRDX3,84.070884456998
PRDX6,1329.742996588247
PREP,69.36693397773028
PRKAA1,9.540492190850266
PRKAA2,0.020179300369216124
PRKAB2,0.33404530381084824
PRKACA,321.1831864281158
PRKACB,22.150660153058443
PRKACG,0.002190684903603156
PRKAG2,1.5730921567053398
PRKAR1A,13.868921432409717
PRKAR1B,3.8879376866738733
PRKAR2A,19.476885481576637
PRKAR2B,5.6689667409766376
PRKCA,0.17668980791514566
PRKCB,0.09204397674466748
PRKCD,4.3872672161533925
PRKCE,0.618234961385039
PRKCG,6.706373385401944e-05
PRKCH,20.097985912376874
PRKCI,3.9977286909171204
PRKCQ,0.2053604112943774
PRKCSH,255.77898808160694
PRKCZ,6.272919212288604
PRKD1,0.023872939385317177
PRKD2,13.658716958682678
PRKD3,1.6368527829384967
PRKDC,1.2801850540057615
PRKG1,0.01414000065716521
PRKG2,0.013829235860172717
PRKN,0.21524163632635238
PRKX,11.975252992622712
PRKY,0.026412402064453087
PRODH,6.05650524028583
PRODH2,0.0004996593078738882
PRPF19,452.01385228570615
PRPF4,146.6158600213597
PRPF4B,16.406957059100968
PRPS1,202.60133181363028
PRPS1L1,1.3470112296812902
PRPS2,20.235170048415537
PRRT2,0.007385120805796912
PSAP,19.473944550007
PSAT1,135.82877778807435
PSKH1,8.705017583772813
PSKH2,0.11813839957802594
PSPH,509.90849688212
PSPHP1,0.3354345050980549
PTDSS1,45.330933301866466
PTDSS2,6.597972396903792
PTEN,4.784886004007361
PTGDS,81.50345991029673
PTGES,226.47234065113037
PTGES2,58.18233992586151
PTGES3,3137.0243773685906
PTGIS,19.39081599854716
PTGR1,696.0952336776851
PTGS1,24.89608026019928
PTGS2,3.4615441868258006
PTK2,1.7140251761918825
PTK2B,7.959255881721253
PTK6,163.27337687225034
PTK7,1.0609605402960811
PTP4A2,0.9102260246448997
PTP4A3,0.8474362722501564
PTPDC1,0.10819535232279046
PTPMT1,8.467845293543817
PTPN1,26.774705361371677
PTPN11,9.470533830362069
PTPN12,4.196364371547074
PTPN13,24.862787304084932
PTPN14,1.2843690690574903
PTPN18,8.941771549852337
PTPN2,5.546634990909332
PTPN21,1.3563327150835807
PTPN22,0.09107456292139351
PTPN23,7.401996496970284
PTPN3,3.8281893128415025
PTPN4,0.40260314203313846
PTPN5,0.0015944416845428276
PTPN6,13.672120235331874
PTPN7,0.3417345804293429
PTPN9,0.20080294630749235
PTPRA,0.27208998362904585
PTPRB,0.1402025948149404
PTPRC,2.1546299418912995
PTPRD,0.04069051231593895
PTPRE,3.1143951793711175
PTPRF,179.83825621870147
PTPRG,0.3822420144048172
PTPRH,0.03227368882020012
PTPRJ,0.18864836158164494
PTPRK,4.345296925808115
PTPRM,0.26191922078427443
PTPRN,0.006082409936019267
PTPRN2,0.10355297882830926
PTPRO,0.016176794340529772
PTPRQ,0.009019512009240048
PTPRR,0.0005223890091832416
PTPRS,7.982208724318868
PTPRT,0.00018885182796655263
PTPRU,1.3567062402524113
PTPRZ1,5.540974364571446
PTRH1,3.030670861677801
PTRH2,1473.0929493120188
PTS,27.073390889350772
PUS1,11.915174553208798
PXDN,0.1336690685978373
PXDNL,0.005312245963322667
PXYLP1,0.3900283303635837
PYCR1,10.33080078735714
PYCR2,207.67918895976703
PYCR3,18.52640291410028
PYGB,430.8122921725202
PYGL,54.20515708406776
PYGM,0.013813237367730104
PYURF,0.6402221518630032
QARS,569.0678125737779
QDPR,278.2096911137508
QPCT,1.9419979436837942
QPRT,0.18981082642896013
QTRT1,23.826372087091674
QTRT2,3.0803803903498332
RAD1,0.6482096918370015
RAD18,1.139198920713407
RAD9A,2.091294077970715
RAF1,0.3101407522326566
RAG1,0.0034783715932398484
RALBP1,40.18173191904759
RARS,353.87685863506596
RARS2,10.154729540473882
RBBP6,0.2159131652258002
RBKS,1.2900810829741347
RBP1,330.88719382334233
RBP2,0.0019450530561765202
RBP4,0.6506864125849933
RCHY1,1.87035018507549
RCL1,10.712033779976686
RDH10,7.168750149020737
RDH11,161.4424018652495
RDH12,6.060289862724616
RDH13,9.699642193772283
RDH14,0.5747493524157407
RDH16,0.08157077206680352
RDH5,0.03308011521379836
RDH8,0.3354345050980549
REG3A,15.598236131061894
RENBP,0.5991221916387488
RET,0.004034304305824639
REV3L,0.6547179674896407
RFC5,22.710882925548386
RFK,16.945329110219266
RFWD3,5.508874609091607
RGL1,1.097651760940414
RHAG,0.00014030461367680786
RHBG,0.8794617085471248
RHCG,37014.91695208206
RING1,2.1720022530481273
RIOK1,1.1908369934700056
RIOK2,0.14562534386984768
RIOK3,69.24090050138646
RIPK1,7.150167059304696
RIPK2,1.23114393993103
RIPK3,14.100283788366399
RIPK4,60.25521446744113
RIPOR1,1.8350848174091228
RNF103,2.7656932500810956
RNF115,5.572135199610845
RNF123,6.344687593439587
RNF125,0.23355049685590518
RNF126,35.0929408103296
RNF128,1.2996478909656892
RNF13,8.369260099990191
RNF130,10.163222496018598
RNF133,0.0025425182353940616
RNF138,3.9829105731961447
RNF139,7.86924741703619
RNF14,3.8374000543068534
RNF144A,0.5010367150178143
RNF144B,3.668315416202112
RNF146,4.255719046671638
RNF149,32.20264486105714
RNF152,0.14352239020730734
RNF167,103.75169666981114
RNF180,0.03401485322364539
RNF182,0.0019349037616073568
RNF185,10.380867651205184
RNF187,63.03049551659482
RNF19A,5.582422144807619
RNF19B,39.35351246655469
RNF2,3.5999668112520893
RNF20,1.6390196215842057
RNF216,3.25222271843882
RNF217,0.7404734035207915
RNF25,11.212084520334644
RNF31,10.217130945736463
RNF40,1.3129950394187195
RNF41,3.19033019566586
RNF5,4.6450022987374e-05
RNF8,2.891692268802387
RNGTT,3.000146599680454
RNMT,21.6774489902941
ROCK1,2.5617991093344092
ROCK2,3.6618113568232764
ROR1,0.07794966866650349
ROR2,0.008210759519428694
RORA,0.9185716512589883
ROS1,0.00015041877298299552
RPAP2,1.963515266548669
RPE,35.870851124232686
RPE65,0.0010307783304936494
RPIA,33.31427653931863
RPL14,2324.970981645009
RPN1,720.5865409762198
RPN2,345.6142304709454
RPP14,29.135501635606566
RPS6KA1,28.284905169337563
RPS6KA2,1.9957634305939187
RPS6KA3,1.5553316793664067
RPS6KA4,1.6255791668705728
RPS6KA5,0.5363371537810885
RPS6KA6,0.04871579302109383
RPS6KB1,1.5327657152549239
RPS6KB2,62.13023210823839
RPS6KC1,0.1832253095460255
RPUSD4,0.916425343042998
RRM1,43.47755372514727
RRM2,14.479474212406865
RRM2B,1.5045150577165591
RTCA,1.6973780629584712
RWDD2A,0.264520668447125
RXRA,32.674912514820726
RYK,15.173631526765877
SACM1L,10.419988610530863
SAE1,161.35960394642746
SAP130,0.4848404680367179
SARDH,0.045028489555714715
SARS,114.95058220047257
SARS2,10.678212531381787
SAT1,771.38645645684
SAT2,29.231681115037215
SBK1,0.06513760340179092
SC5D,1.7142905425756392
SCARB1,2.1905218361003844
SCARF2,0.10227369281291095
SCD,21.508580544321322
SCD5,0.39568786848814697
SCLY,0.006377330037116864
SCP2,174.77912498703918
SDC1,76.82926375839054
SDHA,111.80144320252288
SDHB,268.03856650779636
SDHC,7.451731745240679
SDHD,3.143934256906968
SDR16C5,39.16734548363675
SDR42E1,2.7613305678333226
SDR42E2,0.3354345050980549
SDR9C7,9.125750020775659
SDS,0.14296128921322346
SDSL,0.48347698685869145
SEC11A,160.67882299629912
SEC11C,6.773656827513528
SELENOI,0.1784505883933933
SEPHS1,251.30230211348575
SEPHS2,19.777963108121135
SERPINA1,0.6646948542620605
SERPINA3,2.3829875740405675
SETD1A,0.17833671143891683
SETD1B,4.3050257485026835
SETD2,0.02618429137568442
SETD5,10.31337508383868
SETD7,3.557738722356606
SETDB1,0.15466549675189664
SETDB2,0.37575249362279173
SETMAR,3.713465615282623
SFXN3,189.26628728720445
SGK1,237.2967323191366
SGK2,0.006032445288422064
SGK3,0.001060405284509813
SGMS1,7.870216029873952
SGMS2,4.518733635740996
SGPL1,50.921088080133394
SGPP1,0.3221386512573448
SGPP2,15.434537800929654
SGSH,6.227671034625953
SH3RF1,2.562050753375276
SH3RF2,14.454952377821686
SH3RF3,0.34731847104843916
SHMT1,259.18925480777307
SHMT2,522.3184687589932
SHPK,3.6713822470595034
SHPRH,0.2923068271072254
SI,0.18373547314711697
SIAE,9.874003283376071
SIAH1,1.5114060501899127
SIAH2,31.56208658216549
SIK2,1.4344740028647662
SIK3,1.6760909774661525
SIN3A,3.115524929176479
SIN3B,0.04607396516054213
SIRT1,1.4206519524129415
SIRT2,24.86038458004934
SIRT3,1.7063516148757105
SIRT5,0.7432883270410834
SIRT6,6.773907037594602
SIRT7,30.853402698166075
SLC10A1,0.002785579476356972
SLC10A2,0.058748703153154044
SLC10A6,2.344255412502031
SLC11A1,0.10709264095638892
SLC11A2,10.232005532703791
SLC12A1,0.12604246262781418
SLC12A2,0.6964244393393487
SLC12A3,0.00042815940406251446
SLC12A4,0.13184231457529408
SLC12A5,0.00045334224857306466
SLC12A6,0.2564741069087259
SLC12A7,0.7489941468230846
SLC13A1,1.3898493503991496
SLC13A2,0.9791894450655247
SLC13A3,0.06192496198154253
SLC13A4,6.1666987793458
SLC13A5,0.06067815760940692
SLC14A1,0.035142873981396365
SLC14A2,0.00011256700434329467
SLC15A1,0.8759247137080327
SLC15A2,1.1474233616736615
SLC15A3,3.358942018601653
SLC15A4,4.3415322852731935
SLC16A1,23.85711557826722
SLC16A10,0.038018865604247415
SLC16A2,1.04449059990476
SLC16A3,14.04473861248291
SLC16A7,0.8035376895565624
SLC16A8,0.008957903012454303
SLC17A1,0.06505057075080632
SLC17A2,0.014797084619435076
SLC17A3,0.0480606884147512
SLC17A4,5.412300132715828e-05
SLC17A5,3.7167668475233535
SLC17A6,0.03561924497624714
SLC17A7,0.08384368440893072
SLC17A8,0.023326127399307364
SLC18A1,0.000851064649355826
SLC18A2,1.8479961463758618
SLC18A3,0.0033260634786684688
SLC19A1,0.806736235140494
SLC19A2,2.0587324730732015
SLC19A3,0.030824295965657635
SLC1A1,1.1740950761620952
SLC1A2,0.0011762897824535927
SLC1A3,12.252367058847693
SLC1A4,2.423305705114451
SLC1A5,191.6216562635522
SLC1A6,0.00016714213922347228
SLC1A7,0.0037657531598668174
SLC20A1,7.891729680349564
SLC20A2,45.75609202514581
SLC22A1,0.009805670732331226
SLC22A10,9.02875787787031e-05
SLC22A11,0.00026976230176394374
SLC22A12,6.459078095248907e-05
SLC22A13,0.0017716591587417078
SLC22A16,0.004499883903186731
SLC22A18,7.298856671599123
SLC22A2,9.370886085442886e-05
SLC22A3,0.4069958418976163
SLC22A4,0.03707051054031654
SLC22A5,1.0406169099471616
SLC22A6,0.3332262579895881
SLC22A7,0.3754031874781076
SLC22A8,0.00011600495727079644
SLC22A9,0.0003069675499073641
SLC23A1,0.006410580258864514
SLC23A2,1.0944583349304324
SLC24A1,0.17589298522769492
SLC24A2,5.381864398235212e-05
SLC24A3,3.87495112504607
SLC24A4,0.0007976670389428982
SLC25A1,305.7081087865913
SLC25A10,34.29742628037884
SLC25A11,601.0017324594587
SLC25A12,158.6165488696674
SLC25A13,132.84474088498797
SLC25A14,1.085732682924132
SLC25A15,1.5352868205555577
SLC25A16,1.4644342682059555
SLC25A17,4.527720152744856
SLC25A18,0.018967967021930213
SLC25A19,2.256747266700761
SLC25A2,0.0034521938383841396
SLC25A20,4.058909169790002
SLC25A21,7.917381577412182
SLC25A22,4.923566173430451
SLC25A26,3.1100898271193795
SLC25A27,0.014916092746682626
SLC25A28,41.812020745844755
SLC25A29,6.239966270385515
SLC25A3,2323.376676161003
SLC25A37,2.3603648601000544
SLC25A4,45.53862997890384
SLC25A5,5060.412240957245
SLC25A6,90.71439377666691
SLC26A1,0.03979109268809776
SLC26A11,0.9085166879361547
SLC26A2,2.375024515811253
SLC26A3,0.16226921407916228
SLC26A4,0.0014844940975057004
SLC26A6,0.5354478418223906
SLC26A7,0.0001410479171205064
SLC26A8,0.0023885164944008317
SLC26A9,0.025830009154092094
SLC27A1,0.9463846316482603
SLC27A2,1.2431842615693214
SLC27A3,5.055075548295063
SLC27A4,8.236648944755085
SLC27A5,0.24109762296588536
SLC27A6,0.41996737379820015
SLC28A1,0.05797266048828553
SLC28A2,9.656751694218812e-05
SLC28A3,0.17677667246801493
SLC29A1,4.665562755289997
SLC29A2,1.1073036887679053
SLC29A3,1.0207826772607427
SLC29A4,0.026008116439647247
SLC2A1,35.077889567802714
SLC2A10,0.8429028981390569
SLC2A11,0.034353291353080115
SLC2A12,0.2973018635467091
SLC2A13,0.07597194504144954
SLC2A14,0.00134084630225929
SLC2A2,0.7271472329221568
SLC2A3,1.4665253046465085
SLC2A4,0.0377797042880786
SLC2A5,0.7154725253883317
SLC2A6,0.1277400740401595
SLC2A7,0.0005695922809471905
SLC2A8,4.463670149565375
SLC2A9,1.6676848739640333
SLC30A1,1.564432428887324
SLC30A6,3.1644737139426242
SLC30A7,10.242295924289005
SLC31A1,8.869415990484644
SLC32A1,9.02875787787031e-05
SLC33A1,520.6416884951258
SLC34A1,0.014179216543958392
SLC34A2,0.514961987792363
SLC34A3,0.1276951962344455
SLC35A1,4.622100793672517
SLC35A2,8.913306788969631
SLC35A3,3.8814490240672996
SLC35B2,0.36767248719993667
SLC35B4,0.7149809031029052
SLC35C1,68.92652980135797
SLC35D1,1.5569044550903532
SLC35D2,6.743722003573783
SLC36A1,1.0678322698537754
SLC36A2,0.0001684107857711011
SLC36A4,1.006949325762981
SLC37A1,15.980277413428436
SLC37A4,2.1826889962049516
SLC38A1,11.531059016503233
SLC38A2,183.89186757440237
SLC38A3,0.30493384046380273
SLC38A4,0.04668627002695053
SLC38A5,9.020943619888051
SLC39A7,3.3206152335647
SLC3A1,0.00010579285101942013
SLC3A2,103.38281880111029
SLC40A1,6.504999149606595
SLC41A1,3.8715448942247828
SLC41A2,0.05949112033247123
SLC43A1,0.13069303468334204
SLC43A2,1.0579738335990823
SLC46A1,0.03229729543560285
SLC47A1,0.17933700318903434
SLC47A2,0.13635023833881274
SLC4A1,0.0003874716981502576
SLC4A10,0.0010136429634902164
SLC4A2,9.340479033854768
SLC4A3,0.15228998997431042
SLC4A4,0.060639304598996246
SLC4A5,0.19249168628878577
SLC4A7,0.21450976582279602
SLC4A8,0.00048813197559933357
SLC4A9,0.004302052546791992
SLC51A,0.15730939956507933
SLC51B,0.1317954273752661
SLC52A1,0.11277172956640528
SLC52A2,0.09357936368667576
SLC52A3,0.28454763876001143
SLC5A1,3.5962812130147204
SLC5A10,17.9084913989694
SLC5A11,0.002018755235224878
SLC5A12,0.00019319954283142138
SLC5A2,0.0009045162906164363
SLC5A3,0.5971469879831713
SLC5A5,0.00029216552400032603
SLC5A6,8.250879792462849
SLC5A7,0.0025801541090033162
SLC5A8,0.3418527760399266
SLC5A9,0.014178680891700846
SLC6A1,0.7415993264458213
SLC6A10P,0.1515943656769211
SLC6A11,1.3165070341368652
SLC6A12,0.0029003405080680693
SLC6A13,6.839337828252565e-05
SLC6A14,0.8974550941457523
SLC6A18,0.00012130194916628174
SLC6A19,0.1185497404542115
SLC6A2,0.0035482308003782458
SLC6A20,2.8896981600097465e-05
SLC6A3,4.727202118752676e-05
SLC6A4,0.7405877370604796
SLC6A5,7.675974856004826e-05
SLC6A6,0.5552083323576285
SLC6A7,5.108389502849652e-05
SLC6A8,27.021511836525548
SLC6A9,4.124258918848578
SLC7A1,69.47390266099185
SLC7A10,0.0003982137086710565
SLC7A11,0.5739812905219541
SLC7A2,1.282226112481575
SLC7A3,0.000109588822191125
SLC7A5,28.672257687496753
SLC7A6,1.280552989872652
SLC7A7,0.2897020657918281
SLC7A8,15.98268285496711
SLC7A9,0.0018411950395084528
SLC8A1,0.138933258163821
SLC8A2,0.0010632550032379509
SLC8A3,0.00137375642258841
SLC8B1,0.13932836983899105
SLC9A1,16.816113667425792
SLC9A2,0.08832727471069975
SLC9A3,0.8306641777845729
SLC9A4,2.0852099380628335
SLC9A5,0.007806211406345219
SLC9A7,0.17467856036709511
SLC9A8,3.335193324063911
SLCO1A2,0.0009193707538766573
SLCO1B1,0.5745214485775751
SLCO1B3,0.001382489475396589
SLCO1C1,0.0015598192798046463
SLCO2A1,3.461751050428701
SLCO2B1,2.2024826155619315
SLCO3A1,5.822610840881882
SLCO4A1,4.2420671950051485
SLK,70.30608161539399
SMARCD3,3.9031037787172473
SMG1,0.4565817557319448
SMPD1,9.62896352194401
SMPD2,12.805020026811444
SMPD3,0.44577477678652083
SMPD4,4.041194040054955
SMS,36.934607580186345
SMURF1,8.866188300230595
SMURF2,1.2088712332938214
SMYD3,2.7806370781209533
SNRK,3.9721497193184616
SOAT1,1.0511646512279378
SOAT2,0.004211763982112368
SOD1,1527.3403281699893
SOD2,625.5518291707971
SOD3,10.228158970192384
SORD,12.546144119592947
SPCS1,134.9654530216561
SPCS2,70.61168308693989
SPCS3,230.79141069072196
SPEG,0.00835724248783878
SPHK1,8.897785509967036
SPHK2,0.5049871792440066
SPR,205.405389747754
SPRYD3,35.000811161958495
SPTLC1,52.24363976107934
SPTLC2,3.0789502495406094
SPTLC3,1.332970182225064
SQLE,0.4822264107775262
SRC,11.454421043460103
SRD5A1,29.148632438237748
SRD5A2,0.002788186773983228
SRD5A3,7.148839458585487
SREBF1,25.24617519154598
SRM,505.3240421760053
SRMS,0.04194959148344101
SRPK1,9.15135136928262
SRPK2,4.330620913663657
SRPK3,0.017971401787047467
SSH1,5.07362240053824
SSH2,0.8408274906595482
SSH3,23.99746555506591
SSR4,663.2547962497822
SSU72,166.20062975482148
ST3GAL1,15.076786175451584
ST3GAL2,0.3945633136539857
ST3GAL3,0.33694649549588174
ST3GAL4,64.61462823841129
ST3GAL5,0.17713265133842596
ST3GAL6,0.15418458341509644
ST6GAL1,0.6325258220216945
ST6GALNAC1,37.39165828232513
ST6GALNAC2,11.784104132226616
ST6GALNAC3,0.02289776560977969
ST6GALNAC4,8.283702705968903
ST6GALNAC5,0.00889342572105675
ST6GALNAC6,22.35707866601793
ST8SIA1,0.010634565543925039
ST8SIA4,0.12129487378992403
ST8SIA5,8.7727369694305e-05
STAMBP,8.491782138638696
STAMBPL1,0.5053523189222336
STARD3,14.289317932620703
STK10,0.15216667696986994
STK11,15.593571685385944
STK16,0.7800856051808103
STK17A,18.544808352256325
STK17B,3.2565918306792523
STK19,0.6323379016466601
STK24,121.0288834971337
STK25,2.6154150674145216
STK26,0.629690691282171
STK3,6.7354054989924155
STK31,0.012644937603078315
STK32A,0.0004380836638513706
STK32B,0.03908527954410192
STK32C,0.33194448874876664
STK33,0.0016270131784753817
STK35,8.433403222891162
STK36,0.520707003593061
STK38,14.790183095236864
STK38L,7.310537512643063
STK39,49.52066002870659
STK4,0.810452912712799
STRA6,0.08104786823759558
STS,0.5244093218758594
STT3A,11.609762371438809
STT3B,49.89807169728555
STUB1,23.261970979123348
STYK1,0.9070445197162704
STYXL1,35.022133774257775
SUCLA2,76.61808376086071
SUCLG1,452.496438361219
SUCLG2,407.39812729501693
SULT1A1,0.5246864016177647
SULT1A2,0.04746907428444725
SULT1A3,3.7503041530200782
SULT1B1,0.1475960272918408
SULT1C2,1.4031706299134283
SULT1C4,0.006810861040122108
SULT1E1,0.04403694742328788
SULT2A1,3.553854432798619
SULT2B1,920.2050339232419
SULT4A1,0.0023008861619519534
SUOX,10.326106672949228
SUV39H1,2.7959531145672116
SUV39H2,1.480869544928944
SYK,14.256815842587423
SYNJ1,0.017354103318829903
SYNJ2,0.051047684857891386
SYVN1,0.4358199844243582
TAF1,0.8376052043372127
TALDO1,1542.2347066769946
TAOK1,1.2411072863547483
TAOK2,6.140739006257014
TAOK3,6.77256561893539
TARS,304.4660568160345
TARS2,1.1286099125756783
TARSL2,2.138614523959105
TAT,0.28571233464989304
TBCB,61.30274185353312
TBK1,0.584440046146484
TBL1X,5.302199107767796
TBL1XR1,6.2322080609643375
TBXAS1,1.4409304580037032
TCIRG1,16.45739575250685
TDO2,0.028844888873407873
TECR,525.5981451855273
TECRL,7.880796103627913e-05
TENT2,0.15316461371698084
TENT4A,0.45357387630786017
TESK1,5.550883286967937
TESK2,0.8411566444370039
TFRC,58.56708351170293
TGDS,2.713869455240676
TGFBR1,4.408322638157676
TGFBR2,8.522405603282099
TGM1,3877.40178858945
TGM2,2.984263856123178
TGM3,25086.54461252862
TGM4,0.0017060434775637138
TGM5,7.971250949716837
TGM6,0.003613531643632222
TGM7,0.002537152108751575
TGS1,6.319555579874874
TH,0.06788168893500285
THNSL1,0.3423888949746414
THTPA,2.3798957377162333
TIAM2,0.004399197176250081
TICRR,0.05167590734814967
TIPARP,16.314948281267938
TK1,50.26334099444328
TK2,1.56322386423973
TKFC,17.655218887752373
TKT,575.4625810442465
TKTL1,0.0008771745126856783
TKTL2,0.3040568295727089
TLK1,2.0521973988625373
TLK2,0.07241868245087989
TM7SF2,78.1413128804077
TMEM91,2.6225223360445864
TMLHE,0.5932640962773285
TMX3,5.917085374919945
TNFRSF21,109.79271099401281
TNIK,0.0470773237001467
TNK1,3.4852219771950765
TNK2,7.110501081240702
TNKS,1.1518481260027833
TNKS2,13.889243516474485
TNNI3K,0.3354345050980549
TNS2,1.434061794943761
TOPORS,4.503746375538568
TP53RK,4.712406512916381
TPH1,0.00044287914273306563
TPH2,0.08567194949607831
TPI1,8309.84393716743
TPI1P2,11.908030932355882
TPK1,0.1345814881475345
TPMT,3.222189494855449
TPO,0.0033260634786684688
TPP1,33.44341652878108
TPSAB1,7.608284405666264
TPSB2,0.48392564832656987
TPSD1,0.0013962551355746692
TPST1,2.1187216587055673
TPST2,9.915857233779558
TPTE,0.3354345050980549
TPTE2,0.3354345050980549
TRAF7,39.66591577993619
TRDMT1,0.06389893235821298
TREH,0.1307837407630577
TREX1,2.72709593600285
TREX2,0.6278709004774007
TRHDE,0.0015657278120891696
TRIB3,3.000131809956971
TRIM11,8.59577202899862
TRIM32,0.8323856947584977
TRIM33,2.4572517676830383
TRIM63,0.00046255895315095363
TRIO,0.22973808380309368
TRIP12,12.433047685569264
TRIT1,5.015575708019565
TRMT1,3.3949884797333887
TRMT11,1.921166997759982
TRMT1L,1.6140049185322654
TRMU,4.497635208218034
TRPM6,0.17152464100771178
TRPM7,1.2949149398162394
TSSK1B,0.0032080419890150257
TSSK2,0.0231714118888251
TSSK3,0.04506269814490241
TSSK4,0.018772294100803937
TSSK6,0.06071907395375947
TST,258.0699095823127
TSTA3,576.7441930932445
TTC3,3.7716136358737935
TTK,0.16614370270320664
TTL,0.5939504493983013
TTLL10,0.006470054602240543
TTN,0.0020975006150186957
TUSC3,0.5481245912492345
TUT1,0.1411915850492994
TUT4,0.6950417161591614
TUT7,0.1907089895411479
TXN,5207.153404667006
TXN2,39.73471643996693
TXNRD1,64.84053486214474
TXNRD2,4.121283233104216
TXNRD3,0.28887711823076545
TYMP,73.74454350720399
TYMS,29.164601480530063
TYR,0.1046323172264974
TYRO3,14.702460907690948
TYRP1,7.623110337678961e-05
UAP1,42.356901737549364
UAP1L1,0.5825590133620945
UBA1,674.518251212202
UBA2,81.1290582286429
UBA3,42.574548279924336
UBA6,91.67031835346418
UBA7,10.656638278479502
UBE2A,45.102516305644286
UBE2B,35.784403440441174
UBE2C,9.20731215693638
UBE2D1,7.228055543037878
UBE2D2,28.482933447256535
UBE2D3,964.227843773182
UBE2D4,0.6375743547485534
UBE2E1,63.85336858207773
UBE2E2,2.6577359459016474
UBE2E3,6.1009753666600215
UBE2F,1.0487981054679199
UBE2G1,18.83846698549637
UBE2G2,3.287344815922625
UBE2H,158.05786528234395
UBE2I,681.5041274647704
UBE2J1,7.4248033827802375
UBE2J2,29.578233338130474
UBE2K,404.31430151461456
UBE2L3,685.713649139323
UBE2L6,27.529657963145826
UBE2M,64.75660355361038
UBE2N,46.655801521290776
UBE2NL,12.958968762626016
UBE2O,5.559965889925095
UBE2Q1,3.5797153386239167
UBE2Q2,1.1313425054951076
UBE2QL1,0.06180442346935286
UBE2R2,8.05020863040668
UBE2S,6.966282205623473
UBE2T,2.675908969644449
UBE2U,0.023784263818109993
UBE2W,3.222684484381021
UBE2Z,64.91872693884312
UBE3A,14.473617539609842
UBE3B,6.575555990523276
UBE3C,4.039167996242495
UBE4A,0.5332014778779149
UBE4B,2.5775916365630174
UBLCP1,49.08014064121159
UBR1,0.20620502910487581
UBR2,1.4728322346739404
UBR3,0.016999716815008514
UBR4,4.045485344248556
UBR5,0.3579785078548856
UBR7,8.258338091055327
UCK1,6.298693144281855
UCK2,8.350907799198062
UCKL1,9.210869993449831
UCP1,0.0020407926981988287
UCP2,13.0586094573103
UCP3,0.0208693131741681
UEVLD,4.08586069183389
UGCG,22.663659138524622
UGDH,68.43742086150496
UGGT2,0.3218177878522121
UGP2,1554.5720464217056
UGT1A1,0.0015885120075333152
UGT1A10,1.6003375052778546
UGT1A3,0.001212233894403563
UGT1A4,0.0951329295757727
UGT1A5,0.00010407721162284242
UGT1A6,20.009243639491405
UGT1A7,23.68193194705791
UGT1A8,1.6932568854002454
UGT1A9,0.0011881902623068561
UGT2A1,0.3354345050980549
UGT2A3,1.2389146853275619
UGT2B10,1.2536713325042186
UGT2B11,0.23720441855058141
UGT2B15,0.6704297803167216
UGT2B17,0.0014619883929834513
UGT2B28,0.6936387983112186
UGT2B4,0.7544150219594951
UGT2B7,0.00014498132068349408
UGT3A1,3.06524376044737e-05
UGT3A2,0.00029197867730822543
UGT8,0.14137417926847556
UHMK1,8.66984263657525
UHRF1,0.5809634655248006
UHRF2,2.735366161951168
ULK1,2.2707214443744093
ULK3,91.46953697229749
ULK4,0.054761160352225585
UMPS,126.39220258589867
UPB1,0.0014695476685264055
UPP1,8.909931512906757
UPP2,9.002069755681547e-05
UPRT,2.7272185376217033
UQCR10,36.63897750261946
UQCR11,109.17189769368125
UQCRB,27.789890597321875
UQCRC1,2166.134559039415
UQCRC2,3511.862311143165
UQCRFS1,286.96233202983314
UQCRH,43.831160927662246
UQCRQ,51.6713330681582
UROC1,0.3822824415744883
UROD,29.798729543961826
UROS,17.938944017254887
USP1,11.55307387698458
USP10,4.420943791820296
USP11,9.24006682937483
USP12,2.396426834901734
USP13,0.18389377430205808
USP14,61.828518149851355
USP15,2.824884706600028
USP16,14.884641746360883
USP17L2,0.7544524097088302
USP17L22,0.04998256910149056
USP17L30,0.050968258904732194
USP17L5,0.050968258904732194
USP17L9P,0.3354345050980549
USP18,0.31760751120844577
USP19,0.6805215805085133
USP2,0.40278052821343246
USP20,2.4928709333537706
USP21,5.105306076404212
USP22,47.93770847487741
USP24,0.839490976262221
USP25,0.06690497549322283
USP26,0.08118014005684498
USP28,2.082289471578544
USP29,0.08228852752006045
USP3,0.43390346619442327
USP30,0.07763404768402712
USP31,1.5961713254380114
USP32,0.38872794001205935
USP33,7.308121213826152
USP34,5.30930096722843
USP35,0.5383583560502161
USP36,6.729077147981531
USP37,0.5573634407876977
USP38,4.472394094977702
USP4,2.1068872655103434
USP40,0.37290737979432553
USP41,0.01834435481333142
USP42,1.4520307061337854
USP43,1.9337820911178207
USP44,0.0006464873294580932
USP45,0.20395842083427349
USP46,3.062227323697979
USP47,2.8316173258837685
USP48,0.2228822150301718
USP49,0.01114238443280976
USP51,0.0074982279105640925
USP6,0.011669829666528124
USP7,32.43407027572458
USP8,0.4687687642453172
USP9X,4.142563411642128
USP9Y,1.1321582245089906e-05
UST,0.580381009057273
UXS1,8.160560429268799
VARS,24.47679895148018
VARS2,9.152597778162104
VKORC1,20.470701843170712
VNN1,0.004025022473589051
VNN2,0.03338418774121551
VNN3,0.0013327336313225962
VRK1,44.80421394246499
VRK2,4.898933920941143
VRK3,6.628842719572888
WARS,542.6457807956205
WARS2,8.739576930246988
WDYHV1,4.082204175958759
WEE1,11.829437279646687
WEE2,6.931576067670737e-05
WNK1,3.2075780679740995
WNK2,0.17119174997107844
WNK3,0.0017702638452012094
WNK4,0.05607159055911963
WWOX,1.7622720506757519
WWP1,10.172197987334965
WWP2,0.14006564921096215
XDH,4.533781731349269
XPO6,0.3075287741468989
XPO7,15.245563988819057
XYLB,0.20660893013620577
XYLT1,0.7793623876297538
XYLT2,2.2711795387736897
YARS,2287.9056541474674
YARS2,21.197014510275636
YES1,14.816456804670597
ZADH2,2.376598484462457
ZAP70,0.28862532485239284
ZC3HAV1,2.0415354879899317
ZNRD1,0.7615302669514125
ZNRF1,11.49793672301331
ZNRF2,3.7124359554400232
ZSWIM2,0.015679988656711358
