A4GALT,83.79139166030048
A4GNT,0.07044267613783345
AACS,197.64762811702533
AADAC,0.1928827681946058
AADAT,1.2446457437184755
AAK1,35.64677653612073
AANAT,0.0020953258262238423
AARS,465.22701388715484
AARS2,5.358644749268186
AASDH,6.492598190584656
AASDHPPT,14.884082668661012
AASS,2.5071546661371884
AATK,0.038845247913857434
ABAT,2.822456779079028
ABCA1,1.9547526464826364
ABCA3,10.772972513336049
ABCA4,42.978499754482286
ABCA8,0.06886962068615647
ABCB1,38.29800858849678
ABCB11,8.716264850250634e-05
ABCB4,0.017996070870813594
ABCB6,4.918266904877664
ABCC1,0.6493883029729095
ABCC11,0.004516209129022888
ABCC2,0.015605885573736513
ABCC3,8.247157528257405
ABCC4,10.31940078892434
ABCC5,7.590945997830364
ABCC8,0.004425164963904209
ABCC9,0.43511277961033784
ABCD1,2.442812875430901
ABCD2,0.005120343421131512
ABCD3,238.4421752066617
ABCG2,0.09598537035717346
ABCG5,0.04918217321714677
ABCG8,0.025561092528250944
ABHD12,58.985186450738986
ABHD5,7.094322951082927
ABHD6,3.724924658162478
ABL1,22.251409188051852
ABL2,1.4711123022445456
ABO,30.03762143714191
ACAA1,125.83076360103722
ACAA2,556.1642304316701
ACACA,14.13114621196569
ACACB,5.691150423434576
ACAD10,17.738451130752722
ACAD11,0.36501861312389094
ACAD8,74.14544128837018
ACAD9,410.57340096801005
ACADL,17.136876417037882
ACADM,191.0092427566084
ACADS,43.64359569397403
ACADSB,232.22731623554046
ACADVL,1069.6248757718597
ACAT1,502.9808220896507
ACAT2,33.30818688905948
ACE,0.7099104972721185
ACE2,0.500602945777739
ACER1,0.0007312448105560806
ACER2,1.4156129453194628
ACER3,3.6121028058831857
ACHE,1.1316778366581761
ACLY,61.97564337221868
ACMSD,12.793455533083016
ACO1,60.68655611391217
ACO2,122.28552877046072
ACOT1,2.7297922081956867
ACOT11,18.25173403635385
ACOT12,0.550593059515605
ACOT13,7.618178995862672
ACOT2,10.628971239545695
ACOT4,3.4043966913248327
ACOT6,0.40803942174693775
ACOT7,3.1487080083036147
ACOT8,35.0172913437754
ACOX1,6.007872908074215
ACOX2,0.9393025442951901
ACOX3,6.350256428687242
ACP1,8244.186980874541
ACP2,11.070036222011515
ACP4,0.0036202735317779565
ACP5,2.190257978566386
ACP6,38.11053332924986
ACP7,0.44999467512671487
ACPP,13.267617626358659
ACSBG1,0.027362053780714664
ACSBG2,0.003911472846839772
ACSF2,6.849284664318435
ACSF3,5.50943407575466
ACSL1,211.49332563802645
ACSL3,13.62880749069983
ACSL4,18.086838563351797
ACSL5,5.974838345108701
ACSL6,0.05735660294518212
ACSM1,0.15740548973623664
ACSM2A,0.5718946241369903
ACSM2B,0.3320469961869142
ACSM3,40.25644653460115
ACSM4,0.0027260709086513782
ACSM5,0.4319453590282051
ACSS1,57.30193396281076
ACSS2,21.809099844884614
ACSS3,11.878622315521776
ACVR1,21.777268376490273
ACVR1B,126.36163015093275
ACVR1C,0.0064712015682741545
ACVR2A,3.9375667848575473
ACVR2B,1.2455796370104188
ACVRL1,8.429980959648956
ACY1,31.482622208442717
ACY3,19.115277945160077
ACYP1,5.380327264906078
ACYP2,6.066389257362996
ADA,1.3723288196644206
ADCY1,0.2921118702474042
ADCY10,0.0009552468449742365
ADCY2,0.0022108845415083535
ADCY3,2.302928409104123
ADCY4,1.0438516909792972
ADCY5,19.12570669362551
ADCY6,15.6833754868665
ADCY7,0.4189407723688511
ADCY8,0.002556374779687903
ADCY9,7.713960391679425
ADH1A,0.14664244341240382
ADH1B,9.86833152592284
ADH1C,110.13482975672302
ADH4,0.016673659505364466
ADH5,710.7304469496557
ADH6,0.13675968448558717
ADH7,0.14444604021513255
ADHFE1,10.140230907298795
ADI1,212.484385208547
ADK,38.20764003624958
ADO,20.303245110663827
ADPGK,48.28984646499025
ADPRH,20.519571193311066
ADSL,532.2936595311412
ADSS,360.153165900854
ADSSL1,4.328436956632958
AFMID,22.724434765021268
AGA,89.14078214631924
AGK,14.8302150185933
AGL,0.7996726651987555
AGMAT,1.3270566962957708
AGPAT1,2.5847381785995074
AGPAT2,154.25184143323048
AGPAT3,43.67048948693731
AGPAT4,0.23159526218663737
AGPAT5,14.473421515713026
AGPS,34.00997051328016
AGT,1.0458846474652814
AGXT,0.016822973298120256
AGXT2,0.2732594679554986
AHCY,6596.066231915181
AHCYL1,58.93633383201564
AHCYL2,5.598582886471564
AICDA,0.02460038993500046
AK1,270.1443252111721
AK2,774.2775786454486
AK3,122.56374617253003
AK4,165.11060812161998
AK5,0.10499616694416747
AK7,5.380991350975319
AKR1A1,202.03016396180956
AKR1B1,2822.565039371868
AKR1B10,0.043160873675072944
AKR1B15,0.003015210213246351
AKR1C1,101.23355194584754
AKR1C2,19.368568568333934
AKR1C3,52.17332281811735
AKR1C4,0.02852677397495861
AKR1C8P,0.3354345050980549
AKR1D1,0.0009555003065002144
AKR7A2,244.07241746064875
AKR7A3,4.993336524313171
AKT1,4.353788689310911
AKT2,3.2742705533889955
AKT3,14.977823989123005
ALAD,551.1851189975973
ALAS1,113.32181548923535
ALAS2,0.009891597577665345
ALB,0.01645401291931774
ALDH18A1,400.6027057093704
ALDH1A1,872.7119885675963
ALDH1A2,22.492762238558857
ALDH1A3,85.92098989769943
ALDH1B1,19.543797146710983
ALDH1L1,19.482121720262555
ALDH1L2,0.02873767373162603
ALDH2,1678.4399211795755
ALDH3A1,0.12982052121975288
ALDH3A2,322.0345572779418
ALDH3B1,1.7607345711676083
ALDH3B2,1.1785783686576108
ALDH4A1,56.671514350201114
ALDH5A1,23.575585258322374
ALDH6A1,41.4436137032753
ALDH7A1,21.39514112942156
ALDH9A1,2130.2646733822653
ALDOA,9860.847341260023
ALDOB,2.617725852696696
ALDOC,97.30511888962722
ALG1,4.184380457569843
ALG10,0.513278350421102
ALG11,2.5168265598912263
ALG12,24.77403818911426
ALG13,5.5861202433859525
ALG14,23.65617305493391
ALG1L,0.3595017637469715
ALG1L2,0.3354345050980549
ALG2,137.23314265957663
ALG3,2.370758595851433
ALG5,78.33933861623206
ALG6,3.06323315589011
ALG8,35.84761322266422
ALG9,5.613379003588401
ALK,0.000596867034177315
ALLC,0.00048670933349197464
ALOX12,0.2578090761322346
ALOX12B,0.050975887904684686
ALOX15,0.004703081631459387
ALOX15B,0.001986608395158185
ALOX5,5.114313343910169
ALPG,2.1334538652401167
ALPI,0.003527050621877662
ALPL,2.3696167586582004
ALPP,0.12394730653401177
AMACR,144.53040122429132
AMD1,108.76800837935275
AMDHD1,0.1404364646910102
AMDHD2,2.2093604261597175
AMFR,2.3412852721190167
AMHR2,0.06348622862741445
AMN,2.683865322764707
AMPD1,0.11167496795558433
AMPD2,6.101755071332125
AMPD3,6.554036517957741
AMT,22.96328909340744
AMY1A,6.17397745214396e-05
AMY1B,2.6438139326066277
AMY1C,2.6438139326066277
AMY2A,0.004130435268012499
AMY2B,0.41971953538771206
ANAPC11,64.42454061669673
ANGPTL4,2.8855519050772065
ANKRD1,0.013810669381415544
ANPEP,3.346782386231009
ANXA3,1075.835282313218
AOAH,0.18211430724178537
AOC1,0.022327631781835014
AOC2,0.043540543105767764
AOC3,4.39091846779044
AOX1,1.011941082568838
APOA1,0.01269568546708949
APOA2,0.011760851283902557
APOA5,0.0008676435426090074
APOB,0.011654800605964712
APOC1,1.4458187979638926
APOC2,27.211319250515267
APOC3,46.87519708233557
APOE,19.06634389456897
APRT,886.4682506935188
AQP1,1384.4679173064574
AQP10,0.0037868645526527175
AQP2,18728.624704714384
AQP3,5968.218660394693
AQP4,0.24585637979487643
AQP5,0.8683815669811444
AQP7,7.554127521744235
AQP8,0.0015203670937619122
AQP9,0.07269673626912353
ARAF,1.544967388920016
ARCN1,242.02392412629519
ARG1,0.0022454609978392374
ARG2,424.6153541455688
ARSA,7.011296772699409
ARSB,5.028064540517255
ART1,0.0005586516710608289
ART3,0.0027601655755662706
ART4,0.0025456559478498975
ART5,0.06927495822397842
AS3MT,0.004484638965896072
ASAH1,562.6746297482648
ASAH2,0.019760247563545406
ASH1L,0.021876631494075507
ASL,412.47739440056864
ASMT,0.0566304971118221
ASNS,203.1859976688734
ASPA,6.165601157892245
ASPG,0.023099720659980397
ASPH,145.71088065611443
ASRGL1,48.489478032740145
ASS1,212.24663391053252
ATE1,8.314869645307095
ATIC,850.2625450162061
ATM,0.7295240003633954
ATP10A,0.12422233592176694
ATP11A,13.506021215574183
ATP11C,3.360143963190557
ATP1A1,1353.4650500760727
ATP1A2,0.18254066274468897
ATP1A3,0.10101186809945638
ATP1A4,0.0008390800959792354
ATP1B1,9949.24873190625
ATP1B2,2.682419539272428
ATP1B3,55.791425969378516
ATP1B4,0.00023631561382648808
ATP2B1,15.018672092201578
ATP2B2,0.01121685344448964
ATP2B3,0.00563602815098333
ATP2B4,10.634006414262354
ATP4A,0.0009765474439747108
ATP4B,0.33255383921134957
ATP5F1A,124.53265572432873
ATP5F1B,167.30632217246165
ATP5F1C,21.50971022167614
ATP5F1D,155.46511749348954
ATP5F1E,125.55773209538297
ATP5MC1,4.311892001287344
ATP5MC2,2.868050998110428
ATP5MC3,5.997867959791037
ATP5ME,117.38991896387836
ATP5MF,1.481717785000078
ATP5MG,179.57272888452187
ATP5MGL,23.718922705117464
ATP5PB,5.524565248774745
ATP5PD,6.7181129554220975
ATP5PF,4.959033242795014
ATP5PO,42.13932100131758
ATP5S,0.3354345050980549
ATP6V0A1,1.8136202250653295
ATP6V0A2,0.7235266534413144
ATP6V0A4,316.5185349261908
ATP6V0B,1176.3415540464243
ATP6V0C,1096.894110337046
ATP6V0D1,885.8423855769939
ATP6V0D2,262.0626970469403
ATP6V0E1,1871.5416469679385
ATP6V1A,1162.8015265898866
ATP6V1B1,128.25099312766974
ATP6V1B2,772.6438243493718
ATP6V1C1,27.43255300481599
ATP6V1C2,6.180882435591456
ATP6V1D,136.27628459717033
ATP6V1E1,350.3086496416419
ATP6V1E2,0.7464799754014706
ATP6V1F,92.13948588089248
ATP6V1G1,84.68817214397266
ATP6V1G2,0.06754929220781919
ATP6V1G3,38.449572217093845
ATP6V1H,74.56169062973001
ATP7A,3.428931975918098
ATP7B,0.9532860748160913
ATP8A1,1.8369396573662633
ATP8B1,45.65637675747583
ATP8B2,0.8997746959636673
ATR,0.035709681246612
AUH,16.14806529688998
AURKA,0.016752464839940102
AURKB,0.0772339987907942
AURKC,0.40089629792762677
AWAT1,0.0633604788899994
AWAT2,0.011173521739943055
AXL,0.023527792763366286
AZIN2,0.7963414524148358
B3GALNT1,11.153637293933233
B3GALNT2,2.5736046878273715
B3GALT1,0.000271308117107243
B3GALT2,0.016937434795027326
B3GALT4,1.1025044478093176
B3GALT5,0.2144203666509639
B3GALT6,9.36519006606225
B3GAT1,0.5240193280355696
B3GAT2,0.0008721843423522885
B3GAT3,22.815268823377707
B3GLCT,0.7866139610071975
B3GNT2,48.251267460401834
B3GNT3,22.15958579243341
B3GNT4,0.07314897649252633
B3GNT5,1.9225200483762606
B3GNT6,0.009861204875102331
B3GNT7,0.3327850751300308
B3GNT8,16.94050040927205
B3GNT9,6.317762184430783
B3GNTL1,0.9284859420791051
B4GALNT1,0.06398851160199737
B4GALNT2,21.258909876249312
B4GALNT3,4.64192217912234
B4GALNT4,0.002279819911878067
B4GALT1,314.3200551461775
B4GALT2,21.586927142685067
B4GALT3,25.95812332528512
B4GALT4,11.179197220257855
B4GALT5,44.793740776663945
B4GALT6,1.2584812180685978
B4GALT7,27.613544302732492
B4GAT1,2.277812689362301
BAAT,0.0022113698130935976
BARD1,0.46434604094405224
BBOX1,39.936180855109356
BCAP31,2552.501260967036
BCAT1,0.07215212504689973
BCAT2,42.97213594248183
BCHE,0.08819087021414793
BCKDHA,20.527834415186593
BCKDHB,13.152551591359162
BCKDK,67.27659161725113
BCO1,0.06461878427195712
BCR,1.4785725700535437
BDH1,11.406612573258927
BDH2,29.49410693557499
BHMT,26.047211889019206
BHMT2,153.220413533247
BIRC6,3.769177987492068
BLK,0.0015423635287154934
BLVRA,876.9424182077528
BLVRB,1752.3895701894746
BMP1,1.2785199730335548
BMP2K,0.23090571258642195
BMPR1A,3.9258840573738527
BMPR1B,20.690993020791975
BMPR2,14.294171441396088
BMX,0.13095281010995308
BPGM,34.05151808146615
BPNT1,26.04077705984716
BRAF,1.0265254138351312
BRAP,0.3012692922761925
BRPF1,4.737422032533658
BRSK1,0.042825246645690665
BRSK2,0.003401290414479904
BSCL2,3.5701071760107967
BSG,186.95815024372706
BTD,38.63750403241049
BUB1,0.052667502342536913
BUB1B,0.02417798139260623
C1GALT1,10.910291656105548
CA1,0.002302795151483739
CA12,1487.4672805145485
CA13,39.28135071736625
CA14,0.17784052470208125
CA2,938.4964272418946
CA3,0.7033121311946674
CA4,65.43884571994457
CA5A,0.07964988774791638
CA5B,0.28831748708984484
CA6,10.425839500790367
CA7,0.00678525589463844
CA8,1.1462985402403385
CA9,0.07881210331798731
CAD,21.994031817434387
CALM1,374.56161759505517
CAMK1,6.809225097952216
CAMK1D,0.28644068292505825
CAMK1G,0.23307982700846028
CAMK2A,0.0011033492787341146
CAMK2B,0.031700544588880455
CAMK2D,203.49588952260143
CAMK2G,4.651517157567421
CAMK4,0.01270790761078131
CAMKK1,0.44199408270774493
CAMKK2,4.074660895887403
CANT1,24.07382888483283
CARM1,11.625427247477848
CARNS1,0.03524428343594158
CARS,13.64194112871012
CARS2,30.113063479668995
CASK,16.11080396836713
CAT,838.2616908950242
CBLC,12.182857863366566
CBLL1,9.069573069956588
CBLL2,0.027434690025870352
CBR1,614.7319947392789
CBR3,54.108883382745674
CBR4,140.9358214583162
CBS,6.129255683087856
CBSL,0.3354345050980549
CBX1,161.26384457041195
CCNB1IP1,29.09956837050109
CD36,3.5561646778692144
CD38,0.03960546277680479
CDA,105.70330856926897
CDC14A,0.5298119910387649
CDC14B,7.1687707116846076
CDC25A,0.2893776132252935
CDC25B,8.879277509377143
CDC25C,0.00028113855011350375
CDC34,4.609657872754354
CDC42BPA,3.341618255219208
CDC42BPB,5.69338376242844
CDC42BPG,4.246395543094767
CDC7,0.20487872992132902
CDIPT,259.1749953340052
CDK1,1.6541373981506957
CDK10,21.788151757948405
CDK11A,1.9869605283481653
CDK11B,5.832096343919692
CDK12,7.582664652219428
CDK13,8.265056349956827
CDK14,7.359525780387829
CDK15,0.012268605597370318
CDK16,75.40688583944018
CDK17,4.222843018889009
CDK18,23.264581208492956
CDK19,4.446261026852139
CDK2,7.953087095032988
CDK20,4.843813012376333
CDK3,1.5727061588340354
CDK4,11.38845192155625
CDK5,17.902013460224023
CDK6,21.75713073490759
CDK7,56.93625620335224
CDK8,3.988552518645896
CDK9,31.544156898220113
CDKL1,29.145826959880853
CDKL2,5.475835360129933
CDKL3,0.31774780732548535
CDKL4,0.02125739989626622
CDKL5,0.7145531214205245
CDKN3,0.11746871134508619
CDO1,1.8197907671375593
CDS1,37.83311838426227
CDS2,16.749071248227292
CDY1,0.256335927830294
CDY1B,0.256335927830294
CDY2A,0.04923577690024244
CDY2B,0.04923577690024244
CEL,0.21483622998774074
CEPT1,10.57354545719083
CERCAM,31.84162545335061
CERK,17.616601722041363
CERS1,0.0021661959997509093
CERS2,348.1656115131136
CERS3,0.0011826981417330485
CERS4,14.840143941648261
CERS5,49.70435237403962
CERS6,1.4265120034753875
CES1,19.77046533191057
CES2,57.50703069729633
CES3,0.09253080887635363
CES5A,0.03715003481154039
CFTR,0.11863754190152452
CH25H,0.4965772786985302
CHAT,0.014545141103376102
CHD9,6.707675362072963
CHDH,9.745540680559511
CHEK1,0.5633851944017974
CHEK2,0.38285822686858867
CHFR,2.532416997829741
CHI3L1,1.1378923160817913
CHIA,0.09296029913745646
CHIT1,0.10156734666129612
CHKA,4.001973363410893
CHKB,0.034871527345579724
CHMP4A,84.37312952294981
CHPF,97.16833547601793
CHPF2,9.729116701555816
CHPT1,43.263505290459236
CHST1,0.06494749709824862
CHST10,4.062593927584763
CHST11,1.078494365982075
CHST12,4.116619807105779
CHST13,0.02861879967165855
CHST14,0.8312708488930247
CHST2,5.554341460600266
CHST3,7.387654785719828
CHST4,0.005846736544773267
CHST5,0.05206412625574055
CHST6,0.12986761915927228
CHST7,0.7110078197858201
CHST8,0.002934373910674764
CHST9,1.5696974752765724
CHSY1,14.201629512210552
CHSY3,0.04464451104573844
CHUK,2.3436641937241744
CHURC1-FNTB,3.2507362769424972
CIDEA,0.0020663955584121346
CINP,1.6332801100057193
CIT,16.317838530178044
CKB,1434.33157925908
CKM,0.021543495176485242
CKMT1A,4.764555804960936
CKMT1B,2.6959997996228244
CKMT2,25.660759513398677
CLC,1.416608020365395
CLCF1,3.7095189680325595
CLK1,0.6935539180386519
CLK2,8.998561065542548
CLK3,0.6660019080612312
CLK4,0.3230542809269508
CLOCK,2.1381185678793972
CLPS,9.828993754263943
CLTRN,0.5786685643266595
CLYBL,8.625563422282248
CMA1,0.005686546144488978
CMAHP,0.3160064730532108
CMAS,35.46648984943995
CMPK1,720.6135860289932
CMPK2,0.6357872281042125
CMTR1,4.115778316984253
CNDP1,0.02723998273553985
CNDP2,559.6174804756139
CNOT4,6.67697930998386
CNP,185.10485146367776
COASY,970.5831766646884
COL4A3BP,3.467541761664462
COLGALT1,4.827811645801103
COLGALT2,0.08819212596505183
COMT,229.71926402118643
COMTD1,785.7139153647348
COP1,0.4785008438550989
COPA,289.5107047570842
COPB1,356.9850302086918
COPB2,115.35020510761433
COPE,760.0788970840616
COPG1,257.8040033795707
COPG2,231.24206565454648
COQ2,8.360137178636666
COQ3,15.624512606305984
COQ5,4.6713761461036745
COQ6,18.76857823254206
COQ7,0.5857807381523463
COX1,7.766401376158287
COX17,27.128808891946054
COX2,5.3369352212394165
COX3,0.33446363282071023
COX4I1,1840.0889226385955
COX4I2,4.423338992358418
COX5A,794.9972683452081
COX5B,1932.3935493494241
COX6A1,28.145178715197673
COX6A2,0.01304986850152088
COX6B1,254.17752097105213
COX6B2,0.014158324749320108
COX6C,211.24883935222238
COX7A1,39.93812415278743
COX7A2,66.82656738772553
COX7A2L,388.6766969199374
COX7B,1672.0480174955812
COX7B2,0.3354345050980549
COX7C,631.0440805121707
COX8A,2940.188635043812
COX8C,0.020760251840034247
CP,0.2731593652060144
CPA1,0.002398402527593171
CPA2,0.002662143778858451
CPA5,0.011530936571078261
CPA6,0.019231921669191816
CPOX,33.27709007026566
CPS1,0.5969283006975621
CPT1A,1.3990626864314246
CPT1B,0.007763241316822989
CPT1C,0.19190130067738412
CPT2,239.25272033001912
CRAT,10.685366048184862
CREBBP,0.14760258416381958
CRLS1,33.76152146121372
CROT,29.548106675918742
CS,5094.862982387184
CSAD,1.025318863545143
CSF1R,1.1757245918004946
CSGALNACT1,9.058180510469699
CSGALNACT2,2.180569329169052
CSK,13.797505430232432
CSNK1A1,106.90460697976958
CSNK1A1L,0.1139578470149359
CSNK1D,101.1954147894534
CSNK1E,2.2331450125676735
CSNK1G1,4.528390927374146
CSNK1G2,21.740027014451076
CSNK1G3,8.306365316729881
CSNK2A1,453.6176041756712
CSNK2A2,290.626137986928
CSNK2B,63.83596472131143
CTBP1,100.34532081518475
CTDP1,1.9114334989695025
CTDSP1,166.74475051529436
CTDSP2,214.96076270679177
CTDSPL,58.499586440716676
CTDSPL2,2.61197985787676
CTGF,0.3354345050980549
CTH,4.772741153149934
CTPS1,0.2774814774265704
CTPS2,4.291408198807213
CTSA,425.8144608418405
CTSB,451.75263648373675
CTSC,56.75432893190996
CTSD,8354.162029489169
CTSE,0.018002903956547325
CTSF,136.59379996348193
CTSG,0.08401463866204543
CTSH,2753.833377921794
CTSK,4.803226778574937
CTSL,22.309476873829027
CTSO,71.14046940857037
CTSS,11.743223685604722
CTSV,0.5139622638412911
CTSW,0.23519314976363856
CTSZ,15.295114084732054
CUBN,0.3536490588970592
CWC27,16.363791065251867
CYB5D1,19.2835968813487
CYB5R1,124.265180618276
CYB5R2,7.296072608478651
CYB5R3,3575.0613794782953
CYBB,0.5700643479457346
CYBRD1,10.032205982818752
CYC1,1007.8160596705537
CYLD,3.0212992178400926
CYP11A1,0.08514194847140809
CYP11B1,0.8426372984421979
CYP11B2,0.08105018928386314
CYP17A1,0.21338269891888378
CYP19A1,9.450095029563298e-05
CYP1A1,0.033145537599435934
CYP1A2,0.010229961383905176
CYP1B1,9.510058415453626
CYP21A2,0.0005592645703573153
CYP24A1,3.2284036014856836
CYP26A1,0.0006062378135460078
CYP26B1,3.4747551789063578
CYP27A1,8.612992043378407
CYP27B1,0.19707739317514467
CYP2A13,0.04638837469548625
CYP2A6,0.05377674440315811
CYP2A7,0.0002506100137780676
CYP2B6,0.22993218660419032
CYP2C18,0.42945878221568384
CYP2C19,0.0004729891703593669
CYP2C8,0.010673792733101796
CYP2C9,0.12776111060523054
CYP2D6,0.06352560636698179
CYP2E1,0.00400629957871114
CYP2F1,0.013929970839435852
CYP2J2,0.8127847133446403
CYP2S1,7.1279801618387735
CYP2U1,2.371580054552129
CYP39A1,8.561199785285787
CYP3A4,0.0019082977876266256
CYP3A43,0.00027148818071066574
CYP3A5,0.046875863109416785
CYP3A7,0.0021171109804360034
CYP46A1,0.04598413366161785
CYP4A11,0.17782816968685689
CYP4B1,0.24791950860005801
CYP4F11,0.8894183831698358
CYP4F12,0.0026385573014951
CYP4F2,0.000650678671102657
CYP4F22,0.00020788404964678986
CYP4F3,0.007107552401789972
CYP4F8,0.004297954559584516
CYP4V2,29.96952594830616
CYP4X1,2.0883435957324163
CYP4Z1,0.0053564891974218305
CYP51A1,339.80944274118923
CYP7A1,0.0023780345526780294
CYP7B1,3.817290682238819
CYP8B1,0.1768790002116506
CYTB,10.283962318241796
DAD1,1323.5726294725785
DAGLA,0.9532876709086929
DAGLB,5.1711752952556855
DAO,0.02908657347394298
DAPK1,35.737981663992116
DAPK2,0.2587022889638501
DAPK3,2.6845537289759793
DARS,6331.68559963691
DARS2,17.422300735293604
DBH,0.020773233322910256
DBI,300.73739445436104
DBT,11.0493355621491
DCK,12.400040508677145
DCLK1,2.423417156738517
DCLK2,0.9148695926213662
DCT,0.014993831540358755
DCTD,36.25542912418587
DCTPP1,60.35458868095893
DCXR,207.09280702671091
DDAH1,590.3652863803363
DDAH2,24.18172052598962
DDC,0.4246215944243273
DDO,0.22349922675724052
DDOST,1106.2982711851473
DDR1,30.22905284416296
DDR2,0.444025907953826
DECR1,454.89588175057514
DECR2,11.072608033603414
DEGS1,9.985241516833009
DEGS2,57.75133188652909
DERA,111.94722032616761
DGAT1,10.705129119876263
DGAT2,0.7891481287341203
DGKA,1.6541279025093212
DGKB,0.004894156524386693
DGKD,0.5458066948774042
DGKE,0.38173168408914654
DGKG,0.06054510539832556
DGKH,0.19758267695803663
DGKI,0.07019013216103158
DGKQ,0.9648491372925782
DGKZ,1.1911769585849146
DGUOK,30.254175877932735
DHCR24,14.532151565066364
DHCR7,50.51732927905874
DHDH,0.1432671030829923
DHFR,267.02070674628976
DHODH,4.17184894633683
DHRS2,1.558465266769896
DHRS3,71.56172938123561
DHRS4,247.11373815253646
DHRS9,0.004081953614443849
DIO1,0.02225369378214719
DIO2,0.01743032623157057
DIO3,0.000768548717862481
DLAT,958.7726935144175
DLD,3001.7183281594776
DLST,394.5769983656096
DMGDH,27.534858300388766
DMPK,2.449792330119271
DNAJC6,0.9997596027498982
DNMT1,4.568198983185568
DNMT3A,4.656691398415075
DNMT3B,0.23406501689795095
DNMT3L,0.03265822381596205
DOLPP1,7.024318995556439
DOT1L,1.427524637241848
DPAGT1,28.758729999244807
DPEP1,0.3415634679520965
DPEP2,0.03688683869645859
DPEP3,0.0010102548468196397
DPH5,91.21800365544279
DPM1,1238.9741554838806
DPM2,58.33173470863904
DPM3,37.06221646255283
DPYD,3.9196441771637
DPYS,0.2286028686064444
DPYSL2,3180.278032429653
DPYSL3,7.666508346116018
DSTYK,9.052770203052484
DTYMK,23.743369375932705
DUOX1,0.40931482756586735
DUOX2,0.05322384241436509
DUPD1,0.11783200419515537
DUSP1,1356.420073712208
DUSP10,0.19642321940570315
DUSP11,25.042241279526827
DUSP12,5.254899082237059
DUSP13,0.0003453767186256369
DUSP14,1.0846615772607964
DUSP15,21.806166343891235
DUSP16,8.082779862089161
DUSP18,2.013355021259553
DUSP19,2.0251810616380306
DUSP2,0.1791018488740051
DUSP21,0.08186674790155296
DUSP22,21.08636484930926
DUSP23,103.52007539597044
DUSP27,0.00011108376570509143
DUSP28,1.0761623926252546
DUSP3,414.3039371823934
DUSP4,0.19400209707871025
DUSP5,20.733267424119745
DUSP6,715.5071963459818
DUSP7,1.8503022907741895
DUSP8,0.6603631766876674
DUSP9,95.86422449583188
DUT,203.43049282446833
DYRK1A,19.315733289052314
DYRK1B,20.090106564635295
DYRK2,3.7040156968363087
DYRK3,2.3107112855183525
DYRK4,9.666491785569955
DZIP3,13.790950193720253
EARS2,2.010089812522548
EBP,915.765383569453
ECH1,834.0663277743049
ECHDC2,65.64098421762301
ECHS1,731.5706754366081
ECI1,247.28313767413638
ECI2,223.578800890726
EGFR,2.306417051267986
EHHADH,29.636686899871158
EHMT1,0.8052324967136701
EHMT2,0.16505273015449826
EIF2AK1,78.6797148456734
EIF2AK2,26.280862892556218
EIF2AK3,6.848179679197951
EIF2AK4,0.406457364261146
EIF4EBP3,6.4516271456098275
ELOVL1,11.714846662478054
ELOVL2,0.03578060100904267
ELOVL3,0.2213193778543154
ELOVL4,0.013172701032293318
ELOVL5,0.6922013064534686
ELOVL6,28.629266437285093
ELOVL7,18.236143197326808
ELP3,6.2987208962835854
ENGASE,1.9069517194291419
ENO1,5339.499833503851
ENO2,18.357517131904583
ENO3,25.119973542719023
ENOPH1,274.8341292670215
ENPP1,0.4336885904139151
ENPP2,262.98858553555567
ENPP3,0.05815491666265482
ENPP6,0.06965343988147747
ENPP7,0.001664810843404091
ENTPD1,1.86031652605917
ENTPD2,0.4580295919714056
ENTPD3,0.15200513889913514
ENTPD4,9.861749635071936
ENTPD5,4.6676592237430565
ENTPD6,54.25231245760281
ENTPD8,3.186054334149349
EP300,2.4159885802906302
EPHA1,5.468074878540418
EPHA10,0.06477507826846245
EPHA2,1.7642684633276355
EPHA3,0.12912912562013446
EPHA4,6.512788339093377
EPHA5,0.000560083544620928
EPHA6,0.053788376784467316
EPHA7,2.333151105746024
EPHA8,0.00035367086631948327
EPHB1,0.6504832381704644
EPHB2,0.24554915179178355
EPHB3,1.6361088920702558
EPHB4,0.9977243463633163
EPHB6,5.154927074087422
EPHX1,144.67117296601378
EPHX2,100.36353982600983
EPM2A,3.2086836743380323
EPRS,75.84841983438982
EPX,0.06736137210414068
ERBB2,2.5423303453795287
ERBB3,24.682276042336976
ERBB4,3.295589826370242
ERN1,0.901032835841507
ERN2,0.0006301003453945363
ESD,2585.417639492631
ETFA,5488.466808796218
ETFB,2677.7256020820337
ETFDH,53.16220392675256
ETNK1,19.520253619952495
ETNK2,12.800333137848165
ETNPPL,1.3663166774328985
EXT1,20.233754524681867
EXT2,39.58426512191336
EXTL1,0.0008214013318125197
EXTL2,10.228704899912378
EXTL3,11.642828840305253
EYA1,0.02585046109371205
EYA2,2.0112816239912017
EYA3,3.9414532400754863
EYA4,15.232412402584742
EZH1,30.1886024043662
EZH2,0.015665513948402925
F13A1,2.409225226359962
F13B,0.952082265681838
F2,0.001468429250437574
FAAH,15.181386850354523
FAAH2,11.543436006540295
FABP1,0.13015224911601475
FABP12,0.07361943011456162
FABP2,0.001249352542335724
FABP3,101.71102915043568
FABP4,0.19155421111806809
FABP5,10.752014701965287
FABP6,0.020163738178158
FABP7,0.02946414779259718
FABP9,1.0553661478381027
FADS1,8.954200708191339
FADS2,0.9709720929617451
FADS3,0.4313672564203068
FADS6,0.3354345050980549
FAH,14.596140822166644
FAM20B,21.6132444821516
FANCL,5.048886802077936
FAR1,22.030158252621344
FAR2,0.8048934369865137
FARS2,3.519995748371665
FARSA,1164.801447927795
FARSB,2.786826068743317
FAS,11.214669022319969
FASN,5.5061380181690955
FASTK,57.60874894269577
FAXDC2,0.014854582046724449
FBP1,61.17292871835738
FBP2,0.01772352604635771
FDFT1,474.44647840823615
FDPS,86.78224014646193
FDXR,13.637971866003376
FECH,22.79533464585173
FER,1.1282747733955205
FES,4.789839340616479
FGA,0.032167640407822926
FGFR1,32.0439710270928
FGFR2,29.844473989997752
FGFR3,7.766551597154679
FGFR4,4.712995422044159
FGGY,8.51538878340903
FGR,0.7184740506817732
FH,1301.6227427926176
FHIT,17.537608417520147
FHL2,25.739212076560193
FIG4,10.375822629997055
FITM1,0.2547765828864206
FITM2,4.916747487095924
FKBP10,5.071535739159596
FKBP11,2.446292947082882
FKBP14,2.3584700365833062
FKBP1A,348.920700633366
FKBP1B,5.797161719330126
FKBP2,1809.609177029748
FKBP3,1093.5018926479815
FKBP4,1022.8270837311309
FKBP5,2.6597226465869923
FKBP6,0.0345624960497994
FKBP7,5.6292772241925695
FKBP8,54.81496851551369
FKBP9,94.46221566508083
FKBP9P1,0.3354345050980549
FLAD1,6.3783569095846495
FLT1,2.151752528706418
FLT3,0.0032671609558757907
FLT4,0.7711498903605796
FLVCR1,1.299848406501706
FMO1,0.8613085096185965
FMO2,1.1760026727954893
FMO3,0.041854829854952626
FMO4,8.73324649927309
FMO5,5.726016535745479
FMO6P,0.3354345050980549
FN3K,35.065943073771564
FN3KRP,52.69470097900146
FNTA,94.94284598491448
FNTB,0.39809366586411654
FOLR1,486.6436507997042
FOLR2,0.4046609836184134
FOLR3,3.949556612696252
FOSL1,0.4578902256422314
FPGS,1.4571785634612517
FPGT,6.671358066365312
FRK,10.907917052026823
FRMPD2,0.13256467711878103
FTCD,0.14293173061152634
FTMT,0.3764543508002139
FUCA1,502.2058070845006
FUCA2,79.49388801145093
FUK,13.402245424085013
FUT1,0.5351394233389094
FUT10,2.692278929241276
FUT11,4.98527987334976
FUT2,3.7226250304404207
FUT3,0.03780595823877543
FUT4,0.7753412704470193
FUT5,0.0014918546356156314
FUT6,0.49226169205603526
FUT7,0.0011284119852488631
FUT8,0.5669986980506653
FUT9,0.05490807291500318
FYN,22.82061547283391
G0S2,34.74938551206358
G6PC,0.01295299366520555
G6PC2,0.00016366944911634415
G6PC3,90.49141223232307
G6PD,224.57871518122215
GAA,131.14604728456308
GAD1,0.12441628350375193
GAD2,0.03730519390911924
GAK,3.049121727695329
GAL3ST1,10.68795499679518
GAL3ST2,0.0035555891761366106
GAL3ST3,1.3163685885559813
GAL3ST4,0.0779212286707478
GALC,19.33780729403977
GALE,43.987404073778436
GALK1,338.91753031209487
GALK2,44.88896585000615
GALM,56.43713874972888
GALNS,12.025320001833967
GALNT1,14.92411149167937
GALNT10,0.6511170863534778
GALNT11,105.68009162491873
GALNT12,3.8670934664157213
GALNT13,0.0040101654353982075
GALNT14,71.1781370292447
GALNT15,0.0116113720313577
GALNT2,22.32419680608987
GALNT3,38.880417543508194
GALNT4,0.05263897616786302
GALNT5,0.0026255393345966335
GALNT6,6.880888769484779
GALNT7,0.7287100175597568
GALNT8,0.001346396995513808
GALNT9,2.6016571997512843
GALNTL5,0.43999999999999995
GALT,17.850455361980018
GAMT,14.632588997637326
GANC,2.3691319261425985
GAPDH,14719.721697336752
GAPDHS,0.19627229077807962
GARS,283.6376294140051
GART,128.6012274900758
GATM,64.82332153052894
GBA,27.948557632854275
GBA2,53.13488440128681
GBA3,11.47198430010339
GBE1,35.99457283631923
GBGT1,0.5669159677035226
GC,0.020290223586068995
GCAT,134.20868047976882
GCDH,13.463147488752057
GCH1,2.2353402868891443
GCK,0.03071999068757611
GCLC,6.0404832695878525
GCLM,46.42925833591865
GCNT1,1.0869153177846262
GCNT2,4.318329493820607
GCNT2P,0.3354345050980549
GCNT3,440.3958232379847
GCNT4,2.1076695925373947
GCNT7,0.0029466486270606973
GCSH,0.7289789568710655
GDA,0.6574117227351918
GDE1,29.596177033346258
GDPD2,0.32941707721157415
GFPT1,298.5081781978173
GFPT2,1.7577816363348249
GGCT,47.24305233749775
GGH,5.96861277578644
GGPS1,713.4133553544197
GGT1,8.019882062444607
GGT2,1.2557625587889092
GGT3P,0.8482738697292339
GGT5,3.473629243205665
GGT6,75.08966554929853
GGT7,20.072164733376315
GGTLC1,0.16203043601027958
GGTLC2,0.5605543810789323
GIF,0.3354345050980549
GK,2.977516236047783
GK2,0.000336627236139984
GK3P,0.14448284904457862
GLA,22.860880379590423
GLB1,147.7111547389011
GLB1L,4.510969667334911
GLCE,0.5976121135943502
GLDC,10.736719096557126
GLIPR1,0.3804708143055506
GLO1,2684.933752715081
GLRX,315.40540748495954
GLRX2,4.027488518468488
GLS,401.34969200290135
GLS2,3.315295192772605
GLT6D1,0.06930364432416915
GLT8D1,2.057947437876147
GLT8D2,0.8470077417660118
GLTP,79.02721442459817
GLUD1,1506.0227289145362
GLUD2,180.01922201729812
GLUL,18.69903969529698
GLYAT,1.08025490994284
GLYCTK,1.6122034185581984
GM2A,19.2992078100965
GMDS,280.4737815599619
GMPPA,13.00561613840348
GMPPB,269.7487460326672
GMPR,148.61894511951067
GMPR2,131.69527756135983
GMPS,151.51768181860797
GNE,17.44179652837648
GNMT,0.28393825007254786
GNPAT,39.51219966363121
GNPDA1,38.04667800772302
GNPDA2,14.344193112794928
GNPNAT1,77.78674203555094
GNPTAB,15.022003310711936
GNS,106.87496863496611
GOT1,15876.778292583065
GOT2,4593.173207819729
GPAA1,148.1585223686795
GPAM,0.3119424042856408
GPAT2,0.1944608725753907
GPAT3,0.6582069289240687
GPAT4,1.352005973421296
GPCPD1,6.76128507171843
GPD1,0.37077699274704484
GPD2,171.05235997821595
GPHN,18.52846689671195
GPI,5287.7037343065185
GPIHBP1,8.218832523342167
GPLD1,0.15091609114398072
GPT,0.44225379110649526
GPT2,2.5960193527704423
GPX1,146.28296882474496
GPX2,0.8139719983967194
GPX3,1432.5458244462343
GPX4,180.42455298128954
GPX5,0.793289329058847
GPX6,2.01032323162201
GPX7,9.82907283683048
GPX8,5.492471696858467
GRHL1,4.735139466295962
GRHPR,193.87433732229917
GRK1,0.0028782210898744887
GRK2,4.014622265826703
GRK3,1.2623639556998993
GRK7,0.00037039269763262077
GSR,571.0823763532724
GSS,357.92878000291967
GSTA1,6.088205298985956
GSTA2,1.466358717414637
GSTA3,0.0009409857213256601
GSTA4,25.594641458339122
GSTA5,0.0517554489702961
GSTK1,500.45775906566456
GSTM1,30.675325621605406
GSTM2,12.50803240082082
GSTM3,1059.0400618017459
GSTM4,40.21627191918067
GSTM5,19.587199082568446
GSTO1,1787.868899757809
GSTO2,23.751204126343445
GSTP1,21502.960242304387
GSTT1,169.93843309986855
GSTT2,0.14392613726985448
GSTZ1,19.26844703117827
GTF2F1,13.954566814601032
GTF3C4,1.8321034667686966
GUCA1A,0.03348771846594309
GUCY1A1,2.9663227089166733
GUCY1A2,0.07468794161940083
GUCY1B1,1.0453859436592674
GUCY1B2,0.00016828421667616235
GUCY2C,0.30609318730752827
GUCY2D,0.0017052682665993453
GUCY2F,0.13808747592085474
GUK1,277.69188712737645
GUSB,6.961556007680295
GYG1,42.453493858229805
GYG2,0.35454504674030696
GYS1,42.999357845890145
GYS2,0.02989123318916776
H6PD,19.772088200975908
HAAO,3.4588674467662783
HACD1,0.6699772991826155
HACD2,3.095013644366691
HACD3,4.330319334841662
HACD4,0.5979568033382378
HACE1,2.8508472904108904
HACL1,25.175796749720543
HADH,2664.906485141967
HADHA,1673.7320138549042
HADHB,443.3091479432597
HAGH,64.87418766368714
HAGHL,1.6248217202693764
HAL,0.00782733968778764
HAO1,0.19763453007540133
HAO2,0.3774017095023592
HARS,216.25585525950186
HARS2,43.076278637599096
HAS1,0.0007765048249607343
HAS2,0.01361702744982206
HAS3,0.06688430654515164
HAT1,114.06532657223279
HCCS,29.379764754321773
HCK,0.6039344679337613
HCST,1.7441250288182317
HDAC3,0.947386451653531
HDC,0.05235759415630438
HDLBP,164.43571838290922
HECTD1,8.107548197788143
HECTD2,1.5991023370887225
HECTD3,2.876578033690219
HECW1,0.002554224898616538
HECW2,0.009911114716493922
HELZ2,0.16199531088786426
HEPH,1.0629121963662056
HERC1,0.287551336037219
HERC2,0.12609009710634606
HERC3,18.37494418588209
HERC4,9.839731250188366
HEXA,169.20315644398553
HEXB,4.3744126164985975
HEXDC,0.3354345050980549
HGD,89.03285687228481
HIBADH,490.8536892280541
HIBCH,28.61621365022903
HIF1AN,18.99238188729063
HIGD2A,21.333388173861316
HIPK1,16.034571584710328
HIPK2,30.09637720316495
HIPK3,28.45003877189282
HIRIP3,0.32200472752352527
HK1,519.124478792579
HK2,3.8141125269087017
HK3,0.05516562719444246
HKDC1,10.120179352032126
HLCS,6.473123292027998
HLTF,0.12947013982513947
HMBS,95.48993549662295
HMGCL,829.7085802246163
HMGCLL1,0.029791459459118545
HMGCR,28.782595453972146
HMGCS1,56.821338176990366
HMGCS2,375.97810315625026
HMOX1,31.38367820331981
HMOX2,195.9446546213857
HNMT,39.82443205489472
HPD,0.42403071344613413
HPGD,8.337673007122323
HPGDS,0.028595746108231023
HPRT1,1615.517375283835
HS2ST1,9.588413169989519
HS3ST1,18.879284999897614
HS3ST2,0.015498986345528279
HS3ST3A1,0.01734607484007235
HS3ST3B1,0.2601528475578326
HS3ST4,0.00015477981674607942
HS3ST5,0.04907910540809355
HS3ST6,0.04834268634067253
HS6ST1,449.7488805349171
HS6ST2,10.833530023746576
HS6ST3,0.20809854283070592
HSD11B1,0.17526680474132936
HSD11B1L,5.1910269637571025
HSD11B2,3446.749698273313
HSD17B1,8.343389103366452
HSD17B10,306.8601580256195
HSD17B11,107.20212148812881
HSD17B12,1055.4147334490463
HSD17B14,0.9474605874963428
HSD17B2,0.5449807091227715
HSD17B3,0.009062157655467145
HSD17B4,295.10725737690706
HSD17B6,0.07568311322503748
HSD17B7,2.897873878658849
HSD17B7P2,0.2873006585631086
HSD17B8,1.38616949023103
HSD3B1,0.8561440324619417
HSD3B2,0.0009093106021273151
HSD3B7,12.803269043702077
HSPG2,0.20351149573040556
HTATIP2,39.225998135103254
HUNK,19.814966848634764
HUWE1,5.880164944586177
HYAL3,1.0849833396011135
HYALP1,0.3354345050980549
HYI,15.133447674791238
HYKK,0.3304860018863759
IARS,708.6933667836134
IARS2,65.85554254079578
ICK,3.2509825020951255
ICMT,74.87577542043113
IDH1,43.2095361534949
IDH2,1692.957060418308
IDH3A,1649.7152534306776
IDH3B,346.2628121539308
IDH3G,144.67587263236453
IDI1,75.03148341045082
IDI2,1.3559481643599482
IDO1,0.45668583401628904
IDO2,0.0006777686693190594
IDS,57.67722071430349
IDUA,2.206075151541878
IGF1R,14.958130228473212
IKBKB,8.383473713248323
IKBKE,3.659275372221188
IL4I1,7.214257350742127
ILK,31.87815056033916
ILKAP,23.870045036637542
IMPA1,148.61875975854022
IMPA2,437.9788214461523
IMPDH1,9.710880942858468
IMPDH2,151.39195509511012
INMT,1.1293061329491816
INPP1,356.366390671868
INPP4A,1.4195815019720504
INPP4B,1.2934402327967283
INPP5A,12.42729299134936
INPP5B,3.245197987372361
INPP5D,2.314631601656186
INPP5E,7.316635894886594
INPP5F,0.47889812823561506
INPP5J,35.409748250533745
INPPL1,4.096589747492938
INSL3,0.10804246398293438
INSR,14.556182242833728
INSRR,0.024260339480799437
IP6K1,32.53908978151834
IP6K2,23.585519698771808
IP6K3,0.08700599781990083
IPMK,1.3283125993689597
IRAK1,23.1205981675595
IRAK2,1.4372693904253713
IRAK3,0.12073123265687816
IRAK4,5.151507179103841
IREB2,14.328559777026427
ISYNA1,126.81937693604029
ITK,0.013196260911643495
ITPA,453.28432883210627
ITPK1,55.050789299648095
ITPKA,0.013639135187547159
ITPKB,28.38306200735058
ITPKC,8.571545068294805
IVD,920.6697479196644
JAK1,195.76240453984622
JAK2,3.911454463953465
JAK3,0.555412667284393
JMJD7-PLA2G4B,0.00014405496120500165
KALRN,0.9352356388430172
KANSL3,17.999688032150548
KARS,718.2044065622663
KAT2A,7.103416877021206
KAT2B,9.845410830336021
KAT5,31.181929353590448
KAT6A,6.953977809028829
KAT6B,5.231167191721801
KAT7,36.09554463611594
KAT8,25.62276052854675
KCNJ11,0.8662221421588717
KCNJ8,1.505930632371923
KDR,2.194139499104119
KDSR,24.885726093519796
KHK,2.463227483715051
KIT,37.68284842153061
KL,20.207593418310392
KMO,0.08671904212839852
KMT2A,0.1132089503784727
KMT2B,0.3354345050980549
KMT2C,0.02724143815923862
KMT2D,0.256842919373976
KMT2E,0.08892210317369556
KMT5A,0.08744585611927874
KMT5B,0.052531638327043204
KMT5C,0.3350355754164824
KPNA6,65.11025123069226
KYAT1,0.41426786262502635
KYAT3,10.315561941178165
KYNU,0.323432046383233
L1CAM,203.24247014036766
L2HGDH,4.078379973080704
LALBA,0.09996023381633702
LAP3,1371.8693241781464
LARS,414.0520725235141
LARS2,23.01148902299435
LATS1,0.5312569423276864
LATS2,8.755594823805728
LBR,66.86530520094728
LCAT,0.8392080811334466
LCK,2.4490583631030187
LCLAT1,3.3701987787320546
LCT,5.885963300310827e-05
LDHA,13307.729463748883
LDHAL6A,0.045542032129020235
LDHAL6B,0.007219122535609738
LDHB,9431.577631868568
LDHC,1.0739850869784848
LDHD,29.32609072769175
LDLR,1.4583263106771216
LGALS13,0.16621830202908744
LGMN,117.82424340435566
LGSN,0.014837169395570721
LHPP,173.55392317217024
LIAS,0.9400825641774142
LIMK1,9.828542482811448
LIMK2,22.475333208714755
LIPA,78.75311311465663
LIPC,16.155903106351445
LIPE,0.5569920821452651
LIPF,0.0021822533939647995
LIPG,17.583082475608794
LIPT1,6.366174452651361
LIPT2,1.6943765695846489
LMTK2,5.530997079502647
LMTK3,1.238867812522634
LOC102724197,0.3354345050980549
LOC286297,0.0005685966609937869
LOC344967,0.008257471351183683
LOX,0.044213659160900885
LOXL2,2.0349168214262483
LPCAT1,3.0195035011099085
LPCAT2,14.37426855105264
LPCAT3,83.61698785315765
LPCAT4,0.7989269535702687
LPIN1,9.592686802826522
LPIN2,58.21180635914004
LPIN3,1.5379275444220644
LPL,5.434096668524413
LPO,0.0017384304910174424
LRAT,0.02682103284419567
LRP1,0.8513181461258564
LRP2,0.9535524208347522
LRRK1,0.09546287729612075
LRRK2,9.979959887402547
LRSAM1,11.569934406605084
LRTOMT,2.8675875793789447
LSS,43.063055717752086
LTA4H,911.4468719543995
LTC4S,0.4580876825017196
LTK,0.08426841665347524
LYN,10.176817645781764
LYPLA1,269.1803378088771
LYPLA2,145.90309374545998
LYZL1,1.4145390562382973
MACROD1,6.930325566810922
MACROD2,1.5042949605317868
MAGEA2B,0.1626710879648594
MAK,0.1555445013107187
MAN1A1,7.199393818503863
MAN1A2,5.052437934101436
MAN1B1,2.9063047644527673
MAN1C1,49.888112897077185
MAN2A1,11.730609761831357
MAN2A2,8.803622409193904
MAN2B1,29.345326963365807
MAN2C1,19.747480981152563
MANBA,14.605578425736761
MANSC1,54.49946651842082
MAOA,1543.7982966801362
MAOB,80.35088104381416
MAP2K1,489.91231348650325
MAP2K2,126.50372240521706
MAP2K3,19.611314976807567
MAP2K4,32.99918085859301
MAP2K5,8.121289949596125
MAP2K6,4.053889396955915
MAP2K7,1.937912961351255
MAP3K1,13.616734340265308
MAP3K10,1.2884796555773141
MAP3K11,18.18829929195473
MAP3K12,0.48130421988184974
MAP3K13,3.108092011037483
MAP3K14,3.334509459072605
MAP3K15,1.868530092924736
MAP3K2,5.882772128379787
MAP3K20,0.20179825659102824
MAP3K21,0.03839897316107535
MAP3K3,22.256944530772042
MAP3K4,6.666629596224762
MAP3K5,4.907734807443407
MAP3K6,4.094221508853803
MAP3K7,0.7631332673437691
MAP3K8,1.1334454226977924
MAP3K9,0.4344864532765058
MAP4K1,0.0854606537346634
MAP4K2,7.490621344974883
MAP4K3,27.774519730592388
MAP4K5,20.080172691668253
MAPK1,789.192107863739
MAPK10,4.773044183957452
MAPK11,1.1244979155920782
MAPK12,0.5635004082402668
MAPK13,54.71730097891709
MAPK14,77.09305274765421
MAPK15,2.1435837273911305
MAPK3,146.49654089971924
MAPK4,2.278764933433705
MAPK6,7.298595946739166
MAPK7,3.5805398626629588
MAPK8,10.938945342378572
MAPK9,6.949157612328333
MAPKAPK2,4.6961615365137135
MAPKAPK3,83.71011019908406
MAPKAPK5,18.363530168496887
MARCH1,0.21467268974761147
MARCH10,0.30567376975931015
MARCH11,0.0012157847811048034
MARCH2,21.2238618170253
MARCH3,0.031461374702114936
MARCH4,0.0007081986633995174
MARCH5,17.04621890549337
MARCH6,37.21029965149239
MARCH7,37.88567055374993
MARCH8,11.69076462539931
MARCH9,5.846946629800317
MARK1,1.1804948199539886
MARK2,26.98720185409936
MARK3,23.72225430749087
MARK4,2.8873507113553565
MARS,155.82932437560888
MARS2,4.0418639629409086
MAST1,0.015598989610727747
MAST2,1.954444259165126
MAST3,0.8948255826868956
MAST4,2.3918205596502586
MASTL,0.10035037106632441
MAT1A,4.099272581928308
MAT2A,185.26687144295286
MAT2B,604.3649885694874
MATK,0.021988159253434707
MBOAT1,2.9843548299963096
MBOAT2,12.780010032515081
MCAT,24.56368481287273
MCCC1,61.71613556873421
MCCC2,89.41936692897045
MCEE,15.111989003404455
MDH1,9972.776025563777
MDH1B,1.0868990878586058
MDH2,13329.58060456716
MDM2,0.03458437556616763
MDP1,41.051251003307165
ME1,229.6929285233019
ME2,22.385751125732714
ME3,7.501666107695031
MECR,11.19518840676606
MED1,0.7415981383134852
MELK,0.008681901969605913
MERTK,8.149848938695262
MET,16.329007516758242
METTL1,34.589747183330374
METTL3,12.109428379043212
MGAM,4.019767548143517
MGAT1,60.629786484028514
MGAT2,3.608976700743165
MGAT3,0.9571726158392055
MGAT4A,25.202122756628555
MGAT4B,57.98986223172684
MGAT4C,0.007534534969840437
MGAT4D,0.02696149145334556
MGAT5,10.657015915136366
MGAT5B,0.003440065323789211
MGLL,132.81190933275835
MGMT,23.995613963301086
MGRN1,14.959813855553723
MGST1,267.5343230595434
MGST2,98.99379227717282
MGST3,338.4755085350763
MIA3,10.890006961051359
MIB1,6.728303206813395
MIB2,2.828056639024576
MID1,14.271425175802808
MIF,140.49615036235662
MINK1,0.23017385107116445
MINPP1,10.062757325436097
MIOX,0.7505704797500568
MIP,0.0015270782995909751
MKNK1,5.005670293661169
MKNK2,72.53853152227079
MKRN1,86.85948661203305
MKRN2,21.699976473926817
MKRN3,0.008742070534251576
MLKL,6.171990952105806
MLYCD,20.662276896235543
MMAA,4.245398097253257
MOCS1,6.114110999308624
MOCS2,157.51507207865464
MOGAT1,0.0019605942475948135
MOGAT2,0.04026399655427324
MOGAT3,0.006645264807942463
MOGS,86.74668991345887
MOK,2.1780631336181293
MOS,0.09191795284698573
MOXD1,2.9764519848926874
MPC1,27.8052229308476
MPC2,12.311032245951754
MPI,36.40372088525499
MPO,0.04271753737743459
MPST,1497.3611984506938
MRPL58,13.330417578133794
MSMO1,152.76691774377537
MSRA,9.263443204848256
MST1R,0.34165196020928096
MT1A,0.5849344296804911
MT2A,9432.43305147615
MT3,1.949647142814684
MT4,0.3354345050980549
MTAP,384.30169951695916
MTFMT,3.636981106596699
MTHFD1,152.13230304226119
MTHFD1L,6.038986789473139
MTHFD2,3.0823630414130854
MTHFD2L,1.0543709466855737
MTHFD2P1,0.3354345050980549
MTHFR,5.651820592389733
MTHFS,0.7725817783790152
MTMR1,2.1568426713332247
MTMR14,51.23897901968234
MTMR2,1.6150415976097339
MTMR3,0.4096633296946565
MTMR6,7.236604737058998
MTMR7,0.06407162226839835
MTMR8,0.35943700459544703
MTPAP,5.6296140474719865
MTR,1.1974466030010584
MTRR,19.034802712780074
MTTP,0.11026998300697324
MUL1,75.2594045353295
MUSK,0.00018915866257342696
MUT,0.3354345050980549
MVD,80.06527750902866
MVK,64.93256704685459
MYBBP1A,34.522846061684746
MYCBP2,0.08088721082293403
MYLIP,15.170145945636051
MYLK,1.1793255003460281
MYLK2,0.001907315317577857
MYLK3,0.01086237591515289
MYLK4,0.21099246217065576
MYO3A,0.013800369398050797
MYO3B,12.497356138034267
MYO5B,10.779899239658556
NAA10,47.78353282102638
NAAA,23.85407062378691
NADK,13.191804781262903
NADSYN1,22.536316182717
NAGA,27.265351573826802
NAGK,42.422954998424075
NAGLU,21.160839987673185
NAGPA,5.768314000667962
NAGS,3.6404924304661104
NAMPT,463.55760679085887
NANP,1.6348584129416301
NANS,414.1564565685073
NAPRT,25.164291606310147
NAPSA,36.27258285583762
NARS,6074.503802200206
NARS2,12.984672706758733
NAT1,8.120960381086675
NAT2,2.083499139443585
NCOA1,22.747952416027616
NCOA2,0.6392985253405902
NCOA3,1.9659637170816415
NCOA6,10.883421868167922
NCOR1,0.17930262558924093
NCOR2,0.6462144686082061
ND1,0.7496282848946749
ND2,6.647572110665278
ND3,3.518721426725826
ND4,15.91921099634504
ND4L,0.3354345050980549
ND5,3.9860139175064595
ND6,2.1511623729121254
NDST1,22.04140477655094
NDST2,5.544428735194285
NDST3,0.037833387222419176
NDST4,0.00014554453738661958
NDUFA1,1406.2933023527883
NDUFA10,111.34460341803462
NDUFA11,100.97151932077252
NDUFA12,33.96887158573245
NDUFA13,2744.2943944480207
NDUFA2,32.46774227263286
NDUFA3,57.25021179860852
NDUFA4,29.20172468705408
NDUFA5,180.75515293916993
NDUFA6,136.85107349390654
NDUFA7,8.433870870526526
NDUFA8,172.19491775341805
NDUFA9,89.48993711166234
NDUFAB1,314.1293912513828
NDUFB1,100.74988502372892
NDUFB10,220.24881530863973
NDUFB2,1272.6988647391279
NDUFB3,220.79486103270344
NDUFB4,131.2732548289877
NDUFB5,506.1906200261453
NDUFB6,29.942653618050645
NDUFB7,225.63759558037552
NDUFB8,135.01855332171465
NDUFB9,57.134869355546876
NDUFC1,130.70721732008641
NDUFC2,29.76348050070817
NDUFS1,190.2392808937962
NDUFS2,118.16207898674304
NDUFS3,627.6261096432097
NDUFS4,183.09671894427908
NDUFS5,521.4218773791259
NDUFS6,60.772211366951815
NDUFS7,55.84981658198578
NDUFS8,210.99328991150745
NDUFV1,129.88346348641824
NDUFV2,63.530346061124256
NDUFV3,23.69279934127504
NEDD4,0.9654884032252701
NEDD4L,18.09011372072899
NEK1,4.3231073660178705
NEK11,4.470371166007067
NEK2,0.005997125438408721
NEK3,1.9266031671186012
NEK4,8.3927548063492
NEK5,0.14526095832317867
NEK6,0.19101735887017643
NEK7,39.95992010416129
NEK8,5.373191472947622
NEK9,1.999538811382325
NEU1,7.376644472677233
NEU2,0.07868648115252536
NEU3,1.5359139399197486
NEU4,0.024509522438875563
NEURL1,0.14715923590013888
NEURL1B,1.308145719018932
NGLY1,9.674281254682372
NHLRC1,0.8336938003748285
NIT2,851.8411014789924
NKTR,3.0395181860437104
NLK,32.999138242664074
NLN,96.16738498553418
NME1,3382.144485478172
NME2,500.8808958537668
NME3,30.60552405641269
NME4,134.1563415248915
NME6,1.0564817227978118
NME7,2.586915780551024
NMNAT1,5.923452176878794
NMNAT2,0.030541278428183927
NMNAT3,8.620160182623115
NMRK1,2.9351673795914386
NMT1,93.16194860780783
NMT2,3.673617386310167
NNMT,149.27030883643644
NNT,106.60648693799439
NOL9,3.2687908312414686
NOS1,0.06499766514646511
NOS2,0.039550077889734865
NOS2P1,0.3354345050980549
NOS2P2,0.3354345050980549
NOS3,1.76355780198111
NOX1,0.1019140517532951
NOX3,0.0002952882324888921
NOX4,0.5162564117869265
NOX5,0.17187559925126053
NPAS2,9.065819331745358
NPC1,9.583277632535346
NPC1L1,0.04790251540899672
NPR1,33.24726159630879
NPR2,0.7219136910161307
NQO1,256.0946910187976
NQO2,149.74065579396486
NR1D1,8.284230173683456
NRF1,1.5537539143200954
NSD1,10.18461550384424
NSD2,0.8117852405670956
NSD3,0.8238692165195934
NSDHL,1134.9596766184497
NSF,105.0080893760233
NT5C,153.57038715659365
NT5C1A,0.019557540713452958
NT5C1B,0.00047741074070684086
NT5C1B-RDH14,0.037698419756150243
NT5C2,152.18232340009027
NT5C3A,4.209671716104311
NT5DC3,1.5481011303803676
NT5E,0.9752677905364081
NT5M,2.7139334026499284
NTAN1,2.346512936561365
NTRK1,0.006501910567014736
NTRK2,9.50997312236544
NTRK3,0.1633220509621957
NUAK2,116.88037057785112
NUDT10,0.4179798404382237
NUDT11,0.016215881002112697
NUDT12,17.271974304492844
NUDT2,8.77120363041653
NUDT3,4.116848906901453
NUDT4,1.9004317981936167
NUDT5,338.4556917333426
NUDT9,30.181755737751715
OARD1,11.970020898409903
OAT,433.21468247372513
OBSL1,1.6871440079603142
OCRL,13.707347017961022
ODC1,30.376594026289002
OGA,13.207835039605774
OGDH,924.3103468384763
OGT,23.777330615291998
OLAH,0.02381670958030126
OPLAH,5.622856057589862
OTC,0.008013446131713595
OTUD5,65.1459839368072
OXCT1,458.9246514532047
OXCT2,0.006919395829461108
OXSM,12.440267545436901
OXSR1,25.833595307623234
P4HA1,28.652603345889535
P4HA2,27.23090688535686
P4HA3,0.029068140546746828
P4HB,907.8885178441712
PADI1,0.014335078531883958
PADI2,60.834909428257035
PADI3,1.4480638550391858
PADI4,0.00025475735688213565
PADI6,0.3354345050980549
PAFAH1B2,1027.717431225502
PAFAH1B3,238.06339739432528
PAFAH2,25.347558620760864
PAH,0.04316735613064646
PAICS,354.6031050753848
PAK1,39.34768851936824
PAK2,143.24717751626955
PAK3,0.051633661757081326
PAK4,1.2335519566110498
PAK5,0.1843105272396382
PAK6,6.1830772524847974
PAM,1.5245237867684562
PAN2,3.323425724121419
PANK1,5.885609081484377
PANK2,22.74100030516089
PANK3,8.180056320363525
PANK4,7.955839686766043
PAOX,1.8643357434608756
PAPOLA,4.401184432532617
PAPOLB,0.245524304941089
PAPOLG,2.1494067450508103
PAPSS1,129.31136775832204
PAPSS2,73.81405383808888
PARP1,68.1315708004061
PARP10,1.7372197609139746
PARP11,3.78756945905663
PARP12,4.263751930608676
PARP14,18.550392307503408
PARP15,0.0013837566144784515
PARP16,4.514253352424291
PARP2,11.787341766481848
PARP3,38.568919736537836
PARP4,9.268499254405638
PARP6,5.216898526670458
PARP8,3.8074811170164216
PARP9,9.869901686508516
PARS2,4.8172413108379875
PASK,0.67824817168909
PBK,0.10493551546794838
PC,25.457026367521696
PCBD1,285.24320763171124
PCBD2,16.567203919650574
PCCA,96.605514709842
PCCB,27.874412594678066
PCK1,183.85148966109335
PCK2,14.199493517702832
PCMT1,762.2438848172841
PCYOX1,192.93510692994718
PCYT1A,17.027087840012154
PCYT1B,0.005197671178843113
PCYT2,18.990822347486713
PDE10A,0.29655432212808075
PDE11A,0.10629671012292696
PDE1A,107.09467946190323
PDE1B,1.7426426486832298
PDE1C,0.3092327459756522
PDE2A,1.73818618089784
PDE3A,0.8513154984724075
PDE3B,2.1717341671362083
PDE4A,2.8357038520024362
PDE4B,1.0673661996548751
PDE4C,0.12154839359081666
PDE4D,3.453753449390145
PDE5A,3.4961134067799637
PDE6A,6.856914500788885e-05
PDE6B,2.003489423113537
PDE6C,0.0008379626772314104
PDE6H,1.0083333333333333
PDE7A,0.585257895450806
PDE7B,10.596871677278346
PDE8A,8.04275376752146
PDE8B,5.23495277519173
PDE9A,43.97349089818191
PDF,1.4012517546592356
PDGFRA,0.5931680022059401
PDGFRB,5.258697734040467
PDHA1,812.2540192109956
PDHA2,8.963593332760542
PDHB,240.73494927031066
PDHX,23.61603426848625
PDIA2,0.05921981636037119
PDIA3,2623.7477424310023
PDIA4,1110.2896609625618
PDIA5,28.736063923804327
PDIA6,1073.9380779560815
PDK1,1.2888036520106114
PDK2,56.67429893535039
PDK3,8.854918861194077
PDK4,612.7985456811488
PDP1,13.441434831710891
PDP2,3.1370100951346434
PDPK1,1.7533065574307614
PDPR,5.5548478474292935
PDXK,90.94690904123462
PDXP,19.82481921135946
PDZD4,0.060277012627275375
PEAK1,2.455543278552285
PECR,548.5771751777021
PEMT,19.53994892533824
PEPD,71.63070594458922
PEX11A,7.317606511685211
PFAS,116.27961676663296
PFKFB1,0.014971026386529175
PFKFB2,10.995849870175174
PFKFB3,1751.9824639510466
PFKFB4,1.4413491651416626
PFKL,253.73723728572693
PFKM,111.5363802282582
PFKP,2501.2491230123187
PGAM1,146.0886016600253
PGAM2,20.699636581357947
PGAM5,68.27373393381816
PGAP1,1.1544768937337109
PGD,3687.0212023168724
PGGHG,0.02991860446325157
PGK1,959.5872603253727
PGK2,1.3093335024103305
PGLS,864.5922768786205
PGLYRP1,0.0043012011163300065
PGLYRP2,13.13342928945454
PGLYRP3,0.01572942767765221
PGLYRP4,0.2601296063498426
PGM1,511.5865239663089
PGM2,176.89211381550402
PGM2L1,1.2083216281797537
PGM3,32.450576667173074
PGP,36.38545531069527
PGS1,6.74363060022068
PHEX,0.05643239776948449
PHGDH,1064.1356858214453
PHKA1,0.1600725064252167
PHKA2,4.776882579041953
PHKB,52.537130580112304
PHKG1,0.01352015309458248
PHKG2,3.028718179648921
PHLPP1,3.171238282264047
PHLPP2,1.668344564804539
PHOSPHO1,0.027691792852759214
PHPT1,99.59720328815364
PHYH,51.9550144415384
PHYKPL,0.6462009571960334
PI4K2A,1.8607011127246147
PI4KA,1.3812957269894675
PI4KB,1.1009637706509405
PIGA,2.777685135864774
PIGB,8.126495637797161
PIGC,34.098779345319734
PIGF,4.0427265423844245
PIGG,17.922072319168826
PIGH,23.56133515994945
PIGK,25.93974762225817
PIGL,1.667089843318965
PIGM,5.578835746812668
PIGN,7.338314580183911
PIGO,26.747890898075898
PIGP,16.271460077306482
PIGQ,121.80008349657932
PIGS,47.32313146755478
PIGT,16.551664360424745
PIGU,2.264333951488608
PIGV,16.589791542059807
PIGW,7.151527202019586
PIGX,2.1054752067045004
PIGY,178.92568954130576
PIGZ,0.1360383718130527
PIK3C2A,1.6628606128620458
PIK3C2B,2.5719430045320766
PIK3C2G,4.204025708182716
PIK3C3,0.28920864795871853
PIK3CA,6.089512066980531
PIK3CB,0.9201262600730689
PIK3CD,1.283930897627406
PIK3CG,0.056012392983621075
PIK3R1,2.7010913623583863
PIK3R2,20.981324593186837
PIK3R3,24.16231309473519
PIK3R4,38.80142629002474
PIK3R5,0.03225674582166354
PIKFYVE,3.2319366481749014
PIM1,13.014503803402324
PIM2,6.3347593520358165
PIM3,85.0732140374697
PIN1,811.3132436131004
PIN4,0.9731523210824665
PINK1,169.58546960146796
PIP4K2A,7.444932947061084
PIP4K2B,7.51166849460693
PIP4K2C,129.0572104297474
PIP5K1A,0.5755574053029459
PIP5K1B,0.18320081027812557
PIP5K1C,9.640895320074799
PIP5KL1,0.15813407181840344
PIPOX,0.18513018931345418
PISD,2.5630104694694213
PJA1,21.85415176043798
PJA2,93.72942335849956
PKLR,0.018020132712993613
PKM,541.3891072832749
PKMYT1,0.027045129517898697
PKN1,80.05132134664903
PKN2,7.086689632187269
PKN3,2.11459878446889
PLA2G10,0.01090548836464816
PLA2G12A,1.1851779870763282
PLA2G12B,0.005340373152289844
PLA2G15,25.25486554348345
PLA2G16,51.68667865232766
PLA2G1B,0.030804388776484677
PLA2G2A,7.81967631805218
PLA2G2C,0.3354345050980549
PLA2G2D,0.0005574292831353094
PLA2G2E,0.10480083352838437
PLA2G2F,0.0032161348666480643
PLA2G3,0.010406577533049358
PLA2G4A,9.979060805861504
PLA2G4B,0.0045774815752758
PLA2G4C,0.4939295707445421
PLA2G4D,0.00013168032924729532
PLA2G4E,0.00042260856017249746
PLA2G4F,38.98271975449596
PLA2G5,0.001599477747146748
PLA2G6,0.7158707969630348
PLA2G7,0.03910120481133641
PLB1,0.07037950323186896
PLCB1,14.791765502359674
PLCB2,0.10174566265214556
PLCB3,0.808941034625225
PLCB4,1.2215163545554135
PLCD1,10.157211839223862
PLCD3,9.483251538061742
PLCD4,2.529972857017831
PLCE1,0.24451161388951864
PLCG1,0.8236281270179464
PLCG2,57.64071978498396
PLCH1,1.1688448028838987
PLCH2,0.039309821867108664
PLCL1,15.586028592679252
PLCL2,17.165176779694555
PLCXD2,0.021912239673863593
PLCZ1,0.010298566000993662
PLD1,1.5469921632562105
PLD2,4.848289362309834
PLD3,19.792521348373008
PLD4,0.08116677332306399
PLD6,0.601029816776573
PLG,0.029743307713135176
PLIN1,0.012856143599468918
PLIN2,38.43757516481632
PLIN3,70.676904557716
PLIN4,0.0165043174298106
PLK1,0.10668257941142022
PLK2,8.220471163765215
PLK3,1.8821512239086273
PLK4,0.1755396126284788
PLOD1,15.019856505105444
PLOD2,60.68035877284702
PLOD3,18.95456872931718
PLPBP,1.3790311261442316
PLPP1,5.389883230682263
PLPP2,2.123055391477898
PLPP3,4.2032094621878
PLPP4,0.019762828557283812
PLPP5,0.0656688155578048
PLPP6,0.050042688733332445
PLPP7,1.1305815492037874
PLPPR2,0.3307009692228308
PLPPR3,0.9307949846236876
PLPPR4,0.11900942508124815
PLPPR5,0.012456429933028047
PLTP,4.088674213859832
PLXNB3,0.0033815189035961584
PMM1,11.615504830369959
PMM2,87.25617466146319
PMPCA,56.67621365546629
PMVK,466.62047157952514
PNCK,0.006336994085701088
PNKP,19.020816028910936
PNLIP,0.01735944451270558
PNLIPRP1,0.00617904637283032
PNLIPRP2,0.009336185872073905
PNLIPRP3,0.0006718642956065234
PNMT,0.5324548772335194
PNP,7160.207164987593
PNPLA2,82.06096597333077
PNPLA3,0.0005075534454253558
PNPLA4,21.129630646902417
PNPLA6,1.181141109155011
PNPLA7,0.1075021047221856
PNPLA8,18.327980390533643
PNPO,51.01231057960403
PNPT1,3.432430303951744
POLA1,2.531692317887919
POLA2,1.5227744411167883
POLB,14.979588248235391
POLD1,0.40085303867228744
POLD2,7.960858696375992
POLD3,0.6900981707820206
POLD4,96.14519880578
POLE,0.018462658646094636
POLE2,0.18874708844843915
POLE3,32.811924570198315
POLE4,16.288516826304086
POLG,7.871637996665089
POLG2,1.4968815357950334
POLH,2.7494741143929686
POLI,3.316896435099429
POLK,9.053105757275388
POLL,9.072120999427739
POLM,6.882394511749024
POLN,0.06289169581827564
POLQ,0.0011416193096824762
POLR1A,1.2127629691475956
POLR1B,1.1152658270410494
POLR1C,21.22418201407283
POLR1D,19.823760416250057
POLR1E,15.435168915867157
POLR2A,7.007673267507233
POLR2B,18.226882284560663
POLR2C,150.31237952456866
POLR2D,16.124138258600865
POLR2E,73.59255795951908
POLR2F,16.24418535915586
POLR2G,50.467031551461055
POLR2H,391.63778585958164
POLR2I,20.605239423997787
POLR2J,17.438244479793884
POLR2K,130.02157246546162
POLR2L,287.8964625063587
POLR3A,0.2916661456015785
POLR3B,4.122668963207793
POLR3C,1.178435106763542
POLR3D,5.951242390281212
POLR3E,13.234125078908164
POLR3F,6.794814038006371
POLR3G,0.23844673777182243
POLR3GL,40.941311147681844
POLR3K,19.475516051226517
POLRMT,6.094613769995788
POMGNT1,43.953343941241656
POMT1,15.09487677200994
POMT2,7.4534550886845015
PON3,5.972416710554027
POR,447.6494873773768
PPA1,485.7082539033426
PPA2,473.37032693800245
PPARA,4.632697971951157
PPAT,10.24772607084273
PPCDC,5.323836435825168
PPCS,193.63878536243126
PPEF1,0.0019197900237744889
PPEF2,0.00038278403657696574
PPIA,264.1011677627745
PPIAL4A,0.3354345050980549
PPIAL4C,0.3354345050980549
PPIAL4E,0.0011692883803724214
PPIAL4G,6.576817335466105
PPIB,2332.308015308509
PPIC,79.08698874940308
PPID,1072.7206514546353
PPIE,13.938071311424473
PPIF,446.74337957987103
PPIG,17.55397316042493
PPIH,721.6810960405169
PPIL1,138.43537462034413
PPIL2,1.786754084266178
PPIL3,53.89867453757277
PPIL4,6.054015105397915
PPIL6,1.406821120969519
PPIP5K1,3.294377357107118
PPIP5K2,6.5357279512195285
PPM1A,3.0352720976961507
PPM1B,17.57996231335652
PPM1D,4.834415935932198
PPM1E,0.15849366866529765
PPM1F,11.494025150750478
PPM1G,25.68184001605177
PPM1K,9.473784789210182
PPM1M,5.383931663704861
PPOX,5.588210056852126
PPP1CA,461.9764036794101
PPP1CB,466.0058219992107
PPP1CC,71.90977642482467
PPP1R1A,1028.5354905476513
PPP1R1B,3.8699441122503266
PPP1R2,81.9791876495806
PPP1R3A,0.06646892507772041
PPP1R3B,10.067577776053417
PPP1R3C,3.5019711948463046
PPP2CA,319.9991109868771
PPP2CB,173.70899382905085
PPP2R1A,1426.2456721616813
PPP2R1B,27.634501939156923
PPP2R2A,125.45930613916947
PPP2R2B,5.035657956651832
PPP2R2C,0.003982474510466091
PPP2R3A,26.763556926788052
PPP2R3B,0.06682331945526859
PPP3CA,294.4931610330044
PPP3CB,25.124773606746967
PPP3CC,5.9452717587762125
PPP3R1,184.1876945755677
PPP3R2,2.4370537589271226
PPP4C,106.77582713124417
PPP5C,42.823187681443706
PPP6C,260.40918724006195
PPT1,17.40593457806502
PPT2,0.36725522202699806
PPWD1,12.123574307455604
PRAG1,0.3354345050980549
PRDX1,34445.83280111322
PRDX2,8670.127973378876
PRDX3,800.598427145251
PRDX6,2493.894044818311
PREP,114.5522116572891
PRKAA1,45.309012992544446
PRKAA2,13.569008435474075
PRKAB2,8.762820503822944
PRKACA,541.0102482435944
PRKACB,130.46832530816545
PRKACG,0.0031083048271280398
PRKAG2,24.51023860278788
PRKAR1A,69.15141727662719
PRKAR1B,3.9914473729414683
PRKAR2A,26.603676405859492
PRKAR2B,83.80418198476075
PRKCA,6.388388745237293
PRKCB,0.1354056862093204
PRKCD,4.122457989686769
PRKCE,3.4621322783727955
PRKCG,0.0001601445946620648
PRKCH,7.282777428904993
PRKCI,6.064428843624804
PRKCQ,18.586401935290983
PRKCSH,482.3984336348763
PRKCZ,7.5956011364718385
PRKD1,2.2823861743416836
PRKD2,13.763574273786787
PRKD3,11.818155920232396
PRKDC,1.423968126827521
PRKG1,0.24203572947130353
PRKG2,0.11976328239941988
PRKN,0.21524163632635238
PRKX,34.21719464691576
PRKY,0.2608784234245523
PRODH,13.701554006521878
PRODH2,0.03565300871355136
PRPF19,533.5778077228422
PRPF4,224.71373183120502
PRPF4B,26.275200448430944
PRPS1,646.2211254106727
PRPS1L1,4.741857940385772
PRPS2,52.27631172960182
PRRT2,0.010911286231591212
PSAP,108.41959281520192
PSAT1,46.98456965841894
PSKH1,29.949986869360565
PSKH2,0.1345814104359639
PSPH,570.795926050254
PSPHP1,0.3354345050980549
PTDSS1,48.27390088612345
PTDSS2,19.98496526254523
PTEN,12.565798514019754
PTGDS,1.4715554035475047
PTGES,61.231536841750554
PTGES2,91.65009017216259
PTGES3,7559.541627920141
PTGIS,7.984464132564413
PTGR1,1633.597934106864
PTGS1,50.47990244321235
PTGS2,0.21505220023336882
PTK2,7.717359875362605
PTK2B,15.092766637961715
PTK6,0.654533090082017
PTK7,0.9509303101820784
PTP4A2,4.04900738337507
PTP4A3,6.970110833471296
PTPDC1,0.5569300249008073
PTPMT1,19.925815490878392
PTPN1,36.39891676204063
PTPN11,21.447982900362867
PTPN12,4.539852418807308
PTPN13,56.04180741764652
PTPN14,10.239617716749223
PTPN18,24.046874247651722
PTPN2,7.549873985520656
PTPN21,4.825448193401911
PTPN22,0.029638528784492704
PTPN23,9.321244445180188
PTPN3,30.527442695676072
PTPN4,2.9294547963448663
PTPN5,0.0016153986249754129
PTPN6,14.554667140478328
PTPN7,0.0492649619353577
PTPN9,0.9600410310589005
PTPRA,0.6160621714338593
PTPRB,1.9920015131135802
PTPRC,0.32031713310152204
PTPRD,0.19460841461140838
PTPRE,0.7852144291089832
PTPRF,121.03438029212464
PTPRG,9.68183796244893
PTPRH,0.1293604981970852
PTPRJ,30.77955003282534
PTPRK,15.051575874309046
PTPRM,18.83901165712159
PTPRN,0.002737859503241502
PTPRN2,6.467080356065709
PTPRO,0.028671171231164642
PTPRQ,0.3354345050980549
PTPRR,0.0021801985350746807
PTPRS,5.691079221169188
PTPRT,0.02087794644163415
PTPRU,9.134669560612053
PTPRZ1,0.0016131213386667003
PTRH1,7.966856418315972
PTRH2,991.2099994641067
PTS,47.110899533145655
PUS1,5.3155641275102825
PXDN,0.46057852451743214
PXDNL,0.18350494459966699
PXYLP1,0.3900283303635837
PYCR1,0.5396678859460136
PYCR2,598.3249125387254
PYCR3,18.52640291410028
PYGB,926.8394556522244
PYGL,2.2504480281683104
PYGM,0.09774556894555854
PYURF,0.6402221518630032
QARS,591.1515614173469
QDPR,1284.4857563692972
QPCT,30.825414338647718
QPRT,150.08389049140592
QTRT1,16.543841270618778
QTRT2,3.0803803903498332
RAD1,1.384122192227542
RAD18,0.4125498698301598
RAD9A,1.2244848575958134
RAF1,0.5285907570563763
RAG1,0.4314779454616318
RALBP1,287.9340975408979
RARS,396.1505815600039
RARS2,18.410002767916332
RBBP6,0.19525147330797754
RBKS,24.411563118029765
RBP1,219.49522307439605
RBP2,25.564758700109618
RBP4,8.558481700909324
RCHY1,6.457982516446264
RCL1,21.801146347991256
RDH10,105.5479531154508
RDH11,1235.1352444208821
RDH12,0.0381538392728077
RDH13,9.944103465402703
RDH14,1.5820295758614005
RDH16,0.004965641437184595
RDH5,0.024056171523371944
RDH8,0.03895309634207928
REG3A,15.598236131061894
RENBP,2.3475967878265975
RET,0.10181669600327874
REV3L,2.355240217285363
RFC5,25.794034519654463
RFK,53.41605915712132
RFWD3,13.734104315678474
RGL1,3.2418025405911544
RHAG,0.0003211702974112069
RHBG,5.066746763361038
RHCG,388.13863459912073
RING1,3.0124244544356107
RIOK1,0.6774261609575432
RIOK2,0.21041399094367097
RIOK3,28.969012006609265
RIPK1,10.450160937437163
RIPK2,2.69445204882917
RIPK3,9.249348030221327
RIPK4,24.63782935403884
RIPOR1,1.8350848174091228
RNF103,16.29834257297322
RNF115,29.907235191270807
RNF123,13.22451228545325
RNF125,0.47799311859993904
RNF126,7.427314334851885
RNF128,38.95630065649383
RNF13,29.67495401348306
RNF130,94.03452549447125
RNF133,0.04151374055838484
RNF138,3.7463793021174947
RNF139,18.500880558003228
RNF14,33.496656026201805
RNF144A,3.689165359653497
RNF144B,94.12225601072828
RNF146,13.930405072724868
RNF149,27.112834667706064
RNF152,2.56381069202437
RNF167,220.5607437203793
RNF180,6.420703107706275
RNF182,0.5794970321334411
RNF185,37.56542142572095
RNF187,126.93153121981223
RNF19A,31.730884991817017
RNF19B,18.0135448691415
RNF2,11.098937908488171
RNF20,4.001975412681711
RNF216,11.180912076260396
RNF217,0.817163947165304
RNF25,19.158609653368142
RNF31,25.697803848371507
RNF40,2.822384255645188
RNF41,8.906159453351586
RNF5,0.0003069348104369956
RNF8,5.257717516491413
RNGTT,4.322197318047453
RNMT,53.68287180028407
ROCK1,6.306859533633925
ROCK2,8.614595215732535
ROR1,0.06897793183684756
ROR2,0.09198733927321666
RORA,0.9909354792433479
ROS1,0.6028265507699598
RPAP2,2.1528261108992197
RPE,101.16930509037101
RPE65,0.0002079986875466885
RPIA,28.676917758350953
RPL14,768.9325742387625
RPN1,1561.0983497093794
RPN2,755.2001533194364
RPP14,61.88077330881908
RPS6KA1,32.887757365086486
RPS6KA2,15.932385133338098
RPS6KA3,2.529774060870311
RPS6KA4,0.7705683363637257
RPS6KA5,1.3098838555884431
RPS6KA6,4.463314130082697
RPS6KB1,1.4278776652487422
RPS6KB2,12.097124198535443
RPS6KC1,0.4827159378066785
RPUSD4,0.7486865642684141
RRM1,29.094159264774078
RRM2,0.4556553830262423
RRM2B,52.96085175778269
RTCA,1.6973780629584712
RWDD2A,3.9007210804652805
RXRA,8.102997572993798
RYK,21.49217760088462
SACM1L,45.84554348343415
SAE1,150.7586049557136
SAP130,0.7049037155881647
SARDH,0.963064519662046
SARS,222.93643499403973
SARS2,9.336794224719556
SAT1,1413.412718482749
SAT2,97.68487131910084
SBK1,0.5125721067592012
SC5D,1.7142905425756392
SCARB1,3.036181550101139
SCARF2,0.19703268465751206
SCD,5.139267297746123
SCD5,59.44778260745823
SCLY,0.03178829389389117
SCP2,521.1775171259676
SDC1,39.8965402182098
SDHA,592.0552850807519
SDHB,643.7825837870131
SDHC,23.26714771184287
SDHD,9.859896343617569
SDR16C5,0.007432867146280474
SDR42E1,5.449278947514873
SDR42E2,0.3354345050980549
SDR9C7,0.0003646723530829004
SDS,0.02671791259702919
SDSL,95.54739030313462
SEC11A,497.79684026943164
SEC11C,14.841425754573063
SELENOI,0.1784505883933933
SEPHS1,814.6123104849573
SEPHS2,236.68356460036716
SERPINA1,762.0074054125888
SERPINA3,89.83108043884644
SETD1A,0.20438159574676376
SETD1B,3.5898619821237023
SETD2,0.054382302232660454
SETD5,10.451865057229366
SETD7,4.932227677682032
SETDB1,0.3220317015796739
SETDB2,3.6535072745339723
SETMAR,7.358582058930327
SFXN3,700.1963929941053
SGK1,22.684359440466547
SGK2,47.56446212488977
SGK3,0.009939996069474908
SGMS1,82.78407047450821
SGMS2,10.173591928525878
SGPL1,118.85254418648756
SGPP1,64.44729381673517
SGPP2,85.63488340446838
SGSH,16.06342208655809
SH3RF1,15.339216832331966
SH3RF2,0.3297076457731707
SH3RF3,0.23095025005401054
SHMT1,766.0880619552826
SHMT2,242.41745602287986
SHPK,7.780234342058346
SHPRH,1.0388595280508819
SI,6.259827335574078e-05
SIAE,176.21165929512586
SIAH1,4.212070721544687
SIAH2,15.047103290714391
SIK2,12.991650763453247
SIK3,4.994467659713985
SIN3A,7.400346516582871
SIN3B,0.08495891097708227
SIRT1,6.6549865922452565
SIRT2,17.747802146644666
SIRT3,18.220475132921496
SIRT5,4.965624683554469
SIRT6,14.052417025455583
SIRT7,6.569977880869437
SLC10A1,0.006706872795361667
SLC10A2,0.003345773236009501
SLC10A6,0.004654128191057785
SLC11A1,0.3487758037235737
SLC11A2,24.764699693232426
SLC12A1,4958.419265010076
SLC12A2,1.5937286586561985
SLC12A3,35.146921888117156
SLC12A4,0.28754838522367077
SLC12A5,0.0007773974552131208
SLC12A6,0.09688919991094254
SLC12A7,2.8486955131657212
SLC13A1,0.3821466907109861
SLC13A2,1.4187626069885027
SLC13A3,0.05854216421778241
SLC13A4,0.04407832394358633
SLC13A5,0.001512379405284902
SLC14A1,13.696178655263994
SLC14A2,104.39935291108333
SLC15A1,2.3833856086405496
SLC15A2,5.916335806397201
SLC15A3,3.6039913035978204
SLC15A4,11.37868966838878
SLC16A1,1.3629484162594963
SLC16A10,1.3061378229932903
SLC16A2,9.816628626386695
SLC16A3,35.70454629766552
SLC16A7,4.248311827763793
SLC16A8,0.013155576770930735
SLC17A1,0.5156069664880701
SLC17A2,0.005607520672895773
SLC17A3,0.23492109573368994
SLC17A4,0.002602795433903177
SLC17A5,17.1370904119008
SLC17A6,0.03561924497624714
SLC17A7,0.02180945412046868
SLC17A8,0.00665366388889731
SLC18A1,0.0008428572899419421
SLC18A2,2.294011563993465
SLC18A3,0.00023162556050209944
SLC19A1,0.6901891514048438
SLC19A2,15.114406684421624
SLC19A3,1.0113981723643972
SLC1A1,5.09810119448714
SLC1A2,0.0036554003216241046
SLC1A3,0.014688845332153668
SLC1A4,0.4281709532592748
SLC1A5,13.87826326183084
SLC1A6,0.0038331803346910095
SLC1A7,0.002635014494623729
SLC20A1,9.424705155610859
SLC20A2,59.05126897301698
SLC22A1,0.017599660809713646
SLC22A10,0.0002119611096719159
SLC22A11,0.14639828858396522
SLC22A12,0.27061727098253574
SLC22A13,0.00950315142082452
SLC22A16,0.1415176491516722
SLC22A18,25.217154877586633
SLC22A2,69.77772279296929
SLC22A3,0.2984476273951544
SLC22A4,0.33919551042521173
SLC22A5,19.815167925308792
SLC22A6,0.05083348630435471
SLC22A7,0.011521467042089041
SLC22A8,0.02139470542570374
SLC22A9,0.0012036827504418193
SLC23A1,0.09073510253077328
SLC23A2,10.969480206677856
SLC24A1,4.434568034950339
SLC24A2,0.004272319882865749
SLC24A3,0.06733947070675864
SLC24A4,0.001506435208190345
SLC25A1,853.2152688724588
SLC25A10,10.879807260667267
SLC25A11,1739.8228498251356
SLC25A12,528.7825090120624
SLC25A13,294.57594817869233
SLC25A14,2.0896734129632946
SLC25A15,5.191294991866758
SLC25A16,5.262501226819735
SLC25A17,14.280980899738811
SLC25A18,0.24067833833878793
SLC25A19,2.3799177101001683
SLC25A2,0.013712663873814215
SLC25A20,17.61699580513314
SLC25A21,0.051598381982398724
SLC25A22,3.507449002206303
SLC25A26,13.67649591584481
SLC25A27,0.5199350419471097
SLC25A28,28.30596576333731
SLC25A29,42.588565644862186
SLC25A3,3913.4026470646377
SLC25A37,3.9969663334239054
SLC25A4,858.0682089757463
SLC25A5,7034.1072664203575
SLC25A6,110.62150307945932
SLC26A1,0.5145520092009088
SLC26A11,7.657350744865277
SLC26A2,3.4058084088204357
SLC26A3,0.0018123273125955283
SLC26A4,0.005748600437286254
SLC26A6,0.7609792836255195
SLC26A7,18.146577432201006
SLC26A8,0.030112202640361498
SLC26A9,0.031219389642419524
SLC27A1,2.464395593913501
SLC27A2,3.983361489317293
SLC27A3,5.349018956759533
SLC27A4,6.875528279435601
SLC27A5,2.288537018711328
SLC27A6,0.0004983302527552865
SLC28A1,0.2678935547159574
SLC28A2,0.007101921123752501
SLC28A3,0.058369245306162824
SLC29A1,151.76797832348225
SLC29A2,21.03272151174396
SLC29A3,7.469063609808597
SLC29A4,7.379905278831009
SLC2A1,27.467784923574037
SLC2A10,1.0588791627081577
SLC2A11,10.458560214486761
SLC2A12,1.3882924521278095
SLC2A13,5.850959142582848
SLC2A14,0.0012937896406722883
SLC2A2,0.011136520980422136
SLC2A3,0.46053075094767154
SLC2A4,0.49484856811223704
SLC2A5,0.16577052850146567
SLC2A6,1.2749324546966065
SLC2A7,0.02769435809366143
SLC2A8,8.084468325194015
SLC2A9,3.5715517821912646
SLC30A1,34.943459597649294
SLC30A6,10.458707618073767
SLC30A7,24.13484997698286
SLC31A1,13.142563746677633
SLC32A1,0.0002119611096719159
SLC33A1,1077.552528303243
SLC34A1,0.00884083272596195
SLC34A2,146.98742582490158
SLC34A3,0.0068202379088936884
SLC35A1,14.413170046719982
SLC35A2,23.99209640968307
SLC35A3,16.961890395306703
SLC35B2,1.6555477482789802
SLC35B4,5.589412439441739
SLC35C1,4.8443956782268875
SLC35D1,6.452284054077771
SLC35D2,27.255139509787476
SLC36A1,0.6560732369638479
SLC36A2,0.002800865963009071
SLC36A4,4.5104120084629535
SLC37A1,9.428888355293111
SLC37A4,20.532324464658892
SLC38A1,144.60425721780229
SLC38A2,63.56121491946043
SLC38A3,0.06122621573109869
SLC38A4,3.4163695215612853
SLC38A5,7.595576131662615
SLC39A7,5.690194853155675
SLC3A1,193.50639409491185
SLC3A2,79.54244434875629
SLC40A1,112.5320176581212
SLC41A1,10.554997379661932
SLC41A2,3.732837043876762
SLC43A1,1.784420742100173
SLC43A2,210.636542913288
SLC46A1,1.0237900653781122
SLC47A1,5.030694474198436
SLC47A2,1.305551368492728
SLC4A1,199.94145724194544
SLC4A10,0.15590695398661464
SLC4A2,27.517772254195627
SLC4A3,1.7433961275487067
SLC4A4,14.193292356687667
SLC4A5,0.04872356639686358
SLC4A7,0.6984169134009188
SLC4A8,0.892079996466056
SLC4A9,2.3887225651144495
SLC51A,0.15730939956507933
SLC51B,0.1317954273752661
SLC52A1,0.11277172956640528
SLC52A2,0.09357936368667576
SLC52A3,0.28454763876001143
SLC5A1,0.10002475443739417
SLC5A10,1.2394438382073674
SLC5A11,0.004806392952444236
SLC5A12,0.012771668090471998
SLC5A2,0.03536698783061024
SLC5A3,170.31834538279043
SLC5A5,0.5616045239532865
SLC5A6,6.670542859044929
SLC5A7,0.0007922885611953451
SLC5A8,0.4804550027099576
SLC5A9,0.3143526469344376
SLC6A1,0.10083552142461837
SLC6A10P,0.3543891495392057
SLC6A11,0.0031032546629573697
SLC6A12,153.5738683573901
SLC6A13,6.593367539787997
SLC6A14,0.022181020325174113
SLC6A18,0.06891330680336012
SLC6A19,0.08332080561682745
SLC6A2,0.0071763506797793645
SLC6A20,2.2691434242570314
SLC6A3,0.045575331387946276
SLC6A4,0.09846454323269031
SLC6A5,0.0001818859779143715
SLC6A6,0.35837005169066205
SLC6A7,0.00012390206831871284
SLC6A8,65.12797568944194
SLC6A9,0.43977353428371135
SLC7A1,22.483948913273444
SLC7A10,0.04017476329499658
SLC7A11,0.020155849298167123
SLC7A2,4.28694406401971
SLC7A3,0.0018679971780243324
SLC7A5,6.467806825901263
SLC7A6,3.766545386542781
SLC7A7,0.6213332370653338
SLC7A8,26.84836080721547
SLC7A9,0.06720405916969505
SLC8A1,4.521222005812263
SLC8A2,0.007632954733563748
SLC8A3,0.004058507798136931
SLC8B1,0.13932836983899105
SLC9A1,23.31061900509859
SLC9A2,8.112867557006911
SLC9A3,285.9389391816408
SLC9A4,50.139613735253675
SLC9A5,0.0066888040792022875
SLC9A7,1.5891209622614904
SLC9A8,8.355373754537933
SLCO1A2,0.43324684619388726
SLCO1B1,0.0001890610662851677
SLCO1B3,0.00016908826489703437
SLCO1C1,0.005278238398312581
SLCO2A1,5.622553784039472
SLCO2B1,0.5208388349883973
SLCO3A1,15.925461652378482
SLCO4A1,6.4640119681814445
SLK,28.11760571786246
SMARCD3,12.648804453384367
SMG1,0.7060332107813578
SMPD1,47.758841920294394
SMPD2,8.750799748749433
SMPD3,0.07571203349007882
SMPD4,5.103580393707655
SMS,255.9663026365649
SMURF1,6.889914883204031
SMURF2,6.67245772204699
SMYD3,15.176989529550832
SNRK,49.50106513402243
SOAT1,7.7647251740983245
SOAT2,0.3336611291146565
SOD1,5715.21330607702
SOD2,1413.410055532152
SOD3,279.1796640145383
SORD,13.516755561036877
SPCS1,417.10006865745896
SPCS2,173.44344457824366
SPCS3,365.9508021920209
SPEG,0.01588554056798672
SPHK1,0.1716363279391519
SPHK2,1.4652394409409975
SPR,1231.0246519917996
SPRYD3,74.9089222378172
SPTLC1,65.21127274095151
SPTLC2,11.566670976705291
SPTLC3,10.819057617388562
SQLE,0.8130994609968865
SRC,14.790040323291276
SRD5A1,3.050047774497245
SRD5A2,0.0011078947871970106
SRD5A3,2.25868425105731
SREBF1,14.38412295515528
SRM,254.4886644539627
SRMS,0.12592380811648013
SRPK1,5.41999646756999
SRPK2,10.491071215061513
SRPK3,0.008342126172005943
SSH1,6.115584606010161
SSH2,4.098781466259014
SSH3,39.329201576369705
SSR4,841.6956476608791
SSU72,159.70762722568114
ST3GAL1,1.610762412255582
ST3GAL2,4.2292327278207535
ST3GAL3,4.7655807603246165
ST3GAL4,24.991904692539926
ST3GAL5,1.798554776153236
ST3GAL6,4.113099717340633
ST6GAL1,1781.4368895490984
ST6GALNAC1,0.06504243554734583
ST6GALNAC2,6.605315716733388
ST6GALNAC3,0.4690156781272896
ST6GALNAC4,12.179481165997712
ST6GALNAC5,0.01462910872299177
ST6GALNAC6,77.85234725644244
ST8SIA1,0.004584560939628727
ST8SIA4,0.045243908873779624
ST8SIA5,1.8236745858115184
STAMBP,16.82860912600585
STAMBPL1,0.4953350282557007
STARD3,9.701631317626479
STK10,0.23932772294057744
STK11,18.150558479063054
STK16,2.093991954448864
STK17A,7.662238150140554
STK17B,2.2312712757269337
STK19,0.7564892066874369
STK24,100.95783820984627
STK25,4.428844768143072
STK26,0.629690691282171
STK3,18.391898364305355
STK31,0.020602526503564422
STK32A,1.6910348545120235
STK32B,19.610734977333543
STK32C,1.921799248485242
STK33,8.003889425238976
STK35,5.344322493826385
STK36,5.645168559594659
STK38,9.841370313644083
STK38L,6.998335494900333
STK39,44.23700567157343
STK4,1.2249794671558896
STRA6,0.03618772435314678
STS,3.523295910486579
STT3A,25.59814013317645
STT3B,66.35749150720346
STUB1,48.43509993936241
STYK1,1.6777298647561645
STYXL1,30.572755290369127
SUCLA2,260.4407217023718
SUCLG1,1483.4503482693444
SUCLG2,1512.6597070184373
SULT1A1,12.339196648856195
SULT1A2,0.5467532492144865
SULT1A3,3.7503041530200782
SULT1B1,0.002720831449022179
SULT1C2,21.29069965370226
SULT1C4,4.239379575395385
SULT1E1,0.00036026123540380405
SULT2A1,3.553854432798619
SULT2B1,15.676795619619655
SULT4A1,0.006185055283593585
SUOX,99.9150748568729
SUV39H1,1.4359338176238108
SUV39H2,1.0738768643405352
SYK,56.19118277350132
SYNJ1,0.08735359941803048
SYNJ2,0.048649204693270484
SYVN1,0.8849849095081799
TAF1,2.480988860665359
TALDO1,585.1966669993249
TAOK1,3.0590092722475752
TAOK2,12.639785335484312
TAOK3,23.53811391070322
TARS,340.82350381110655
TARS2,2.3614757656297067
TARSL2,7.069572328722043
TAT,0.0045250455429108345
TBCB,164.55559155869872
TBK1,1.110177367025635
TBL1X,32.47482095832085
TBL1XR1,21.131047161170585
TBXAS1,0.8706207347133258
TCIRG1,20.402367719763582
TDO2,0.026495089489489077
TECR,124.21895223770345
TECRL,0.11400593534832566
TENT2,0.15316461371698084
TENT4A,0.45357387630786017
TESK1,10.213210053375162
TESK2,0.3634138679711736
TFRC,47.374536461300195
TGDS,6.907487283747054
TGFBR1,27.963154889704633
TGFBR2,97.35291578958501
TGM1,0.15117145211316677
TGM2,91.34871682431002
TGM3,0.008010755793205702
TGM4,0.0012491528529958431
TGM5,0.006007437628715789
TGM6,0.018105422639918517
TGM7,0.008815182087730276
TGS1,22.376653111401495
TH,0.09556875780854736
THNSL1,8.70904356919316
THTPA,11.403410889722824
TIAM2,0.019764949338450095
TICRR,0.05167590734814967
TIPARP,4.7058696866657
TK1,20.380460458897012
TK2,17.74609482472095
TKFC,17.655218887752373
TKT,104.61351783876135
TKTL1,0.015222450513231036
TKTL2,0.3040568295727089
TLK1,14.34096826678605
TLK2,0.1646117387476893
TM7SF2,68.10453326818079
TMEM91,2.7339096838605634
TMLHE,3.3589906333062585
TMX3,8.209274688451035
TNFRSF21,79.27959706282938
TNIK,4.424586012950417
TNK1,6.139295245164049
TNK2,0.760306080999248
TNKS,7.933717472840643
TNKS2,14.582853557093406
TNNI3K,0.3354345050980549
TNS2,1.434061794943761
TOPORS,12.355647648348603
TP53RK,5.00429852274363
TPH1,0.05116325211592672
TPH2,0.0011657275101657717
TPI1,13833.165640424206
TPI1P2,22.3390892058727
TPK1,2.2324627300768927
TPMT,20.535024124818182
TPO,0.0004303571497447321
TPP1,100.22222022276733
TPSAB1,0.025581265089698338
TPSB2,0.03255748877790445
TPSD1,5.340733439554472
TPST1,48.410147575113946
TPST2,23.40928919410526
TPTE,0.0007264391281634153
TPTE2,0.021809955976578036
TRAF7,21.084262678784288
TRDMT1,0.603295613843703
TREH,0.20580116402204066
TREX1,2.767839603156486
TREX2,0.029253365600262773
TRHDE,1.6009123177685334
TRIB3,4.254014619639643
TRIM11,7.266400214015908
TRIM32,2.340780757627448
TRIM33,5.321547494863084
TRIM63,0.5828185949801588
TRIO,0.7227978925966795
TRIP12,21.477891272237645
TRIT1,6.086675853553802
TRMT1,2.299870488617428
TRMT11,2.71203253397189
TRMT1L,16.68418238379568
TRMU,5.355811730198608
TRPM6,0.009155907774376162
TRPM7,4.260360144885282
TSSK1B,0.004453441143165011
TSSK2,0.0231714118888251
TSSK3,0.1725867723645215
TSSK4,0.19432332686072584
TSSK6,0.5826638273284523
TST,64.95962215865332
TSTA3,227.6834376270556
TTC3,18.963056057816903
TTK,0.011149532001113526
TTL,0.7535756468313579
TTLL10,0.016392290803635096
TTN,0.007450254330945409
TUSC3,3.8048247623360623
TUT1,0.5057177397318889
TUT4,0.6950417161591614
TUT7,0.1907089895411479
TXN,798.0205768038505
TXN2,97.20954311185834
TXNRD1,212.8297030945743
TXNRD2,23.389371670201996
TXNRD3,1.2705498558142474
TYMP,11.93002120811544
TYMS,7.374115722027123
TYR,0.1046323172264974
TYRO3,0.036160454757503895
TYRP1,1.6057757057616755
UAP1,31.044867399499548
UAP1L1,0.9730050561910385
UBA1,1128.9683846690427
UBA2,88.50516166755212
UBA3,71.56815646173912
UBA6,54.04121286305456
UBA7,11.528941895796104
UBE2A,66.09178014779455
UBE2B,43.41616583094262
UBE2C,0.26444925458112717
UBE2D1,10.060060757552476
UBE2D2,40.71468806822051
UBE2D3,1839.4064888554944
UBE2D4,6.509073096165083
UBE2E1,86.08238550001843
UBE2E2,4.775206350908008
UBE2E3,16.865171655869982
UBE2F,1.1303355963937047
UBE2G1,17.433593362616584
UBE2G2,8.59610022844161
UBE2H,509.68391405307926
UBE2I,853.9288440815575
UBE2J1,12.89594215298327
UBE2J2,18.76216657230722
UBE2K,673.599710500272
UBE2L3,1009.6621261657781
UBE2L6,56.01137381490274
UBE2M,83.51592147246319
UBE2N,84.93718924145976
UBE2NL,27.658139028890197
UBE2O,5.200126588249964
UBE2Q1,7.858943884833654
UBE2Q2,3.2916233849308947
UBE2QL1,1.2567147883915757
UBE2R2,14.169559840536767
UBE2S,1.4126615061651309
UBE2T,0.676318646602848
UBE2U,0.023784263818109993
UBE2W,23.073147431969744
UBE2Z,137.04666371594104
UBE3A,27.922698367535403
UBE3B,19.425404811180627
UBE3C,6.72251772021131
UBE4A,1.4291627390316517
UBE4B,2.992772154530681
UBLCP1,87.71315435658755
UBR1,1.1371243439688554
UBR2,4.511702202842452
UBR3,0.03963383851285991
UBR4,8.160878768182329
UBR5,0.6078278289008247
UBR7,32.23802058148542
UCK1,18.98402574597964
UCK2,3.253731056037965
UCKL1,5.540033251720012
UCP1,0.002236855053110689
UCP2,505.5335064556865
UCP3,0.029604068084361144
UEVLD,9.931096000664294
UGCG,17.546459007509192
UGDH,111.83174641752763
UGGT2,2.21264369116743
UGP2,2836.28929656923
UGT1A1,0.001167861822218492
UGT1A10,0.14272264379251745
UGT1A3,0.0006566724466067819
UGT1A4,0.0951329295757727
UGT1A5,0.4044927492424471
UGT1A6,68.51476673313852
UGT1A7,0.817507176308654
UGT1A8,0.00023496935125498337
UGT1A9,0.03630498993817939
UGT2A1,0.3354345050980549
UGT2A3,1.1227713887615778
UGT2B10,0.0031685449766626
UGT2B11,0.005036954407780158
UGT2B15,9.438065632217197e-05
UGT2B17,0.0010799643386883839
UGT2B28,0.0009358223530982693
UGT2B4,0.0007680232271305697
UGT2B7,15.170296830386071
UGT3A1,64.64843439364334
UGT3A2,0.3558842465595432
UGT8,118.7791721942936
UHMK1,49.48959517152863
UHRF1,0.03632746814160273
UHRF2,9.618517455396086
ULK1,12.225761316904947
ULK3,7.912592845886673
ULK4,0.3872599758752387
UMPS,139.07736072415736
UPB1,0.02005335662931625
UPP1,4.782275255741551
UPP2,0.09711177661616353
UPRT,6.336405295651457
UQCR10,79.128404355974
UQCR11,235.59819459288963
UQCRB,114.6398515983585
UQCRC1,4037.7256354544093
UQCRC2,7647.145386346992
UQCRFS1,859.7375863245264
UQCRH,84.64439005466211
UQCRQ,90.54594262764691
UROC1,0.002772848523569169
UROD,93.26011558192087
UROS,55.257660574235416
USP1,14.02199802122863
USP10,7.35259729046403
USP11,152.41437210627717
USP12,14.580912228604141
USP13,1.8025543496765006
USP14,115.84164886020426
USP15,2.4662724664721227
USP16,31.108243273240667
USP17L2,0.7544524097088302
USP17L22,0.04998256910149056
USP17L30,0.050968258904732194
USP17L5,0.050968258904732194
USP17L9P,0.3354345050980549
USP18,2.151243201853027
USP19,1.9860883489734136
USP2,16.444102029879133
USP20,7.824732623292031
USP21,12.92442634966608
USP22,145.60547216916098
USP24,2.921278792576617
USP25,0.22335713699954005
USP26,0.08118014005684498
USP28,5.222280437812822
USP29,0.0001305265714999246
USP3,1.1230707434924152
USP30,0.31276192523220697
USP31,0.8839479462966728
USP32,0.5404521410072554
USP33,29.001125798974734
USP34,13.17565799578453
USP35,0.4904822081444911
USP36,6.0374083947880175
USP37,2.0667773924166806
USP38,13.604819603040779
USP4,4.442942163223825
USP40,0.869429469247152
USP41,0.01834435481333142
USP42,2.889643176022413
USP43,4.976520930705115
USP44,0.7852036193107399
USP45,0.8336393421089555
USP46,4.407317509563639
USP47,4.993166903745775
USP48,0.4639235231434102
USP49,0.056480653891401514
USP51,2.198658081088958
USP6,0.023164760991577434
USP7,36.516555734772545
USP8,1.0289503545593937
USP9X,8.331339652749403
USP9Y,1.602849686085323
UST,2.1388219069777787
UXS1,191.86085087157952
VARS,19.36921091649039
VARS2,15.17460865201151
VKORC1,250.9372523482243
VNN1,0.4962152198026462
VNN2,0.6723498308182586
VNN3,0.000989717601210074
VRK1,31.904002199220066
VRK2,4.512615398468909
VRK3,33.34093966781776
WARS,1171.125839526661
WARS2,26.75452766863534
WDYHV1,15.886797241746589
WEE1,14.89067056598647
WEE2,0.006606275258121231
WNK1,7.273785589928817
WNK2,0.05833675882971933
WNK3,0.4140529613311669
WNK4,114.51685152125735
WWOX,8.660079826870716
WWP1,63.50332935323396
WWP2,0.3284893698355128
XDH,0.14290621603338605
XPO6,0.3955381744837244
XPO7,32.44116792731545
XYLB,0.0779212286707478
XYLT1,0.16975871761253175
XYLT2,22.40056168603295
YARS,2216.8741431021253
YARS2,26.507657670618745
YES1,19.871126911271986
ZADH2,16.27998448095682
ZAP70,0.01837862735084309
ZC3HAV1,4.175646718707499
ZNRD1,1.180653785148663
ZNRF1,3.795611092993915
ZNRF2,7.673864767377382
ZSWIM2,0.015679988656711358
