A4GALT,8.467708539499881
A4GNT,0.21321462884586356
AACS,107.24485145048328
AADAC,0.19335015444985829
AADAT,0.1420955822594004
AAK1,7.80273385015185
AANAT,0.01837930406444836
AARS,406.3531618887388
AARS2,1.658380505865439
AASDH,1.3372521018142456
AASDHPPT,7.48231984401563
AASS,0.9703811506282319
AATK,0.10506230002119714
ABAT,0.9063634583497926
ABCA1,8.389824941861171
ABCA3,18.670896217687886
ABCA4,0.06770116309537494
ABCA8,0.15132052859920903
ABCB1,0.3349812364905969
ABCB11,0.04664320692677182
ABCB4,0.012518201087303863
ABCB6,1.0417861966626019
ABCC1,0.5741692300082745
ABCC11,0.010395996402015804
ABCC2,0.07209186806424575
ABCC3,10.064260889578707
ABCC4,0.2482588312597381
ABCC5,3.8509935847457175
ABCC8,0.005118246537835942
ABCC9,0.17983773287447144
ABCD1,5.663233131358895
ABCD2,0.019499599948480308
ABCD3,94.45509346181271
ABCG2,0.7931965141508657
ABCG5,7.428161924062025e-05
ABCG8,0.0013664838751563542
ABHD12,52.175430493776425
ABHD5,7.688143670306408
ABHD6,5.047669577992728
ABL1,5.5756534025358
ABL2,5.8119068231558995
ABO,0.15408106307087913
ACAA1,26.580027524167335
ACAA2,82.89654605068765
ACACA,16.558960026053192
ACACB,0.14040886190979807
ACAD10,2.289218316818374
ACAD11,0.09332157303469674
ACAD8,14.057572016838096
ACAD9,388.66872350837235
ACADL,0.20161362317030526
ACADM,16.89225302231579
ACADS,7.1404352829512305
ACADSB,58.7478470306758
ACADVL,370.6071804023625
ACAT1,43.65260196323001
ACAT2,37.880009408326515
ACE,17.838593503444134
ACE2,0.03753896436700407
ACER1,0.007425322371433072
ACER2,0.07102695814693717
ACER3,1.4966244714973305
ACHE,0.09232930084124577
ACLY,138.04736880697422
ACMSD,0.006050214698138452
ACO1,37.835069412511785
ACO2,40.26224578326035
ACOT1,1.453788418227451
ACOT11,0.7460789466680848
ACOT12,0.00011916427920858265
ACOT13,7.137402741814783
ACOT2,3.379939540824618
ACOT4,0.6962499897050223
ACOT6,0.016044613630894586
ACOT7,57.17982318551242
ACOT8,28.6813347647024
ACOX1,2.0092299028899663
ACOX2,22.50907879104942
ACOX3,2.7934002537100713
ACP1,6674.109703126723
ACP2,11.419206233003186
ACP4,0.0036202735317779565
ACP5,230.1516587703864
ACP6,40.998308327231825
ACP7,0.44999467512671487
ACPP,3.1581627625872883
ACSBG1,0.01516732285867233
ACSBG2,0.0992150589168998
ACSF2,23.024420886408784
ACSF3,0.8313827061236866
ACSL1,120.238119295756
ACSL3,5.750814089055026
ACSL4,10.451915700102843
ACSL5,12.68008170991632
ACSL6,0.004542827717437172
ACSM1,0.014738301980462021
ACSM2A,0.0001839478147657899
ACSM2B,0.0004455702420335645
ACSM3,0.7459757684934126
ACSM4,0.0015562321098454273
ACSM5,0.03661101790104343
ACSS1,1.0153312903300338
ACSS2,27.918769261691327
ACSS3,0.27901799797422216
ACVR1,6.412633313553255
ACVR1B,7.81802480116445
ACVR1C,0.13570568446452208
ACVR2A,0.2769145420982844
ACVR2B,0.16513757454994535
ACVRL1,3.1261643414040523
ACY1,47.62719647141882
ACY3,10.16478963214633
ACYP1,3.7996434781931105
ACYP2,3.0721930250200056
ADA,6.81694921962063
ADCY1,0.00417667932288792
ADCY10,0.00013729027585157483
ADCY2,0.0011154344056562237
ADCY3,11.43215360902111
ADCY4,0.6224066211991536
ADCY5,0.02922605570454681
ADCY6,3.3977564747522666
ADCY7,15.969746572228038
ADCY8,0.0005762660198258875
ADCY9,0.7836341237829842
ADH1A,0.23234732534319585
ADH1B,18.33986221040898
ADH1C,0.1756798358115424
ADH4,0.008541321289586495
ADH5,640.4351542853949
ADH6,0.008384569517876573
ADH7,0.6842807349862615
ADHFE1,0.2501421701767504
ADI1,103.61796189665696
ADK,150.58276474016944
ADO,16.220953368610203
ADPGK,83.48862113155688
ADPRH,10.620992091087565
ADSL,1761.429233835832
ADSS,265.86817810422014
ADSSL1,0.5913883124986284
AFMID,5.961045375075739
AGA,186.6304200859157
AGK,17.165224627644857
AGL,0.2646212389559935
AGMAT,3.0763285305062515
AGPAT1,2.691569776634457
AGPAT2,60.584590227728384
AGPAT3,10.83471900678881
AGPAT4,0.19684242917172456
AGPAT5,3.899342414426004
AGPS,19.199023364654177
AGT,0.7997225196314391
AGXT,0.00016459012240011134
AGXT2,0.023937988854800134
AHCY,11679.079794288858
AHCYL1,21.39684341605428
AHCYL2,6.170268058539072
AICDA,0.0035439063186531016
AK1,248.39972772603494
AK2,975.7359783802909
AK3,13.730676500906265
AK4,174.6538410718282
AK5,0.0009657983042934768
AK7,0.09132499618452945
AKR1A1,347.98662444455124
AKR1B1,936.1859076170759
AKR1B10,61.60348560607672
AKR1B15,5.053936955996708
AKR1C1,0.4747978724425163
AKR1C2,0.10502331652522705
AKR1C3,0.3090544410769657
AKR1C4,0.00070534823095779
AKR1C8P,0.3354345050980549
AKR1D1,3.5763124860476507
AKR7A2,342.7978848249808
AKR7A3,0.14518756548470169
AKT1,6.900829474459432
AKT2,1.0399854576053575
AKT3,3.4237557881186245
ALAD,207.82868173044565
ALAS1,59.11858785299029
ALAS2,0.011682913832320148
ALB,0.0007697124474151149
ALDH18A1,307.9898680744069
ALDH1A1,16.592342830721375
ALDH1A2,0.0490669666454936
ALDH1A3,7.548973265705852
ALDH1B1,102.38528960519237
ALDH1L1,0.8106939400576922
ALDH1L2,1.5301979277399702
ALDH2,1327.8355536504405
ALDH3A1,0.017218322296258342
ALDH3A2,68.11156103539793
ALDH3B1,4.060678671770366
ALDH3B2,2.234396627628098
ALDH4A1,3.3725990388999056
ALDH5A1,1.5035250116611072
ALDH6A1,2.762536023196717
ALDH7A1,12.556006539694193
ALDH9A1,1053.918653063338
ALDOA,6483.32428076381
ALDOB,0.0009554389026841102
ALDOC,21.349188282720505
ALG1,4.368452539158957
ALG10,0.9378615071215609
ALG11,1.3491021638681147
ALG12,12.432962960077726
ALG13,3.744724425255975
ALG14,11.01439021448209
ALG1L,0.2608341267522739
ALG1L2,0.05205298177034294
ALG2,64.29356288772557
ALG3,4.70492131325367
ALG5,61.22976554325809
ALG6,2.712017527224705
ALG8,34.9157940377505
ALG9,1.4366123945944094
ALK,0.005445328743280425
ALLC,0.09874098907430014
ALOX12,5.785672350442637
ALOX12B,0.09929608307133053
ALOX15,0.014533806380310016
ALOX15B,3.2332021065697782
ALOX5,7.691032853354916
ALPG,2.1334538652401167
ALPI,0.00041775579498090284
ALPL,12.180496284694925
ALPP,0.0172561979430821
AMACR,96.53457003451457
AMD1,115.21738874618171
AMDHD1,0.08068107687319521
AMDHD2,8.476484473726122
AMFR,0.38629471391896625
AMHR2,0.0051334549985763735
AMN,0.031099247984194413
AMPD1,0.009191870200716984
AMPD2,9.335730494350603
AMPD3,6.304822894540882
AMT,0.7908875100529653
AMY1A,0.006526591561950856
AMY1B,2.6438139326066277
AMY1C,2.6438139326066277
AMY2A,0.004082191988977497
AMY2B,0.16098018923983493
ANAPC11,170.56694392689462
ANGPTL4,40.89960564747621
ANKRD1,0.151385608241538
ANPEP,7.89631520508425
ANXA3,2247.6172915841807
AOAH,6.411297935447633
AOC1,0.022327631781835014
AOC2,0.21241315960558366
AOC3,6.377350933501429
AOX1,0.7048009436532614
APOA1,0.0054274239536609105
APOA2,0.002758607027055584
APOA5,0.0017495926140393984
APOB,0.0004321962277215383
APOC1,1575.1875488715366
APOC2,27.211319250515267
APOC3,0.0008317508049933356
APOE,2498.94267142736
APRT,909.1893567263636
AQP1,75.25027610744908
AQP10,0.0014950860212747984
AQP2,0.00011080498032170096
AQP3,27.68353563386408
AQP4,4.170369153972995
AQP5,0.10040837793151917
AQP7,0.014040915706630226
AQP8,0.0006150276562828852
AQP9,10.492617369350016
ARAF,1.4151390732102236
ARCN1,252.22459267717244
ARG1,0.008907924823599166
ARG2,5.728714767321171
ARSA,26.12780463640564
ARSB,1.751008853222978
ART1,0.0006122629839951065
ART3,0.09251798932844307
ART4,0.03752085537165242
ART5,0.0030056844321374276
AS3MT,0.025443066982544064
ASAH1,135.13787170072874
ASAH2,0.011560146234183727
ASH1L,0.008055275513560816
ASL,1081.1236358550398
ASMT,0.0005453803683390269
ASNS,668.8930856154365
ASPA,0.057297986269875284
ASPG,0.005925888620020486
ASPH,768.4462413538178
ASRGL1,2.2200664983090155
ASS1,210.9218254967836
ATE1,6.004268749864767
ATIC,952.458297519198
ATM,0.32198604516798024
ATP10A,6.530139841283619
ATP11A,7.265017416172874
ATP11C,2.300338128140379
ATP1A1,81.46234168158469
ATP1A2,0.010205913751259286
ATP1A3,0.3749579400290446
ATP1A4,0.0011057935242044744
ATP1B1,130.4761197404332
ATP1B2,0.07156663873115657
ATP1B3,51.062915462077434
ATP1B4,0.0009788637754725492
ATP2B1,31.68677974653022
ATP2B2,0.00033074382227644316
ATP2B3,0.0002872334635894544
ATP2B4,30.716671380668963
ATP4A,0.0010859347106994758
ATP4B,0.00018123472368874674
ATP5F1A,124.53265572432873
ATP5F1B,167.30632217246165
ATP5F1C,21.50971022167614
ATP5F1D,155.46511749348954
ATP5F1E,125.55773209538297
ATP5MC1,4.311892001287344
ATP5MC2,2.868050998110428
ATP5MC3,5.997867959791037
ATP5ME,117.38991896387836
ATP5MF,1.481717785000078
ATP5MG,179.57272888452187
ATP5MGL,23.718922705117464
ATP5PB,5.524565248774745
ATP5PD,6.7181129554220975
ATP5PF,4.959033242795014
ATP5PO,42.13932100131758
ATP5S,0.3354345050980549
ATP6V0A1,1.2025124857607998
ATP6V0A2,0.8367823989449663
ATP6V0A4,0.0035996769879429926
ATP6V0B,1139.8264550698023
ATP6V0C,325.1891014203086
ATP6V0D1,605.5777237715577
ATP6V0D2,0.5801219924423042
ATP6V0E1,540.8907094887579
ATP6V1A,130.89874205037037
ATP6V1B1,0.04697907288584501
ATP6V1B2,568.2053247673165
ATP6V1C1,37.25469257692819
ATP6V1C2,0.3318074259872746
ATP6V1D,35.67733891639135
ATP6V1E1,418.15103540633913
ATP6V1E2,0.45171518168743124
ATP6V1F,79.70845080015845
ATP6V1G1,48.80175975604306
ATP6V1G2,0.031093354662333293
ATP6V1G3,0.2330917175245828
ATP6V1H,44.17535070711075
ATP7A,0.43969081988047315
ATP7B,1.4138625113396497
ATP8A1,0.27908402701261
ATP8B1,9.742681624714393
ATP8B2,0.8964259032085418
ATR,0.04041608021757597
AUH,2.5342303202783794
AURKA,0.33305956457473274
AURKB,15.257861521664982
AURKC,0.2833465997218908
AWAT1,0.0015486879202520382
AWAT2,0.0005470861131391975
AXL,0.17888303079554585
AZIN2,0.7963414524148358
B3GALNT1,5.503673526041349
B3GALNT2,14.925380623838004
B3GALT1,0.000291806432483745
B3GALT2,0.013495508939594813
B3GALT4,0.09096397604194086
B3GALT5,5.137162276855987e-05
B3GALT6,3.149054770171842
B3GAT1,0.008825873892389377
B3GAT2,0.00012505587618299207
B3GAT3,33.69224425288601
B3GLCT,0.7866139610071975
B3GNT2,14.953116693893177
B3GNT3,11.163742649912924
B3GNT4,9.72976986323577
B3GNT5,11.767475006322476
B3GNT6,0.0037542493849135905
B3GNT7,1.2871400927255383
B3GNT8,1.1979266089772918
B3GNT9,1.6625377094155422
B3GNTL1,4.755100091869683
B4GALNT1,1.4536831766677427
B4GALNT2,0.5032366249184036
B4GALNT3,3.8096079684973296
B4GALNT4,2.6622257548277113
B4GALT1,230.166773279942
B4GALT2,51.774001295228416
B4GALT3,57.3014381114688
B4GALT4,4.302532426162444
B4GALT5,112.9469215737879
B4GALT6,2.592974381000589
B4GALT7,13.582248415795775
B4GAT1,2.277812689362301
BAAT,0.009302396891017011
BARD1,0.9502708982165631
BBOX1,0.0013853102710583043
BCAP31,2429.9397918861914
BCAT1,13.401204410275932
BCAT2,17.21972300758609
BCHE,0.12208179242919659
BCKDHA,5.207903946716409
BCKDHB,4.836894276502517
BCKDK,192.9902897940294
BCO1,0.06461878427195712
BCR,1.1438421741057416
BDH1,10.503716649204149
BDH2,4.443065461897416
BHMT,0.00217571665529444
BHMT2,0.04115999746141629
BIRC6,1.96777395245424
BLK,0.3992920635831869
BLVRA,1339.985873509806
BLVRB,1989.9696789042562
BMP1,3.5131699926342006
BMP2K,0.28879942718895873
BMPR1A,2.412176561965703
BMPR1B,0.0002546582276073769
BMPR2,2.2634973337149455
BMX,0.01639980970687642
BPGM,15.078792823096894
BPNT1,56.13909890012141
BRAF,1.0907761764207247
BRAP,0.21547067001858253
BRPF1,4.465280561130467
BRSK1,1.0021428232104928
BRSK2,0.03953931646633039
BSCL2,0.27905531627281105
BSG,370.11106885075856
BTD,9.09071911554713
BUB1,15.622498829774166
BUB1B,0.48311698067453407
C1GALT1,10.491788778627065
CA1,0.05458553048140268
CA12,11.708653287389664
CA13,28.007843144435725
CA14,0.07654503253246515
CA2,3.1725069303876596
CA3,4.289716213690445
CA4,0.45375446683545
CA5A,0.08417582761312976
CA5B,0.1621726661461349
CA6,0.0054844642149141296
CA7,0.029547794770518748
CA8,0.011268493574774243
CA9,861.1909170904964
CAD,56.783222789561435
CALM1,189.90367904883226
CAMK1,3.826420585420857
CAMK1D,1.3502239215462846
CAMK1G,0.28836402438206965
CAMK2A,0.014216587732859347
CAMK2B,0.003320145581779727
CAMK2D,318.21531139878294
CAMK2G,17.8200290567119
CAMK4,0.04943908360025814
CAMKK1,0.21159129431082796
CAMKK2,7.886854904682634
CANT1,48.63933982549081
CARM1,28.746189922568593
CARNS1,0.027124989570145773
CARS,122.77714095242875
CARS2,29.016664865151153
CASK,40.74043386666157
CAT,256.6309219974645
CBLC,32.77273704337314
CBLL1,7.714046226523106
CBLL2,0.027434690025870352
CBR1,203.53006882936873
CBR3,335.1260481885789
CBR4,48.78572708183042
CBS,44.50728697396511
CBSL,0.3354345050980549
CBX1,67.18335964142132
CCNB1IP1,25.245886577967173
CD36,4.445725118215112
CD38,6.051411634301552
CDA,1238.0047786657874
CDC14A,0.3505292566995531
CDC14B,1.81121573804891
CDC25A,2.7308180987212642
CDC25B,55.9665145095065
CDC25C,4.029373599529914
CDC34,21.115551730216332
CDC42BPA,1.5354620327344655
CDC42BPB,1.6032154022988405
CDC42BPG,1.03230423287111
CDC7,1.9030905602706925
CDIPT,159.18993643346533
CDK1,34.334791892546434
CDK10,17.22644006469458
CDK11A,1.468192116891735
CDK11B,4.885110806510708
CDK12,7.2534258071736035
CDK13,3.953414905590078
CDK14,5.654257318529792
CDK15,1.5220039463387403
CDK16,64.7274404061373
CDK17,3.8195217355118043
CDK18,11.666624162638412
CDK19,2.3754269468906495
CDK2,78.49141642467713
CDK20,1.1819569421689011
CDK3,1.5727061588340354
CDK4,42.41396151201291
CDK5,82.39908013330859
CDK6,11.38943587212548
CDK7,132.36937149718585
CDK8,5.053495814541595
CDK9,28.45884244958227
CDKL1,1.1965302012550294
CDKL2,0.4790342359483202
CDKL3,0.2539281778073781
CDKL4,0.002382954476068345
CDKL5,0.07618802974778317
CDKN3,15.988512063939222
CDO1,0.1343204820398161
CDS1,5.565547634563614
CDS2,5.131761338401246
CDY1,0.256335927830294
CDY1B,0.256335927830294
CDY2A,0.04923577690024244
CDY2B,0.04923577690024244
CEL,0.010537099651766075
CEPT1,5.88225188860819
CERCAM,36.09475262602033
CERK,3.9213483325407634
CERS1,0.026432702819174845
CERS2,435.099432942588
CERS3,4.422356618678071e-05
CERS4,66.7175683591146
CERS5,23.573295782881907
CERS6,2.2736117322332534
CES1,12.197130667110967
CES2,4.532650719404939
CES3,0.0338936401824334
CES5A,0.03703753789261324
CFTR,0.5395143443662872
CH25H,178.78478310790229
CHAT,0.00020790378566696725
CHD9,0.7683806665431845
CHDH,2.09991446007422
CHEK1,1.317168746361064
CHEK2,29.642398376059443
CHFR,6.261210980118856
CHI3L1,2687.921407197486
CHIA,0.36698398165492996
CHIT1,15.380230176929938
CHKA,2.2070075734839274
CHKB,0.15143131719860103
CHMP4A,37.017448071052506
CHPF,49.303145796798105
CHPF2,38.21630161137418
CHPT1,18.48198798189412
CHST1,0.08865867127739667
CHST10,0.15858791316526777
CHST11,9.78080772214619
CHST12,6.002759303989316
CHST13,0.02326433571698164
CHST14,0.5799854092248098
CHST2,0.4711345773112189
CHST3,2.9685852310352807
CHST4,1.0269578425188213
CHST5,0.005157361363216181
CHST6,0.3383733738645095
CHST7,2.2292405766854064
CHST8,0.0012075211505951245
CHST9,0.0007018702703287053
CHSY1,7.0457767704965315
CHSY3,0.07622182254002165
CHUK,1.8316276817436947
CHURC1-FNTB,0.0005298808747884111
CIDEA,0.00016658584705200817
CINP,1.8833766916687014
CIT,2.0311777863207325
CKB,8.361232837453114
CKM,0.030894090966849544
CKMT1A,10.833035890638511
CKMT1B,11.098919902387223
CKMT2,0.06461354740101159
CLC,0.3623540813932071
CLCF1,9.95455909098769
CLK1,0.5064947408398677
CLK2,7.585248894354875
CLK3,0.7425253185031273
CLK4,0.18085885250677486
CLOCK,1.6656421008247422
CLPS,9.828993754263943
CLTRN,0.5786685643266595
CLYBL,0.042217616491901
CMA1,0.025587870553163135
CMAHP,1.1976112094174547
CMAS,91.91396551871208
CMPK1,939.2073173954102
CMPK2,32.44729037569597
CMTR1,4.115778316984253
CNDP1,0.007923470167941527
CNDP2,79.71197229101136
CNOT4,2.847943870420889
CNP,26.516775277961365
COASY,296.42453088215524
COL4A3BP,1.6772643046972895
COLGALT1,4.827811645801103
COLGALT2,0.08819212596505183
COMT,253.7479130933257
COMTD1,686.4052432348565
COP1,0.4785008438550989
COPA,320.75932874527865
COPB1,556.54333043334
COPB2,114.60725199684376
COPE,1654.5855352209596
COPG1,350.3497824884071
COPG2,204.78383230142262
COQ2,11.17402023766376
COQ3,12.502803587308097
COQ5,3.2225376314788714
COQ6,3.489052922047145
COQ7,0.2498519611924343
COX1,7.766401376158287
COX17,47.676677172463734
COX2,5.3369352212394165
COX3,0.33446363282071023
COX4I1,947.5932900275794
COX4I2,6.670884411941682
COX5A,337.43014899007716
COX5B,713.5206496574795
COX6A1,21.26250861672308
COX6A2,0.001103734049902424
COX6B1,175.9418157544544
COX6B2,0.03325207034636592
COX6C,155.36000938442015
COX7A1,1.7957175131068661
COX7A2,115.18354141412894
COX7A2L,474.3794991519363
COX7B,735.841608747154
COX7B2,0.011382584959860829
COX7C,260.2514810741554
COX8A,837.0300519179622
COX8C,0.0023257910975406156
CP,0.05721582572177129
CPA1,0.0005397584935902361
CPA2,13.910127244979716
CPA5,0.04812183804232668
CPA6,0.001787688480996806
CPOX,542.9559631773172
CPS1,0.23818353289691574
CPT1A,0.4989401519097211
CPT1B,0.021689143457336493
CPT1C,0.0500754458364857
CPT2,54.61623158184174
CRAT,8.525964089029765
CREBBP,0.09356988401037161
CRLS1,16.937484613655496
CROT,5.824065152614372
CS,3765.1962603779816
CSAD,0.7052112251779645
CSF1R,28.267917868162208
CSGALNACT1,1.3524440083559097
CSGALNACT2,9.369461430518617
CSK,37.29376258760245
CSNK1A1,63.14813926919488
CSNK1A1L,0.18989853912596
CSNK1D,58.528570505824725
CSNK1E,2.818489637630466
CSNK1G1,1.0877656365603336
CSNK1G2,68.66164656154695
CSNK1G3,4.963891580542348
CSNK2A1,353.60953701920454
CSNK2A2,195.51738849440397
CSNK2B,125.41994985630235
CTBP1,68.52422374343944
CTDP1,1.8492105651069939
CTDSP1,33.98250598405227
CTDSP2,86.61656428062481
CTDSPL,6.632411410044898
CTDSPL2,1.6768355981008276
CTGF,0.3354345050980549
CTH,95.50394771648776
CTPS1,0.2774814774265704
CTPS2,4.333002615604108
CTSA,866.4951566374707
CTSB,3699.8969470353472
CTSC,709.8960496756719
CTSD,3695.523444849677
CTSE,35.803004517820185
CTSF,32.124335693455535
CTSG,0.3545580061509488
CTSH,550.2846260912266
CTSK,30.759781402615243
CTSL,22.309476873829027
CTSO,7.779244458467044
CTSS,112.96700892556352
CTSV,0.5139622638412911
CTSW,5.540839605164
CTSZ,37.555865716177735
CUBN,0.005955116174260289
CWC27,9.315987403176813
CYB5D1,3.359143372024997
CYB5R1,119.5167432734765
CYB5R2,1.1798296028673152
CYB5R3,2170.6856143880523
CYBB,34.671380158297346
CYBRD1,56.28230705489162
CYC1,1376.5734728961988
CYLD,3.4785425797225638
CYP11A1,3.0148449415444656
CYP11B1,5.10075204264754e-05
CYP11B2,0.0003393116192757408
CYP17A1,0.09980576629053012
CYP19A1,0.009459865595980114
CYP1A1,0.0023878994343203602
CYP1A2,0.0008597657998498158
CYP1B1,18.607299722580045
CYP21A2,0.006266567266788896
CYP24A1,0.4285375515781185
CYP26A1,0.0012111164435984073
CYP26B1,2.3537803598020113
CYP27A1,35.85126895573281
CYP27B1,0.21760200199596008
CYP2A13,0.00014273403415509316
CYP2A6,0.0003955863343105471
CYP2A7,9.673084033908048e-05
CYP2B6,0.005658572307946398
CYP2C18,0.009009185647848167
CYP2C19,0.0009388329644301369
CYP2C8,0.0020507212201695602
CYP2C9,0.00013145309438133138
CYP2D6,0.060699308630015894
CYP2E1,0.1221450311092402
CYP2F1,0.0029069831245476375
CYP2J2,0.02936016760701175
CYP2S1,3.9964498124988213
CYP2U1,0.7447674400698591
CYP39A1,0.10203910519758352
CYP3A4,0.0003654470808345822
CYP3A43,0.0005311441326215971
CYP3A5,0.0704782334969905
CYP3A7,0.15747794336040138
CYP46A1,0.015264396142552688
CYP4A11,1.6372931884537043
CYP4B1,7.221594079796889
CYP4F11,1.3318124312280097
CYP4F12,0.012506521131158813
CYP4F2,0.0007159575536257863
CYP4F22,0.0014099808226302846
CYP4F3,0.009214653271052746
CYP4F8,0.0003531547389964631
CYP4V2,3.978726833930226
CYP4X1,0.11246344333556527
CYP4Z1,0.0017835404897550572
CYP51A1,109.9969497961201
CYP7A1,0.0014878789933601613
CYP7B1,0.30911481377294137
CYP8B1,0.00093112790790472
CYTB,10.283962318241796
DAD1,1151.1239906142468
DAGLA,0.47785929685751166
DAGLB,9.836228433752252
DAO,0.00045853735610170766
DAPK1,2.6048271742210245
DAPK2,0.9804213065184475
DAPK3,10.755585391456508
DARS,4474.235386118889
DARS2,12.699238588082208
DBH,0.010567758245736072
DBI,673.9314247529346
DBT,2.120300209668007
DCK,14.864527919928998
DCLK1,3.6737265668958017
DCLK2,0.06726512065023008
DCT,0.00045769083731116676
DCTD,23.743090739991253
DCTPP1,322.97406097708136
DCXR,105.70889984759579
DDAH1,63.34264549480579
DDAH2,16.18344042710761
DDC,0.023565159902054125
DDO,0.6019327662999244
DDOST,1641.6011240694088
DDR1,38.86275782049684
DDR2,0.6261622930343149
DECR1,69.80828833758765
DECR2,21.810695282741655
DEGS1,18.245382411847533
DEGS2,0.15972491795040925
DERA,122.20069174918704
DGAT1,27.121652917830044
DGAT2,7.224680351031261
DGKA,2.439626801202561
DGKB,0.0010903725049112504
DGKD,1.0600014800659259
DGKE,0.19959219847376983
DGKG,0.06600752677672321
DGKH,0.04632839495618684
DGKI,0.0008361191710333972
DGKQ,1.2989100973615872
DGKZ,4.661837163298634
DGUOK,43.92941771164686
DHCR24,18.345315338687048
DHCR7,22.97084173029305
DHDH,2.9385327030256345
DHFR,452.1639700020027
DHODH,2.602872049445699
DHRS2,0.1012738026685434
DHRS3,36.406905203940134
DHRS4,153.66743523043385
DHRS9,0.13518351658559696
DIO1,0.029826679848808445
DIO2,0.09428428428362867
DIO3,0.018263310432303847
DLAT,455.10679911218335
DLD,1012.0840371380127
DLST,84.55161968798397
DMGDH,0.011845892628070436
DMPK,2.2434907020875223
DNAJC6,2.6224138585553116
DNMT1,46.22647372021798
DNMT3A,1.0380628351639498
DNMT3B,12.797276959693045
DNMT3L,0.0021039280400268344
DOLPP1,9.267685336278403
DOT1L,4.350744627270122
DPAGT1,17.11867462603396
DPEP1,0.5256312489922502
DPEP2,1.3516489570111188
DPEP3,0.00500216944908654
DPH5,122.98655209678267
DPM1,1994.5798790760314
DPM2,53.24946390697341
DPM3,46.73365227212954
DPYD,64.66079787142854
DPYS,0.041097078878852854
DPYSL2,2156.6767426338874
DPYSL3,18.623970938246448
DSTYK,1.541146399929991
DTYMK,46.525995366222006
DUOX1,4.170667052274582
DUOX2,0.07603555987439234
DUPD1,0.001676119110081049
DUSP1,134.27211285976034
DUSP10,39.9871626339145
DUSP11,25.330845784593876
DUSP12,18.140354512580643
DUSP13,0.039414721506410885
DUSP14,1.6759538429442555
DUSP15,0.06443180823598349
DUSP16,4.195628289307672
DUSP18,1.0134734416408697
DUSP19,0.02282580156069017
DUSP2,6.888391884866279
DUSP21,0.000392954014130515
DUSP22,35.17536316095211
DUSP23,107.94394744729365
DUSP27,0.0012546291953888075
DUSP28,0.39768377285117856
DUSP3,97.83853923485337
DUSP4,2.8911359584932597
DUSP5,15.621649890870556
DUSP6,39.90386955189997
DUSP7,8.68744243943277
DUSP8,0.3148679715260887
DUSP9,2.0556566244930337
DUT,322.35777215737045
DYRK1A,4.214441686512003
DYRK1B,1.4435317396564742
DYRK2,0.8630491381948611
DYRK3,3.6557449773016266
DYRK4,18.763229919241617
DZIP3,0.5916098880081249
EARS2,1.2950852432489977
EBP,1673.8823435664985
ECH1,168.96103595127897
ECHDC2,8.832472868104196
ECHS1,263.8234699709804
ECI1,121.32905528416818
ECI2,82.09674588731454
EGFR,1.6017284735478272
EHHADH,3.6736349034362443
EHMT1,0.41132871529626597
EHMT2,0.43476184367958864
EIF2AK1,75.4217479954985
EIF2AK2,94.333425090129
EIF2AK3,4.656153849840443
EIF2AK4,0.5492876855458007
EIF4EBP3,0.34445994054708245
ELOVL1,19.813600724448285
ELOVL2,0.030614705348944077
ELOVL3,4.9964346461554205
ELOVL4,1.0633450391075632
ELOVL5,4.7825969457864375
ELOVL6,32.98352479966592
ELOVL7,1.589211439665672
ELP3,1.4650593938961622
ENGASE,1.5837551088263326
ENO1,3864.5077776757544
ENO2,25.32196823834661
ENO3,12.312558527778823
ENOPH1,321.09281790635094
ENPP1,0.008599338347781886
ENPP2,8.527908849940557
ENPP3,0.017605740448255292
ENPP6,0.00625952106479599
ENPP7,0.00037112069686416697
ENTPD1,1.3453828617662686
ENTPD2,2.816020631573689
ENTPD3,6.191409572613068
ENTPD4,1.334001578835712
ENTPD5,0.9165826187081599
ENTPD6,77.53861678450302
ENTPD8,0.16930265884718795
EP300,1.810048182119434
EPHA1,9.147520298913621
EPHA10,0.923236984585336
EPHA2,4.036280369174027
EPHA3,0.05595492750355823
EPHA4,0.33347042838175994
EPHA5,0.00016868583587970843
EPHA6,0.02118175917666626
EPHA7,0.00028290511000937614
EPHA8,7.572476696643444e-05
EPHB1,0.006956573528710071
EPHB2,0.5658718610488078
EPHB3,0.41783555707075787
EPHB4,1.9562983486308068
EPHB6,0.13852985130335824
EPHX1,306.3331163177477
EPHX2,0.9053315803731655
EPM2A,0.6246879822456103
EPRS,84.98328539369945
EPX,0.04923164975910744
ERBB2,0.4285998627270372
ERBB3,26.211304560062793
ERBB4,0.0057566470996232655
ERN1,1.1595823872312199
ERN2,0.38502397783992975
ESD,1435.744855358753
ETFA,5354.240910215712
ETFB,1664.1060024269743
ETFDH,10.894399828571853
ETNK1,10.679455797614978
ETNK2,1.9539265292145356
ETNPPL,1.3663166774328985
EXT1,120.94854195115313
EXT2,34.81531616925275
EXTL1,0.02767999331105545
EXTL2,5.283520091356105
EXTL3,4.101543257735642
EYA1,0.00017726032157464576
EYA2,0.024358661542995295
EYA3,0.6470364455464815
EYA4,0.01059876782732585
EZH1,3.751776935863777
EZH2,0.251182979467795
F13A1,13.409313704575066
F13B,0.952082265681838
F2,37.171748814504454
FAAH,5.213255152920842
FAAH2,2.0420392334876425
FABP1,0.000767192226181626
FABP12,0.07361943011456162
FABP2,0.00027643304225008226
FABP3,3.151479735375114
FABP4,0.9295447009211679
FABP5,1785.5123647074336
FABP6,1.183440926176949
FABP7,0.04976311124846998
FABP9,1.0553661478381027
FADS1,14.65495268369188
FADS2,2.6355761778537024
FADS3,1.1103120522847223
FADS6,0.0005756445796091167
FAH,16.317201903312576
FAM20B,15.199637476754893
FANCL,5.062600336716346
FAR1,42.932716161980906
FAR2,15.555302194310935
FARS2,2.7681174146155842
FARSA,4095.2699963124965
FARSB,4.525557659845428
FAS,143.6266383813439
FASN,31.59624741118566
FASTK,104.63599948452978
FAXDC2,0.014854582046724449
FBP1,7.557245790467412
FBP2,0.0006178133375283729
FDFT1,40.57547960284038
FDPS,211.93882831991874
FDXR,10.182096728983332
FECH,1.6792776984502014
FER,1.1541804783026663
FES,2.121623141006427
FGA,1.020469697145992
FGFR1,6.139977614844677
FGFR2,0.42058179827427405
FGFR3,0.1607200349272586
FGFR4,0.8019466117184232
FGGY,2.16393162430586
FGR,5.042902746227922
FH,1373.8459760843343
FHIT,2.6084419622475696
FHL2,96.35740025962009
FIG4,4.287770541098779
FITM1,0.011257223111718848
FITM2,2.17320381383173
FKBP10,147.29707885092787
FKBP11,10.133940144972204
FKBP14,2.563438633112801
FKBP1A,488.24800402544577
FKBP1B,3.575632003033574
FKBP2,771.2797043365033
FKBP3,629.7080048639499
FKBP4,606.9186438915305
FKBP5,4.395054146207001
FKBP6,0.1888477147510176
FKBP7,6.8165474299512905
FKBP8,64.19085091205439
FKBP9,57.16234893937832
FKBP9P1,0.3354345050980549
FLAD1,14.43967074490165
FLT1,1.241504127953828
FLT3,0.018038437214821467
FLT4,0.4709112571896786
FLVCR1,2.5953414952980998
FMO1,0.8935265606865456
FMO2,0.9840992953702491
FMO3,1.056303114788901
FMO4,0.35226139239544907
FMO5,1.332846612747892
FMO6P,0.0005467062859104576
FN3K,11.84463419349925
FN3KRP,41.61819874053464
FNTA,258.2541590583815
FNTB,0.14898824949338266
FOLR1,15.799047683311082
FOLR2,36.52418752089905
FOLR3,0.027556563522330397
FOSL1,99.24774597123042
FPGS,1.462663195397075
FPGT,2.915776909423779
FRK,1.8227670771422964
FRMPD2,7.877837167683392e-05
FTCD,0.0015362498336503486
FTMT,0.004309305111802921
FUCA1,104.6280497345232
FUCA2,166.32746642851072
FUK,2.0018857640747107
FUT1,1.1641320184697024
FUT10,0.5266018157570604
FUT11,2.340054586637558
FUT2,1.0924041235749555
FUT3,13.63218621544033
FUT4,0.3789716186835752
FUT5,0.2432546961904805
FUT6,0.05840249827807487
FUT7,0.05232364446214131
FUT8,1.3626976447332027
FUT9,5.909271587203311e-05
FYN,18.472636057251655
G0S2,491.41987840220446
G6PC,6.203056595135996e-05
G6PC2,0.00031601542066773237
G6PC3,41.13989048007722
G6PD,484.752233091453
GAA,112.63831046264698
GAD1,0.17663444456733415
GAD2,0.0007166743532376723
GAK,1.9925520094544862
GAL3ST1,3.2471379611507216
GAL3ST2,0.037622035306234224
GAL3ST3,0.0004326934665720893
GAL3ST4,4.026279335561419
GALC,2.415831758992706
GALE,46.375225339014456
GALK1,292.40158989364375
GALK2,20.854053647899594
GALM,256.0065365519841
GALNS,4.922648153688376
GALNT1,15.24731497838119
GALNT10,0.81355436428366
GALNT11,11.362969560781806
GALNT12,7.881802059159339
GALNT13,0.0019604046340790274
GALNT14,29.87256396618537
GALNT15,0.0116113720313577
GALNT2,31.572009684866263
GALNT3,15.844464084210216
GALNT4,0.007518944492717804
GALNT5,5.217032538195322
GALNT6,10.775981372286799
GALNT7,0.42272834332450804
GALNT8,0.17612714252687367
GALNT9,0.004422135798403362
GALNTL5,0.00011960765541377103
GALT,25.84652381862764
GAMT,7.281955009053712
GANC,1.3753016404090335
GAPDH,16040.126121591455
GAPDHS,0.5524745379652878
GARS,412.9928056813907
GART,245.9171482142841
GATM,0.4415876333779602
GBA,47.74099010874153
GBA2,6.179269985575009
GBA3,0.0008231909280612551
GBE1,8.822451982986914
GBGT1,1.9409255225145554
GC,9.830960891857759e-05
GCAT,178.11976555084874
GCDH,33.76397473783718
GCH1,3.1318742540407483
GCK,0.0013486191633522826
GCLC,25.11861428310002
GCLM,65.88548810485644
GCNT1,2.438657264099074
GCNT2,2.3811471981133607
GCNT2P,0.3354345050980549
GCNT3,0.9744507576023106
GCNT4,0.31969089894180497
GCNT7,0.0024262356560003267
GCSH,1.6376122480194015
GDA,0.0030566305286525803
GDE1,45.765167938787954
GDPD2,0.0018965156751613167
GFPT1,199.4433779487422
GFPT2,8.702402964853711
GGCT,175.00747120265842
GGH,128.4687979396801
GGPS1,567.2433442099936
GGT1,1.1697499716631221
GGT2,1.2557625587889092
GGT3P,0.09534605624880887
GGT5,9.901986921870918
GGT6,0.030755532446605297
GGT7,2.343773341597882
GGTLC1,0.29930361583741105
GGTLC2,0.24494961802247484
GIF,0.3354345050980549
GK,3.1319240914312125
GK2,0.00013093370839596893
GK3P,0.17635696930091185
GLA,38.692558396461365
GLB1,120.94777250483044
GLB1L,1.6202315694552967
GLCE,0.3850403166092734
GLDC,0.029905956578932653
GLIPR1,196.63669403043932
GLO1,2431.6889935370796
GLRX,156.4915330030727
GLRX2,13.907945192462108
GLS,205.6753959930894
GLS2,0.5922191770501677
GLT6D1,0.06930364432416915
GLT8D1,2.0979852437497657
GLT8D2,2.370180154071919
GLTP,25.79158575825759
GLUD1,776.9107763859308
GLUD2,65.73606688092391
GLUL,15.188360224278053
GLYAT,0.00023986755401439106
GLYCTK,0.40556290352075275
GM2A,53.1191006311866
GMDS,179.7589100701691
GMPPA,24.756351447337277
GMPPB,565.3122877217838
GMPR,9.811192435660555
GMPR2,70.95362561354801
GMPS,331.8765920023293
GNE,3.4107938102497277
GNMT,0.3108055888472826
GNPAT,39.007935954562456
GNPDA1,39.13270030957771
GNPDA2,3.0063716650005032
GNPNAT1,105.2364020556346
GNPTAB,5.573423178248752
GNS,42.68771930403427
GOT1,4643.026688401825
GOT2,1112.7393613599581
GPAA1,193.04356722052498
GPAM,0.12094242343509544
GPAT2,0.08305282536252606
GPAT3,0.6582069289240687
GPAT4,1.352005973421296
GPCPD1,18.69721861471872
GPD1,0.23736743363822377
GPD2,157.92624374756736
GPHN,7.624151062805128
GPI,2323.1343519696047
GPIHBP1,0.4464017869620463
GPLD1,0.012808776628998722
GPT,0.16003002019797796
GPT2,49.23293756819088
GPX1,320.91832120208466
GPX2,0.0031939223541286887
GPX3,216.86715399944268
GPX4,543.3469008416347
GPX5,0.793289329058847
GPX6,0.00014867797295959996
GPX7,1.7683392501425026
GPX8,8.744351482940122
GRHL1,1.1066104194654731
GRHPR,127.93074273794895
GRK1,0.0008517158360459802
GRK2,4.014622265826703
GRK3,1.2623639556998993
GRK7,0.00014442593630055423
GSR,186.24213634776552
GSS,467.43092665085356
GSTA1,0.05209569016579676
GSTA2,0.002374453546402801
GSTA3,0.0019014983280833256
GSTA4,4.928292797817015
GSTA5,0.001173897734643923
GSTK1,406.63881868420486
GSTM1,41.453316082066216
GSTM2,2.9774143422320343
GSTM3,71.86993236592478
GSTM4,7.026965279075573
GSTM5,30.858884839563462
GSTO1,3518.1467045249897
GSTO2,9.384251653027444
GSTP1,6499.813181207726
GSTT1,80.66338677849839
GSTT2,0.5727643967920465
GSTZ1,14.007467620436303
GTF2F1,18.745701564997823
GTF3C4,1.142220189603923
GUCA1A,0.008311034577164124
GUCY1A1,2.9663227089166733
GUCY1A2,0.026037782522058413
GUCY1B1,1.0453859436592674
GUCY1B2,0.1148887435172448
GUCY2C,0.1289742625216311
GUCY2D,0.05125576055979525
GUCY2F,0.0005129498600009315
GUK1,554.9761361846407
GUSB,10.824394329357503
GYG1,34.1158686944556
GYG2,1.049585491387865
GYS1,38.54897104245702
GYS2,0.0013113026020167516
H6PD,6.656645149053794
HAAO,2.234000875733459
HACD1,0.6699772991826155
HACD2,3.095013644366691
HACD3,4.330319334841662
HACD4,0.5979568033382378
HACE1,1.6875713086576385
HACL1,8.597314590573374
HADH,1105.0002564312135
HADHA,593.1852705203934
HADHB,86.15514979662386
HAGH,70.37852185359671
HAGHL,2.724987313943554
HAL,0.035514992810871435
HAO1,0.19763453007540133
HAO2,0.00015075217039637833
HARS,163.00137408446471
HARS2,14.352670136346733
HAS1,0.22071860138651636
HAS2,0.3799206844316138
HAS3,5.7955601272806545
HAT1,80.02747327474992
HCCS,28.04576890806126
HCK,14.216579967448913
HCST,29.0436748743384
HDAC3,0.8296371072467869
HDC,0.17493506324357466
HDLBP,111.78044148345315
HECTD1,2.006703416406286
HECTD2,0.4251293029850618
HECTD3,3.277011985564452
HECW1,0.0433356058204615
HECW2,0.16207100427616722
HELZ2,0.16199531088786426
HEPH,0.7959066818464824
HERC1,0.09627207631879904
HERC2,0.2232624672809046
HERC3,2.120457315570245
HERC4,17.839439252047885
HEXA,112.99230411436842
HEXB,8.058962719324738
HEXDC,0.3354345050980549
HGD,1.8585488720941072
HIBADH,83.14795259549194
HIBCH,5.104146913439255
HIF1AN,2.9781836283976224
HIGD2A,9.86538300715348
HIPK1,2.8560109522102786
HIPK2,0.7628527940493036
HIPK3,11.4972546041472
HIRIP3,0.29330890874129445
HK1,217.351234554767
HK2,31.87325882680542
HK3,2.4607222910895334
HKDC1,18.35517572729257
HLCS,3.6714468062601107
HLTF,0.08596801377069847
HMBS,244.09760544654588
HMGCL,217.1828466471533
HMGCLL1,0.014923281860673274
HMGCR,13.580206625829202
HMGCS1,4.794034534275583
HMGCS2,0.0006710165636858509
HMOX1,145.1145907308704
HMOX2,267.6460785881681
HNMT,11.69567306538567
HPD,0.07787722349321571
HPGD,1.886654590007015
HPGDS,0.523526319827312
HPRT1,1738.0926216765856
HS2ST1,8.565898056936339
HS3ST1,3.431980545748141
HS3ST2,1.1040839873638857
HS3ST3A1,4.927594831158488
HS3ST3B1,1.1348291255332903
HS3ST4,0.0001640596570691516
HS3ST5,0.0028991708391760606
HS3ST6,0.0003007695069145731
HS6ST1,4.539023113651596
HS6ST2,0.0072006640852698275
HS6ST3,0.0004056494112676123
HSD11B1,3.6428156105867546
HSD11B1L,2.6002620027710592
HSD11B2,0.5870761672719609
HSD17B1,3.15781064511588
HSD17B10,351.11094817475913
HSD17B11,272.80446405410436
HSD17B12,809.1822867471063
HSD17B14,2.5900610905757118
HSD17B2,20.328001295496723
HSD17B3,0.0654417131410872
HSD17B4,51.312115434866925
HSD17B6,8.224511387440383
HSD17B7,5.715925895113085
HSD17B7P2,0.8415288057069571
HSD17B8,0.4869491278305321
HSD3B1,0.00015287537979074116
HSD3B2,0.00013052067345982823
HSD3B7,156.93701958085924
HSPG2,0.08449215472962718
HTATIP2,61.37530965210831
HUNK,0.012937474533800371
HUWE1,4.4898915508923825
HYAL3,3.032316595165911
HYALP1,0.3354345050980549
HYI,15.133447674791238
HYKK,0.3304860018863759
IARS,1292.8309226012473
IARS2,93.0268454833583
ICK,0.5951841485502337
ICMT,27.630804052306523
IDH1,497.25682375171306
IDH2,83.1122548895699
IDH3A,963.7797993482195
IDH3B,275.5402019681507
IDH3G,158.2701003302297
IDI1,46.87222362823093
IDI2,2.0069391002495784
IDO1,28.584314583027535
IDO2,0.00923560245414344
IDS,57.713998574186554
IDUA,2.3034579866863196
IGF1R,0.8437259727254701
IKBKB,20.102259963653246
IKBKE,10.940470817466679
IL4I1,6.916612920125982
ILK,47.91517272246264
ILKAP,18.731260837098386
IMPA1,191.21537122960416
IMPA2,98.1364842845405
IMPDH1,42.49383031737274
IMPDH2,426.5007169701938
INMT,4.445516186547654
INPP1,229.59318898443064
INPP4A,1.479488838197077
INPP4B,6.026537577680824
INPP5A,3.9588310033193377
INPP5B,2.496542601070227
INPP5D,1.996712798899898
INPP5E,5.655628360129862
INPP5F,0.22965621009632198
INPP5J,1.8389716889743728
INPPL1,4.639426024154346
INSL3,0.11366003888989422
INSR,4.726524199770425
INSRR,0.0013640116082496204
IP6K1,13.45637460508749
IP6K2,8.821501406007416
IP6K3,0.005057170522143226
IPMK,1.5067288820281168
IRAK1,129.81613830701608
IRAK2,4.590314037200212
IRAK3,0.44858957551542816
IRAK4,13.50816021728236
IREB2,3.942670248857535
ISYNA1,4.227159202465889
ITK,0.49143611438691465
ITPA,540.4091069375224
ITPK1,14.92286980743426
ITPKA,0.46091867758045957
ITPKB,2.308864489731473
ITPKC,10.06647946480163
IVD,319.5828406112579
JAK1,33.43349920281819
JAK2,0.9293986385453374
JAK3,1.6239696939922397
JMJD7-PLA2G4B,0.0005890642838362087
KALRN,0.08001087080649884
KANSL3,9.552937029299983
KARS,611.8239867042233
KAT2A,68.07578805619801
KAT2B,1.1753225586440617
KAT5,14.100292247263129
KAT6A,11.806482688451155
KAT6B,0.7786287869056154
KAT7,9.927797766505162
KAT8,31.87904873002658
KCNJ11,0.020110863760467553
KCNJ8,3.45139487573493
KDR,1.5317984556017463
KDSR,22.161681595298127
KHK,1.1256481576122996
KIT,0.7406153821280874
KL,0.03835061405665554
KMO,0.6432150302595966
KMT2A,0.1132089503784727
KMT2B,0.3354345050980549
KMT2C,0.02724143815923862
KMT2D,0.256842919373976
KMT2E,0.08892210317369556
KMT5A,0.08744585611927874
KMT5B,0.052531638327043204
KMT5C,0.3350355754164824
KPNA6,48.15724078978993
KYAT1,0.41426786262502635
KYAT3,10.315561941178165
KYNU,10.442714365576794
L1CAM,22.05293319206773
L2HGDH,0.3025385254278723
LALBA,0.09996023381633702
LAP3,2100.997057739485
LARS,387.948081056823
LARS2,4.839674808409078
LATS1,0.2416345235284166
LATS2,1.4948851885577261
LBR,111.12662408578755
LCAT,0.3281488432954553
LCK,2.5253690910295075
LCLAT1,4.273106586712923
LCT,0.0018183230901404636
LDHA,16549.793007131237
LDHAL6A,0.029162993880592115
LDHAL6B,0.001093633756133116
LDHB,2430.378112421735
LDHC,0.0006320648570764146
LDHD,0.4080957044542043
LDLR,5.130281183091935
LGALS13,0.16621830202908744
LGMN,593.8019205591809
LGSN,0.06989842829136597
LHPP,260.1060671813834
LIAS,0.840364834252938
LIMK1,67.88690091896422
LIMK2,12.48345155477377
LIPA,244.19243411782946
LIPC,0.031064756589540218
LIPE,0.11614529474033373
LIPF,1.3406968406403874
LIPG,5.699939420373909
LIPT1,0.5846332876259402
LIPT2,0.2539167550266847
LMTK2,3.0115747948058496
LMTK3,0.7894785983005457
LOC102724197,0.3354345050980549
LOC286297,0.0006234486293219316
LOC344967,0.2847906863908791
LOX,3.6422538268417184
LOXL2,4.339406330134991
LPCAT1,23.25506228909705
LPCAT2,0.5270591348007913
LPCAT3,31.27228625447473
LPCAT4,3.3534979456255676
LPIN1,2.8849018104231248
LPIN2,9.862358263709789
LPIN3,1.5155231875876363
LPL,5.071487780596853
LPO,0.015737908563232966
LRAT,0.0017190474682923637
LRP1,1.817393408837272
LRP2,0.03209211336900992
LRRK1,0.11405120404799851
LRRK2,5.285797301025275
LRSAM1,3.3850658615053835
LRTOMT,0.09178428284342703
LSS,46.40368998208225
LTA4H,1304.948878519722
LTC4S,0.39820435180612446
LTK,0.017922331210017645
LYN,57.94643882936422
LYPLA1,804.9443112002401
LYPLA2,91.21890744271218
LYZL1,1.4145390562382973
MACROD1,6.1525671678182805
MACROD2,1.1843611733571466
MAGEA2B,0.1626710879648594
MAK,0.19355224715722918
MAN1A1,1.1235937073759872
MAN1A2,1.0499627988015376
MAN1B1,5.252148288980301
MAN1C1,1.1072144055989428
MAN2A1,8.84847342253681
MAN2A2,3.1996430827232363
MAN2B1,86.76999160551756
MAN2C1,9.844558668273198
MANBA,21.216822949975597
MANSC1,6.3257706479196765
MAOA,221.52590444281591
MAOB,75.49507341877025
MAP2K1,413.15632255203536
MAP2K2,365.6285665567064
MAP2K3,7.554067830799505
MAP2K4,18.98735080798263
MAP2K5,2.354316054761322
MAP2K6,6.473160483053238
MAP2K7,3.770095860440926
MAP3K1,1.5023667573400805
MAP3K10,2.0464990469631004
MAP3K11,19.43285239520064
MAP3K12,1.5640425438909054
MAP3K13,10.677146266075024
MAP3K14,1.2494444278389791
MAP3K15,0.005954759178766505
MAP3K2,6.675737732942454
MAP3K20,0.20179825659102824
MAP3K21,0.03839897316107535
MAP3K3,4.372804304958394
MAP3K4,1.8595405118441224
MAP3K5,9.339390171595822
MAP3K6,4.269479898627724
MAP3K7,0.4567726702993884
MAP3K8,1.5096717159957938
MAP3K9,0.26394563468363047
MAP4K1,1.113803803398272
MAP4K2,1.968392068229352
MAP4K3,13.44821720144419
MAP4K5,11.936359711931955
MAPK1,435.19472752305455
MAPK10,0.20006246794675725
MAPK11,2.2802594472102355
MAPK12,29.638757636914498
MAPK13,100.81559067646683
MAPK14,60.23606827547162
MAPK15,3.400370709318607
MAPK3,163.5505583337505
MAPK4,0.011276358397703367
MAPK6,10.730349585281852
MAPK7,2.0960843193066365
MAPK8,17.81402398701701
MAPK9,5.626119869684824
MAPKAPK2,5.733713561204625
MAPKAPK3,49.17493036215748
MAPKAPK5,26.41904141334623
MARCH1,1.8267646370042625
MARCH10,0.01340025613705148
MARCH11,0.00017583576123637485
MARCH2,40.593639476088114
MARCH3,0.12910687944934487
MARCH4,0.000929198952413821
MARCH5,12.05781987217502
MARCH6,12.862451999854171
MARCH7,22.963109190496176
MARCH8,1.8858869052371534
MARCH9,2.7243974846911887
MARK1,0.013669480468677955
MARK2,20.932011159720968
MARK3,31.209119069007418
MARK4,7.339474221862874
MARS,298.5135282206601
MARS2,1.400500859066935
MAST1,0.40382201898566633
MAST2,9.844643004036193
MAST3,0.979096833874469
MAST4,0.4364004500314539
MASTL,0.28415582968644254
MAT1A,1.4782603069773108
MAT2A,132.34869315515746
MAT2B,261.18994725294
MATK,0.14211067826037427
MBOAT1,6.246160198889919
MBOAT2,8.437165767343913
MCAT,23.147038830669313
MCCC1,15.441470755146641
MCCC2,31.992580019484933
MCEE,4.377284302483822
MDH1,5257.813457125242
MDH1B,0.01790663731603824
MDH2,18257.03266765564
MDM2,0.009819723870666833
MDP1,22.531823901634876
ME1,552.6345430618286
ME2,42.1080978538887
ME3,2.539663162574412
MECR,9.080311724696822
MED1,0.46638546234818695
MELK,1.4568021139880145
MERTK,4.229346609631232
MET,15.2625982166921
METTL1,77.44474175543307
METTL3,33.616048744872806
MGAM,0.004293232566095427
MGAT1,64.95499570846167
MGAT2,3.413226725000067
MGAT3,0.050975836763254644
MGAT4A,1.9986094187323047
MGAT4B,63.76103140345943
MGAT4C,0.00012419815343857088
MGAT4D,0.02696149145334556
MGAT5,2.6956619215726656
MGAT5B,0.768722241078387
MGLL,66.43198308367042
MGMT,24.72700702657942
MGRN1,9.022633208436007
MGST1,3960.915008230433
MGST2,44.91262885251938
MGST3,144.78102745992868
MIA3,13.809284809154512
MIB1,4.501018269926139
MIB2,2.434920506862881
MID1,1.2812230883919138
MIF,140.49615036235662
MINK1,0.20857235155578555
MINPP1,7.50933508894393
MIOX,0.01841587963419226
MIP,0.0014107786026206794
MKNK1,7.848977755863728
MKNK2,136.30944525331827
MKRN1,40.19611302291952
MKRN2,18.092258825424093
MKRN3,0.4827103497166965
MLKL,16.88763677973198
MLYCD,1.9974892361577476
MMAA,0.8077684240876881
MOCS1,0.6685431386642912
MOCS2,15.009465047918715
MOGAT1,0.0022201228931192987
MOGAT2,0.00032627545202258744
MOGAT3,0.0001985971988423942
MOGS,175.8873577786289
MOK,357.3609439251666
MOS,0.0003097647100160468
MOXD1,5.847270356463083
MPC1,27.8052229308476
MPC2,12.311032245951754
MPI,19.419312617070307
MPO,0.8599259182268768
MPST,6124.268066850118
MRPL58,13.330417578133794
MSMO1,70.78833145006125
MSRA,1.7224194932953079
MST1R,14.266421242098314
MT1A,17.860196797370683
MT2A,603.1974960740164
MT3,0.0007305257502780637
MT4,0.3354345050980549
MTAP,572.1243453911484
MTFMT,2.1363276737184607
MTHFD1,229.63044770535296
MTHFD1L,11.107113485904744
MTHFD2,58.833367182760774
MTHFD2L,0.3086066419072206
MTHFD2P1,0.3354345050980549
MTHFR,0.9752279261424449
MTHFS,1.2540078211734313
MTMR1,1.8173523299518193
MTMR14,30.883221748485216
MTMR2,0.6980200288127798
MTMR3,0.21066882649602328
MTMR6,3.8869034358774783
MTMR7,0.06285570538216834
MTMR8,0.06928191061239844
MTPAP,3.9219160840316043
MTR,0.2629471081111454
MTRR,30.36892343127006
MTTP,0.005322998511557279
MUL1,18.19413642164678
MUSK,0.011500332961936862
MUT,0.3354345050980549
MVD,67.93490549278386
MVK,8.84420236589506
MYBBP1A,74.2259449457769
MYCBP2,0.06881364474666109
MYLIP,25.459160275104797
MYLK,0.5193786826481674
MYLK2,0.015472785950128421
MYLK3,0.005806027907378205
MYLK4,0.011741568683528006
MYO3A,0.00012476886717561737
MYO3B,0.9733161037380719
MYO5B,2.255493102873002
NAA10,218.87668626863731
NAAA,2.011323539821796
NADK,13.702424178262646
NADSYN1,15.218247197667745
NAGA,45.06852641004466
NAGK,52.66629008070154
NAGLU,24.299115589197772
NAGPA,7.317083098313063
NAGS,1.0235310840801908
NAMPT,1120.6468003433324
NANP,3.0520992076984466
NANS,940.3515833221043
NAPRT,25.164291606310147
NAPSA,953.5023007098886
NARS,3425.5867982935238
NARS2,5.252795343400748
NAT1,6.131688931807928
NAT2,0.14332833169117049
NCOA1,1.6854240895825203
NCOA2,0.2830653178611347
NCOA3,2.799357758433216
NCOA6,10.344687991587543
NCOR1,0.048884639132147356
NCOR2,0.671593868823299
ND1,0.7496282848946749
ND2,6.647572110665278
ND3,3.518721426725826
ND4,15.91921099634504
ND4L,0.3354345050980549
ND5,3.9860139175064595
ND6,2.1511623729121254
NDST1,2.6032304247930806
NDST2,3.434539693701495
NDST3,0.0006057422228356403
NDST4,0.024005586560330774
NDUFA1,538.3338578825947
NDUFA10,30.552550276219726
NDUFA11,203.78915619611465
NDUFA12,34.13148904890556
NDUFA13,2023.3335072802897
NDUFA2,15.77642502315764
NDUFA3,24.242865859903187
NDUFA4,13.316832337374684
NDUFA5,39.04950281879619
NDUFA6,72.33215899448558
NDUFA7,18.889960060701743
NDUFA8,85.26152886439708
NDUFA9,83.65058454081787
NDUFAB1,270.76755146625686
NDUFB1,105.82555024880317
NDUFB10,200.8560602327383
NDUFB2,571.1235402448253
NDUFB3,131.36790741312993
NDUFB4,96.75450726689473
NDUFB5,235.8261314624929
NDUFB6,29.852425901340837
NDUFB7,226.1933554388329
NDUFB8,109.35486065072476
NDUFB9,77.4845142292294
NDUFC1,39.867307118297106
NDUFC2,11.68956258770001
NDUFS1,58.53540203444578
NDUFS2,43.41141366169756
NDUFS3,507.36711267649366
NDUFS4,90.92065140898997
NDUFS5,389.00494457873145
NDUFS6,30.553028414887894
NDUFS7,53.84927276911838
NDUFS8,136.80730613829917
NDUFV1,42.147072648301055
NDUFV2,60.696276465294396
NDUFV3,25.278133124378957
NEDD4,1.576354317036178
NEDD4L,5.200707857972628
NEK1,0.5473026430009768
NEK11,0.34803030053843376
NEK2,11.675295083968376
NEK3,1.8532104318834763
NEK4,4.56030142641617
NEK5,0.06616652493317743
NEK6,1.3615980946728714
NEK7,74.16747931818217
NEK8,0.9713274632390425
NEK9,0.4014959884217652
NEU1,15.867393650080652
NEU2,0.002900418436302951
NEU3,0.4248578459231207
NEU4,0.01713085832479413
NEURL1,0.14715923590013888
NEURL1B,0.3748100886701557
NGLY1,9.751898086310733
NHLRC1,0.5362814384918196
NIT2,1471.9480799536027
NKTR,2.7075578855337685
NLK,2.2581341307446334
NLN,55.01052875896669
NME1,11746.340838709593
NME2,632.9629240293938
NME3,105.38692326095773
NME4,120.6727961898435
NME6,1.3395064964825734
NME7,2.5037438270904837
NMNAT1,0.9871064313384985
NMNAT2,3.3226882739058623
NMNAT3,0.07235989286804739
NMRK1,2.9351673795914386
NMT1,76.01854415544283
NMT2,1.390165849051797
NNMT,123.68168823294448
NNT,2.8680318159521465
NOL9,0.7893357623897742
NOS1,0.001432993876974182
NOS2,0.014593571966865433
NOS2P1,0.3354345050980549
NOS2P2,0.3354345050980549
NOS3,0.6534005005063891
NOX1,0.08827616403718398
NOX3,0.09198887034239282
NOX4,0.035045210788276195
NOX5,0.061197579838823284
NPAS2,0.2346842749877267
NPC1,39.48600354357173
NPC1L1,0.026546598666621003
NPR1,0.943221480266989
NPR2,0.39170185363380977
NQO1,387.67820445001587
NQO2,247.80273656263722
NR1D1,3.570839832852049
NRF1,1.0428579849402677
NSD1,0.9835243934943901
NSD2,0.8117852405670956
NSD3,0.8238692165195934
NSDHL,1188.8400508262664
NSF,60.690489422195476
NT5C,143.9083543981852
NT5C1A,0.0060833967585823216
NT5C1B,0.00018738903095782318
NT5C1B-RDH14,0.037698419756150243
NT5C2,349.6592563553192
NT5C3A,4.209671716104311
NT5DC3,7.187563358788592
NT5E,85.10302724708451
NT5M,0.4465756477741265
NTAN1,2.6752145170473534
NTRK1,0.06055252471257601
NTRK2,0.019106123844955504
NTRK3,0.013816053989006762
NUAK2,4.220913580720653
NUDT10,0.009816479136880484
NUDT11,0.05499942321356564
NUDT12,2.5913856996646327
NUDT2,37.33192316295613
NUDT3,2.371798087635094
NUDT4,0.04064118722054342
NUDT5,1064.7262415700238
NUDT9,7.970073201604577
OARD1,11.970020898409903
OAT,1221.3521095492806
OBSL1,0.5012844633438993
OCRL,11.119466520229173
ODC1,6.937452401539181
OGA,13.207835039605774
OGDH,335.63519384991497
OGT,33.93467649366678
OLAH,0.02337203691301412
OPLAH,1.7959107044531197
OTC,0.00015741639092315275
OTUD5,50.36443310687914
OXCT1,86.6586573170439
OXCT2,0.012093951661972083
OXSM,7.606497090687593
OXSR1,12.585049876561376
P4HA1,39.92268373672878
P4HA2,72.62852115119685
P4HA3,0.9364796254332595
P4HB,2517.1161817874736
PADI1,0.005826478982181587
PADI2,0.4503104694103536
PADI3,0.025591028691396824
PADI4,0.031601061828402895
PADI6,0.00025973561190687454
PAFAH1B2,504.8776582506894
PAFAH1B3,628.7265704962963
PAFAH2,2.304660859827589
PAH,0.0005931536777706155
PAICS,294.4356942135355
PAK1,34.71628241201972
PAK2,101.7915963176516
PAK3,0.5091364021567335
PAK4,0.3506421234528152
PAK5,0.1843105272396382
PAK6,2.497627931383124
PAM,0.4582867450654159
PAN2,1.7964465121527433
PANK1,0.337433421750566
PANK2,9.890512645289354
PANK3,1.7100272241631371
PANK4,4.322667829459244
PAOX,1.5870299906174774
PAPOLA,5.517863638164666
PAPOLB,0.20412925594174905
PAPOLG,1.3962073056686777
PAPSS1,67.8227255597574
PAPSS2,44.710115869105316
PARP1,95.19971756561782
PARP10,5.95547386291819
PARP11,0.5272951712036977
PARP12,7.215423970012084
PARP14,36.898200064637244
PARP15,0.1754202116574687
PARP16,0.9660386719635896
PARP2,18.48996287556062
PARP3,32.97766811918269
PARP4,6.136183821512713
PARP6,15.604624043995162
PARP8,1.0422081361490616
PARP9,16.76882359749866
PARS2,3.529384317650578
PASK,0.3775190658062878
PBK,4.519391178684633
PC,33.741714144034155
PCBD1,163.2060636584739
PCBD2,3.5657218535292348
PCCA,0.8429176454671855
PCCB,11.142418206370552
PCK1,0.000387137567279101
PCK2,21.081399348641686
PCMT1,778.0222033543691
PCYOX1,41.560186831717296
PCYT1A,16.71838764902069
PCYT1B,0.01708328607762592
PCYT2,13.21824157875249
PDE10A,0.019400326898235058
PDE11A,0.0004994631293768436
PDE1A,0.6846658636710788
PDE1B,0.21602837127639354
PDE1C,0.020433154749335734
PDE2A,0.21317019706594553
PDE3A,0.1347966601177559
PDE3B,0.30362391455368043
PDE4A,6.305268705153354
PDE4B,2.5868813616785884
PDE4C,0.06863849474616548
PDE4D,0.4567602766645187
PDE5A,0.9399826184673263
PDE6A,0.0026137718210392604
PDE6B,0.123344062667211
PDE6C,0.002904455297095449
PDE6H,1.0083333333333333
PDE7A,3.363325574889755
PDE7B,0.06855464749843139
PDE8A,1.9809357452370557
PDE8B,0.044177523627126236
PDE9A,0.1603431025039516
PDF,0.2364667149717389
PDGFRA,3.0851518309755215
PDGFRB,15.929108402675897
PDHA1,185.51684878988615
PDHA2,0.001568498522833802
PDHB,85.92062880545734
PDHX,22.187818207292906
PDIA2,0.015978037817764253
PDIA3,2431.4232788885697
PDIA4,4140.820630556631
PDIA5,135.91628206902342
PDIA6,1744.2005601614298
PDK1,0.6035034611367783
PDK2,9.12111795791409
PDK3,1.9774274948642045
PDK4,4.961641941428907
PDP1,34.294861829872225
PDP2,1.361132941637694
PDPK1,0.5104473362335208
PDPR,0.6876151714565099
PDXK,23.387535054714682
PDXP,59.44461567544275
PDZD4,0.013305974801569266
PEAK1,0.7149450533710218
PECR,133.00058305642125
PEMT,18.89745719662595
PEPD,52.11184904965107
PEX11A,0.811282547345247
PFAS,33.869347695025716
PFKFB1,0.01787397711078508
PFKFB2,0.8180515191774035
PFKFB3,18.583380163122364
PFKFB4,0.9874529294008436
PFKL,77.92488871071916
PFKM,26.12150335647389
PFKP,5851.018936218039
PGAM1,66.3648888592607
PGAM2,0.935786856992131
PGAM5,120.55865195749348
PGAP1,0.08744286685397407
PGD,5459.588619559569
PGGHG,0.02991860446325157
PGK1,1556.9800306555564
PGK2,3.227619375113728
PGLS,1398.0198447837538
PGLYRP1,0.007599882092456553
PGLYRP2,0.00012939602634359201
PGLYRP3,0.01572942767765221
PGLYRP4,0.001039494609750158
PGM1,437.77578918735384
PGM2,184.6662706872614
PGM2L1,0.48528225721326623
PGM3,127.56475647931796
PGP,62.80092637292882
PGS1,14.324292353437428
PHEX,0.03075080195116341
PHGDH,806.9197394933584
PHKA1,0.41465199676235687
PHKA2,5.124112371290337
PHKB,10.603152023711818
PHKG1,0.12449038631034144
PHKG2,10.932403133158322
PHLPP1,2.279059842380508
PHLPP2,0.4539786655913325
PHOSPHO1,0.1267932578156612
PHPT1,26.88809091540784
PHYH,41.85270874376051
PHYKPL,0.6462009571960334
PI4K2A,1.8983413358987091
PI4KA,1.6397085889644838
PI4KB,1.0308036289438052
PIGA,4.2632593760799455
PIGB,3.1366676110525002
PIGC,54.31965751378206
PIGF,12.244813290277845
PIGG,8.699817994217371
PIGH,4.159510938113945
PIGK,9.897552996051122
PIGL,4.022713385129011
PIGM,1.4571528628500527
PIGN,6.311211609101034
PIGO,9.956286910584344
PIGP,7.919967401578069
PIGQ,26.722512679566254
PIGS,25.438446375255403
PIGT,20.1813620806447
PIGU,2.3980763182899354
PIGV,3.9354199416970324
PIGW,5.6938555931598005
PIGX,1.293986503739205
PIGY,158.6627508172719
PIGZ,0.2902485774833172
PIK3C2A,0.9009485567145711
PIK3C2B,1.4623225745388766
PIK3C2G,0.00045073728063431255
PIK3C3,0.3126117368964799
PIK3CA,3.2098537811450973
PIK3CB,0.6365365937500679
PIK3CD,1.6258190840119138
PIK3CG,0.26516124961439386
PIK3R1,0.47573007905096315
PIK3R2,14.80385001599624
PIK3R3,4.7543417529767975
PIK3R4,16.98648319872096
PIK3R5,1.368502324707841
PIKFYVE,1.312487772633067
PIM1,47.903893951964385
PIM2,36.71322265241194
PIM3,113.69700826034581
PIN1,1194.505364925522
PIN4,1.3442269536910751
PINK1,24.728145497659575
PIP4K2A,13.154456230803966
PIP4K2B,3.710640451441442
PIP4K2C,51.13430574408759
PIP5K1A,0.6321239710443036
PIP5K1B,0.04788263561300357
PIP5K1C,11.935985064030517
PIP5KL1,1.27878856262374
PIPOX,0.11528253443761387
PISD,2.2496415279621873
PJA1,12.147172549854146
PJA2,23.312443228164046
PKLR,0.0029497866448174497
PKM,541.3891072832749
PKMYT1,22.75842253263242
PKN1,151.14793497865202
PKN2,5.259606332695367
PKN3,0.2168502454715072
PLA2G10,0.1188078576506639
PLA2G12A,0.6069529994451993
PLA2G12B,0.07678746986790433
PLA2G15,7.016699254817997
PLA2G16,36.773414599448444
PLA2G1B,9.873507519463738
PLA2G2A,6.071398673339568
PLA2G2C,0.018670008127998416
PLA2G2D,1.1861682488606788
PLA2G2E,0.10480083352838437
PLA2G2F,0.0008074929145682304
PLA2G3,0.038514668962439075
PLA2G4A,16.792957623283414
PLA2G4B,0.002913258418150859
PLA2G4C,0.5607773916501098
PLA2G4D,0.023646050676268085
PLA2G4E,0.4127661922569092
PLA2G4F,0.528357490255015
PLA2G5,0.16469735247606976
PLA2G6,1.2234976623926563
PLA2G7,16.395474373930426
PLB1,0.13373932866751545
PLCB1,0.24408209343133092
PLCB2,1.658293196409776
PLCB3,1.3617673912999586
PLCB4,0.030894090966849544
PLCD1,1.310569059799439
PLCD3,5.94841464862317
PLCD4,0.1474916562244713
PLCE1,1.1213304596550588
PLCG1,0.6424143329529645
PLCG2,2.683970953602016
PLCH1,0.32693487084315614
PLCH2,0.015192776553560165
PLCL1,0.047035467129566716
PLCL2,0.3318917816848304
PLCXD2,0.013021238879776211
PLCZ1,0.006086100574310859
PLD1,3.5103902579237163
PLD2,5.601763469507169
PLD3,31.4302339925752
PLD4,0.069733252003605
PLD6,0.8865924345774532
PLG,0.0019299466969893136
PLIN1,0.003955487195185067
PLIN2,463.802013055736
PLIN3,374.37211493234616
PLIN4,0.07415469672017254
PLK1,14.074966815920252
PLK2,4.321598474385954
PLK3,14.107612538433994
PLK4,4.129814148699852
PLOD1,42.79561917375751
PLOD2,86.17610290199943
PLOD3,80.6804094391159
PLPBP,1.3790311261442316
PLPP1,5.389883230682263
PLPP2,2.123055391477898
PLPP3,4.2032094621878
PLPP4,0.019762828557283812
PLPP5,0.0656688155578048
PLPP6,0.050042688733332445
PLPP7,1.1305815492037874
PLPPR2,0.3307009692228308
PLPPR3,0.9307949846236876
PLPPR4,0.11900942508124815
PLPPR5,0.012456429933028047
PLTP,295.04339457646176
PLXNB3,0.4993851566144245
PMM1,18.467778775050004
PMM2,277.170831174979
PMPCA,30.64340637554657
PMVK,279.83597621884553
PNCK,0.040923519749798215
PNKP,31.80080852282829
PNLIP,0.00018105623997636077
PNLIPRP1,0.00018431470852341898
PNLIPRP2,0.3354345050980549
PNLIPRP3,9.568140946846458e-05
PNMT,0.02042338377666833
PNP,2184.9579880506344
PNPLA2,59.44521312123034
PNPLA3,0.007804644143785383
PNPLA4,10.025381369089445
PNPLA6,0.9005739628522643
PNPLA7,0.11392140001698893
PNPLA8,11.910883421530933
PNPO,20.47537684238854
PNPT1,10.46379680352508
POLA1,4.281586445303188
POLA2,3.626898971590512
POLB,43.56049429753697
POLD1,2.2380422273355314
POLD2,14.692211415629131
POLD3,0.7748284932582752
POLD4,158.08403314151585
POLE,0.07282338203315909
POLE2,7.705862844591571
POLE3,50.74401554775535
POLE4,27.413091641533306
POLG,6.896846551509748
POLG2,2.941966447788446
POLH,0.8083199777226165
POLI,1.0837959110494548
POLK,3.1639826036693273
POLL,8.66746071752167
POLM,5.2514152423703875
POLN,0.015796749646485045
POLQ,0.23224361578048155
POLR1A,0.9520605046913737
POLR1B,0.9621659296728867
POLR1C,37.22623881960066
POLR1D,26.861084132835675
POLR1E,39.846472791162945
POLR2A,1.630061502296733
POLR2B,11.656915884185503
POLR2C,108.21384092531574
POLR2D,61.00471762130913
POLR2E,127.24230924356043
POLR2F,83.09174398958682
POLR2G,35.024116573324626
POLR2H,581.1086870949371
POLR2I,25.610479853353468
POLR2J,20.188372474785268
POLR2K,295.6479099108326
POLR2L,353.5485440416755
POLR3A,0.28664083159315995
POLR3B,2.76327914995971
POLR3C,1.347233278514157
POLR3D,6.4395629105762175
POLR3E,16.18255879302537
POLR3F,13.480126692866882
POLR3G,2.8029635459788897
POLR3GL,35.71104942949509
POLR3K,137.94928655407836
POLRMT,12.996518664580412
POMGNT1,51.356102807471366
POMT1,5.463825595282794
POMT2,0.5567436005318229
PON3,46.84652338213
POR,639.7488112907741
PPA1,1951.5056601157412
PPA2,479.9329869523025
PPARA,1.618767836339001
PPAT,10.588590303198972
PPCDC,3.0078796897210864
PPCS,115.14592234329574
PPEF1,0.032740469558820595
PPEF2,0.0475767992202525
PPIA,523.6311736428298
PPIAL4A,0.3354345050980549
PPIAL4C,0.3354345050980549
PPIAL4E,3.1497936118455483
PPIAL4G,25.70644854423176
PPIB,3896.9918188786673
PPIC,35.02653720695273
PPID,995.6915066957404
PPIE,13.726145571983723
PPIF,289.3678758719816
PPIG,12.623895856500289
PPIH,3279.259457291041
PPIL1,214.56882046165276
PPIL2,1.1513855195393263
PPIL3,61.505400830648604
PPIL4,3.811097964178751
PPIL6,0.45739668978315723
PPIP5K1,0.8364670415648935
PPIP5K2,3.1875219532840027
PPM1A,1.030727033891535
PPM1B,5.994873717499535
PPM1D,1.64669530527339
PPM1E,0.3817570188424618
PPM1F,13.22024492308627
PPM1G,44.936167105806845
PPM1K,4.096042267012192
PPM1M,6.098021690937383
PPOX,13.5306372736561
PPP1CA,417.0471321327434
PPP1CB,252.0469321574203
PPP1CC,205.7803324285811
PPP1R1A,0.03815292148986459
PPP1R1B,0.6342312313534506
PPP1R2,45.14116154000327
PPP1R3A,0.00010638129734596787
PPP1R3B,2.084856123725607
PPP1R3C,20.020617927860226
PPP2CA,237.52412601144164
PPP2CB,20.62026238169972
PPP2R1A,465.46724428642824
PPP2R1B,8.797850594144174
PPP2R2A,62.830635685785936
PPP2R2B,0.017965678602948742
PPP2R2C,8.714700881121583
PPP2R3A,1.967482075662975
PPP2R3B,0.5310355089415629
PPP3CA,496.92157341781035
PPP3CB,16.307196383942685
PPP3CC,3.1161423244035285
PPP3R1,224.95522842918277
PPP3R2,2.4370537589271226
PPP4C,305.265501717236
PPP5C,30.19934017179727
PPP6C,104.85904424646239
PPT1,20.753297920681778
PPT2,0.18659570801125192
PPWD1,12.573148897521722
PRAG1,0.3354345050980549
PRDX1,24804.98362524705
PRDX2,13456.157530256654
PRDX3,898.5829839897467
PRDX6,2521.687900217155
PREP,139.16790377673726
PRKAA1,21.044551638520005
PRKAA2,0.2976962016460608
PRKAB2,4.429477751151162
PRKACA,478.0655838352972
PRKACB,10.253297357024143
PRKACG,0.010832756371140959
PRKAG2,6.198750485587354
PRKAR1A,19.44697774803856
PRKAR1B,6.7062360781740695
PRKAR2A,31.134911964774883
PRKAR2B,4.598940350213064
PRKCA,1.746013482748162
PRKCB,0.383250637251404
PRKCD,7.565204714561254
PRKCE,1.0580374393944387
PRKCG,0.01258610391511056
PRKCH,2.601674895437023
PRKCI,3.758849906830156
PRKCQ,5.133914818884093
PRKCSH,1173.3891310161816
PRKCZ,2.244368612584932
PRKD1,0.07818119450751519
PRKD2,6.393969265369882
PRKD3,9.30922272630611
PRKDC,3.2103223634546585
PRKG1,0.10861780257489104
PRKG2,0.062001184749679396
PRKN,0.21524163632635238
PRKX,3.73649383810325
PRKY,0.05820155913284326
PRODH,0.9430029545034938
PRODH2,0.0007753060878835319
PRPF19,901.7724396627735
PRPF4,257.56412756377944
PRPF4B,16.86308463302218
PRPS1,1173.1797835266088
PRPS1L1,6.544185614945998
PRPS2,62.9026810111741
PRRT2,0.416518364976814
PSAP,83.81053852329494
PSAT1,255.26387088187178
PSKH1,4.669818986473774
PSKH2,0.11813839957802594
PSPH,1513.8843745095764
PSPHP1,0.3354345050980549
PTDSS1,148.04031164660051
PTDSS2,10.549711277285278
PTEN,5.732013522758389
PTGDS,187.33040605833517
PTGES,243.03252573889176
PTGES2,72.5849383835902
PTGES3,8473.404398977571
PTGIS,23.06995756776975
PTGR1,236.04717622836247
PTGS1,3.0055301513379384
PTGS2,185.8336119460369
PTK2,10.21283253569903
PTK2B,7.288762088742706
PTK6,8.857579827647887
PTK7,2.9416188770509075
PTP4A2,4.518990993377949
PTP4A3,65.29977950905324
PTPDC1,0.8581761072366396
PTPMT1,28.96436224902418
PTPN1,58.237014602783
PTPN11,20.036583746290827
PTPN12,13.90465740443508
PTPN13,0.847273675299108
PTPN14,2.6185333305683827
PTPN18,8.431768998790327
PTPN2,9.234189348571572
PTPN21,0.6356273463934846
PTPN22,1.2751841297688358
PTPN23,11.35048589777187
PTPN3,2.4262911581433615
PTPN4,5.1870342980495145
PTPN5,0.004692231744991011
PTPN6,33.60438307583906
PTPN7,1.025843056891183
PTPN9,0.510452889755215
PTPRA,0.3617985730640453
PTPRB,1.145701650211588
PTPRC,9.499127342178934
PTPRD,0.09518796426969008
PTPRE,5.360586466106901
PTPRF,85.72486759891889
PTPRG,0.4197422138890647
PTPRH,0.7032379173559994
PTPRJ,1.5723387235931308
PTPRK,14.934953013795864
PTPRM,2.137128788342785
PTPRN,0.01713215125647562
PTPRN2,0.16752279196684525
PTPRO,0.19867191969507123
PTPRQ,0.000497587150780189
PTPRR,0.01449349923717981
PTPRS,10.449636072733679
PTPRT,0.0015301824223848727
PTPRU,0.9736987860351216
PTPRZ1,0.0009709259697244391
PTRH1,8.607856597968881
PTRH2,1832.2184300444897
PTS,38.13434084882278
PUS1,12.8288619714798
PXDN,3.4700827144883606
PXDNL,0.0153328853583463
PXYLP1,0.3900283303635837
PYCR1,240.1528740500471
PYCR2,961.0765532166835
PYCR3,18.52640291410028
PYGB,1116.4691524336588
PYGL,124.58513920527297
PYGM,0.02494455379005146
PYURF,0.6402221518630032
QARS,496.534120906183
QDPR,476.94397390181206
QPCT,66.51061004840187
QPRT,107.45596312033534
QTRT1,113.37477655183214
QTRT2,3.0803803903498332
RAD1,2.101482133952322
RAD18,3.5587007616540025
RAD9A,2.438202878922346
RAF1,0.38824793232963545
RAG1,0.001950879726280159
RALBP1,19.234891314306687
RARS,440.1792108156724
RARS2,24.856353950748566
RBBP6,0.22129774536497884
RBKS,20.64907325414954
RBP1,256.9611211797293
RBP2,0.008027434217719906
RBP4,0.5548326930033034
RCHY1,3.827391852365935
RCL1,11.543582557158024
RDH10,21.12983365073327
RDH11,414.5582367522714
RDH12,0.008481365887432358
RDH13,2.3939269163422923
RDH14,1.0901106140176582
RDH16,0.05445529283999752
RDH5,0.14450188615211265
RDH8,0.00041273083930704817
REG3A,0.0007973043994896125
RENBP,4.797832436184379
RET,0.07821830061099334
REV3L,1.4672048755634384
RFC5,63.85932762980902
RFK,23.609355407524866
RFWD3,8.147510386864232
RGL1,8.81088557202108
RHAG,0.0006310976590460377
RHBG,0.1904244159199078
RHCG,0.0006267758359344781
RING1,2.9228272152159804
RIOK1,1.0161602968081003
RIOK2,0.18092478037011253
RIOK3,38.75517325239696
RIPK1,6.5551959379645925
RIPK2,11.425103942244315
RIPK3,30.052153671681
RIPK4,1.9108778995494717
RIPOR1,1.8350848174091228
RNF103,3.562086030769278
RNF115,15.056605147333853
RNF123,7.570800178198011
RNF125,1.0538881253833783
RNF126,102.71647313924665
RNF128,0.22639829824129887
RNF13,27.184518523146256
RNF130,52.08084572523176
RNF133,0.0009677740501846146
RNF138,6.259012869303107
RNF139,28.233062322763093
RNF14,9.077646954913396
RNF144A,1.0395930362370647
RNF144B,3.2598233266089305
RNF146,11.69551640795497
RNF149,30.332897754054656
RNF152,0.05359633937844132
RNF167,140.43985738250524
RNF180,0.0561949524717716
RNF182,0.008346584935486049
RNF185,18.37680847944736
RNF187,56.704629546677815
RNF19A,7.724228714124268
RNF19B,32.63512407826121
RNF2,15.246805009348869
RNF20,1.324163292135811
RNF216,5.476679956801736
RNF217,1.0605492460366974
RNF25,13.469647033637864
RNF31,12.916377664199384
RNF40,3.2147414097839464
RNF41,10.928888213595517
RNF5,0.0006779320732755038
RNF8,2.9471531422922497
RNGTT,5.72576431508181
RNMT,32.07365086487184
ROCK1,5.827190947442404
ROCK2,5.345159202703647
ROR1,1.4952852068508486
ROR2,0.023685746588181737
RORA,0.06987613981675167
ROS1,71.1864134758748
RPAP2,8.126026583350969
RPE,50.31285133375259
RPE65,0.00022217174685339864
RPIA,53.12633396079492
RPL14,2386.2163129821784
RPN1,2588.665149668758
RPN2,1123.1486340487993
RPP14,54.85589802665749
RPS6KA1,51.14272985019866
RPS6KA2,4.42527918074085
RPS6KA3,2.838183825218352
RPS6KA4,1.06117903128331
RPS6KA5,2.0128602517971084
RPS6KA6,0.04669633336089817
RPS6KB1,1.2293675373439585
RPS6KB2,69.41984672355606
RPS6KC1,0.48409020604757447
RPUSD4,0.8196355497822233
RRM1,82.02889003155867
RRM2,24.876265103008745
RRM2B,6.031278200706915
RTCA,1.6973780629584712
RWDD2A,5.219331325423352
RXRA,3.120372274136637
RYK,28.00408031928037
SACM1L,18.22824197124274
SAE1,227.54222570816157
SAP130,1.3515861641851308
SARDH,0.17116329708784217
SARS,211.28292078243328
SARS2,10.653267101784566
SAT1,997.8180111372413
SAT2,44.16068443931468
SBK1,0.06895594694887876
SC5D,1.7142905425756392
SCARB1,115.65314449208873
SCARF2,0.65909427578602
SCD,391.3353795361157
SCD5,0.7272232768118855
SCLY,0.03518783692526539
SCP2,207.23292847704445
SDC1,7.839692379766522
SDHA,130.84164542554964
SDHB,458.8051084253927
SDHC,21.891845489862554
SDHD,2.20784626617939
SDR16C5,9.544770873822824
SDR42E1,2.8632849526532236
SDR42E2,0.3354345050980549
SDR9C7,0.0015276957522083272
SDS,11.477110644643576
SDSL,43.63914248136621
SEC11A,358.3841143863756
SEC11C,15.240607002866252
SELENOI,0.1784505883933933
SEPHS1,623.7206990259784
SEPHS2,77.96448987362452
SERPINA1,115.35251580291146
SERPINA3,21.310515488673285
SETD1A,0.347068147131569
SETD1B,1.831655791088859
SETD2,0.0252139165428787
SETD5,11.83457804014922
SETD7,5.997987225881321
SETDB1,0.30870371808232316
SETDB2,0.660783115457685
SETMAR,2.163645071152516
SFXN3,1315.3485674744
SGK1,22.42255688650559
SGK2,0.11477664617368992
SGK3,0.010755921343592762
SGMS1,7.382035107907226
SGMS2,3.6416933863287744
SGPL1,57.2124666902612
SGPP1,7.094347060636034
SGPP2,2.0709746362854125
SGSH,12.573476924662456
SH3RF1,7.522473265523804
SH3RF2,29.405773350303814
SH3RF3,0.14768285804290837
SHMT1,247.3909018026118
SHMT2,1526.7185522188774
SHPK,1.5340990184840726
SHPRH,0.3783496180952676
SI,0.00018021245530237782
SIAE,22.147425140595548
SIAH1,5.855767704465756
SIAH2,12.544906947964922
SIK2,2.265714225147454
SIK3,1.6549676282478558
SIN3A,3.651091061505427
SIN3B,0.10347570558527164
SIRT1,3.9085443099684283
SIRT2,22.630472089551517
SIRT3,2.3815336443684676
SIRT5,1.7982203786830875
SIRT6,45.48575052153378
SIRT7,13.065566914992367
SLC10A1,0.001234930221074932
SLC10A2,0.0013815257164737826
SLC10A6,0.035679788520590165
SLC11A1,10.103295946749837
SLC11A2,14.976544613133672
SLC12A1,0.005145676440873492
SLC12A2,1.1321060360983748
SLC12A3,0.000780036988375464
SLC12A4,0.09920081999846564
SLC12A5,0.010631075526683713
SLC12A6,0.05828599910365512
SLC12A7,2.463029413915096
SLC13A1,4.590059682512186e-05
SLC13A2,0.03702021549074452
SLC13A3,0.7477451026781675
SLC13A4,0.006120264143750522
SLC13A5,0.0004401057964091706
SLC14A1,0.012064661670591822
SLC14A2,0.0005099965390219255
SLC15A1,0.006648398847920891
SLC15A2,0.30046031385787375
SLC15A3,19.751892887131937
SLC15A4,8.333393629219026
SLC16A1,4.342768947035019
SLC16A10,0.690253793839549
SLC16A2,15.20305858236607
SLC16A3,105.54616656619604
SLC16A7,0.02628822944475143
SLC16A8,0.1193338733592337
SLC17A1,0.06505057075080632
SLC17A2,0.0016196786954044144
SLC17A3,0.0480606884147512
SLC17A4,0.0001380787806249703
SLC17A5,7.997740065285717
SLC17A6,0.000615490471501362
SLC17A7,0.002262077447737002
SLC17A8,0.00167301545932524
SLC18A1,0.0014274032531686688
SLC18A2,2.3338736354255674
SLC18A3,0.06214561646399096
SLC19A1,7.705177696368014
SLC19A2,3.3810618074518013
SLC19A3,0.056981775482765236
SLC1A1,5.6941187607396575
SLC1A2,0.005028897445782958
SLC1A3,2.4921536357738656
SLC1A4,1.5689481508998941
SLC1A5,131.48577269816846
SLC1A6,0.00041096073687700216
SLC1A7,0.02616631564474242
SLC20A1,12.362696809789087
SLC20A2,45.0156061501141
SLC22A1,0.029328702609815908
SLC22A10,8.145716576746111e-05
SLC22A11,0.0004271137170874718
SLC22A12,0.0012668896652039397
SLC22A13,0.0011550024562595673
SLC22A16,0.050244729810761515
SLC22A18,21.428781386387527
SLC22A2,8.444096388619917e-05
SLC22A3,0.5712734349027507
SLC22A4,0.6306217823270995
SLC22A5,1.2320978717536435
SLC22A6,0.00010119546945518272
SLC22A7,8.216265825773363e-05
SLC22A8,0.0002886576541954196
SLC22A9,0.11807453767167743
SLC23A1,0.008264331498365996
SLC23A2,1.2761049719706445
SLC24A1,0.5679625940499248
SLC24A2,0.0007523061074160593
SLC24A3,0.21413415058999385
SLC24A4,0.00414355033433547
SLC25A1,391.7066957637637
SLC25A10,23.585701965590275
SLC25A11,962.1894738729246
SLC25A12,117.55466570288822
SLC25A13,233.44904231252622
SLC25A14,2.803326318982487
SLC25A15,2.891919932453425
SLC25A16,3.956468863441145
SLC25A17,16.351500093149248
SLC25A18,1.8177143333546832
SLC25A19,4.6426540878522
SLC25A2,0.0005465165381730341
SLC25A20,7.222165907401053
SLC25A21,0.11898884634131043
SLC25A22,17.307983574413676
SLC25A26,6.9988966237970915
SLC25A27,0.02290598780196309
SLC25A28,32.56833897394664
SLC25A29,4.272002091896955
SLC25A3,2627.449501928984
SLC25A37,5.669113188458076
SLC25A4,115.85646762612383
SLC25A5,7730.882249652215
SLC25A6,261.6139962321738
SLC26A1,0.08249215120963524
SLC26A11,3.1725142665272066
SLC26A2,0.9731158141901165
SLC26A3,6.852378513362553e-05
SLC26A4,0.5704848259897226
SLC26A6,10.945951707019333
SLC26A7,0.00026647882435178096
SLC26A8,0.014511396027185016
SLC26A9,0.10306241884663275
SLC27A1,2.712544622286993
SLC27A2,0.4063340696800717
SLC27A3,11.428018564505047
SLC27A4,3.1705549848857024
SLC27A5,0.7585735848964464
SLC27A6,0.0015142268077890729
SLC28A1,0.02263257824269064
SLC28A2,0.000672222859267919
SLC28A3,0.6479456233803265
SLC29A1,58.39149754070736
SLC29A2,3.8187472457149405
SLC29A3,2.9992663332024274
SLC29A4,0.03621930369930741
SLC2A1,67.2107353056057
SLC2A10,5.286789913966237
SLC2A11,3.1775227069560326
SLC2A12,1.8020732356249234
SLC2A13,0.19031734656536345
SLC2A14,0.8412875119270704
SLC2A2,0.0001477221164310035
SLC2A3,33.76528968714616
SLC2A4,0.07422725765699317
SLC2A5,0.5595573886484867
SLC2A6,2.6434722263193287
SLC2A7,0.0018699838165296757
SLC2A8,5.506853617948697
SLC2A9,0.7010668686026934
SLC30A1,45.08129489838914
SLC30A6,8.43335627791368
SLC30A7,24.0220495012448
SLC31A1,13.948324262554056
SLC32A1,0.00022651540603677635
SLC33A1,1352.3932451942264
SLC34A1,0.007955670526427433
SLC34A2,377.15494146908605
SLC34A3,0.04035261876157446
SLC35A1,21.78644922433791
SLC35A2,134.64134143137136
SLC35A3,5.0211272805280815
SLC35B2,2.170949103806491
SLC35B4,1.2692078995148426
SLC35C1,7.354081277539398
SLC35D1,1.1859969727839472
SLC35D2,17.243065347672903
SLC36A1,1.0182239149234884
SLC36A2,5.353525501347141e-05
SLC36A4,2.1325191814185027
SLC37A1,1.336081936144485
SLC37A4,11.605421542027177
SLC38A1,18.656526537054404
SLC38A2,130.96157295811872
SLC38A3,0.020212309015286183
SLC38A4,0.002325360317697312
SLC38A5,1.8244417141490021
SLC39A7,7.11287885756647
SLC3A1,0.005162047802982146
SLC3A2,73.37703287370927
SLC40A1,40.59579927818314
SLC41A1,6.25802308036948
SLC41A2,4.684485950529324
SLC43A1,3.674960454757375
SLC43A2,7.495945760007641
SLC46A1,0.49065337988019275
SLC47A1,0.3246353298865748
SLC47A2,0.0006997111281526913
SLC4A1,0.0012129208306953594
SLC4A10,0.0004336843396639714
SLC4A2,42.5469980639152
SLC4A3,0.3984725980478823
SLC4A4,0.1473503459687175
SLC4A5,2.05468603988963
SLC4A7,0.34295975071107754
SLC4A8,0.014061777050021058
SLC4A9,0.0006147502473340651
SLC51A,0.15730939956507933
SLC51B,0.1317954273752661
SLC52A1,0.11277172956640528
SLC52A2,0.09357936368667576
SLC52A3,0.28454763876001143
SLC5A1,0.013228861940327526
SLC5A10,1.6529713650995108
SLC5A11,0.05337214703220702
SLC5A12,0.00030925318855495805
SLC5A2,0.04318029884138833
SLC5A3,0.49665184136977303
SLC5A5,0.0012829964913760779
SLC5A6,9.725334841196458
SLC5A7,0.00014829438851549903
SLC5A8,0.12179644160871363
SLC5A9,0.009939047952457938
SLC6A1,0.013591487628572886
SLC6A10P,0.8011402003329283
SLC6A11,0.0012788784626514536
SLC6A12,0.15009364125770536
SLC6A13,0.0008758353839229895
SLC6A14,0.4813040477434481
SLC6A18,0.0027730120215571953
SLC6A19,8.090005677273346e-05
SLC6A2,0.00021489862334177033
SLC6A20,0.15544651299682452
SLC6A3,0.0017038530896017225
SLC6A4,0.010362373938333759
SLC6A5,6.96213598252464e-05
SLC6A6,0.5153918764737511
SLC6A7,0.0051071416439816535
SLC6A8,26.70251784452514
SLC6A9,15.740847608685247
SLC7A1,5.66300704431455
SLC7A10,0.0006225034382325987
SLC7A11,0.20929096708002942
SLC7A2,0.16617012832063377
SLC7A3,0.0004969395692532663
SLC7A5,11.589125159948946
SLC7A6,1.2810153220098324
SLC7A7,16.228515525066193
SLC7A8,5.806952147163467
SLC7A9,0.009156504944873276
SLC8A1,0.617120955381212
SLC8A2,0.00041642985196954575
SLC8A3,0.004683606284670715
SLC8B1,0.13932836983899105
SLC9A1,7.87075073578582
SLC9A2,0.0005803329654975178
SLC9A3,0.45735989387233006
SLC9A4,0.00011242869854548113
SLC9A5,0.7575083283954797
SLC9A7,1.4619394987082062
SLC9A8,2.318798744491902
SLCO1A2,0.012765379921329421
SLCO1B1,0.00020144254630304306
SLCO1B3,0.04767210311424515
SLCO1C1,0.007205239049804478
SLCO2A1,16.924867903489414
SLCO2B1,36.537505528564715
SLCO3A1,3.044843608130634
SLCO4A1,3.8741496989089175
SLK,19.040446330248315
SMARCD3,25.755224510843007
SMG1,0.514119302895733
SMPD1,10.269742392608075
SMPD2,9.52953908574017
SMPD3,0.04554078235376794
SMPD4,6.54943785067726
SMS,420.5172602389345
SMURF1,25.764050776793173
SMURF2,19.18587781300103
SMYD3,24.95461739204253
SNRK,3.3623063810984744
SOAT1,14.684470527077062
SOAT2,0.0024107094524584275
SOD1,3986.8327373133548
SOD2,709.4240084204207
SOD3,5.5509561439550525
SORD,33.745131416760515
SPCS1,337.2198647184655
SPCS2,132.61953513560027
SPCS3,408.94251797052755
SPEG,0.5801951332167615
SPHK1,3.168933457388289
SPHK2,0.6786581102251641
SPR,630.9789673287933
SPRYD3,31.668884751361173
SPTLC1,35.24506193508669
SPTLC2,1.1621234995071377
SPTLC3,25.25478065766295
SQLE,0.7006436911110159
SRC,8.5539983889089
SRD5A1,14.824322790324242
SRD5A2,0.0009445040891125811
SRD5A3,4.6432613674713625
SREBF1,31.48693437487581
SRM,783.8898980600654
SRMS,0.011632727730934447
SRPK1,19.160848834169894
SRPK2,16.163048915193396
SRPK3,0.058389790709741075
SSH1,3.188708325895486
SSH2,0.8288544799860433
SSH3,5.9036973588835515
SSR4,2036.221128012499
SSU72,320.7761685781866
ST3GAL1,2.0944206257392515
ST3GAL2,2.115970241814978
ST3GAL3,5.499783682125737
ST3GAL4,11.035169157664152
ST3GAL5,2.520301725113621
ST3GAL6,17.268401933207056
ST6GAL1,10.4193175075355
ST6GALNAC1,0.052285613743899034
ST6GALNAC2,13.453350352796845
ST6GALNAC3,0.07531575432777333
ST6GALNAC4,25.766662091785495
ST6GALNAC5,3.137408805130273
ST6GALNAC6,18.51156897816842
ST8SIA1,0.1538986847583366
ST8SIA4,1.4028176263230632
ST8SIA5,0.004737172042314062
STAMBP,21.02856559899424
STAMBPL1,7.834070735325367
STARD3,27.846823012288368
STK10,0.45503748167106145
STK11,44.15415599603846
STK16,1.7043444785990278
STK17A,23.221865064388055
STK17B,10.160021620770722
STK19,1.8630846049153007
STK24,30.189869223886426
STK25,3.501653151442638
STK26,0.629690691282171
STK3,27.45196427806807
STK31,0.035677371404052895
STK32A,0.16167785687366873
STK32B,0.02827319708592948
STK32C,8.111630213627528
STK33,4.865238933181909
STK35,4.941463011557773
STK36,1.2023008333089438
STK38,10.255402304371872
STK38L,5.263649538006419
STK39,40.85324305521759
STK4,1.309995828430874
STRA6,0.48656780944246436
STS,9.468184575944402
STT3A,26.385551492694997
STT3B,98.58916031029354
STUB1,56.178574328732154
STYK1,1.1781400102111341
STYXL1,116.12895628920596
SUCLA2,77.40206780816598
SUCLG1,462.3033327514438
SUCLG2,710.6062620236639
SULT1A1,6.487259103183464
SULT1A2,1.751415276519783
SULT1A3,3.7503041530200782
SULT1B1,0.015717577089430092
SULT1C2,0.08626115326722997
SULT1C4,0.06841255270628478
SULT1E1,0.0035914304824118926
SULT2A1,0.00033186328521817243
SULT2B1,0.15972491795040925
SULT4A1,0.0009332187374567132
SUOX,5.857464274198258
SUV39H1,12.673575189368371
SUV39H2,4.316630868906986
SYK,2.900540480474711
SYNJ1,0.02595572275783105
SYNJ2,0.02748041841642158
SYVN1,0.6920406638617265
TAF1,1.6684362059875262
TALDO1,1642.011425671932
TAOK1,1.5633762387303272
TAOK2,6.768096461976459
TAOK3,12.414499945939804
TARS,632.0941878902378
TARS2,2.388230476404209
TARSL2,1.2982120760922193
TAT,0.008005962807331558
TBCB,224.40917425762385
TBK1,0.9205980130262694
TBL1X,5.169097395672712
TBL1XR1,12.909616367228782
TBXAS1,5.271958058298744
TCIRG1,19.716884067382
TDO2,2.6322230538701294
TECR,321.2212280522353
TECRL,0.11400593534832566
TENT2,0.15316461371698084
TENT4A,0.45357387630786017
TESK1,22.943025421350058
TESK2,1.006641504058411
TFRC,447.12841404994276
TGDS,7.513239952082882
TGFBR1,9.752123816369973
TGFBR2,55.341682249101744
TGM1,0.04171856957845346
TGM2,255.86231501477135
TGM3,0.027664738143942463
TGM4,0.007957758165164386
TGM5,0.0039802959255211484
TGM6,0.018105422639918517
TGM7,9.5437258229987e-05
TGS1,17.09308181466455
TH,0.004948164626641716
THNSL1,3.8316842967392026
THTPA,3.8012142688550767
TIAM2,0.08170737754491351
TICRR,0.05167590734814967
TIPARP,58.70961639149322
TK1,272.1641816963944
TK2,3.953511199452761
TKFC,17.655218887752373
TKT,838.2235764289157
TKTL1,0.00034572080824672393
TKTL2,0.00036371583096472284
TLK1,4.070686390016657
TLK2,0.1564726376158019
TM7SF2,1.5837844304496114
TMEM91,1.5320681758945347
TMLHE,0.8827090920641126
TMX3,6.500994916249125
TNFRSF21,44.971148446428074
TNIK,3.8811883099381705
TNK1,5.484978508748457
TNK2,4.81192031065147
TNKS,0.6735104952402307
TNKS2,11.525138343419547
TNNI3K,0.3354345050980549
TNS2,1.434061794943761
TOPORS,3.8344698658496053
TP53RK,8.262145201282346
TPH1,0.012182541375024204
TPH2,0.0002574653713341377
TPI1,10108.035420894177
TPI1P2,15.989325026373997
TPK1,0.5451940669160501
TPMT,7.416183662711961
TPO,0.0023695551818744168
TPP1,247.74486294430966
TPSAB1,51.56476617347842
TPSB2,57.45597854416194
TPSD1,1.8254744751264722
TPST1,6.779993543228133
TPST2,15.88268316828509
TPTE,0.29242229047385176
TPTE2,0.006330736109037864
TRAF7,62.721869195276575
TRDMT1,0.5330372999318943
TREH,0.007910523007358188
TREX1,2.513631520037236
TREX2,0.2680926584371387
TRHDE,0.0020190350385555804
TRIB3,50.22926977003083
TRIM11,15.529296585681573
TRIM32,0.8783772003488765
TRIM33,2.781871417854703
TRIM63,0.0020009287187210748
TRIO,1.6931268027363178
TRIP12,8.631166555093541
TRIT1,15.550608166901796
TRMT1,20.284765105745482
TRMT11,17.056238689044754
TRMT1L,10.229306570074405
TRMU,15.794470989537269
TRPM6,0.029053392017240182
TRPM7,1.6545658523744866
TSSK1B,0.00043578872930437454
TSSK2,0.0231714118888251
TSSK3,0.33915254087269375
TSSK4,0.11477664617368992
TSSK6,0.3518042306615188
TST,384.5566346731976
TSTA3,1046.3053074564502
TTC3,6.452528473759103
TTK,0.6914409834729499
TTL,1.3029775069086253
TTLL10,0.01015439164890592
TTN,0.0014838736193648306
TUSC3,1.4951126656336469
TUT1,0.23095386155062278
TUT4,0.6950417161591614
TUT7,0.1907089895411479
TXN,2083.043055078897
TXN2,76.05921544349063
TXNRD1,354.4591226148398
TXNRD2,14.89466073380834
TXNRD3,0.9209503424791311
TYMP,1568.0320139526082
TYMS,48.778898307324376
TYR,0.1046323172264974
TYRO3,2.098810201954147
TYRP1,0.019017231426317983
UAP1,100.43186673247287
UAP1L1,1.2639746465902808
UBA1,727.2870886271611
UBA2,186.63302971686014
UBA3,141.67525965058502
UBA6,77.08234741428726
UBA7,23.866531071837578
UBE2A,96.93840275550703
UBE2B,35.97251365582453
UBE2C,21.845583749172913
UBE2D1,21.582902502193086
UBE2D2,27.88952853775044
UBE2D3,1536.4335367525125
UBE2D4,3.378004180789206
UBE2E1,107.00249111595991
UBE2E2,2.152250864225149
UBE2E3,9.0536828802042
UBE2F,1.0085330750739006
UBE2G1,11.256657514541477
UBE2G2,6.072287082832119
UBE2H,231.7714360529837
UBE2I,1242.5689853979566
UBE2J1,22.7326421344583
UBE2J2,18.588119620598608
UBE2K,532.4585189158864
UBE2L3,1242.3133567935197
UBE2L6,108.12644239572903
UBE2M,52.00720331616023
UBE2N,82.24695899536982
UBE2NL,21.893829190079963
UBE2O,6.81115211585526
UBE2Q1,6.34224698641729
UBE2Q2,2.585549495347305
UBE2QL1,0.004852374151977891
UBE2R2,12.097796400066898
UBE2S,23.03962220764418
UBE2T,18.358024446534472
UBE2U,0.00027231397365191543
UBE2W,19.16131195535039
UBE2Z,93.23335292485203
UBE3A,17.504060974420096
UBE3B,7.394034765417357
UBE3C,7.106383721511955
UBE4A,0.663033335135498
UBE4B,1.7353458709406653
UBLCP1,70.77807574493787
UBR1,0.29622892229179876
UBR2,2.164181335330862
UBR3,0.01076733797872493
UBR4,3.750701677571479
UBR5,0.485795299286579
UBR7,18.15879408452581
UCK1,6.647917011388518
UCK2,9.216956025522125
UCKL1,33.24962580041657
UCP1,0.058364989262093596
UCP2,102.26819449524379
UCP3,0.029840482631082285
UEVLD,15.596649750643795
UGCG,21.992284803826653
UGDH,255.0844417022367
UGGT2,2.104907689038614
UGP2,1603.3671022219446
UGT1A1,0.5818457107151666
UGT1A10,0.14272264379251745
UGT1A3,1.0114790584917612
UGT1A4,0.0951329295757727
UGT1A5,9.346225451141488e-05
UGT1A6,0.03995978435365757
UGT1A7,0.817507176308654
UGT1A8,0.1293154038699776
UGT1A9,0.11549856641655931
UGT2A1,5.362774903242115e-05
UGT2A3,2.2629599705365374e-05
UGT2B10,1.2536713325042186
UGT2B11,0.23720441855058141
UGT2B15,0.0004995384152665704
UGT2B17,0.00493115952307598
UGT2B28,0.0001344266394112166
UGT2B4,0.007177191033894863
UGT2B7,0.00012878941628110475
UGT3A1,0.00014491552557683584
UGT3A2,0.001960213139674064
UGT8,1.1299336599152208
UHMK1,24.869786544698638
UHRF1,1.8373001754867553
UHRF2,8.391972505407713
ULK1,6.6133165382266865
ULK3,9.46692745672759
ULK4,1.3845395404762098
UMPS,124.32043810276814
UPB1,0.004403765142480252
UPP1,20.672091008353824
UPP2,0.00022586773563853973
UPRT,3.46801811529136
UQCR10,82.2024259728288
UQCR11,389.5210600701304
UQCRB,49.30970326147649
UQCRC1,2420.362708275697
UQCRC2,2428.213523951233
UQCRFS1,342.4836695235479
UQCRH,76.22167910385834
UQCRQ,70.09005984452314
UROC1,0.0005694915041475425
UROD,103.5330165168086
UROS,120.79539436015905
USP1,22.13925713515993
USP10,5.319596979679247
USP11,20.339817389078227
USP12,2.8775450456366753
USP13,1.3021468448644262
USP14,112.06902351963811
USP15,3.9460395601361613
USP16,21.896235644343903
USP17L2,0.7544524097088302
USP17L22,0.04998256910149056
USP17L30,0.050968258904732194
USP17L5,0.050968258904732194
USP17L9P,0.3354345050980549
USP18,53.94911454569167
USP19,0.9302499477990483
USP2,0.10226964368872489
USP20,2.9508288298203356
USP21,13.266726296595552
USP22,19.928723660175645
USP24,1.4788575993793405
USP25,0.21434752233279783
USP26,7.217308986858423e-05
USP28,4.098717854607655
USP29,0.0002505426807869547
USP3,0.5649227625383498
USP30,0.07197461071233732
USP31,0.9159577343883278
USP32,0.430377110336993
USP33,16.673955890971296
USP34,3.309228101721136
USP35,0.40377315892736193
USP36,8.045879672784194
USP37,0.7893198475137259
USP38,10.13048797911341
USP4,3.231025263731586
USP40,0.3454435823976139
USP41,0.01834435481333142
USP42,1.1928554564643579
USP43,1.5476645247879108
USP44,0.04279372427578679
USP45,1.794562286381304
USP46,0.521207018367577
USP47,2.0893301848659416
USP48,0.2938458888812804
USP49,0.03488999760620636
USP51,0.0998689486127514
USP6,0.07322498671906207
USP7,23.488763286116306
USP8,0.4578128424120526
USP9X,5.1373688422057855
USP9Y,0.00032675506555979514
UST,0.24648211997399377
UXS1,22.49626656771911
VARS,64.67011622898585
VARS2,19.89825445568615
VKORC1,727.2407201968981
VNN1,1.1751311486721745
VNN2,1.09244310774809
VNN3,0.0457360921515497
VRK1,223.25686538151163
VRK2,6.627463362895567
VRK3,13.963618533863954
WARS,5287.34471167163
WARS2,12.842295435118313
WDYHV1,31.10544274671247
WEE1,10.867156156784525
WEE2,0.0006779823483379323
WNK1,5.925779197787898
WNK2,0.20459511651132142
WNK3,0.05555044789234177
WNK4,0.37034605117227615
WWOX,1.8465200577911365
WWP1,11.418855058253477
WWP2,0.13332824538877203
XDH,1.7412375291990057
XPO6,0.8951160434789692
XPO7,9.695551471437945
XYLB,1.8260198982563667
XYLT1,0.06443016581706958
XYLT2,11.681044025491223
YARS,5231.339522414544
YARS2,46.701419892092325
YES1,8.830739802176796
ZADH2,2.570637108177042
ZAP70,0.8008851053371051
ZC3HAV1,2.9022087720121266
ZNRD1,2.4544675391320276
ZNRF1,3.6424378635288055
ZNRF2,3.8821791105250316
ZSWIM2,8.782428189282125e-05
