A4GALT,5.884306913813294
A4GNT,0.21321462884586356
AACS,72.83732520806295
AADAC,0.0004513662559190724
AADAT,1.1062511350786766
AAK1,6.626907867559575
AANAT,0.021157133200899354
AARS,181.5719491326321
AARS2,1.0715164855882342
AASDH,1.7699347399011862
AASDHPPT,7.022408260211416
AASS,0.3993814295218244
AATK,0.2408175949844942
ABAT,2.0867451927456115
ABCA1,5.646932567417477
ABCA3,0.8490028633339104
ABCA4,0.004299550595467624
ABCA8,10.095175861525936
ABCB1,8.78819833246814
ABCB11,0.007030994550705287
ABCB4,0.07180314369455894
ABCB6,1.2554310240670679
ABCC1,0.35326249316694575
ABCC11,8.21755311720023e-05
ABCC2,0.008763835643847775
ABCC3,11.497305570680881
ABCC4,3.905760785641456
ABCC5,1.9172124695491537
ABCC8,0.012244900548396656
ABCC9,0.8757983339271495
ABCD1,3.2531993082335884
ABCD2,0.10155650124527099
ABCD3,136.87719271117788
ABCG2,3.7158896014182994
ABCG5,0.002325802293430371
ABCG8,0.0049682228414563165
ABHD12,19.684031553511794
ABHD5,4.246655721816912
ABHD6,9.014118125124709
ABL1,34.165400965479655
ABL2,0.31487442767986007
ABO,31.87478957884131
ACAA1,86.58160058710992
ACAA2,251.92690417358378
ACACA,6.68425921667472
ACACB,7.549073244222725
ACAD10,3.0076848755107095
ACAD11,0.09182579683798693
ACAD8,38.12578738404947
ACAD9,211.22384274879693
ACADL,0.04135064850286983
ACADM,92.6991122127724
ACADS,150.57394268840827
ACADSB,133.65907318864876
ACADVL,419.8360432928728
ACAT1,158.64344705325672
ACAT2,44.643812664324834
ACE,4.539744729155548
ACE2,1.967347681925557
ACER1,0.000817341900305193
ACER2,0.4650022802397727
ACER3,3.621645114688291
ACHE,1.6962238697751508
ACLY,28.115015630187507
ACMSD,0.0019032929727927604
ACO1,32.74107714837612
ACO2,66.60004050696293
ACOT1,3.7928643201578613
ACOT11,3.41821649510286
ACOT12,0.09846384054416166
ACOT13,14.057467757294173
ACOT2,10.556151525877945
ACOT4,1.9242665178867495
ACOT6,0.010750428151843548
ACOT7,16.228175447646432
ACOT8,43.00441367057733
ACOX1,4.404142351777774
ACOX2,6.603877201439177
ACOX3,3.883449348214943
ACP1,6569.952762476031
ACP2,5.875006341997847
ACP4,0.0036202735317779565
ACP5,93.80441285793215
ACP6,11.686053032577796
ACP7,0.44999467512671487
ACPP,0.33110700407355675
ACSBG1,0.21858873043712523
ACSBG2,0.003946351529039181
ACSF2,18.047215226079544
ACSF3,4.255452405506603
ACSL1,11.947161586464391
ACSL3,7.1845426570896445
ACSL4,3.570632809399298
ACSL5,28.80223888720644
ACSL6,0.03380416940113201
ACSM1,0.07030841925780484
ACSM2A,0.003446313021713731
ACSM2B,0.0019738837131011186
ACSM3,10.773710980004013
ACSM4,0.0021273981651300823
ACSM5,0.5182818817350977
ACSS1,7.88766581012488
ACSS2,105.9517677932063
ACSS3,0.5820363836044606
ACVR1,7.840774999522251
ACVR1B,15.41419774118556
ACVR1C,0.2576232443376447
ACVR2A,2.018494666306714
ACVR2B,0.14288766960841565
ACVRL1,50.48449535775098
ACY1,20.92422336145994
ACY3,22.564036573450476
ACYP1,5.408930924511932
ACYP2,3.3361023565745302
ADA,1.3551890372041548
ADCY1,0.019185328039052305
ADCY10,0.0005847215914416079
ADCY2,1.1827088098466725
ADCY3,2.626498544058621
ADCY4,0.3591969294751053
ADCY5,5.162720845342138
ADCY6,7.783565484139683
ADCY7,2.254035864852764
ADCY8,0.0001080692291083514
ADCY9,2.101550389119723
ADH1A,5.265975246042782
ADH1B,716.7374264165212
ADH1C,838.5260431560364
ADH4,0.11638490345479724
ADH5,1298.9898269379137
ADH6,1.8889510081329186
ADH7,0.2180251461041726
ADHFE1,1.889978108143281
ADI1,170.4761737966164
ADK,14.918432639967307
ADO,11.699325859508656
ADPGK,44.2793956604522
ADPRH,9.250026328474203
ADSL,759.2746608277758
ADSS,188.26705457948148
ADSSL1,0.6664855410491626
AFMID,4.860896627831263
AGA,55.61100605916933
AGK,4.741224224143896
AGL,0.6576645500709207
AGMAT,3.499298627868621
AGPAT1,1.4351004475807732
AGPAT2,134.10713092763947
AGPAT3,10.957703029025565
AGPAT4,0.1267355012714926
AGPAT5,6.6778707673775966
AGPS,35.40532793702333
AGT,0.7444185077121455
AGXT,0.41961192367481365
AGXT2,0.00024369380869359157
AHCY,11702.994748122312
AHCYL1,27.23182319244255
AHCYL2,32.82839087304843
AICDA,0.010851504717517845
AK1,219.82436843214165
AK2,447.11198437540907
AK3,51.55435021170333
AK4,135.16928818340926
AK5,0.2938861490006771
AK7,0.14003529994032882
AKR1A1,326.7701907252947
AKR1B1,62.600490216914366
AKR1B10,57.59702148454425
AKR1B15,0.34030565558142317
AKR1C1,12.274314964434652
AKR1C2,3.5020403390579355
AKR1C3,103.40222260833302
AKR1C4,0.027535837379217578
AKR1C8P,0.3354345050980549
AKR1D1,3.5763124860476507
AKR7A2,227.94808659020504
AKR7A3,22.475622706027647
AKT1,6.28866441055711
AKT2,1.363999813114235
AKT3,7.536775644314791
ALAD,424.8751802177766
ALAS1,42.74452004505264
ALAS2,0.030370645249575473
ALB,70.0017793015632
ALDH18A1,178.13163431426727
ALDH1A1,445.6720642821991
ALDH1A2,0.40379272090934437
ALDH1A3,4.186652866949811
ALDH1B1,57.29804959573966
ALDH1L1,1.8233476269702626
ALDH1L2,0.278097949467249
ALDH2,1798.9207210710908
ALDH3A1,1.24865890061259
ALDH3A2,141.4684881521751
ALDH3B1,8.405544259333961
ALDH3B2,0.0039979370151747365
ALDH4A1,1.57759693749294
ALDH5A1,2.426776045362923
ALDH6A1,9.394791487261157
ALDH7A1,12.901078096848334
ALDH9A1,1106.7154425272815
ALDOA,4170.180380930857
ALDOB,0.11144423074312663
ALDOC,12.092925034348406
ALG1,1.9936758445959233
ALG10,0.28300152349962115
ALG11,2.028564169596727
ALG12,9.7593575811262
ALG13,7.170600708982461
ALG14,27.957312928046335
ALG1L,0.4358867650318828
ALG1L2,0.043120328940238165
ALG2,70.37623436220225
ALG3,1.6086230876551824
ALG5,103.91995486863493
ALG6,2.415259365852503
ALG8,12.392721070225624
ALG9,1.5864889296215863
ALK,0.0187913650273254
ALLC,0.0015274390723904214
ALOX12,0.1854029176536601
ALOX12B,0.02045601123724997
ALOX15,0.05288608042792642
ALOX15B,0.614445807371176
ALOX5,2.579261459454851
ALPG,2.1334538652401167
ALPI,6.382922265532178
ALPL,0.14433490160172638
ALPP,0.00018653304858146135
AMACR,106.70295347547881
AMD1,85.89318065499735
AMDHD1,0.04200182155162454
AMDHD2,2.113613639437437
AMFR,0.4268797293090533
AMHR2,0.010263319351766961
AMN,25.791205995599448
AMPD1,0.356211060736661
AMPD2,2.9670607652332985
AMPD3,2.444719347747825
AMT,12.8903216060021
AMY1A,5.9447515904002585e-05
AMY1B,2.6438139326066277
AMY1C,2.6438139326066277
AMY2A,0.0023519294670342437
AMY2B,0.4575310954029277
ANAPC11,112.13405929849364
ANGPTL4,5.506986761205259
ANKRD1,0.0027286173933082575
ANPEP,44.928106280281455
ANXA3,490.3432921120162
AOAH,6.9562203969375735
AOC1,0.022327631781835014
AOC2,0.00921957420980223
AOC3,157.75400316400854
AOX1,1.8864739751483295
APOA1,0.0031569005358390934
APOA2,180.33762034675766
APOA5,0.11645175048604357
APOB,0.006784573745941641
APOC1,268.63908811493775
APOC2,27.211319250515267
APOC3,46.87519708233557
APOE,251.9927441416791
APRT,1030.95817166807
AQP1,205.24925515681429
AQP10,0.0010998885931620252
AQP2,2.053743019254548
AQP3,6.556019496612194
AQP4,0.011399888248716529
AQP5,0.001990021643002943
AQP7,1.7734916718608242
AQP8,996.5329614805945
AQP9,0.09545554323011286
ARAF,1.1261354862993755
ARCN1,249.49156426499357
ARG1,0.03448238834931088
ARG2,4.149464690545263
ARSA,10.817624820793624
ARSB,1.8265944021620875
ART1,0.01751813815220797
ART3,0.8570174627402726
ART4,0.06850231775658547
ART5,0.029259604269990774
AS3MT,0.011724935737758848
ASAH1,158.6035371632915
ASAH2,0.006896210090041743
ASH1L,0.01325434327612489
ASL,645.190727581757
ASMT,0.0005451410885876885
ASNS,239.18615610946452
ASPA,1.5696796667552981
ASPG,0.7006810977741124
ASPH,156.83680849236282
ASRGL1,4.248783500168194
ASS1,851.1688804514204
ATE1,10.063814220645922
ATIC,447.8186787146186
ATM,0.42573325389486016
ATP10A,0.18927872298913057
ATP11A,0.6111423799292521
ATP11C,1.8487574122410941
ATP1A1,109.08893122958486
ATP1A2,49.804095142133654
ATP1A3,0.24085669373603066
ATP1A4,0.0009456904252537847
ATP1B1,411.96492832023563
ATP1B2,0.70556426453258
ATP1B3,84.19796550773594
ATP1B4,8.574582968627185e-05
ATP2B1,17.041338305894953
ATP2B2,0.002249469827068706
ATP2B3,0.0017621222694675508
ATP2B4,113.52799736293429
ATP4A,3.7675709576044514
ATP4B,0.011971106418717004
ATP5F1A,124.53265572432873
ATP5F1B,167.30632217246165
ATP5F1C,21.50971022167614
ATP5F1D,155.46511749348954
ATP5F1E,125.55773209538297
ATP5MC1,4.311892001287344
ATP5MC2,2.868050998110428
ATP5MC3,5.997867959791037
ATP5ME,117.38991896387836
ATP5MF,1.481717785000078
ATP5MG,179.57272888452187
ATP5MGL,23.718922705117464
ATP5PB,5.524565248774745
ATP5PD,6.7181129554220975
ATP5PF,4.959033242795014
ATP5PO,42.13932100131758
ATP5S,0.3354345050980549
ATP6V0A1,0.988216624983788
ATP6V0A2,0.6109084373351389
ATP6V0A4,0.5590999308309642
ATP6V0B,583.8085217948537
ATP6V0C,201.30326845293283
ATP6V0D1,773.2699436869774
ATP6V0D2,3.0762894014859747
ATP6V0E1,959.4664998583883
ATP6V1A,116.5679916955069
ATP6V1B1,0.0149733824313873
ATP6V1B2,467.57749997472047
ATP6V1C1,14.599723768531318
ATP6V1C2,0.06402942489736647
ATP6V1D,75.672814045455
ATP6V1E1,160.76253261311015
ATP6V1E2,0.21831647691576545
ATP6V1F,37.080400643921415
ATP6V1G1,70.93431251376273
ATP6V1G2,0.0499371498527929
ATP6V1G3,0.2330917175245828
ATP6V1H,22.35548940004871
ATP7A,0.7750624164392129
ATP7B,0.6211619918898221
ATP8A1,5.065640839591736
ATP8B1,117.95962804773127
ATP8B2,3.1354872614330693
ATR,0.014295718605678067
AUH,7.328314797342316
AURKA,0.07683989688242873
AURKB,3.168126546900791
AURKC,0.13466439802245023
AWAT1,0.0633604788899994
AWAT2,0.6905945531355334
AXL,0.10980295002298726
AZIN2,0.7963414524148358
B3GALNT1,1.8686770325112103
B3GALNT2,6.256015679812341
B3GALT1,0.9215296157670182
B3GALT2,1.3185980943454576
B3GALT4,1.6511787544192404
B3GALT5,3.4340212393524094
B3GALT6,2.1068535246831535
B3GAT1,0.0218614622592141
B3GAT2,0.0003424106736273023
B3GAT3,8.621056590702356
B3GLCT,0.7866139610071975
B3GNT2,32.84469569953373
B3GNT3,114.11044216071342
B3GNT4,0.02205742046551918
B3GNT5,23.31551641857837
B3GNT6,5.684321504337856
B3GNT7,597.6624008895315
B3GNT8,23.797486703977267
B3GNT9,0.8354735524446377
B3GNTL1,0.37703925361751317
B4GALNT1,0.10304421931635446
B4GALNT2,1.4244908260673363
B4GALNT3,9.29592606015662
B4GALNT4,0.03175785526230922
B4GALT1,35.211731186971434
B4GALT2,30.980697448458198
B4GALT3,15.327305257747385
B4GALT4,25.393946743013355
B4GALT5,27.370284806127113
B4GALT6,0.9498510152331815
B4GALT7,12.54654527716471
B4GAT1,2.277812689362301
BAAT,0.2252036456765304
BARD1,0.9911142316065716
BBOX1,0.002925113120957294
BCAP31,1271.6595059842841
BCAT1,0.7002907447169944
BCAT2,21.432587509627787
BCHE,64.4448222560215
BCKDHA,6.704947492500416
BCKDHB,10.275878180351292
BCKDK,25.768204138680083
BCO1,0.06461878427195712
BCR,0.29151332923518164
BDH1,19.374167279537527
BDH2,4.338056789796307
BHMT,0.058934696758647175
BHMT2,2.2800887959061757
BIRC6,1.8612226012616737
BLK,0.23309824874889887
BLVRA,891.6560372084783
BLVRB,1947.588776270943
BMP1,2.2865148549904943
BMP2K,0.48839851968704684
BMPR1A,13.153433077002319
BMPR1B,0.051783290921951955
BMPR2,5.958501176736357
BMX,0.8838262264880459
BPGM,11.539195332810861
BPNT1,45.00704156281626
BRAF,0.29234708496626827
BRAP,0.18325033367927374
BRPF1,2.4040807263027353
BRSK1,0.47484600951864125
BRSK2,0.012002879643858787
BSCL2,0.5215480330447378
BSG,105.04071918264668
BTD,14.368427187948752
BUB1,2.4229378872359306
BUB1B,0.12566615581179602
C1GALT1,6.341486659674014
CA1,12229.64702978268
CA12,106.71617055306109
CA13,11.539452621342106
CA14,3.2087151542902426
CA2,5014.907189310225
CA3,0.4571578116807687
CA4,445.51745034678817
CA5A,0.08417582761312976
CA5B,0.28985729534829674
CA6,10.425839500790367
CA7,69.12881343648444
CA8,1.8084763016735366
CA9,0.42277890663295953
CAD,11.310249290272829
CALM1,1356.1350284575735
CAMK1,8.756798834868857
CAMK1D,2.4431618383169433
CAMK1G,0.027916899043758693
CAMK2A,0.023686932014539457
CAMK2B,0.017112949761103842
CAMK2D,442.88742288257566
CAMK2G,33.492578795981274
CAMK4,0.25928965680367416
CAMKK1,0.7940470681286119
CAMKK2,12.25965943875662
CANT1,255.2889270398818
CARM1,10.883649913114452
CARNS1,0.030302330761157785
CARS,18.824126948422897
CARS2,21.213584821918396
CASK,21.950133652998453
CAT,267.4942939336403
CBLC,23.80271173174381
CBLL1,7.269333678937517
CBLL2,0.027434690025870352
CBR1,116.37512936344437
CBR3,132.71587735922517
CBR4,54.098641984016645
CBS,0.6640691698143728
CBSL,0.3354345050980549
CBX1,76.92202087497334
CCNB1IP1,21.02490599072143
CD36,13.86001338534986
CD38,0.796471508365208
CDA,213.07155587257904
CDC14A,2.0413605761123077
CDC14B,2.383424793264442
CDC25A,0.7057172988784032
CDC25B,3.805081390717866
CDC25C,0.935170787974808
CDC34,6.358334721576246
CDC42BPA,1.6668773077595422
CDC42BPB,1.8888692643395393
CDC42BPG,1.7045957010352832
CDC7,0.3858690838460882
CDIPT,147.26855510802332
CDK1,9.740965697185938
CDK10,20.339636653590407
CDK11A,1.859191452810796
CDK11B,6.249047248357237
CDK12,2.639792593577415
CDK13,3.4386037660720286
CDK14,2.652451640256407
CDK15,0.027155292337408765
CDK16,16.15835777987278
CDK17,6.579155424628612
CDK18,4.2181270587380135
CDK19,3.0518178282976343
CDK2,9.754722301121724
CDK20,2.4498398501844063
CDK3,1.5727061588340354
CDK4,14.935331979183019
CDK5,19.418196002576146
CDK6,6.167817339980944
CDK7,51.72681811721584
CDK8,12.07428353415354
CDK9,26.595002828852724
CDKL1,9.602909778418441
CDKL2,0.3350006626614438
CDKL3,0.3186794255337078
CDKL4,0.0025022999367781632
CDKL5,0.10073344681509579
CDKN3,17.98942977165319
CDO1,0.7580957626995148
CDS1,16.293678293665224
CDS2,6.600012908281656
CDY1,0.256335927830294
CDY1B,0.256335927830294
CDY2A,0.04923577690024244
CDY2B,0.04923577690024244
CEL,0.023811203559001865
CEPT1,7.077100845526658
CERCAM,10.02829074173358
CERK,20.32069786697712
CERS1,0.005880765832356271
CERS2,119.52478947662928
CERS3,0.00011695031075981705
CERS4,6.628212125257166
CERS5,19.44205861094273
CERS6,6.915118546483454
CES1,79.44208213859555
CES2,324.7473426104269
CES3,13.25679927787139
CES5A,0.03703753789261324
CFTR,39.43399001312291
CH25H,2.053546205002962
CHAT,0.00479433472739528
CHD9,2.2215790414686802
CHDH,5.033613833073574
CHEK1,0.6448280224486901
CHEK2,1.8256377963279296
CHFR,5.512957500983096
CHI3L1,0.11384166384671429
CHIA,0.34819723870797287
CHIT1,27.917580867892948
CHKA,3.660347330395905
CHKB,0.014789231594105192
CHMP4A,139.27045793995353
CHPF,6.746069461036927
CHPF2,8.903992133984636
CHPT1,131.47472134247215
CHST1,0.0475163610488256
CHST10,0.7301096380178785
CHST11,1.262137199291655
CHST12,3.2201598468111756
CHST13,0.15905245168655646
CHST14,0.45400705109172457
CHST2,0.4688068188167556
CHST3,1.0097205473058464
CHST4,0.0007476360345603889
CHST5,29.66908881418656
CHST6,0.05415066070922518
CHST7,0.5173680033105181
CHST8,0.013799492924168648
CHST9,0.12972966675052322
CHSY1,2.8938924913623754
CHSY3,0.05711865327593297
CHUK,2.0552594528465464
CHURC1-FNTB,0.0021397405186563303
CIDEA,0.005358683637455052
CINP,1.2995791357067115
CIT,0.29193285022907384
CKB,9538.032690006326
CKM,0.11942644580280881
CKMT1A,19.6319776423231
CKMT1B,15.981032008690887
CKMT2,0.48742041903820377
CLC,2.555758012333314
CLCF1,1.0802230428239536
CLK1,1.1309905771435662
CLK2,3.624942875153441
CLK3,0.974570771941492
CLK4,0.4005167639410554
CLOCK,1.2570446005919105
CLPS,9.828993754263943
CLTRN,0.5786685643266595
CLYBL,2.0526628232344457
CMA1,1.2213789584265347
CMAHP,2.476262937004736
CMAS,89.03533310231204
CMPK1,1932.154509330382
CMPK2,2.222720972492408
CMTR1,4.115778316984253
CNDP1,0.022951059092012293
CNDP2,33.496479417625885
CNOT4,1.6490149404350718
CNP,23.035470531571015
COASY,334.4208442080244
COL4A3BP,2.312589730326292
COLGALT1,4.827811645801103
COLGALT2,0.08819212596505183
COMT,85.34266861199595
COMTD1,426.78368790468835
COP1,0.4785008438550989
COPA,149.2714446861952
COPB1,279.08320669927383
COPB2,79.40226174326943
COPE,907.3045593143173
COPG1,154.65707370600103
COPG2,74.14875814882366
COQ2,11.512244692076596
COQ3,12.70117354651304
COQ5,4.105877784512625
COQ6,14.080284980503679
COQ7,0.47718951439470847
COX1,7.766401376158287
COX17,48.6490895284395
COX2,5.3369352212394165
COX3,0.33446363282071023
COX4I1,2804.3875920538885
COX4I2,0.9641822154165535
COX5A,864.5677283059022
COX5B,1638.4418501181933
COX6A1,29.703376522276137
COX6A2,0.0032503633571059403
COX6B1,252.7143678382764
COX6B2,0.5859623085924028
COX6C,343.7041348495021
COX7A1,96.91496810939648
COX7A2,105.21453548032699
COX7A2L,627.4684395739044
COX7B,3962.1180853147857
COX7B2,0.006786772199006338
COX7C,859.3713754048697
COX8A,3192.2136873432823
COX8C,0.002440291563973938
CP,0.15951315167994093
CPA1,0.0005393347830982065
CPA2,0.007009941480809014
CPA5,0.001627161191137191
CPA6,1.7952410070215374
CPOX,37.35070294488888
CPS1,0.02615190534369488
CPT1A,0.6928191112325995
CPT1B,0.005392367195557149
CPT1C,0.20048875733446445
CPT2,139.69229781706503
CRAT,11.101734552818401
CREBBP,0.10274555770189218
CRLS1,20.1339356165802
CROT,9.786020191794547
CS,2864.54335171026
CSAD,0.8027571347918391
CSF1R,26.81202672316327
CSGALNACT1,1.771210337072822
CSGALNACT2,7.262610369555044
CSK,24.279844285285108
CSNK1A1,90.13112266496768
CSNK1A1L,0.11293145604574788
CSNK1D,60.874129793143055
CSNK1E,2.294745254784824
CSNK1G1,0.7345848154632715
CSNK1G2,10.148935103047913
CSNK1G3,14.193244305910559
CSNK2A1,260.77122959326147
CSNK2A2,266.6899967417767
CSNK2B,49.63322640156968
CTBP1,79.45749563764517
CTDP1,1.1709881370887891
CTDSP1,125.59583657793863
CTDSP2,99.66368468333701
CTDSPL,29.56312110572779
CTDSPL2,2.635320781413643
CTGF,0.3354345050980549
CTH,1.3290244701354454
CTPS1,0.2774814774265704
CTPS2,4.140320752731488
CTSA,311.57907202768445
CTSB,1111.6658197001466
CTSC,23.976326886333933
CTSD,3341.7115900054528
CTSE,33.377597452401936
CTSF,76.12000684150533
CTSG,7.9410995719752515
CTSH,136.18171356531403
CTSK,177.50984953118794
CTSL,22.309476873829027
CTSO,32.422101675340016
CTSS,482.59597045766895
CTSV,0.5139622638412911
CTSW,3.862454885012979
CTSZ,21.3258522451067
CUBN,0.009819474776476657
CWC27,16.169830272511902
CYB5D1,4.1765200179816615
CYB5R1,52.80848266242467
CYB5R2,2.479617548591866
CYB5R3,2144.9461213635936
CYBB,17.967062551235678
CYBRD1,145.30604101359683
CYC1,1393.7145157382158
CYLD,2.860752115299473
CYP11A1,0.0429714750873633
CYP11B1,0.8426372984421979
CYP11B2,0.00017988989344497138
CYP17A1,0.0019110583197751916
CYP19A1,0.0036150113683162434
CYP1A1,0.4120444268680603
CYP1A2,4.881250664873969
CYP1B1,1.995459695248009
CYP21A2,0.0001521038110454611
CYP24A1,0.0008165788202286673
CYP26A1,0.0006699946160302542
CYP26B1,0.42127662724397846
CYP27A1,52.19548544617578
CYP27B1,0.022323941318183733
CYP2A13,0.00039254626819526875
CYP2A6,0.0045519781138659565
CYP2A7,0.0007556123399533319
CYP2B6,0.08503546165889748
CYP2C18,0.2981028856343076
CYP2C19,0.0005149624790587725
CYP2C8,0.0016938193837060635
CYP2C9,0.0003605275810732044
CYP2D6,0.3169236515012515
CYP2E1,0.09644687459512884
CYP2F1,0.003072930369262443
CYP2J2,27.619023398796955
CYP2S1,20.87041296667029
CYP2U1,2.675970616802927
CYP39A1,2.174119435987089
CYP3A4,1.1216871098936325
CYP3A43,0.005555989886438518
CYP3A5,3.078150785865851
CYP3A7,0.0072604216075190095
CYP46A1,0.02502074266903947
CYP4A11,1.6372931884537043
CYP4B1,0.17115318554414746
CYP4F11,0.9117135134518084
CYP4F12,6.378872692241164
CYP4F2,0.15278741878081883
CYP4F22,0.0061413503374072274
CYP4F3,0.26299627367809403
CYP4F8,0.002880743710513605
CYP4V2,4.346042963156356
CYP4X1,0.18925795673139512
CYP4Z1,0.08130083947706235
CYP51A1,124.39812204415888
CYP7A1,0.0005344794749635524
CYP7B1,0.2835693528399317
CYP8B1,0.0006110489336149422
CYTB,10.283962318241796
DAD1,982.5458175221979
DAGLA,0.7011108478725797
DAGLB,2.6449554214806272
DAO,0.5344492227279134
DAPK1,7.993689482040801
DAPK2,1.9623932935018993
DAPK3,3.77725202899795
DARS,3533.670104562519
DARS2,6.330460976532877
DBH,0.0066187672541887154
DBI,282.66286695963254
DBT,2.4451013810324116
DCK,22.29488212186902
DCLK1,19.412876947463864
DCLK2,0.9714431629803472
DCT,0.012243458077693437
DCTD,17.586192840852913
DCTPP1,195.19707148293824
DCXR,101.14966623170939
DDAH1,150.8020823683939
DDAH2,19.297962018517875
DDC,26.72713478981099
DDO,2.3095491080032495
DDOST,848.347538727186
DDR1,5.211377217439603
DDR2,18.227981309255163
DECR1,207.2324100736835
DECR2,14.575983122060117
DEGS1,9.73343589600465
DEGS2,9.582877945592616
DERA,161.97714388120647
DGAT1,32.63690921970472
DGAT2,1.2191988129551896
DGKA,5.9630920460738785
DGKB,0.12529897323794353
DGKD,4.987168174944859
DGKE,1.0140345965960083
DGKG,0.31185801747225744
DGKH,0.1693291020221989
DGKI,0.0024395131469665135
DGKQ,2.696030150697433
DGKZ,2.1663868400923056
DGUOK,32.395519976378246
DHCR24,3.3314160011904326
DHCR7,6.497352070243532
DHDH,0.05659268489285795
DHFR,384.8485403626778
DHODH,2.0232887371273023
DHRS2,0.031490058111003895
DHRS3,84.7546224065351
DHRS4,365.66946046572036
DHRS9,14.520404263994232
DIO1,0.005734786265276321
DIO2,0.12941883329826617
DIO3,0.648484888909126
DLAT,622.9996526350637
DLD,1745.8832573168634
DLST,223.73471716789055
DMGDH,0.17035092900041895
DMPK,43.91912109377156
DNAJC6,0.3216843892593375
DNMT1,3.4690474025534024
DNMT3A,1.7677654536892529
DNMT3B,0.062317967462094864
DNMT3L,0.03798289307998578
DOLPP1,14.277881338640842
DOT1L,0.994223599643906
DPAGT1,12.894309416099862
DPEP1,0.02529647322454009
DPEP2,1.9529075192719734
DPEP3,0.0021367375644177704
DPH5,104.22842359482648
DPM1,1525.5300354114895
DPM2,15.31814768521638
DPM3,44.698172851677604
DPYD,7.690471448712093
DPYS,0.014732970379378546
DPYSL2,1457.0892592459961
DPYSL3,152.0340280380234
DSTYK,0.9357950396580055
DTYMK,25.185602270457306
DUOX1,0.02802749471999995
DUOX2,0.9811634653039831
DUPD1,0.11783200419515537
DUSP1,1803.4046016342834
DUSP10,1.9932895284531813
DUSP11,28.28094388493542
DUSP12,7.668961227646305
DUSP13,0.017076971331754013
DUSP14,0.6575268206982999
DUSP15,0.1072103890370377
DUSP16,6.034781642502537
DUSP18,1.645698723956263
DUSP19,0.7070742700631846
DUSP2,0.8905887217765542
DUSP21,0.003216859216511201
DUSP22,35.362573923323254
DUSP23,65.28319692818248
DUSP27,0.005535901083381462
DUSP28,0.6841862024894956
DUSP3,276.3482338592728
DUSP4,0.13482732633827438
DUSP5,6.860652260814063
DUSP6,52.66712549914014
DUSP7,1.6904816358395776
DUSP8,2.0585202461142202
DUSP9,0.015447456771101358
DUT,265.020165272849
DYRK1A,7.013464219474935
DYRK1B,3.144266337367918
DYRK2,11.199436670944639
DYRK3,0.3235817335226062
DYRK4,16.07926495321472
DZIP3,1.4814754927932479
EARS2,0.7076489273844967
EBP,984.2462809734388
ECH1,903.4671087070294
ECHDC2,33.96178803337729
ECHS1,386.8198679400058
ECI1,176.598989216717
ECI2,82.69621986291085
EGFR,0.7539955062802933
EHHADH,3.252073558477041
EHMT1,0.46769915179863275
EHMT2,0.11383977994439494
EIF2AK1,52.53216652436492
EIF2AK2,29.475877812977323
EIF2AK3,6.112916785058997
EIF2AK4,0.2297988414947329
EIF4EBP3,4.448883223998565
ELOVL1,13.267466847210509
ELOVL2,0.05195833750614875
ELOVL3,0.014655269900806069
ELOVL4,0.5119954155870774
ELOVL5,1.1946635977126323
ELOVL6,12.499142680933772
ELOVL7,4.172877356184747
ELP3,2.823830115841533
ENGASE,1.4675032059752702
ENO1,331.42048875976036
ENO2,14.871979218212088
ENO3,8.796463560520888
ENOPH1,199.7460712943591
ENPP1,0.27820454881197293
ENPP2,11.42882671801362
ENPP3,1.916839679000131
ENPP6,0.11359149946037816
ENPP7,0.2621620114119895
ENTPD1,3.286721821963799
ENTPD2,1.9808969715913842
ENTPD3,0.6310485193979736
ENTPD4,3.8567576105835326
ENTPD5,46.232564956531704
ENTPD6,90.95234262236083
ENTPD8,33.75157171059052
EP300,1.3161330009223093
EPHA1,0.9753219285275184
EPHA10,0.56377503608736
EPHA2,1.0509795974377305
EPHA3,4.193036971140635
EPHA4,2.248067911437499
EPHA5,0.005100903899659346
EPHA6,1.069379184362653
EPHA7,7.573926668533151
EPHA8,7.085583322366035e-05
EPHB1,2.523689973404107
EPHB2,0.4134991169665652
EPHB3,7.741346001254082
EPHB4,0.8070070558048857
EPHB6,0.46156176208362915
EPHX1,124.354976596352
EPHX2,112.49244332556074
EPM2A,10.853880727027349
EPRS,26.684342326131326
EPX,0.002355890459752445
ERBB2,0.4879634639569076
ERBB3,28.027731035376885
ERBB4,0.00680674539782193
ERN1,0.5488039751472177
ERN2,23.125481716235708
ESD,2473.3227246136144
ETFA,8352.839931752274
ETFB,2984.1287622334107
ETFDH,40.2012434769606
ETNK1,7.891167036363208
ETNK2,0.8650942996384099
ETNPPL,1.3663166774328985
EXT1,17.652524879498905
EXT2,26.865787255457406
EXTL1,0.03334926863499073
EXTL2,12.30552359737381
EXTL3,3.966891622301991
EYA1,0.02079872453350734
EYA2,0.7044410410045984
EYA3,0.4257370658490485
EYA4,0.0748312165130093
EZH1,8.889545014871068
EZH2,0.0509597879868863
F13A1,27.96522170454207
F13B,0.952082265681838
F2,0.0009224733659928345
FAAH,20.625873072878004
FAAH2,1.0882863032602788
FABP1,22483.119532878245
FABP12,0.07361943011456162
FABP2,144.8550716129014
FABP3,11.77431855017566
FABP4,54.45366818292792
FABP5,517.8514853646151
FABP6,0.013445591778396196
FABP7,0.018094759757794822
FABP9,1.0553661478381027
FADS1,2.0780126544973796
FADS2,2.403347348124122
FADS3,0.18842140682563863
FADS6,0.2621273291252477
FAH,8.742823341531277
FAM20B,23.507266411122764
FANCL,5.801715536396184
FAR1,41.24950816491837
FAR2,15.433960214027067
FARS2,2.70947955500513
FARSA,756.8682147768731
FARSB,3.19853167631608
FAS,18.442502755250796
FASN,2.35332740604898
FASTK,35.44178551308297
FAXDC2,0.014854582046724449
FBP1,19.90830475062607
FBP2,0.06436377274320995
FDFT1,206.10388170620098
FDPS,103.96383683747288
FDXR,7.421994220457844
FECH,3.643861880194256
FER,0.6709090876526512
FES,3.2365691980992954
FGA,6.990622680771628
FGFR1,19.12548658490083
FGFR2,18.90941117161866
FGFR3,3.099287132822701
FGFR4,5.3778615893223245
FGGY,2.915467181727441
FGR,1.0518904819548773
FH,958.4390088392898
FHIT,4.344583893580165
FHL2,34.11260124958254
FIG4,7.260349861042855
FITM1,0.05749313695391954
FITM2,1.8787623825595892
FKBP10,14.87054904574371
FKBP11,20.32548479514739
FKBP14,2.7122642300265887
FKBP1A,322.1631509045138
FKBP1B,7.996604247183587
FKBP2,845.5118229346399
FKBP3,930.6429697051209
FKBP4,272.5575131985782
FKBP5,3.304815226194021
FKBP6,0.0345624960497994
FKBP7,15.694800780657289
FKBP8,48.99762973919342
FKBP9,58.17352717815162
FKBP9P1,0.3354345050980549
FLAD1,5.7173969989618545
FLT1,0.4105743925508676
FLT3,0.08456113952337481
FLT4,0.5417343405611484
FLVCR1,0.396259622300551
FMO1,0.042303443216708196
FMO2,1.3001928524949864
FMO3,0.09371415773447116
FMO4,1.6228890128330182
FMO5,24.275637578485533
FMO6P,0.3354345050980549
FN3K,12.86964500890616
FN3KRP,63.78311718783647
FNTA,105.86178141651814
FNTB,0.09598220821140693
FOLR1,0.11826293054964113
FOLR2,120.47056981330117
FOLR3,0.018464557081868293
FOSL1,0.10923235097707426
FPGS,0.8098743016489519
FPGT,5.702946498848336
FRK,0.8331127817705019
FRMPD2,0.0003941387083676514
FTCD,0.026525648208258992
FTMT,0.3764543508002139
FUCA1,383.85145054985696
FUCA2,44.420232571201254
FUK,2.7258548022741262
FUT1,0.03633810736978117
FUT10,0.9292102460534482
FUT11,1.7343261342423217
FUT2,15.955302650880935
FUT3,43.70335413305893
FUT4,6.124094260278882
FUT5,0.09736568388130978
FUT6,5.781775417201822
FUT7,0.015065696813969251
FUT8,0.530960083803595
FUT9,0.030025322389096495
FYN,37.677797366439904
G0S2,13.356750730363164
G6PC,0.0008859260301156405
G6PC2,0.002568231996968775
G6PC3,27.38192166887268
G6PD,106.18539670968386
GAA,19.24231650244776
GAD1,0.003051245964516684
GAD2,0.03730519390911924
GAK,1.9760709770188614
GAL3ST1,1.9597492443177027
GAL3ST2,1.6518189629520168
GAL3ST3,0.10515018051485577
GAL3ST4,4.224324777309711
GALC,12.242098976734129
GALE,98.03003730921964
GALK1,149.9287436800761
GALK2,34.33648115417035
GALM,36.253425730300954
GALNS,3.8526361001401996
GALNT1,61.92848376917963
GALNT10,0.5193440168132074
GALNT11,18.57258913099154
GALNT12,93.4695587666014
GALNT13,0.01761884860365424
GALNT14,0.007130417211824282
GALNT15,0.0116113720313577
GALNT2,18.413001054425045
GALNT3,35.54799743262275
GALNT4,0.0761570494874717
GALNT5,7.366679584826553
GALNT6,0.9283652442697169
GALNT7,1.3489144545710328
GALNT8,3.966950846126956
GALNT9,0.026074970740349205
GALNTL5,0.43999999999999995
GALT,23.55764071634715
GAMT,4.640344886532069
GANC,2.0775653038259763
GAPDH,11494.904507372577
GAPDHS,0.05626766779677173
GARS,156.30932752668664
GART,71.93731002460413
GATM,25.884869021727873
GBA,17.15625923133243
GBA2,27.97816279729851
GBA3,0.45121868899849105
GBE1,8.250654705476755
GBGT1,1.551314847087613
GC,0.1128901827185453
GCAT,89.40250644025855
GCDH,13.155869140946363
GCH1,9.037185138047109
GCK,0.02555030708386873
GCLC,10.319439530828982
GCLM,15.136648973380325
GCNT1,2.529855465383531
GCNT2,1.5090870768123428
GCNT2P,0.3354345050980549
GCNT3,416.619718296511
GCNT4,0.7013112767511117
GCNT7,0.004730725943535748
GCSH,0.6338052984474679
GDA,1.1647259675310686
GDE1,56.20059415097108
GDPD2,1.0362748278743765
GFPT1,389.94466399842304
GFPT2,1.8134556173244152
GGCT,43.40317458701974
GGH,118.42218312786169
GGPS1,685.3462020932736
GGT1,3.849414123076025
GGT2,1.2557625587889092
GGT3P,0.04518772227565677
GGT5,2.1622970265490142
GGT6,74.76459174274204
GGT7,7.844432376633502
GGTLC1,0.046981962412311194
GGTLC2,0.05284604470659074
GIF,0.3354345050980549
GK,3.46352681152443
GK2,0.9456388863331135
GK3P,0.11972028848967313
GLA,10.522322220271649
GLB1,45.331985147468195
GLB1L,1.5230922537569445
GLCE,0.5263956082049956
GLDC,0.006042194047642033
GLIPR1,6.440575654024881
GLO1,2004.548417075017
GLRX,175.94825618450764
GLRX2,8.719212134627263
GLS,52.16947286521047
GLS2,0.20051819001773746
GLT6D1,0.06930364432416915
GLT8D1,1.4412638868548118
GLT8D2,12.235039337706711
GLTP,32.551884686981126
GLUD1,837.5842671688233
GLUD2,83.65319624841182
GLUL,12.68340397850438
GLYAT,0.00023326666037150513
GLYCTK,1.933895070918794
GM2A,33.46201711184357
GMDS,318.4276195853942
GMPPA,17.19898637158291
GMPPB,309.4231390050657
GMPR,4.8088919960396845
GMPR2,68.83380581651156
GMPS,167.19095246875628
GNE,26.75075050907402
GNMT,0.006961957769004668
GNPAT,50.04541262374779
GNPDA1,36.74084603559842
GNPDA2,13.501771109110447
GNPNAT1,79.94037006716368
GNPTAB,26.668913450045157
GNS,16.309892987051747
GOT1,4450.710635723876
GOT2,1528.9204090769042
GPAA1,60.550837066537916
GPAM,0.1288577639190577
GPAT2,0.1853423286206194
GPAT3,0.6582069289240687
GPAT4,1.352005973421296
GPCPD1,7.2503110265132165
GPD1,0.1683152790916149
GPD2,135.4876976392279
GPHN,7.86844633341313
GPI,1143.535821939486
GPIHBP1,1.2058062872590734
GPLD1,0.11041066495122831
GPT,10.686956151302164
GPT2,0.963564579122264
GPX1,89.1159561737309
GPX2,862.0529947343072
GPX3,643.8238137110944
GPX4,139.42548795975043
GPX5,0.793289329058847
GPX6,2.01032323162201
GPX7,7.797700809889882
GPX8,4.142442208061617
GRHL1,0.028465509948713656
GRHPR,260.45371018330655
GRK1,0.11699235770509935
GRK2,4.014622265826703
GRK3,1.2623639556998993
GRK7,0.00039735586521522906
GSR,521.7128825205667
GSS,324.25861502422487
GSTA1,4.508561823234127
GSTA2,0.011983310390692588
GSTA3,0.005702463533754391
GSTA4,27.825877530709
GSTA5,0.034326763346811326
GSTK1,535.6201196070016
GSTM1,0.21430531060405683
GSTM2,3.2329387996028713
GSTM3,317.11498302095157
GSTM4,30.44608693846686
GSTM5,127.94373090540147
GSTO1,2674.6997114932183
GSTO2,6.698237762171999
GSTP1,6369.777083956755
GSTT1,86.46605788799808
GSTT2,0.1656677324388802
GSTZ1,13.150679685751337
GTF2F1,7.674349186108242
GTF3C4,0.9009668739746188
GUCA1A,0.005350102916894182
GUCY1A1,2.9663227089166733
GUCY1A2,0.03993624627454705
GUCY1B1,1.0453859436592674
GUCY1B2,0.00576396026038891
GUCY2C,35.42207500151762
GUCY2D,0.002005957013601989
GUCY2F,0.13808747592085474
GUK1,301.6931374576971
GUSB,7.434134685431116
GYG1,183.295698832261
GYG2,1.317851434433984
GYS1,28.244549690987725
GYS2,0.0008704454863796789
H6PD,8.91099752402404
HAAO,11.44208161279032
HACD1,0.6699772991826155
HACD2,3.095013644366691
HACD3,4.330319334841662
HACD4,0.5979568033382378
HACE1,1.2442059441934918
HACL1,12.281774889751308
HADH,3821.332991420192
HADHA,990.0425730949853
HADHB,144.4244169093429
HAGH,56.24718373786508
HAGHL,0.1385609418137489
HAL,0.0008674873626855188
HAO1,0.19763453007540133
HAO2,0.0004153560780250857
HARS,180.8060369939544
HARS2,18.880121266908986
HAS1,0.02075488839644723
HAS2,0.8028318884005679
HAS3,0.03512341397048077
HAT1,101.0536302753473
HCCS,25.096107732062134
HCK,10.046804916554303
HCST,15.59753551614527
HDAC3,1.1103160462563872
HDC,0.1653652835645682
HDLBP,93.47011463794603
HECTD1,2.8689696350961698
HECTD2,1.7471520580618798
HECTD3,3.227995159719868
HECW1,0.004065495303244412
HECW2,0.02129475434592208
HELZ2,0.16199531088786426
HEPH,139.5982264972203
HERC1,0.20417108357093378
HERC2,0.08215887743511766
HERC3,7.773270665537159
HERC4,12.879018102933088
HEXA,94.4721166565404
HEXB,6.748246147645427
HEXDC,0.3354345050980549
HGD,9.732173444645566
HIBADH,92.92294693455614
HIBCH,37.8727934479167
HIF1AN,7.428142758773611
HIGD2A,29.632100688377893
HIPK1,10.463280911742743
HIPK2,1.0520645602610184
HIPK3,25.578678712022505
HIRIP3,0.1952071079133659
HK1,258.22081638475913
HK2,29.252566607985706
HK3,0.21208773503789943
HKDC1,0.8955873932611823
HLCS,0.7159407234465998
HLTF,0.08041213118979475
HMBS,115.8568032090401
HMGCL,557.6448317764343
HMGCLL1,0.10261134290417086
HMGCR,26.10575695974848
HMGCS1,29.486357952220292
HMGCS2,235.74692742011487
HMOX1,93.90558965210849
HMOX2,143.60203516190248
HNMT,52.68350703417863
HPD,0.032552058439441554
HPGD,271.54333747680863
HPGDS,2.984628088530724
HPRT1,418.482054135741
HS2ST1,6.885660145169297
HS3ST1,1.9464147779950236
HS3ST2,3.7874548804723154
HS3ST3A1,0.08017171995739472
HS3ST3B1,0.07131331804620755
HS3ST4,0.0013043909498356566
HS3ST5,0.01115444984087218
HS3ST6,0.0880207491277319
HS6ST1,5.453585102030343
HS6ST2,0.062309131927273186
HS6ST3,0.00548588967142978
HSD11B1,2.113664665713193
HSD11B1L,1.347031025066784
HSD11B2,397.2564537182181
HSD17B1,3.632716265811066
HSD17B10,152.29187573253688
HSD17B11,601.620596612542
HSD17B12,309.3804906226932
HSD17B14,5.02327604390869
HSD17B2,95.01579947450742
HSD17B3,0.008928810079318143
HSD17B4,71.47830720223175
HSD17B6,24.936959849743076
HSD17B7,2.7044700770527137
HSD17B7P2,0.23669880904694598
HSD17B8,0.6806172515782651
HSD3B1,0.012015955229243976
HSD3B2,0.006956281654315793
HSD3B7,7.426006496961316
HSPG2,0.20514509447671578
HTATIP2,87.8071276342839
HUNK,0.7304965561430214
HUWE1,1.8572512233831826
HYAL3,0.27027234133790795
HYALP1,0.3354345050980549
HYI,15.133447674791238
HYKK,0.3304860018863759
IARS,613.7908582374288
IARS2,56.745726618426175
ICK,4.060660204577098
ICMT,29.272313065748094
IDH1,199.3331489277119
IDH2,406.11167883923724
IDH3A,2202.0283969043985
IDH3B,298.9956290123382
IDH3G,100.19314792179547
IDI1,109.58017630747231
IDI2,1.0550224925493008
IDO1,1.1246903727196167
IDO2,0.00075410607932571
IDS,33.05130582835872
IDUA,0.42290922141193227
IGF1R,2.092926790464249
IKBKB,4.576972114710157
IKBKE,2.223267453198388
IL4I1,0.34326126766991283
ILK,122.54973657766242
ILKAP,23.31181032329892
IMPA1,497.57530898198553
IMPA2,158.5818567389972
IMPDH1,9.749905819702791
IMPDH2,223.936659593788
INMT,1.8967594950730842
INPP1,562.42135922248
INPP4A,3.940050042966167
INPP4B,0.7558774559533199
INPP5A,56.84190253885977
INPP5B,2.2368195033271387
INPP5D,1.9219082255575508
INPP5E,4.363397707442577
INPP5F,0.27210035596503707
INPP5J,1.7671466504295639
INPPL1,3.992735317114699
INSL3,0.04177628340508126
INSR,3.0473649035699037
INSRR,0.0008650699058822591
IP6K1,12.652535423095328
IP6K2,31.50360791146158
IP6K3,0.23066109395455933
IPMK,2.9223181557714417
IRAK1,24.9790469191832
IRAK2,0.40949315817957616
IRAK3,0.3744215854645289
IRAK4,5.0187104371162325
IREB2,10.413976025258771
ISYNA1,6.783585085260048
ITK,0.27215670143060905
ITPA,332.03795242445045
ITPK1,33.5269320979358
ITPKA,6.177092480682834
ITPKB,12.470255129805611
ITPKC,5.034966542490228
IVD,319.26060079332717
JAK1,52.24219681140209
JAK2,3.315757582516242
JAK3,0.10153046135531517
JMJD7-PLA2G4B,0.19276672646590834
KALRN,0.864011233899627
KANSL3,10.291999322541672
KARS,528.3633694767884
KAT2A,5.94548170013143
KAT2B,9.106751856828973
KAT5,27.440872897917462
KAT6A,3.486767276208148
KAT6B,3.0478704487594097
KAT7,5.927205863781532
KAT8,18.91404734614285
KCNJ11,0.020337912877493383
KCNJ8,6.376344966445344
KDR,0.9504134333895154
KDSR,17.736147352836344
KHK,1.945471149947828
KIT,9.657037814711341
KL,0.50183491076889
KMO,0.06228632983362337
KMT2A,0.1132089503784727
KMT2B,0.3354345050980549
KMT2C,0.02724143815923862
KMT2D,0.256842919373976
KMT2E,0.08892210317369556
KMT5A,0.08744585611927874
KMT5B,0.052531638327043204
KMT5C,0.3350355754164824
KPNA6,22.766900077713448
KYAT1,0.41426786262502635
KYAT3,10.315561941178165
KYNU,0.5283406220445668
L1CAM,8.618610094657875
L2HGDH,0.7658215541899196
LALBA,0.0015082848478548748
LAP3,990.5145404890974
LARS,298.51588441832985
LARS2,3.7304510763631633
LATS1,0.32626997594970425
LATS2,3.4062823479967275
LBR,168.1430165090314
LCAT,1.500956808016991
LCK,1.951972030987791
LCLAT1,2.000330323170014
LCT,0.07614615847774416
LDHA,4439.7289999867
LDHAL6A,0.012231784427202155
LDHAL6B,0.00038883452283444757
LDHB,765.396834268039
LDHC,13.74100658898184
LDHD,13.620102613462434
LDLR,1.1572176645409915
LGALS13,0.16621830202908744
LGMN,293.8596480661839
LGSN,0.01313677992189989
LHPP,182.81972655885784
LIAS,1.1956281609976258
LIMK1,2.284702278984618
LIMK2,19.519629714451316
LIPA,307.6239691432294
LIPC,0.15516102154205563
LIPE,0.33552268099451904
LIPF,1.3406968406403874
LIPG,0.8418003240933621
LIPT1,3.465709556969803
LIPT2,0.70073967437325
LMTK2,2.7024452193488617
LMTK3,0.004506268036240149
LOC102724197,0.3354345050980549
LOC286297,0.00040368456236879576
LOC344967,0.027860694321295353
LOX,1.0483201067426695
LOXL2,2.2004289547850022
LPCAT1,1.102121439644091
LPCAT2,2.9877476176523188
LPCAT3,47.52859192480908
LPCAT4,3.7632507913297357
LPIN1,3.3593054467309615
LPIN2,4.718199823166141
LPIN3,0.8475611967993115
LPL,2.0502315907988105
LPO,0.1697122996292287
LRAT,0.32576462356753955
LRP1,2.0080692556400477
LRP2,7.426170217805223e-05
LRRK1,0.13829177326654737
LRRK2,0.9051942193297491
LRSAM1,4.300179517735433
LRTOMT,0.5778463754663842
LSS,46.54379154753071
LTA4H,507.0740298131596
LTC4S,0.8643495627511464
LTK,1.8462618701845581
LYN,8.86593244533875
LYPLA1,314.0605910089286
LYPLA2,81.57456584556351
LYZL1,1.4145390562382973
MACROD1,5.909121230244869
MACROD2,0.35504782270776775
MAGEA2B,0.1626710879648594
MAK,0.07525956258364037
MAN1A1,2.9207709120412644
MAN1A2,2.673993344705935
MAN1B1,2.0014305611967393
MAN1C1,3.3245698700324677
MAN2A1,6.593917422004894
MAN2A2,4.2748272743130755
MAN2B1,53.463838640375485
MAN2C1,10.249126421064108
MANBA,7.414662580653707
MANSC1,30.789534241155977
MAOA,1711.8069984803533
MAOB,31.627743866968885
MAP2K1,260.0342306747966
MAP2K2,163.82744512179687
MAP2K3,13.918087355394473
MAP2K4,23.742238660057097
MAP2K5,8.092493537780076
MAP2K6,22.58279350480797
MAP2K7,1.7095367747077783
MAP3K1,1.679214920745629
MAP3K10,0.8776800554349338
MAP3K11,25.637613436153806
MAP3K12,0.7485698633653641
MAP3K13,2.7217595343033727
MAP3K14,4.678616906056112
MAP3K15,0.0007429658297010855
MAP3K2,4.975065459529721
MAP3K20,0.20179825659102824
MAP3K21,0.03839897316107535
MAP3K3,7.835159714121498
MAP3K4,2.3701751654840786
MAP3K5,2.7131997301930038
MAP3K6,2.6845952168651332
MAP3K7,0.59449814757132
MAP3K8,1.5324965108813418
MAP3K9,0.047605963003378576
MAP4K1,0.7146807577426272
MAP4K2,2.5471213198782876
MAP4K3,16.23321846976516
MAP4K5,17.338290667955285
MAPK1,385.19764935580844
MAPK10,2.845230713451262
MAPK11,0.3883787237191829
MAPK12,0.5474856911807421
MAPK13,105.23365311414427
MAPK14,58.51250538993669
MAPK15,0.004104047584876656
MAPK3,269.9541024655164
MAPK4,1.4344476019106933
MAPK6,25.48308217014822
MAPK7,3.559484579818005
MAPK8,13.50581586103035
MAPK9,8.386966546438684
MAPKAPK2,2.0611823680804355
MAPKAPK3,15.719702316162502
MAPKAPK5,22.480887369166254
MARCH1,1.4688049302431287
MARCH10,0.002896295053054436
MARCH11,0.00048696675842866473
MARCH2,95.08109984406335
MARCH3,4.364257868835009
MARCH4,0.018824285558345057
MARCH5,10.400494971349996
MARCH6,14.014528028648247
MARCH7,55.32669799074896
MARCH8,6.257762674488245
MARCH9,1.3984585402687797
MARK1,0.8148837650038612
MARK2,21.432332356668567
MARK3,13.634271606498423
MARK4,2.922363963335422
MARS,87.30673144859537
MARS2,3.055242426623205
MAST1,0.009113650131426522
MAST2,9.419562919451655
MAST3,1.1818939731820735
MAST4,0.45204158954258855
MASTL,0.06721176606449895
MAT1A,0.00409375686815161
MAT2A,138.49608892467973
MAT2B,454.4664511922795
MATK,0.22005942720519628
MBOAT1,8.151615082281266
MBOAT2,5.855909916265579
MCAT,12.306690822008314
MCCC1,11.340469328348707
MCCC2,28.87643797629563
MCEE,26.81521939677762
MDH1,7798.538440924492
MDH1B,0.1185210119893862
MDH2,10167.52357488635
MDM2,0.01121295279336457
MDP1,40.38230904620464
ME1,330.357891171305
ME2,30.917098382669433
ME3,2.4933920619424486
MECR,5.377693501612826
MED1,0.30639401444515446
MELK,0.20108414842162028
MERTK,1.6085028238784653
MET,1.9177005888483363
METTL1,16.307092355118296
METTL3,6.221343581370287
MGAM,0.0196763256465107
MGAT1,92.9277216667402
MGAT2,5.628600182098723
MGAT3,0.6211443084227689
MGAT4A,11.427860990138798
MGAT4B,139.51342389738704
MGAT4C,0.0577259909002734
MGAT4D,0.02696149145334556
MGAT5,5.636195911952011
MGAT5B,0.004221676354984755
MGLL,94.00339344119975
MGMT,21.218878228506206
MGRN1,6.286895381089778
MGST1,1165.607304991937
MGST2,153.22126148049776
MGST3,417.84504423001215
MIA3,6.6133745963156905
MIB1,4.875869809841419
MIB2,3.3989547577405608
MID1,4.700616823748264
MIF,140.49615036235662
MINK1,0.2557353250370705
MINPP1,8.51778062271956
MIOX,0.0005347630749830619
MIP,0.00418880974507017
MKNK1,11.867037948909822
MKNK2,109.75645659980187
MKRN1,68.57398254913068
MKRN2,15.98361981196727
MKRN3,0.0039441337090139195
MLKL,8.888780567134196
MLYCD,8.007614492596728
MMAA,0.5807123502930458
MOCS1,1.1481706162791645
MOCS2,80.63550644332102
MOGAT1,0.000808262191911595
MOGAT2,19.104223928500698
MOGAT3,5.30365606887159
MOGS,45.657946512477196
MOK,0.8407828551610468
MOS,0.09191795284698573
MOXD1,2.9402900275633357
MPC1,27.8052229308476
MPC2,12.311032245951754
MPI,26.950268143194627
MPO,0.00876081285991938
MPST,5623.428592841065
MRPL58,13.330417578133794
MSMO1,50.63031032675059
MSRA,6.573686966923851
MST1R,2.4021291141383156
MT1A,7.780214307975754
MT2A,10163.695223557088
MT3,4.280626856351485
MT4,0.3354345050980549
MTAP,258.4939588908275
MTFMT,3.922923178092541
MTHFD1,86.26536340389406
MTHFD1L,0.6225871264977295
MTHFD2,13.841754767645975
MTHFD2L,0.879127417519699
MTHFD2P1,0.3354345050980549
MTHFR,1.8155719677423852
MTHFS,0.5391687640842183
MTMR1,1.3639698062896684
MTMR14,16.045291698512873
MTMR2,0.9475934103920187
MTMR3,0.1866457974236102
MTMR6,10.48210368545327
MTMR7,0.14800642608061676
MTMR8,0.22368129910296886
MTPAP,1.9936758445959233
MTR,0.2446532093637703
MTRR,12.126508468133245
MTTP,2.2472752900812076
MUL1,32.66832900878446
MUSK,0.14376783984741687
MUT,0.3354345050980549
MVD,69.10572913934065
MVK,6.177643237465675
MYBBP1A,13.568701813097487
MYCBP2,0.05719798698726572
MYLIP,16.217566751850786
MYLK,22.63120736132681
MYLK2,0.00377317104663191
MYLK3,0.003760230182387334
MYLK4,0.0165061483129559
MYO3A,0.08179396954844081
MYO3B,0.000643296056422151
MYO5B,7.971136834646917
NAA10,62.00708813337572
NAAA,69.27728368035424
NADK,22.14159591639759
NADSYN1,35.57550141190252
NAGA,16.999655957614237
NAGK,40.72294564818315
NAGLU,12.366597737324964
NAGPA,3.4463310836151666
NAGS,0.9278304728130461
NAMPT,264.53217749654755
NANP,1.1187827196077913
NANS,3177.2672686838264
NAPRT,25.164291606310147
NAPSA,0.05408596341945192
NARS,2707.711190772486
NARS2,7.399843813169298
NAT1,30.335186889702875
NAT2,17.529974805104967
NCOA1,8.260812988050514
NCOA2,0.23969964145429337
NCOA3,1.3082527327203903
NCOA6,4.4586217529100765
NCOR1,0.07443887252923644
NCOR2,0.624609008396293
ND1,0.7496282848946749
ND2,6.647572110665278
ND3,3.518721426725826
ND4,15.91921099634504
ND4L,0.3354345050980549
ND5,3.9860139175064595
ND6,2.1511623729121254
NDST1,5.161454166615812
NDST2,3.211850717518677
NDST3,0.0014609760939083127
NDST4,0.004941620251651987
NDUFA1,2595.611283820067
NDUFA10,71.40090488205544
NDUFA11,126.17808711868695
NDUFA12,47.70014750269424
NDUFA13,2771.0763456533455
NDUFA2,34.82541498162467
NDUFA3,42.102244564088934
NDUFA4,24.037764245133758
NDUFA5,139.48252377672455
NDUFA6,105.23970402194524
NDUFA7,7.774036656112649
NDUFA8,176.83614177779623
NDUFA9,91.15342858623806
NDUFAB1,386.07208248368846
NDUFB1,320.51900307273127
NDUFB10,279.6030022900715
NDUFB2,876.9747718785645
NDUFB3,261.3279486099905
NDUFB4,200.66055149679983
NDUFB5,566.1688796221791
NDUFB6,39.74943957121454
NDUFB7,310.06232950110837
NDUFB8,166.7125104652323
NDUFB9,61.72298901052171
NDUFC1,97.31805103130326
NDUFC2,19.413722903463906
NDUFS1,106.74038740675034
NDUFS2,53.048034945682936
NDUFS3,702.5268444410965
NDUFS4,403.11292747471526
NDUFS5,576.3839026857834
NDUFS6,50.79020280900594
NDUFS7,50.6002764890315
NDUFS8,135.87430794190564
NDUFV1,74.82913825397569
NDUFV2,118.47956826437994
NDUFV3,31.699522089197647
NEDD4,2.5496570661578106
NEDD4L,7.173453247791131
NEK1,2.038833177935409
NEK11,0.789196075370695
NEK2,1.0890846451060532
NEK3,5.593843307235574
NEK4,3.764144728281288
NEK5,0.0009737054872953522
NEK6,0.70958594137129
NEK7,103.3379768330683
NEK8,0.21982592874598628
NEK9,1.2337444823389394
NEU1,2.6479952396992403
NEU2,0.07868648115252536
NEU3,0.4056173693406787
NEU4,9.785932866959376
NEURL1,0.14715923590013888
NEURL1B,18.747926708727057
NGLY1,13.631068089200856
NHLRC1,0.43872301551727927
NIT2,662.485721191726
NKTR,2.484823573340971
NLK,3.6297277119166442
NLN,39.397227796187586
NME1,2261.1402731695694
NME2,474.61771367239294
NME3,39.12359326558892
NME4,242.1913929606851
NME6,0.8548075726698515
NME7,1.1546671412265457
NMNAT1,5.156495749516965
NMNAT2,0.40663846984087515
NMNAT3,4.167657426306442
NMRK1,2.9351673795914386
NMT1,44.52482728014717
NMT2,3.3579661599746147
NNMT,9.151348044982296
NNT,20.136070258141494
NOL9,1.1672245319903376
NOS1,0.05404648916783223
NOS2,1.3939695066218234
NOS2P1,0.3354345050980549
NOS2P2,0.3354345050980549
NOS3,0.23706445963175182
NOX1,73.84972479026003
NOX3,0.0008991780135860809
NOX4,0.03509062233529061
NOX5,0.003177712812628163
NPAS2,2.3737750941668105
NPC1,2.9146470736935117
NPC1L1,0.01066285561599028
NPR1,1.1131881818807652
NPR2,2.7233589538217116
NQO1,254.90539958945604
NQO2,168.7570722330781
NR1D1,2.4636683933578483
NRF1,1.0763765571613602
NSD1,2.034355589944107
NSD2,0.8117852405670956
NSD3,0.8238692165195934
NSDHL,641.3048233258509
NSF,53.40692439326145
NT5C,158.74679264964814
NT5C1A,0.002290653981685173
NT5C1B,0.0005200683190785598
NT5C1B-RDH14,0.037698419756150243
NT5C2,81.61693262073791
NT5C3A,4.209671716104311
NT5DC3,15.38499972895534
NT5E,27.357885958337068
NT5M,0.9846530423167221
NTAN1,2.9564792773263204
NTRK1,0.031840704043522225
NTRK2,0.7688306927014072
NTRK3,0.14547624272935114
NUAK2,2.501858370816632
NUDT10,0.5848541929722626
NUDT11,0.84613313575125
NUDT12,20.451276706033354
NUDT2,46.35070085204095
NUDT3,1.3602617707393345
NUDT4,0.16028283181158842
NUDT5,232.09998545091142
NUDT9,13.322134510248924
OARD1,11.970020898409903
OAT,800.5875409204599
OBSL1,0.2476373521251976
OCRL,11.933307293759277
ODC1,13.366167417865864
OGA,13.207835039605774
OGDH,360.2548179250954
OGT,22.091571411018283
OLAH,0.00036865206822199627
OPLAH,2.0861892046704353
OTC,0.9781837339243252
OTUD5,20.80304387357643
OXCT1,169.30010999632484
OXCT2,0.027955466735169028
OXSM,9.509869150826505
OXSR1,11.83744533999101
P4HA1,15.864563868858435
P4HA2,54.23227455180027
P4HA3,0.06560161228706582
P4HB,864.0264253751819
PADI1,0.029328444615566208
PADI2,103.4434840860374
PADI3,0.00015866286096597858
PADI4,0.10094946472106354
PADI6,0.3354345050980549
PAFAH1B2,670.3097850141455
PAFAH1B3,212.9108232396343
PAFAH2,15.07275641605621
PAH,0.0017108683007227054
PAICS,132.20093245569277
PAK1,47.981977461124906
PAK2,86.07773426405357
PAK3,0.08659470985931764
PAK4,0.7015663906372568
PAK5,0.1843105272396382
PAK6,0.20159271097194026
PAM,0.737017367237886
PAN2,1.1781099495036662
PANK1,1.367561528707197
PANK2,5.669690410023012
PANK3,12.882331603087744
PANK4,6.02509755088031
PAOX,2.1509358800561844
PAPOLA,4.664657498228276
PAPOLB,0.3125470350237565
PAPOLG,1.2610902992883268
PAPSS1,74.196778365988
PAPSS2,57.87356684571936
PARP1,54.07004463844563
PARP10,1.3818389333452912
PARP11,1.4864482287335106
PARP12,2.064662625661408
PARP14,2.583403919262415
PARP15,0.04390552335563176
PARP16,3.6740323531032826
PARP2,8.107902989851194
PARP3,22.708006193639275
PARP4,4.142962527380283
PARP6,7.7749645961489025
PARP8,2.4990326689903006
PARP9,5.990553528659456
PARS2,1.7883617883781764
PASK,0.17479407699111837
PBK,4.364481098670871
PC,17.11883929982475
PCBD1,309.5429236613873
PCBD2,6.637264326199133
PCCA,24.183647090419818
PCCB,10.393352516686207
PCK1,177.03074913499233
PCK2,53.59567237401967
PCMT1,864.4915267411267
PCYOX1,61.55092870988911
PCYT1A,15.333642866316756
PCYT1B,0.016154171399618243
PCYT2,6.727190226567625
PDE10A,0.05028288450907815
PDE11A,0.1339833196303391
PDE1A,8.966613547394216
PDE1B,0.8519526576092658
PDE1C,0.11283465216503434
PDE2A,6.634694592517077
PDE3A,14.96112681583745
PDE3B,7.942053984009119
PDE4A,2.2951738336079512
PDE4B,3.0887015083694696
PDE4C,0.11637515680740057
PDE4D,5.9287076724023065
PDE5A,56.40010547611848
PDE6A,0.3678540512176603
PDE6B,0.11383369474823789
PDE6C,0.0034374670642798068
PDE6H,1.0083333333333333
PDE7A,0.8353653695951957
PDE7B,0.6770826103869934
PDE8A,13.041317758669912
PDE8B,0.5395670671683791
PDE9A,85.99853762728182
PDF,0.2895727249350009
PDGFRA,19.477420728553806
PDGFRB,6.416494362662396
PDHA1,237.93883455013648
PDHA2,8.963593332760542
PDHB,193.13863343055888
PDHX,17.818068428238913
PDIA2,0.0723057065140814
PDIA3,1282.2815646909157
PDIA4,765.7940444821315
PDIA5,64.93883916804997
PDIA6,606.3572220062259
PDK1,0.9619168221112319
PDK2,41.54277505829743
PDK3,5.460889900820435
PDK4,282.17341645372017
PDP1,4.601537531519958
PDP2,0.4959800716224812
PDPK1,0.780755060985705
PDPR,3.09996264971337
PDXK,7.920175734911022
PDXP,54.257149218270484
PDZD4,3.196308306228856
PEAK1,2.2035959591944363
PECR,254.71563664174965
PEMT,8.064718590755147
PEPD,38.611648839487245
PEX11A,12.672632664845644
PFAS,21.135727289111564
PFKFB1,0.003327896444184746
PFKFB2,5.283059830508468
PFKFB3,8.452687688396782
PFKFB4,0.7857505535385432
PFKL,109.80662014250743
PFKM,24.04986225805847
PFKP,559.0139758388885
PGAM1,53.02119259170477
PGAM2,1.010775527823548
PGAM5,49.656275907076555
PGAP1,0.6999576342114212
PGD,1750.7374922062966
PGGHG,0.02991860446325157
PGK1,499.99853469085525
PGK2,0.5641176264173664
PGLS,993.0064654671532
PGLYRP1,0.06225508085100204
PGLYRP2,0.0003546986821560952
PGLYRP3,0.01572942767765221
PGLYRP4,0.2601296063498426
PGM1,477.8462426045227
PGM2,156.47469563659695
PGM2L1,0.5924903298510706
PGM3,42.3822471862344
PGP,28.070107865950423
PGS1,3.633520723760689
PHEX,0.009348048053019524
PHGDH,339.33260070740795
PHKA1,0.14226035225371866
PHKA2,1.1871543853649118
PHKB,29.005840102163287
PHKG1,1.34303657864017
PHKG2,1.939249465492626
PHLPP1,1.625205571282317
PHLPP2,2.1030478860782353
PHOSPHO1,0.021405541546001886
PHPT1,95.01479458310551
PHYH,85.93419611356344
PHYKPL,0.6462009571960334
PI4K2A,0.7492018144683849
PI4KA,1.0834166555589153
PI4KB,0.8464318970366442
PIGA,1.7322122772631587
PIGB,4.809894127074021
PIGC,48.95771696386624
PIGF,6.203465449146185
PIGG,6.39419620125792
PIGH,6.905489357076622
PIGK,12.042649884954267
PIGL,1.0393753458793165
PIGM,2.2071548344112837
PIGN,9.689483498964712
PIGO,4.4655696111915075
PIGP,18.009395985980316
PIGQ,5.866073520222172
PIGS,18.184437886656408
PIGT,15.031323161207544
PIGU,1.6109921840808263
PIGV,3.9922770225514084
PIGW,1.9930488433978404
PIGX,1.3639267324930955
PIGY,303.79645697083873
PIGZ,22.30453951028284
PIK3C2A,0.8981778817733646
PIK3C2B,3.0615206457278954
PIK3C2G,0.009341258162983458
PIK3C3,0.19962083908860714
PIK3CA,3.9655775543217717
PIK3CB,0.3636430452313849
PIK3CD,0.9923329427332533
PIK3CG,0.7094394802937731
PIK3R1,2.177740666838776
PIK3R2,15.716380573231731
PIK3R3,2.0032962927717817
PIK3R4,13.595034601547976
PIK3R5,0.48425570949350133
PIKFYVE,1.1545298039562475
PIM1,28.331178895172002
PIM2,11.299487340591567
PIM3,32.57343075620698
PIN1,841.683999990089
PIN4,1.6499728306563661
PINK1,130.41229601366894
PIP4K2A,6.584161792500006
PIP4K2B,4.59950170395603
PIP4K2C,20.969070409203372
PIP5K1A,0.3385562821329095
PIP5K1B,1.262264743137825
PIP5K1C,22.42678890941003
PIP5KL1,0.02052718062803812
PIPOX,1.4756426716995474
PISD,1.1930575545909405
PJA1,5.693027443713649
PJA2,168.6976792909985
PKLR,0.04793623697542106
PKM,541.3891072832749
PKMYT1,0.6740780341679472
PKN1,44.22042073317583
PKN2,5.842632358666672
PKN3,0.6588606012383144
PLA2G10,16.08657665235788
PLA2G12A,1.0025825087791007
PLA2G12B,2.6421859236411076
PLA2G15,4.349450615911894
PLA2G16,21.80479378452286
PLA2G1B,0.03411083368177843
PLA2G2A,3215.430371626084
PLA2G2C,0.5004079505617964
PLA2G2D,0.37314535968782114
PLA2G2E,0.10480083352838437
PLA2G2F,0.00020223445021330937
PLA2G3,0.019881840717782588
PLA2G4A,32.05915721986905
PLA2G4B,0.000200433207303774
PLA2G4C,2.321039091056087
PLA2G4D,0.005139112490406734
PLA2G4E,0.002440291563973938
PLA2G4F,1.4568508846861035
PLA2G5,6.767594916391093
PLA2G6,0.9516659094998474
PLA2G7,6.8692283358729
PLB1,0.1821025875384331
PLCB1,3.556092264187838
PLCB2,0.8148098031954322
PLCB3,1.2105632231735737
PLCB4,4.571295897486132
PLCD1,17.393526015616626
PLCD3,37.86305245376628
PLCD4,5.269645159511059
PLCE1,3.5087916091165536
PLCG1,0.7095935067693756
PLCG2,1.2527039656451602
PLCH1,0.25554852403308975
PLCH2,0.05468385410574883
PLCL1,0.6978748031241759
PLCL2,2.818952055924603
PLCXD2,0.049189549267715404
PLCZ1,0.00030539153492897375
PLD1,2.7703959488803163
PLD2,2.7208803839953846
PLD3,16.291714420315635
PLD4,0.38700283761764026
PLD6,1.2608790163297539
PLG,0.0008572638736863165
PLIN1,0.12559945421809648
PLIN2,30.506231247701418
PLIN3,75.65324010832234
PLIN4,17.043936961734094
PLK1,1.7540269469515704
PLK2,6.757184490956086
PLK3,1.7639905942822458
PLK4,0.7043934417017409
PLOD1,11.602405967034674
PLOD2,28.160121433549715
PLOD3,14.691724962524585
PLPBP,1.3790311261442316
PLPP1,5.389883230682263
PLPP2,2.123055391477898
PLPP3,4.2032094621878
PLPP4,0.019762828557283812
PLPP5,0.0656688155578048
PLPP6,0.050042688733332445
PLPP7,1.1305815492037874
PLPPR2,0.3307009692228308
PLPPR3,0.9307949846236876
PLPPR4,0.11900942508124815
PLPPR5,0.012456429933028047
PLTP,52.57667203934719
PLXNB3,0.6629282634424828
PMM1,12.014222316910475
PMM2,170.4573819095549
PMPCA,36.351994027270464
PMVK,299.0614668264385
PNCK,27.711681882292883
PNKP,13.64641733424465
PNLIP,0.01735944451270558
PNLIPRP1,0.03844725725762432
PNLIPRP2,30.333037569363924
PNLIPRP3,0.0013864781626829598
PNMT,0.03290450018717307
PNP,1142.6839094145896
PNPLA2,39.922555667182316
PNPLA3,0.0037485849801860553
PNPLA4,10.285154184180826
PNPLA6,0.43369389288104404
PNPLA7,0.8983112051847838
PNPLA8,12.632034083510348
PNPO,4.339083195531736
PNPT1,3.1829347283075315
POLA1,2.6216787683529637
POLA2,2.666770447665088
POLB,13.94773558833344
POLD1,0.558973587739241
POLD2,4.877174541055614
POLD3,0.8978649458904854
POLD4,468.12084290909934
POLE,0.04447671645529448
POLE2,1.0462206963221208
POLE3,60.38620537019525
POLE4,24.246488201395948
POLG,4.673149218308356
POLG2,1.0883365965787855
POLH,0.43456551239908
POLI,1.771796641592844
POLK,4.898577449497926
POLL,8.512559847747642
POLM,1.9414035585650682
POLN,0.010257921478933604
POLQ,0.03680209828561827
POLR1A,0.3922564486626603
POLR1B,0.3874828170816831
POLR1C,15.824546847013607
POLR1D,61.81304413926971
POLR1E,17.73376314919234
POLR2A,1.1539986365379231
POLR2B,14.95075328935784
POLR2C,131.77199749194557
POLR2D,19.534362084953525
POLR2E,60.62544698490382
POLR2F,28.957263613957018
POLR2G,32.201254547286204
POLR2H,365.0307356264712
POLR2I,22.018622926290487
POLR2J,20.14518424175451
POLR2K,248.35139544954538
POLR2L,194.06196487953028
POLR3A,0.13695885008583955
POLR3B,0.9772164780370058
POLR3C,0.8466950815100195
POLR3D,6.151266468654828
POLR3E,8.104362877865729
POLR3F,6.195330245164703
POLR3G,0.5682768760096403
POLR3GL,70.92511351857083
POLR3K,29.070331354189037
POLRMT,2.636225920155698
POMGNT1,15.200786043557557
POMT1,6.67055540742759
POMT2,0.8335631158624519
PON3,1.5268415153274884
POR,159.8848382998286
PPA1,1094.413399376926
PPA2,641.202955156766
PPARA,3.501921930213562
PPAT,4.416590986988317
PPCDC,2.5593638084445227
PPCS,205.85639813250998
PPEF1,0.011590833498775687
PPEF2,0.00014299235170969442
PPIA,233.63299687757777
PPIAL4A,0.3354345050980549
PPIAL4C,0.3354345050980549
PPIAL4E,0.011132789982990447
PPIAL4G,4.442671031485952
PPIB,1837.1125195640436
PPIC,90.19642834678592
PPID,719.3792144546243
PPIE,10.782018407695277
PPIF,200.54496699421068
PPIG,16.282716488798567
PPIH,1126.3478334436895
PPIL1,88.14273124895314
PPIL2,0.5614803255890767
PPIL3,96.12985979862029
PPIL4,4.292768482300999
PPIL6,0.13109683028895047
PPIP5K1,1.3372651235995632
PPIP5K2,8.41814845022898
PPM1A,2.674955063538509
PPM1B,14.503658342432832
PPM1D,2.4732683829797515
PPM1E,0.0029688934598077242
PPM1F,13.557110287163074
PPM1G,14.9729599431523
PPM1K,1.3532869921759574
PPM1M,16.67448899909027
PPOX,4.214200984483349
PPP1CA,402.5546134352564
PPP1CB,585.8216660330502
PPP1CC,366.8739895312602
PPP1R1A,23.800553710125314
PPP1R1B,469.3958797734681
PPP1R2,98.13147297798697
PPP1R3A,0.06646892507772041
PPP1R3B,6.145936121556349
PPP1R3C,11.847351886641318
PPP2CA,247.62709469413826
PPP2CB,107.249432794292
PPP2R1A,649.1038264340172
PPP2R1B,14.64359699574075
PPP2R2A,95.3500300806553
PPP2R2B,0.6877550874900669
PPP2R2C,0.137205872644998
PPP2R3A,2.7019876526076274
PPP2R3B,0.03358161770247939
PPP3CA,385.1629876265537
PPP3CB,64.08640715204723
PPP3CC,5.99934355784161
PPP3R1,234.62211816721523
PPP3R2,0.0007725155799003444
PPP4C,96.21188302318886
PPP5C,35.01217557577121
PPP6C,214.2993147615456
PPT1,11.564590048648741
PPT2,0.09621982527889181
PPWD1,13.409754675325908
PRAG1,0.3354345050980549
PRDX1,12913.767720124171
PRDX2,5691.508888209619
PRDX3,784.5689331475379
PRDX6,2375.7671244692074
PREP,147.64708310043633
PRKAA1,33.13774712352157
PRKAA2,1.6617751329354198
PRKAB2,18.555903816767284
PRKACA,487.75710409565306
PRKACB,209.893022786591
PRKACG,0.010909501964073245
PRKAG2,14.884885085131767
PRKAR1A,25.766655313437713
PRKAR1B,7.257405888796772
PRKAR2A,37.54988236676764
PRKAR2B,117.316526723625
PRKCA,6.102348785019786
PRKCB,2.8494492196824774
PRKCD,3.9630589559851597
PRKCE,1.5363125111109566
PRKCG,0.00016332683506206053
PRKCH,2.6588407757203987
PRKCI,4.976388922464611
PRKCQ,0.2881667645882488
PRKCSH,319.2597815840717
PRKCZ,5.52173133763726
PRKD1,0.32595063575542876
PRKD2,4.838976211100404
PRKD3,13.512166197260312
PRKDC,0.5146576131361598
PRKG1,4.288410103078246
PRKG2,0.3154727065794404
PRKN,0.21524163632635238
PRKX,2.2777724066536327
PRKY,0.00857992986977107
PRODH,0.6128536832835879
PRODH2,0.047452249121563574
PRPF19,287.5792283654422
PRPF4,138.15339434580466
PRPF4B,21.0177909809105
PRPS1,405.19243591923504
PRPS1L1,2.2868863556237393
PRPS2,57.09227683896889
PRRT2,0.3948461605819832
PSAP,62.103510187092695
PSAT1,39.65176155466415
PSKH1,18.96882481739039
PSKH2,0.11813839957802594
PSPH,519.7706586563054
PSPHP1,0.3354345050980549
PTDSS1,40.00924080176139
PTDSS2,7.435120497915659
PTEN,7.782551188913883
PTGDS,92.50728529715708
PTGES,19.7159376350268
PTGES2,64.54982984993366
PTGES3,5872.725972372153
PTGIS,103.75266312389007
PTGR1,291.7964926304991
PTGS1,64.14148670432724
PTGS2,16.36945253836126
PTK2,3.9034031441180175
PTK2B,9.175698865477253
PTK6,19.4147258429026
PTK7,0.3655321661801071
PTP4A2,3.4898283141639745
PTP4A3,9.107690604842725
PTPDC1,0.5296780860955336
PTPMT1,19.04198637148794
PTPN1,20.706932629399006
PTPN11,14.920820206166088
PTPN12,4.731654534585138
PTPN13,0.6988920358871227
PTPN14,1.156123384513153
PTPN18,28.718322421238696
PTPN2,7.063736825202304
PTPN21,4.161583607462423
PTPN22,0.5295120443289646
PTPN23,4.78127332589386
PTPN3,1.4230181607918568
PTPN4,1.0896508379101126
PTPN5,0.026197017012724626
PTPN6,16.781501246176727
PTPN7,0.3687181103508748
PTPN9,0.7005402482445812
PTPRA,0.3627529930177164
PTPRB,1.785895948079424
PTPRC,7.105709060801124
PTPRD,0.8170513268470215
PTPRE,3.540423805076594
PTPRF,58.0071992185082
PTPRG,2.0287153602178543
PTPRH,21.166198444784364
PTPRJ,1.8907398950140095
PTPRK,16.77542575843869
PTPRM,5.369070042791418
PTPRN,0.19212469606075
PTPRN2,6.973121565847449
PTPRO,2.002793409170148
PTPRQ,0.00022754347727456598
PTPRR,2.5168232551976604
PTPRS,1.2161469203759094
PTPRT,0.0038067622301987355
PTPRU,0.4475522778638584
PTPRZ1,0.16851020294046598
PTRH1,4.20388938174543
PTRH2,1330.1072708383317
PTS,44.34673768129055
PUS1,4.700588422320772
PXDN,0.5402658356344899
PXDNL,0.005815600202253619
PXYLP1,0.3900283303635837
PYCR1,15.218324482334362
PYCR2,301.8233129078126
PYCR3,18.52640291410028
PYGB,1289.742850577373
PYGL,8.636009429274438
PYGM,9.551333007226205
PYURF,0.6402221518630032
QARS,616.5156272341129
QDPR,520.9651652484227
QPCT,29.370355651016954
QPRT,32.89456368286165
QTRT1,32.257576439775626
QTRT2,3.0803803903498332
RAD1,1.2800213356869024
RAD18,1.2101283178599063
RAD9A,1.5336163033118928
RAF1,0.387719507386674
RAG1,0.02110369019302386
RALBP1,37.04297904123849
RARS,341.83488494399194
RARS2,24.075472977248374
RBBP6,0.16685661952859854
RBKS,3.3257827543650955
RBP1,315.4190816324573
RBP2,1.0699759087488998
RBP4,7.233438461286151
RCHY1,13.958474422874847
RCL1,7.144239221479319
RDH10,4.333140059702029
RDH11,224.78729268560195
RDH12,0.017762103735320563
RDH13,4.051095183560829
RDH14,1.2235503988336294
RDH16,0.003357392720630562
RDH5,2.4012094518080485
RDH8,0.3354345050980549
REG3A,0.03125348517956161
RENBP,5.869537341523324
RET,0.2457064922831164
REV3L,1.4885844205593415
RFC5,30.35011970442863
RFK,55.35189765983997
RFWD3,3.268731791683947
RGL1,8.763247943075338
RHAG,0.06420869936430046
RHBG,0.3354345050980549
RHCG,0.06691671185890812
RING1,2.444493673643617
RIOK1,0.7252449462310725
RIOK2,0.2811775867089765
RIOK3,77.8116578857112
RIPK1,9.285822254262838
RIPK2,1.9550135471886925
RIPK3,25.91199298289794
RIPK4,1.1118602587726618
RIPOR1,1.8350848174091228
RNF103,10.851721705236514
RNF115,16.4279027618442
RNF123,6.001911161699926
RNF125,1.8078089143743434
RNF126,17.51619266935231
RNF128,11.232930664970166
RNF13,55.282153565180195
RNF130,156.5037221125884
RNF133,0.0005313762385260364
RNF138,18.796013312758003
RNF139,29.946914111498135
RNF14,37.370658188868546
RNF144A,2.38964168352949
RNF144B,1.1986512148785693
RNF146,13.937904949442652
RNF149,14.452648858601412
RNF152,0.5450623976148767
RNF167,165.7290037113951
RNF180,1.3858238408497738
RNF182,0.006797677182855216
RNF185,19.05178951003759
RNF187,34.048853511727906
RNF19A,11.896282831732005
RNF19B,31.050972141565904
RNF2,9.157688478893244
RNF20,2.045402693404177
RNF216,8.08961207577041
RNF217,1.4745438826468327
RNF25,14.687452524617825
RNF31,7.0773903043082536
RNF40,0.9818842181602089
RNF41,13.137557077966392
RNF5,0.0004575203667436064
RNF8,1.9877402902313677
RNGTT,3.517144190918418
RNMT,28.955525121780067
ROCK1,6.039320044563106
ROCK2,11.33199812661981
ROR1,1.0147467560773868
ROR2,0.19255736516319438
RORA,0.6262749430411203
ROS1,0.009570687172756328
RPAP2,2.114837698277649
RPE,68.01240122544786
RPE65,0.001150767049276291
RPIA,42.414396588566035
RPL14,3065.2126033794384
RPN1,1158.557545118485
RPN2,353.9001704911759
RPP14,94.17341910889836
RPS6KA1,71.79097435024875
RPS6KA2,4.379096967332705
RPS6KA3,2.579790102732903
RPS6KA4,0.7552240361052289
RPS6KA5,5.112996964454635
RPS6KA6,0.5275073933318576
RPS6KB1,1.7215689014130575
RPS6KB2,33.04788361857205
RPS6KC1,0.4958293729447056
RPUSD4,0.9851544018563677
RRM1,28.542177429584044
RRM2,6.585310142724281
RRM2B,9.985515300184199
RTCA,1.6973780629584712
RWDD2A,5.495038610567541
RXRA,20.23696377674331
RYK,47.15783181568721
SACM1L,28.524685704193477
SAE1,438.13448613937874
SAP130,0.5728703680678169
SARDH,0.29720133339589766
SARS,165.7183338357952
SARS2,4.805251726188199
SAT1,1170.519727128738
SAT2,135.8239143691777
SBK1,0.045459813091430774
SC5D,1.7142905425756392
SCARB1,13.922834119244273
SCARF2,0.452365606478225
SCD,11.021862492794755
SCD5,3.35829658568715
SCLY,0.007571537481004751
SCP2,578.5783537271485
SDC1,10.870501074701867
SDHA,289.02411891927846
SDHB,772.161256707114
SDHC,16.581230535543785
SDHD,10.91843407979926
SDR16C5,1.2268317808978388
SDR42E1,1.4911570445826172
SDR42E2,0.3354345050980549
SDR9C7,0.0020870964625299073
SDS,5.247116086213975
SDSL,12.97018482257784
SEC11A,504.52664318381267
SEC11C,22.296270542606017
SELENOI,0.1784505883933933
SEPHS1,474.927226875997
SEPHS2,150.15906358789786
SERPINA1,112.63342042276061
SERPINA3,13.840403330235215
SETD1A,0.1374489954833957
SETD1B,2.4382094382634665
SETD2,0.02840987321940442
SETD5,7.190675671784073
SETD7,8.055867647342298
SETDB1,0.1647401785175305
SETDB2,1.485749798089787
SETMAR,5.51654162196962
SFXN3,660.1037018795018
SGK1,27.479025493919103
SGK2,9.47551266824452
SGK3,0.006202874566653806
SGMS1,12.111730671641872
SGMS2,6.384537822637336
SGPL1,39.256462260462996
SGPP1,12.440921501246757
SGPP2,12.003451670705463
SGSH,7.958604547465062
SH3RF1,13.562654665086246
SH3RF2,2.6557737297705635
SH3RF3,0.371260160149226
SHMT1,132.1112179237834
SHMT2,282.80650617155146
SHPK,1.9920734752669795
SHPRH,0.5430731037810818
SI,13.007743300065679
SIAE,180.72710493129753
SIAH1,6.019407719192679
SIAH2,10.554646514855571
SIK2,3.0894350338882113
SIK3,2.669091476943687
SIN3A,4.30339112810684
SIN3B,0.04561676711467636
SIRT1,8.903597915157595
SIRT2,36.031880719233804
SIRT3,3.7837027820675533
SIRT5,1.1582416162604428
SIRT6,27.907066387285123
SIRT7,10.106202777189855
SLC10A1,0.005129942905682868
SLC10A2,0.058748703153154044
SLC10A6,0.06768460067788479
SLC11A1,0.07238395610639395
SLC11A2,5.376839555058145
SLC12A1,0.00024423535729563577
SLC12A2,6.410621186997353
SLC12A3,0.00036210878130456644
SLC12A4,0.1982836164701465
SLC12A5,0.002835403149908485
SLC12A6,0.0509713037123022
SLC12A7,1.7136891452445404
SLC13A1,1.3898493503991496
SLC13A2,11.168289299485043
SLC13A3,0.029623487459687733
SLC13A4,0.01382858698804734
SLC13A5,0.0004367692085493618
SLC14A1,0.3851831541964879
SLC14A2,9.525158132407602e-05
SLC15A1,0.9982454732218657
SLC15A2,0.9590145421652964
SLC15A3,11.093623843039106
SLC15A4,6.0098960289866685
SLC16A1,28.526289810403707
SLC16A10,0.09475875296917588
SLC16A2,1.1075169063652788
SLC16A3,15.03653390761992
SLC16A7,0.17770827463549413
SLC16A8,0.015494265495275604
SLC17A1,0.008718393442535975
SLC17A2,0.014797084619435076
SLC17A3,0.002011881273118046
SLC17A4,3.467852202029527
SLC17A5,21.15765077637417
SLC17A6,0.03561924497624714
SLC17A7,0.26754462881202323
SLC17A8,0.08503932409696219
SLC18A1,0.31884377321315455
SLC18A2,2.4705967465470793
SLC18A3,0.009353032501198417
SLC19A1,0.6075815244204753
SLC19A2,3.6148654098440702
SLC19A3,0.32658161548456544
SLC1A1,4.799697065391085
SLC1A2,0.0009944335806492675
SLC1A3,0.2917328465125069
SLC1A4,1.139268901627258
SLC1A5,36.685737228861115
SLC1A6,0.0004069117698713653
SLC1A7,0.21127841790896473
SLC20A1,12.90696380667698
SLC20A2,27.160484214544855
SLC22A1,0.005341544923427171
SLC22A10,0.10034501076203277
SLC22A11,0.0012184952143270173
SLC22A12,1.368484858340572
SLC22A13,0.4146385452685862
SLC22A16,0.007785440638103639
SLC22A18,51.965695746996424
SLC22A2,0.05387598402788297
SLC22A3,0.8683923824641759
SLC22A4,0.7009504785615784
SLC22A5,8.88104559735872
SLC22A6,0.3332262579895881
SLC22A7,0.00022182863194494692
SLC22A8,0.6796964855365107
SLC22A9,0.11807453767167743
SLC23A1,0.16323538676263175
SLC23A2,2.0367887283723225
SLC24A1,0.43303747831490164
SLC24A2,0.0010853782110355644
SLC24A3,8.304713421639164
SLC24A4,0.01036334870820336
SLC25A1,602.5346813655095
SLC25A10,19.894430437063455
SLC25A11,1255.6063419947802
SLC25A12,490.097555877339
SLC25A13,158.12850917299912
SLC25A14,2.593144386906294
SLC25A15,3.0432363303166268
SLC25A16,9.760439353802889
SLC25A17,6.398084404595587
SLC25A18,0.10386437670287652
SLC25A19,2.144231227067119
SLC25A2,0.0015720395807911273
SLC25A20,35.82673196637629
SLC25A21,0.0845231766382711
SLC25A22,1.4693558907261048
SLC25A26,11.594253209247643
SLC25A27,0.17886067503515693
SLC25A28,24.40561379588346
SLC25A29,3.4334293984619393
SLC25A3,3522.068602898238
SLC25A37,2.557187876525194
SLC25A4,618.5361849390519
SLC25A5,9382.27732541846
SLC25A6,179.45168529211844
SLC26A1,0.0488926428290676
SLC26A11,1.3970387033571439
SLC26A2,127.90482929355775
SLC26A3,4155.055789039677
SLC26A4,0.04747226022766561
SLC26A6,7.68047267281658
SLC26A7,0.0656100552188144
SLC26A8,0.009007418423043879
SLC26A9,0.04431319325572662
SLC27A1,1.144712251562238
SLC27A2,5.3965722901923785
SLC27A3,6.605034948972747
SLC27A4,2.5400188638834384
SLC27A5,0.7704467035076827
SLC27A6,0.05649020238470939
SLC28A1,0.0011866557111159769
SLC28A2,22.165142971244865
SLC28A3,0.07541779218804678
SLC29A1,59.548626066101
SLC29A2,2.7127770794480908
SLC29A3,3.4039747697697362
SLC29A4,0.6032697916447044
SLC2A1,11.801126967130354
SLC2A10,4.436182114887105
SLC2A11,1.5364766393135667
SLC2A12,1.2084605752035777
SLC2A13,3.0820918551987964
SLC2A14,0.010853658612708057
SLC2A2,0.7271472329221568
SLC2A3,2.2323619935254246
SLC2A4,18.744685631924312
SLC2A5,1.4093465408863328
SLC2A6,0.39609011681863965
SLC2A7,0.002572049859407228
SLC2A8,21.644140078269075
SLC2A9,0.6399676528026832
SLC30A1,23.81981334638011
SLC30A6,6.832002896117755
SLC30A7,11.3922629397238
SLC31A1,13.354432530483342
SLC32A1,1.4740945089441455
SLC33A1,1045.8642051289373
SLC34A1,0.00040279563112221125
SLC34A2,0.000846833278176632
SLC34A3,0.0002605066989618009
SLC35A1,91.1642947115749
SLC35A2,14.648835255392951
SLC35A3,95.64067800281698
SLC35B2,0.9926340088621546
SLC35B4,0.877884117553184
SLC35C1,20.22474127890292
SLC35D1,19.45568905414613
SLC35D2,104.91682544454142
SLC36A1,4.721747978731187
SLC36A2,0.00014248277992899878
SLC36A4,1.7017053058556042
SLC37A1,14.355199456223144
SLC37A4,18.60794415259003
SLC38A1,31.419638473138008
SLC38A2,54.667157540102174
SLC38A3,0.010461750268737115
SLC38A4,0.15469380296894444
SLC38A5,5.1203932499165425
SLC39A7,4.847905418589238
SLC3A1,0.9544108874023525
SLC3A2,32.80025961603251
SLC40A1,675.9614594899793
SLC41A1,1.9294417433090458
SLC41A2,4.732292665897001
SLC43A1,5.28122447120424
SLC43A2,8.602780307660394
SLC46A1,0.3648032609194022
SLC47A1,1.0767359853139302
SLC47A2,0.002851930661568597
SLC4A1,0.000671026213672665
SLC4A10,0.07469357078145879
SLC4A2,12.957552964463401
SLC4A3,0.1075633929578217
SLC4A4,29.759558209700465
SLC4A5,0.25183495688965984
SLC4A7,0.5455971381949586
SLC4A8,0.00878483924730637
SLC4A9,0.003635099732064235
SLC51A,0.15730939956507933
SLC51B,0.1317954273752661
SLC52A1,0.11277172956640528
SLC52A2,0.09357936368667576
SLC52A3,0.28454763876001143
SLC5A1,3.436563802929284
SLC5A10,0.8838811281299367
SLC5A11,0.16083414671241414
SLC5A12,0.00864859655663472
SLC5A2,0.05751113681218209
SLC5A3,0.9229818009718257
SLC5A5,0.0001331735034792643
SLC5A6,3.06372009371978
SLC5A7,0.2872895570501506
SLC5A8,0.019275994404722083
SLC5A9,0.04223980575847902
SLC6A1,0.009056364166102133
SLC6A10P,0.3451836546473724
SLC6A11,0.0003252542152943959
SLC6A12,0.07875730397527124
SLC6A13,0.0001665637651611897
SLC6A14,0.18906501251612146
SLC6A18,0.000849879195198381
SLC6A19,2.5371619800319096
SLC6A2,0.0011118568332859453
SLC6A20,0.01388891526665855
SLC6A3,0.0001151419413739375
SLC6A4,0.006360043793295817
SLC6A5,0.0001869305840940231
SLC6A6,0.1251085667522595
SLC6A7,0.05451445629484631
SLC6A8,58.225200328906254
SLC6A9,2.0369683824216245
SLC7A1,3.2654887169689233
SLC7A10,0.44725159747283744
SLC7A11,0.09531118223562438
SLC7A2,0.6929668297130014
SLC7A3,0.0007678439588443589
SLC7A5,1.117376640847045
SLC7A6,2.185422890887444
SLC7A7,5.1195696225929295
SLC7A8,5.175810086806099
SLC7A9,0.010973709731528692
SLC8A1,9.651972478948547
SLC8A2,0.40727019391065183
SLC8A3,0.010766191445553134
SLC8B1,0.13932836983899105
SLC9A1,11.844542135520607
SLC9A2,10.540327820364308
SLC9A3,1.1963150122486594
SLC9A4,0.0003067429859518061
SLC9A5,0.0062256801752187795
SLC9A7,0.052504565051598465
SLC9A8,1.8088255017161297
SLCO1A2,0.1835430545458555
SLCO1B1,0.5745214485775751
SLCO1B3,0.0009238747460740548
SLCO1C1,0.0031703641346472445
SLCO2A1,5.632638990070017
SLCO2B1,20.69693757985321
SLCO3A1,0.567985112998128
SLCO4A1,0.28640388782531956
SLK,25.821789904746606
SMARCD3,19.185972222214765
SMG1,0.3953275258533611
SMPD1,21.60269397790042
SMPD2,7.927333564257501
SMPD3,7.929979299526168
SMPD4,3.5557492368503154
SMS,99.51728819914584
SMURF1,3.7860696147273925
SMURF2,4.124773473183187
SMYD3,9.138151425200357
SNRK,7.085034695164592
SOAT1,4.600848029810073
SOAT2,0.0025324253582641397
SOD1,3900.9538076335925
SOD2,227.45389801753905
SOD3,46.969450401663885
SORD,5.8662533194304185
SPCS1,422.4881064562973
SPCS2,145.69856855247883
SPCS3,466.16235548618795
SPEG,9.277507284313282
SPHK1,0.46286379092984703
SPHK2,0.9136217444650234
SPR,735.907737259499
SPRYD3,34.261279796998366
SPTLC1,55.51232377471539
SPTLC2,2.271530144166296
SPTLC3,1.293336717431731
SQLE,0.2243471843866054
SRC,12.650890267710452
SRD5A1,1.6911150654444893
SRD5A2,0.3354345050980549
SRD5A3,2.550633269590113
SREBF1,11.196380693181936
SRM,249.63784708850628
SRMS,0.08368229651534267
SRPK1,8.98230598166657
SRPK2,9.238983318210197
SRPK3,0.671043201184127
SSH1,3.0107217848516217
SSH2,0.6344988519751982
SSH3,19.621807255165777
SSR4,1538.533703561459
SSU72,189.5392097139175
ST3GAL1,1.4100925041643118
ST3GAL2,3.8753859660125936
ST3GAL3,6.514380372636312
ST3GAL4,94.29324500992574
ST3GAL5,1.464518000732832
ST3GAL6,1.3905248967973618
ST6GAL1,37.7557360268788
ST6GALNAC1,434.3578182917235
ST6GALNAC2,6.076517053964313
ST6GALNAC3,0.942473014633972
ST6GALNAC4,19.3576815229088
ST6GALNAC5,0.5028508208745155
ST6GALNAC6,541.526313152875
ST8SIA1,0.47468560036658736
ST8SIA4,0.9148484709817257
ST8SIA5,0.0011407474601901734
STAMBP,11.837800670328225
STAMBPL1,3.357355450467142
STARD3,12.868025908390742
STK10,0.3110820859307784
STK11,11.767127521926936
STK16,1.9293636568462638
STK17A,7.692339508408249
STK17B,12.578832503332517
STK19,0.6330230307661288
STK24,63.39224842952543
STK25,3.331068420627481
STK26,0.629690691282171
STK3,12.916038844440484
STK31,0.003101373710233927
STK32A,0.11065502176320177
STK32B,0.21640115196018045
STK32C,0.8895222337972811
STK33,1.2189362357928442
STK35,3.583151727863043
STK36,0.6198380478150889
STK38,12.646827018989164
STK38L,30.765103383398657
STK39,51.46711406809531
STK4,1.3489814636759616
STRA6,0.0011102697737608153
STS,3.4756196492453784
STT3A,11.341673858610404
STT3B,68.30208166529627
STUB1,40.67139118844721
STYK1,6.511430215360047
STYXL1,17.98993338127618
SUCLA2,210.8640519428508
SUCLG1,1499.4413593243653
SUCLG2,2032.9416680064915
SULT1A1,28.87756896711809
SULT1A2,8.884480030764658
SULT1A3,3.7503041530200782
SULT1B1,47.210014680671605
SULT1C2,1.2581437740164396
SULT1C4,0.49410017773037235
SULT1E1,0.002060337247088463
SULT2A1,0.8661377521199749
SULT2B1,0.14189968352100935
SULT4A1,0.1698075221429875
SUOX,10.800860361390939
SUV39H1,1.6850937992401251
SUV39H2,1.3719496432635252
SYK,12.325518979888543
SYNJ1,0.020259689197106797
SYNJ2,0.03946290192379994
SYVN1,0.3765491907564075
TAF1,1.213583993804334
TALDO1,292.9301056672007
TAOK1,1.8236571916177036
TAOK2,3.8202386826621346
TAOK3,15.017755421934792
TARS,361.3142168095499
TARS2,0.7342697097537533
TARSL2,4.01155222858438
TAT,0.02846180565099998
TBCB,109.11170767614745
TBK1,1.0256071775354167
TBL1X,7.275729013878144
TBL1XR1,11.660753735988594
TBXAS1,6.201244235736797
TCIRG1,19.061880998829626
TDO2,0.5500581623729393
TECR,82.07173467035022
TECRL,0.00019191654923549046
TENT2,0.15316461371698084
TENT4A,0.45357387630786017
TESK1,14.869467300676721
TESK2,3.9334084280717003
TFRC,121.98906905940717
TGDS,8.945807765391065
TGFBR1,11.57678786024712
TGFBR2,89.3502057175428
TGM1,0.0055839066261701275
TGM2,16.042942615652986
TGM3,0.18122007757040523
TGM4,0.0009299883277552221
TGM5,0.3587832992254833
TGM6,0.018105422639918517
TGM7,0.01438308791538765
TGS1,4.595870056309267
TH,0.0028692525198552067
THNSL1,0.9143233625619371
THTPA,6.700092850012954
TIAM2,0.027705270045917628
TICRR,0.05167590734814967
TIPARP,5.784857336248166
TK1,33.931652919960754
TK2,2.8314296262962095
TKFC,17.655218887752373
TKT,109.51021813318248
TKTL1,0.010257921478933604
TKTL2,0.3040568295727089
TLK1,11.77878349795348
TLK2,0.13120101606571674
TM7SF2,2.726433240102632
TMEM91,1.9692342197684556
TMLHE,2.425440852589839
TMX3,9.338953379924268
TNFRSF21,50.36870636705503
TNIK,1.1506974638239322
TNK1,2.2143009125419773
TNK2,2.0507074978368007
TNKS,1.7450091084167094
TNKS2,10.927710968269173
TNNI3K,0.3354345050980549
TNS2,1.434061794943761
TOPORS,5.423810241748457
TP53RK,7.466079298247265
TPH1,1.1626094120341683
TPH2,0.0002509736447449034
TPI1,7888.64754548934
TPI1P2,12.783382304499657
TPK1,2.5005041248704822
TPMT,36.11430131628439
TPO,0.026057473625717784
TPP1,79.64541961526403
TPSAB1,148.67164852599268
TPSB2,37.671521888962744
TPSD1,0.00630271069572749
TPST1,4.280172226371642
TPST2,6.239320965173262
TPTE,0.3354345050980549
TPTE2,0.0008295179265199556
TRAF7,33.22532752212544
TRDMT1,0.22662747174222542
TREH,0.5648202574144817
TREX1,2.6701646823468694
TREX2,0.0054435542002029234
TRHDE,0.11657810651889633
TRIB3,1.1596631006627538
TRIM11,4.693560821570584
TRIM32,1.1755743033335841
TRIM33,2.9527070958558803
TRIM63,0.034855670341480294
TRIO,0.6651684254425315
TRIP12,8.353061979397214
TRIT1,3.2537783320428924
TRMT1,2.453988973080508
TRMT11,3.4898052601429765
TRMT1L,4.292624689076517
TRMU,3.7020420806749454
TRPM6,4.184459864302731
TRPM7,3.7591980977835155
TSSK1B,0.0012440799716852365
TSSK2,0.0231714118888251
TSSK3,0.2170626509050194
TSSK4,0.33619591526426346
TSSK6,0.07646444563054813
TST,944.3293201214663
TSTA3,338.7438538834192
TTC3,9.92783972560238
TTK,0.11015327024158388
TTL,0.7122276428648647
TTLL10,0.0008717183704290552
TTN,0.0030485246890976318
TUSC3,1.7074973803704656
TUT1,0.16533894118012632
TUT4,0.6950417161591614
TUT7,0.1907089895411479
TXN,2857.1445919884054
TXN2,67.22939858392945
TXNRD1,247.14057925517352
TXNRD2,5.121814622183585
TXNRD3,0.686874261316262
TYMP,12.399480453185125
TYMS,34.53474394864412
TYR,0.1046323172264974
TYRO3,0.28326302765914235
TYRP1,0.1683152790916149
UAP1,82.36506441001981
UAP1L1,0.7660689475313919
UBA1,376.07180469934417
UBA2,124.16107664580818
UBA3,91.38660348210026
UBA6,50.66344038129137
UBA7,10.391767175030694
UBE2A,76.51987147389224
UBE2B,94.5634447179576
UBE2C,7.098514309716077
UBE2D1,21.745202067331427
UBE2D2,45.296034495256656
UBE2D3,1717.8106091197126
UBE2D4,3.019467674561439
UBE2E1,144.57569804802958
UBE2E2,4.2654677304203386
UBE2E3,9.064302290327172
UBE2F,1.2547304030088249
UBE2G1,21.259134382620797
UBE2G2,6.247408678746797
UBE2H,172.51235562796361
UBE2I,796.2403451195331
UBE2J1,18.867289458766795
UBE2J2,26.86625866067243
UBE2K,750.6195125099008
UBE2L3,773.4635536589566
UBE2L6,33.95343023530625
UBE2M,100.05097164099749
UBE2N,101.341379996929
UBE2NL,18.262140434545863
UBE2O,1.929307982709445
UBE2Q1,5.126319702258951
UBE2Q2,5.891173231356725
UBE2QL1,0.5374535288551666
UBE2R2,11.340013275055266
UBE2S,2.674921901027499
UBE2T,4.998534032140696
UBE2U,0.023784263818109993
UBE2W,13.313073337741704
UBE2Z,83.70028404356378
UBE3A,25.97956158347725
UBE3B,7.518528708090665
UBE3C,5.048379102552287
UBE4A,0.7196343674394688
UBE4B,2.6180294954329857
UBLCP1,69.08437042726305
UBR1,0.5720005393184553
UBR2,2.114700935743733
UBR3,0.027014777499903376
UBR4,2.512390889597074
UBR5,0.36095972870057547
UBR7,19.6406533691226
UCK1,16.957503959592255
UCK2,4.895542368791835
UCKL1,8.144417760787203
UCP1,0.058364989262093596
UCP2,69.77771246961338
UCP3,0.034098397032423
UEVLD,12.468470748456305
UGCG,12.002020692737682
UGDH,303.99625273444207
UGGT2,1.6415368882729102
UGP2,5731.613904964377
UGT1A1,0.16723633827462855
UGT1A10,3.5416891845062466
UGT1A3,1.0114790584917612
UGT1A4,0.0951329295757727
UGT1A5,0.4044927492424471
UGT1A6,0.5729383890922414
UGT1A7,0.00025541600751568085
UGT1A8,0.702524280547337
UGT1A9,0.00024840114670413965
UGT2A1,0.3354345050980549
UGT2A3,30.95751313339616
UGT2B10,0.004742984491834335
UGT2B11,0.3537792283890741
UGT2B15,1.8918464767657586
UGT2B17,90.47344136686647
UGT2B28,0.0019701903329405815
UGT2B4,0.010018757718844178
UGT2B7,3.1035929428272087
UGT3A1,7.467378578694081e-05
UGT3A2,0.00204498892937779
UGT8,6.1252821573361595
UHMK1,14.671014606726832
UHRF1,0.1233725650013366
UHRF2,5.862004884892342
ULK1,5.314421047693695
ULK3,10.356634273713029
ULK4,0.08006075949413129
UMPS,97.48520847979832
UPB1,0.013582711612388524
UPP1,3.04242807910057
UPP2,0.3354345050980549
UPRT,3.7838532267600558
UQCR10,97.7230900194978
UQCR11,502.6596285772926
UQCRB,91.4583319357059
UQCRC1,3571.5745684729322
UQCRC2,9285.45111329469
UQCRFS1,799.3395205031093
UQCRH,113.24207081820504
UQCRQ,124.69621572729787
UROC1,0.3822824415744883
UROD,92.4664377063638
UROS,42.083912319942705
USP1,19.34262354436871
USP10,3.9749887214611705
USP11,17.46982342041604
USP12,28.92871599356763
USP13,1.061625441321935
USP14,72.98164355074023
USP15,4.610108036954387
USP16,39.00457000592787
USP17L2,0.7544524097088302
USP17L22,0.04998256910149056
USP17L30,0.050968258904732194
USP17L5,0.050968258904732194
USP17L9P,0.3354345050980549
USP18,1.3658376965267875
USP19,0.9472269841799777
USP2,1.2825037959052419
USP20,3.6574375047468846
USP21,6.949711117110426
USP22,41.11605943790306
USP24,0.9227905091530233
USP25,0.12885408818556146
USP26,0.08118014005684498
USP28,3.3182929004968797
USP29,0.00013148778415329987
USP3,0.8393243228134366
USP30,0.29078836283215054
USP31,0.22633818995697186
USP32,0.27892437249410584
USP33,24.038180708313693
USP34,6.376785263373944
USP35,0.303587994225601
USP36,2.202492622310774
USP37,2.199761411682998
USP38,8.152487223722206
USP4,2.502271502037335
USP40,0.28131148885859836
USP41,0.01834435481333142
USP42,1.0921968545947431
USP43,0.6683754451042042
USP44,0.04485435305099779
USP45,1.0681223620171898
USP46,0.8270812121621687
USP47,3.2292121345817413
USP48,0.3285420259227756
USP49,0.011994815312162906
USP51,0.2939685444733543
USP6,0.011716137600661307
USP7,20.56457142546075
USP8,0.7212910206434795
USP9X,3.328282552794956
USP9Y,0.09459012436644046
UST,4.023998733800606
UXS1,16.793919973896283
VARS,7.373115404015196
VARS2,5.460197050607559
VKORC1,125.71560154311736
VNN1,1.9821740053674288
VNN2,2.373220647539897
VNN3,0.017311488286825476
VRK1,60.04847903595814
VRK2,4.944800339116992
VRK3,22.984322813047378
WARS,523.4607694601017
WARS2,11.992136216867006
WDYHV1,6.750277215869679
WEE1,5.960226993601264
WEE2,0.0009014185951697756
WNK1,1.64721780548479
WNK2,9.762290762445462
WNK3,0.0029145027792006092
WNK4,5.663992655525845
WWOX,1.1302055451337483
WWP1,21.818675810508097
WWP2,0.14123718486257386
XDH,5.277715269908739
XPO6,0.25017395988137703
XPO7,12.72851181783035
XYLB,0.5493060015961531
XYLT1,2.2509402489726864
XYLT2,7.190854549601451
YARS,1276.6659799653075
YARS2,18.131576389479118
YES1,18.24369867749985
ZADH2,11.450066602607743
ZAP70,0.24347745450633776
ZC3HAV1,1.1985711911246797
ZNRD1,1.160701772775356
ZNRF1,5.013631115002479
ZNRF2,10.587500460060243
ZSWIM2,0.015679988656711358
